hour_index,nu,tau_seconds,lambda,q_cycle,cycles_per_hour
0,10.8034405568,120,0.360114685226,3.26364564857e-08,30
1,11.4492066034,120,0.381640220114,3.66546950199e-08,30
2,12.2729953778,120,0.409099845927,4.21191857627e-08,30
3,12.4337203977,120,0.414457346591,4.32295803423e-08,30
4,12.8720424856,120,0.429068082854,4.6331221965e-08,30
5,11.9531032056,120,0.398436773519,3.99521507972e-08,30
6,11.75593218,120,0.391864405999,3.86449695588e-08,30
7,12.0425796452,120,0.401419321505,4.05525230791e-08,30
8,12.1486644779,120,0.404955482595,4.12701361252e-08,30
9,11.6812049423,120,0.389373498076,3.81552332368e-08,30
10,11.1581142784,120,0.371937142614,3.48145219143e-08,30
11,10.9098426733,120,0.363661422442,3.32824893176e-08,30
12,10.6055630847,120,0.353518769489,3.14518567395e-08,30
13,10.2593310473,120,0.341977701575,2.94318060731e-08,30
14,9.91342024239,120,0.330447341413,2.7480577767e-08,30
15,9.20061171616,120,0.306687057205,2.36707616098e-08,30
16,8.57850689535,120,0.285950229845,2.05779560337e-08,30
17,8.55005905943,120,0.285001968648,2.04417020953e-08,30
18,8.71853774542,120,0.290617924847,2.12552457119e-08,30
19,8.81405546224,120,0.293801848741,2.17235292758e-08,30
20,8.97246279092,120,0.299082093031,2.25113819949e-08,30
21,9.17649024498,120,0.305883008166,2.35468078677e-08,30
22,9.24203161979,120,0.30806772066,2.3884366444e-08,30
23,9.7303116792,120,0.32434372264,2.64747781193e-08,30
24,10.2062218387,120,0.340207394622,2.91278770758e-08,30
25,10.0325236118,120,0.334417453727,2.81448673859e-08,30
26,10.1922504847,120,0.339741682825,2.90481850323e-08,30
27,10.4988708118,120,0.349962360393,3.08222266132e-08,30
28,10.4553867447,120,0.34851289149,3.05674372693e-08,30
29,10.3296428115,120,0.344321427049,2.98366070229e-08,30
30,10.0796009234,120,0.335986697447,2.84096249819e-08,30
31,9.99138032866,120,0.333046010955,2.79144970671e-08,30
32,10.1627782594,120,0.338759275314,2.88804346671e-08,30
33,9.69406951714,120,0.323135650571,2.62779259904e-08,30
34,9.97999887039,120,0.332666629013,2.78509369346e-08,30
35,9.99984387419,120,0.33332812914,2.79618089846e-08,30
36,9.67295745415,120,0.322431915138,2.61635927649e-08,30
37,9.52517301322,120,0.317505767107,2.53702397484e-08,30
38,9.36681014513,120,0.312227004838,2.45336554023e-08,30
39,9.19853365127,120,0.306617788376,2.36600701852e-08,30
40,9.01938975133,120,0.300646325044,2.27474717455e-08,30
41,8.89898316403,120,0.296632772134,2.2144179638e-08,30
42,8.74308214393,120,0.291436071464,2.13750895611e-08,30
43,8.61031273272,120,0.287010424424,2.07308293595e-08,30
44,8.59170403869,120,0.286390134623,2.0641318838e-08,30
45,8.85882358775,120,0.295294119592,2.19447648904e-08,30
46,8.97156926773,120,0.299052308924,2.25068986238e-08,30
47,9.37012603951,120,0.31233753465,2.45510285332e-08,30
48,9.52986398315,120,0.317662132772,2.53952346408e-08,30
49,9.38772003791,120,0.312924001264,2.46433125185e-08,30
50,9.95222242442,120,0.331740747481,2.76961225886e-08,30
51,10.2767371915,120,0.342557906382,2.95317597332e-08,30
52,10.3787259444,120,0.345957531479,3.01208285646e-08,30
53,10.6159341293,120,0.353864470977,3.15133995535e-08,30
54,9.67109066634,120,0.322369688878,2.61534950955e-08,30
55,9.70772446047,120,0.323590815349,2.63520076352e-08,30
56,9.5072365076,120,0.316907883587,2.52747821646e-08,30
57,9.42103382778,120,0.314034460926,2.48185241328e-08,30
58,9.15015100005,120,0.305005033335,2.34118292349e-08,30
59,9.05251527488,120,0.301750509163,2.29148679136e-08,30
60,9.01938975133,120,0.300646325044,2.27474717455e-08,30
61,8.89898316403,120,0.296632772134,2.2144179638e-08,30
62,8.82149885522,120,0.294049961841,2.17602354304e-08,30
63,8.76560704399,120,0.292186901466,2.14853691991e-08,30
64,8.64611996501,120,0.288203998834,2.09036121967e-08,30
65,8.59930782403,120,0.286643594134,2.06778707511e-08,30
66,8.57850689535,120,0.285950229845,2.05779560337e-08,30
67,8.55005905943,120,0.285001968648,2.04417020953e-08,30
68,8.65408935059,120,0.28846964502,2.09421649166e-08,30
69,8.76938412763,120,0.292312804254,2.15038891989e-08,30
70,8.79661566238,120,0.293220522079,2.16376484466e-08,30
71,8.65454560967,120,0.288484853656,2.09443731917e-08,30
72,8.98699297533,120,0.299566432511,2.25843517895e-08,30
73,9.27561555737,120,0.309187185246,2.40582651077e-08,30
74,9.02049195765,120,0.300683065255,2.27530317534e-08,30
75,9.73225474919,120,0.32440849164,2.64853528029e-08,30
76,9.92999161739,120,0.33099972058,2.7572528187e-08,30
77,10.2787354034,120,0.342624513446,2.95432451784e-08,30
78,9.94084763373,120,0.331361587791,2.76328487691e-08,30
79,9.50687369711,120,0.316895789904,2.52728531538e-08,30
80,9.32056194418,120,0.310685398139,2.42919858697e-08,30
81,8.89467658053,120,0.296489219351,2.21227518678e-08,30
82,8.77786059131,120,0.292595353044,2.15454804959e-08,30
83,8.76777242565,120,0.292259080855,2.14959856391e-08,30
84,8.74772363767,120,0.291590787922,2.13977906355e-08,30
85,8.67698810606,120,0.289232936869,2.10531376462e-08,30
86,8.60691160936,120,0.286897053645,2.0714454999e-08,30
87,8.58916944358,120,0.286305648119,2.06291420524e-08,30
88,8.56225098911,120,0.285408366304,2.05000412208e-08,30
89,8.54557594454,120,0.284852531485,2.04202710215e-08,30
90,8.54459795511,120,0.284819931837,2.04155973362e-08,30
91,8.54150402134,120,0.284716800711,2.04008153486e-08,30
92,8.52918819947,120,0.284306273316,2.03420267163e-08,30
93,8.50564553561,120,0.283521517854,2.02298836758e-08,30
94,8.45624031619,120,0.281874677206,1.9995554808e-08,30
95,8.65985544982,120,0.288661848327,2.09700811594e-08,30
96,8.96338624104,120,0.298779541368,2.24658599709e-08,30
97,9.64639062521,120,0.321546354174,2.60200732319e-08,30
98,9.35077684288,120,0.311692561429,2.44497380707e-08,30
99,9.45946689818,120,0.315315563273,2.50214313127e-08,30
100,9.75370493164,120,0.325123497721,2.66022304919e-08,30
101,10.1129652298,120,0.337098840992,2.8598012637e-08,30
102,9.38254231358,120,0.312751410453,2.46161363584e-08,30
103,9.12885264696,120,0.304295088232,2.33029669695e-08,30
104,8.96227700869,120,0.298742566956,2.24602999479e-08,30
105,8.54238800241,120,0.284746266747,2.04050382273e-08,30
106,8.5346831246,120,0.284489437487,2.036824584e-08,30
107,8.51545088666,120,0.283848362889,2.02765527843e-08,30
108,8.47035609317,120,0.282345203106,2.00623666204e-08,30
109,8.43349503046,120,0.281116501015,1.98881328493e-08,30
110,8.41335951004,120,0.280445317001,1.97932777877e-08,30
111,8.39693955043,120,0.279897985014,1.97160939533e-08,30
112,8.3848421329,120,0.279494737763,1.96593251731e-08,30
113,8.3672076399,120,0.27890692133,1.9576719522e-08,30
114,8.29689925468,120,0.276563308489,1.92491013431e-08,30
115,8.27106015668,120,0.275702005223,1.91293927859e-08,30
116,8.26331903183,120,0.275443967728,1.90936020366e-08,30
117,8.25635355266,120,0.275211785089,1.90614260954e-08,30
118,8.43138735331,120,0.28104624511,1.98781933106e-08,30
119,8.76329932047,120,0.292109977349,2.14740577714e-08,30
120,8.64766096607,120,0.288255365536,2.09110641774e-08,30
121,9.12786906124,120,0.304262302041,2.32979456964e-08,30
122,9.74928793043,120,0.324976264348,2.65781421112e-08,30
123,10.0789900284,120,0.335966334281,2.84061814386e-08,30
124,9.88589930756,120,0.329529976919,2.73282102913e-08,30
125,10.9943083272,120,0.366476944238,3.37998404437e-08,30
126,9.60929152815,120,0.320309717605,2.58203166612e-08,30
127,8.90045694261,120,0.296681898087,2.215151493e-08,30
128,8.31698736475,120,0.277232912158,1.93424244411e-08,30
129,8.27336055186,120,0.275778685062,1.91400350207e-08,30
130,8.41342499685,120,0.280447499895,1.97935859176e-08,30
131,8.2687597615,120,0.275625325383,1.91187535105e-08,30
132,8.26132889493,120,0.275377629831,1.90844061418e-08,30
133,8.25480236622,120,0.275160078874,1.90542643265e-08,30
134,8.25090954033,120,0.275030318011,1.90362972231e-08,30
135,8.2306200937,120,0.274354003123,1.89427897021e-08,30
136,8.21137197131,120,0.273712399044,1.88542941116e-08,30
137,8.46200362558,120,0.282066787519,2.0022819842e-08,30
138,8.7207326919,120,0.29069108973,2.12659493416e-08,30
139,8.5748554393,120,0.285828514643,2.0560441678e-08,30
140,9.00067193162,120,0.300022397721,2.26531546629e-08,30
141,9.46048563082,120,0.315349521027,2.50268209444e-08,30
142,9.51953359741,120,0.31731778658,2.53402075427e-08,30
143,9.16798037288,120,0.305599345763,2.35031555767e-08,30
144,9.69391921688,120,0.323130640563,2.62771111524e-08,30
145,10.0504231816,120,0.335014106054,2.82453865473e-08,30
146,10.7235074196,120,0.357450247319,3.21552980044e-08,30
147,9.91387956778,120,0.330462652259,2.74831243794e-08,30
148,9.49092679526,120,0.316364226509,2.51881385138e-08,30
149,9.68845023618,120,0.322948341206,2.62474702047e-08,30
150,9.15349964719,120,0.305116654906,2.34289682527e-08,30
151,9.56716299995,120,0.318905433332,2.55944129178e-08,30
152,9.39590011534,120,0.313196670511,2.46862775899e-08,30
153,9.16780377955,120,0.305593459318,2.35022501514e-08,30
154,9.2206763261,120,0.307355877537,2.37741161456e-08,30
155,8.88691427114,120,0.296230475705,2.20841560376e-08,30
156,8.94235731927,120,0.298078577309,2.23605697125e-08,30
157,8.77053356882,120,0.292351118961,2.15095267843e-08,30
158,8.99251922946,120,0.299750640982,2.26121353298e-08,30
159,9.00507845181,120,0.300169281727,2.26753410106e-08,30
160,8.55309993722,120,0.285103331241,2.04562450993e-08,30
161,8.62517891854,120,0.287505963951,2.08024770274e-08,30
162,8.9305046013,120,0.29768348671,2.23013330098e-08,30
163,9.46335573917,120,0.315445191306,2.50420084488e-08,30
164,9.61800036424,120,0.320600012141,2.58671394268e-08,30
165,9.24912380629,120,0.308304126876,2.39210374667e-08,30
166,8.83062345818,120,0.294354115273,2.18052745331e-08,30
167,9.02102958057,120,0.300700986019,2.27557440037e-08,30
168,9.0121436184,120,0.30040478728,2.27109360161e-08,30
169,9.2242706837,120,0.307475689457,2.37926547706e-08,30
170,9.30753383011,120,0.31025112767,2.42241235282e-08,30
171,9.20375965277,120,0.306791988426,2.36869620119e-08,30
172,8.81384854937,120,0.293794951646,2.17225093537e-08,30
173,9.10853051807,120,0.303617683936,2.31993309916e-08,30
174,8.78892799405,120,0.292964266468,2.15998451858e-08,30
175,8.80525021505,120,0.293508340502,2.16801473159e-08,30
176,8.86135538659,120,0.295378512886,2.19573100482e-08,30
177,8.78262419807,120,0.292754139936,2.15688716274e-08,30
178,8.54515680621,120,0.284838560207,2.0418267948e-08,30
179,8.54327198349,120,0.284775732783,2.04092615431e-08,30
180,8.54017804972,120,0.284672601657,2.03944818499e-08,30
181,8.52701097379,120,0.284233699126,2.03316427198e-08,30
182,8.51790213439,120,0.283930071146,2.0288228034e-08,30
183,8.50902589146,120,0.283634196382,2.02459665926e-08,30
184,8.483283163,120,0.282776105433,2.01236498802e-08,30
185,8.45902631847,120,0.281967543949,2.00087324936e-08,30
186,8.6779988837,120,0.289266629457,2.1058042869e-08,30
187,8.61030195498,120,0.287010065166,2.07307774609e-08,30
188,8.72035584596,120,0.290678528199,2.12641114654e-08,30
189,8.84764098129,120,0.294921366043,2.18893975425e-08,30
190,8.89127732383,120,0.296375910794,2.21058459035e-08,30
191,9.51381621109,120,0.317127207036,2.53097782685e-08,30
192,9.32717485636,120,0.310905828545,2.43264682877e-08,30
193,9.8189090338,120,0.327296967793,2.69590943573e-08,30
194,9.81367927208,120,0.327122642403,2.69303840205e-08,30
195,10.3784200937,120,0.345947336455,3.01190533292e-08,30
196,9.70948065561,120,0.323649355187,2.63615430221e-08,30
197,9.37935406086,120,0.312645135362,2.45994097343e-08,30
198,8.98054402664,120,0.299351467555,2.25519509476e-08,30
199,8.9171048638,120,0.297236828793,2.22344593378e-08,30
200,8.7046336051,120,0.290154453503,2.11875049347e-08,30
201,8.994618845,120,0.299820628167,2.26226957371e-08,30
202,8.65636714357,120,0.288545571452,2.09531905005e-08,30
203,8.54415596457,120,0.284805198819,2.04134852959e-08,30
204,8.6032932137,120,0.286776440457,2.06970417055e-08,30
205,8.54238800241,120,0.284746266747,2.04050382273e-08,30
206,8.53641602803,120,0.284547200934,2.0376517919e-08,30
207,8.5232489521,120,0.284108298403,2.03137064914e-08,30
208,8.51616923096,120,0.283872307699,2.02799738974e-08,30
209,8.50167082618,120,0.283389027539,2.0210981143e-08,30
210,8.63397044555,120,0.287799014852,2.08449060012e-08,30
211,8.76810499321,120,0.29227016644,2.14976163847e-08,30
212,8.8291629095,120,0.294305430317,2.17980621247e-08,30
213,8.91875590131,120,0.297291863377,2.22426936976e-08,30
214,9.44314301939,120,0.31477143398,2.49351485666e-08,30
215,9.2918036162,120,0.309726787207,2.41423126739e-08,30
216,9.37727863431,120,0.312575954477,2.45885244176e-08,30
217,9.03836011841,120,0.301278670614,2.28432613088e-08,30
218,9.53179391513,120,0.317726463838,2.54055214692e-08,30
219,9.44899435895,120,0.314966478632,2.49660597208e-08,30
220,9.31569863706,120,0.310523287902,2.42666422119e-08,30
221,9.57676065179,120,0.31922535506,2.56457906311e-08,30
222,8.83049866918,120,0.294349955639,2.18046582597e-08,30
223,8.55470422781,120,0.285156807594,2.04639197061e-08,30
224,8.54487738066,120,0.284829246022,2.04169326202e-08,30
225,8.54238800241,120,0.284746266747,2.04050382273e-08,30
226,8.53641602803,120,0.284547200934,2.0376517919e-08,30
227,8.5232489521,120,0.284108298403,2.03137064914e-08,30
228,8.51616923096,120,0.283872307699,2.02799738974e-08,30
229,8.50167082618,120,0.283389027539,2.0210981143e-08,30
230,8.47592809772,120,0.282530936591,2.00887703194e-08,30
231,8.45226560677,120,0.281742186892,1.99767620966e-08,30
232,8.43061852754,120,0.281020617585,1.9874568244e-08,30
233,8.41101380152,120,0.280367126717,1.9782242294e-08,30
234,8.39459384191,120,0.27981979473,1.97050800001e-08,30
235,8.38357705991,120,0.279452568664,1.96533933726e-08,30
236,8.3767191527,120,0.279223971757,1.96212529103e-08,30
237,8.6046862563,120,0.28682287521,2.07037447655e-08,30
238,9.10670716022,120,0.303556905341,2.31900437749e-08,30
239,9.11505087836,120,0.303835029279,2.32325574575e-08,30
240,9.64313048208,120,0.321437682736,2.6002488452e-08,30
241,9.95156027179,120,0.331718675726,2.76924372911e-08,30
242,9.62424930945,120,0.320808310315,2.59007628082e-08,30
243,9.87826507121,120,0.329275502374,2.72860189936e-08,30
244,10.1756522869,120,0.339188409562,2.89536514584e-08,30
245,9.68390998738,120,0.322796999579,2.62228755339e-08,30
246,9.55696387155,120,0.318565462385,2.5539871867e-08,30
247,9.12667648397,120,0.304222549466,2.32918582328e-08,30
248,8.81131562701,120,0.2937105209,2.17100259253e-08,30
249,8.77405287916,120,0.292468429305,2.15267922989e-08,30
250,8.44212453921,120,0.281404151307,1.99288544298e-08,30
251,8.42198901879,120,0.280732967293,1.98339021924e-08,30
252,8.40397667598,120,0.280132555866,1.97491542762e-08,30
253,8.38863735189,120,0.279621245063,1.96771259447e-08,30
254,8.37978184092,120,0.279326061364,1.96356033415e-08,30
255,8.37592033936,120,0.279197344645,1.96175108793e-08,30
256,8.36398853805,120,0.278799617935,1.95616589824e-08,30
257,8.32688697797,120,0.277562899266,1.93884979704e-08,30
258,8.29472138881,120,0.27649071296,1.92389972169e-08,30
259,8.27336055186,120,0.275778685062,1.91400350207e-08,30
260,8.26530916874,120,0.275510305625,1.91028001464e-08,30
261,8.25834368957,120,0.275278122986,1.90706164527e-08,30
262,8.58620034158,120,0.286206678053,2.06148823639e-08,30
263,9.69735356154,120,0.323245118718,2.6295733268e-08,30
264,9.95778289764,120,0.331926096588,2.77270798088e-08,30
265,9.01340318772,120,0.300446772924,2.27172847825e-08,30
266,9.30443593146,120,0.310147864382,2.42080008061e-08,30
267,8.32432633918,120,0.277477544639,1.93765753139e-08,30
268,8.58220947832,120,0.286073649277,2.05957232356e-08,30
269,8.70524740024,120,0.290174913341,2.1190493055e-08,30
270,8.61518838932,120,0.287172946311,2.07543139937e-08,30
271,8.72387250629,120,0.29079575021,2.12812652918e-08,30
272,8.95228549832,120,0.298409516611,2.24102485541e-08,30
273,8.82908917852,120,0.294302972617,2.17976980617e-08,30
274,9.62264041569,120,0.320754680523,2.5892103828e-08,30
275,9.3702756008,120,0.312342520027,2.4551812282e-08,30
276,9.16889825046,120,0.305629941682,2.35078619784e-08,30
277,8.77423158078,120,0.292474386026,2.15276691826e-08,30
278,8.90984037986,120,0.296994679329,2.21982466697e-08,30
279,8.88730994267,120,0.296243664756,2.20861225844e-08,30
280,9.18319787707,120,0.306106595902,2.358124392e-08,30
281,9.72882081864,120,0.324294027288,2.64666659067e-08,30
282,10.8176900698,120,0.360589668994,3.2722606876e-08,30
283,10.1569221579,120,0.33856407193,2.88471606891e-08,30
284,10.1864530295,120,0.339548434317,2.90151486274e-08,30
285,9.77718056173,120,0.325906018724,2.67304393455e-08,30
286,9.77945608665,120,0.325981869555,2.67428831904e-08,30
287,11.4084210285,120,0.380280700948,3.63940097042e-08,30
288,11.0488563349,120,0.368295211163,3.41360667302e-08,30
289,12.4056684944,120,0.413522283146,4.30347385722e-08,30
290,10.8901262547,120,0.363004208491,3.31623008691e-08,30
291,11.3584649945,120,0.378615499817,3.6075978004e-08,30
292,11.4845310022,120,0.382817700073,3.68812264379e-08,30
293,11.7826904137,120,0.392756347123,3.88210930616e-08,30
294,10.6891729525,120,0.356305765083,3.19497183314e-08,30
295,10.6846433834,120,0.356154779445,3.19226464905e-08,30
296,11.2059960297,120,0.373533200989,3.5113955477e-08,30
297,11.3574323695,120,0.378581078985,3.60694187969e-08,30
298,10.1950680726,120,0.339835602421,2.90642476532e-08,30
299,10.2774475369,120,0.342581584563,2.95358424445e-08,30
300,10.7204234384,120,0.357347447946,3.21368055336e-08,30
301,10.4943754366,120,0.349812514554,3.07958375258e-08,30
302,10.6179807298,120,0.353932690993,3.15255513914e-08,30
303,10.5503865289,120,0.351679550963,3.11254448742e-08,30
304,9.78629775185,120,0.326209925062,2.67803146902e-08,30
305,10.146324577,120,0.338210819232,2.87869947002e-08,30
306,10.7146712469,120,0.357155708231,3.21023278909e-08,30
307,11.8708721112,120,0.39569573704,3.94043418438e-08,30
308,11.0634403358,120,0.368781344527,3.42262423967e-08,30
309,11.5871581528,120,0.386238605094,3.75433217131e-08,30
310,12.2800114313,120,0.409333714376,4.21673557355e-08,30
311,11.659300361,120,0.388643345366,3.8012270111e-08,30
312,11.8123003386,120,0.393743344619,3.90164531948e-08,30
313,12.7812643633,120,0.426042145443,4.56800384809e-08,30
314,11.0499968811,120,0.368333229369,3.41431146578e-08,30
315,11.2502128269,120,0.375007094229,3.53916085894e-08,30
316,11.0810237766,120,0.369367459221,3.43351223347e-08,30
317,11.1671538097,120,0.372238460325,3.4870953392e-08,30
318,10.6074365157,120,0.353581217191,3.14629694147e-08,30
319,11.2135560398,120,0.373785201326,3.51613499974e-08,30
320,10.5307711057,120,0.351025703523,3.10098147576e-08,30
321,10.8483977337,120,0.361613257791,3.29086467785e-08,30
322,9.76040437521,120,0.325346812507,2.66387871336e-08,30
323,10.5400464518,120,0.351334881725,3.10644647788e-08,30
324,9.72407451994,120,0.324135817331,2.64408481715e-08,30
325,9.26094264334,120,0.308698088111,2.39822107159e-08,30
326,9.50361590446,120,0.316787196815,2.52555352402e-08,30
327,9.36410169903,120,0.312136723301,2.4519469468e-08,30
328,9.57780396285,120,0.319260132095,2.56513787408e-08,30
329,8.87060714006,120,0.295686904669,2.20031833164e-08,30
330,9.73115696509,120,0.324371898836,2.64793781218e-08,30
331,9.45511417744,120,0.315170472581,2.49984096675e-08,30
332,9.52116292105,120,0.317372097368,2.53488825333e-08,30
333,9.51979229083,120,0.317326409694,2.53415848022e-08,30
334,9.82434480776,120,0.327478160259,2.69889518712e-08,30
335,9.91211906742,120,0.330403968914,2.7473364375e-08,30
336,10.3032414291,120,0.343441380971,2.96842840408e-08,30
337,11.1789321813,120,0.372631072711,3.49445513124e-08,30
338,11.7479274847,120,0.391597582822,3.85923602234e-08,30
339,11.0925781288,120,0.369752604294,3.44067631752e-08,30
340,10.9478763435,120,0.36492921145,3.35149512808e-08,30
341,10.7144341315,120,0.357147804382,3.21009070587e-08,30
342,10.2676037602,120,0.342253458674,2.94792904655e-08,30
343,9.99004126322,120,0.333001375441,2.79070152513e-08,30
344,10.0918680164,120,0.336395600547,2.84788173205e-08,30
345,9.89505696182,120,0.329835232061,2.73788638954e-08,30
346,9.79031422462,120,0.326343807487,2.68023014476e-08,30
347,9.15662211628,120,0.305220737209,2.3444955298e-08,30
348,9.36833771276,120,0.312277923759,2.45416580997e-08,30
349,9.20488825848,120,0.306829608616,2.36927715681e-08,30
350,9.15186295223,120,0.305062098408,2.34205905508e-08,30
351,9.18659858339,120,0.30621995278,2.35987122866e-08,30
352,8.84077948312,120,0.294692649437,2.18554594967e-08,30
353,8.83000040275,120,0.294333346758,2.18021976461e-08,30
354,9.11215339091,120,0.303738446364,2.32177894994e-08,30
355,8.84738285387,120,0.294912761796,2.18881203271e-08,30
356,9.7580903637,120,0.32526967879,2.66261575025e-08,30
357,9.7730208587,120,0.325767361957,2.67076992446e-08,30
358,9.73222110974,120,0.324407370325,2.64851697104e-08,30
359,10.2508247147,120,0.341694157158,2.93830206428e-08,30
360,10.6246027218,120,0.354153424061,3.15648859982e-08,30
361,10.6024071818,120,0.353413572727,3.14331412341e-08,30
362,11.0171875619,120,0.367239585398,3.39406622396e-08,30
363,10.6962232605,120,0.35654077535,3.19918786824e-08,30
364,11.3544179085,120,0.378480596951,3.60502744297e-08,30
365,10.7154241438,120,0.357180804793,3.21068395723e-08,30
366,9.92999749664,120,0.330999916555,2.75725608367e-08,30
367,10.4211451013,120,0.347371503378,3.03675469426e-08,30
368,9.67993184627,120,0.322664394876,2.6201335294e-08,30
369,9.4707590044,120,0.315691966813,2.50812049353e-08,30
370,9.46892339841,120,0.315630779947,2.50714834867e-08,30
371,9.37689496007,120,0.312563165336,2.45865123647e-08,30
372,9.42636929318,120,0.314212309773,2.48466433129e-08,30
373,9.34446739861,120,0.31148224662,2.44167542412e-08,30
374,8.88331728482,120,0.296110576161,2.20662824926e-08,30
375,8.86865930533,120,0.295621976844,2.19935213263e-08,30
376,9.13548610003,120,0.304516203334,2.33368453343e-08,30
377,9.06265181635,120,0.302088393878,2.29662144284e-08,30
378,9.33598564877,120,0.311199521626,2.43724493484e-08,30
379,9.83409328238,120,0.327803109413,2.7042539495e-08,30
380,10.0973270052,120,0.336577566839,2.85096357164e-08,30
381,10.3266172033,120,0.344220573444,2.98191309762e-08,30
382,10.4702887693,120,0.349009625642,3.06546346796e-08,30
383,10.7385328535,120,0.357951095117,3.22454710743e-08,30
384,10.8042144399,120,0.360140481329,3.2641132349e-08,30
385,10.5157618111,120,0.350525393702,3.09214824307e-08,30
386,10.6755017782,120,0.355850059275,3.18680448762e-08,30
387,12.222563844,120,0.4074187948,4.17737491544e-08,30
388,13.1934012451,120,0.439780041503,4.86734765109e-08,30
389,13.4372136609,120,0.447907122029,5.04890583825e-08,30
390,11.280794075,120,0.376026469168,3.55842788272e-08,30
391,10.3921881703,120,0.346406272345,3.01990185824e-08,30
392,10.8105471035,120,0.360351570118,3.26794073929e-08,30
393,10.2758602125,120,0.342528673749,2.95267196845e-08,30
394,10.2798827961,120,0.342662759869,2.95498412419e-08,30
395,10.1354635664,120,0.337848785545,2.87253983038e-08,30
396,9.62054252232,120,0.320684750744,2.58808152524e-08,30
397,9.75594735122,120,0.325198245041,2.66144638371e-08,30
398,9.58643745656,120,0.319547915219,2.56976442169e-08,30
399,9.22465958191,120,0.30748865273,2.37946610248e-08,30
400,9.04006252142,120,0.301335417381,2.28518673167e-08,30
401,9.31070879141,120,0.310356959714,2.42406528847e-08,30
402,9.41847341743,120,0.313949113914,2.48050358104e-08,30
403,9.98459867624,120,0.332819955875,2.78766159807e-08,30
404,9.96471665172,120,0.332157221724,2.77657068182e-08,30
405,9.72698988957,120,0.324232996319,2.64567049816e-08,30
406,10.6299807963,120,0.354332693212,3.15968497861e-08,30
407,10.2760539082,120,0.342535130274,2.95278328282e-08,30
408,10.4766643906,120,0.349222146353,3.06919787971e-08,30
409,12.2985649196,120,0.409952163986,4.22948706911e-08,30
410,12.4857491245,120,0.416191637483,4.35921244212e-08,30
411,12.8177361976,120,0.427257873255,4.59411099677e-08,30
412,13.4999434222,120,0.449998114072,5.09615610008e-08,30
413,12.1489806562,120,0.404966021875,4.12722843276e-08,30
414,10.1997534126,120,0.339991780419,2.90909678614e-08,30
415,10.020886324,120,0.334029544134,2.80796116289e-08,30
416,9.87420356057,120,0.329140118686,2.72635859705e-08,30
417,10.2169700151,120,0.34056566717,2.91892585379e-08,30
418,10.1001326165,120,0.336671087215,2.85254811116e-08,30
419,9.45516955616,120,0.315172318539,2.49987025003e-08,30
420,9.16755369355,120,0.305585123118,2.3500967946e-08,30
421,9.13833062183,120,0.304611020728,2.33513804119e-08,30
422,9.13471246397,120,0.304490415466,2.33328929533e-08,30
423,9.12825458409,120,0.304275152803,2.32999137528e-08,30
424,9.0926210849,120,0.303087369497,2.31183594515e-08,30
425,9.08121980093,120,0.302707326698,2.30604193423e-08,30
426,9.07734199894,120,0.302578066631,2.30407293338e-08,30
427,9.06804068672,120,0.302268022891,2.29935350738e-08,30
428,9.45389444837,120,0.315129814946,2.49919603916e-08,30
429,10.437163973,120,0.347905465765,3.04609776948e-08,30
430,10.6517130476,120,0.355057101585,3.17261769439e-08,30
431,11.3232065402,120,0.377440218007,3.58523546526e-08,30
432,12.2026225491,120,0.40675408497,4.1637551362e-08,30
433,11.8821510964,120,0.396071703213,3.94792566646e-08,30
434,14.3796628908,60,0.239661048181,1.44549383542e-08,60
435,13.5331081904,120,0.451103606347,5.1212258999e-08,30
436,13.0822823761,120,0.436076079202,4.78570433009e-08,30
437,11.7702970627,120,0.392343235422,3.87394698691e-08,30
438,10.8282431692,120,0.360941438973,3.27864825018e-08,30
439,10.3720615896,120,0.345735386319,3.00821588009e-08,30
440,10.8201061605,120,0.360670205351,3.27372254525e-08,30
441,10.4873172156,120,0.34957724052,3.07544266326e-08,30
442,10.0055154974,120,0.333517183246,2.79935362434e-08,30
443,9.66499416113,120,0.322166472038,2.61205319751e-08,30
444,9.4253273784,120,0.31417757928,2.48411509216e-08,30
445,9.31912421227,120,0.310637473742,2.42844921864e-08,30
446,9.14284157384,120,0.304761385795,2.33744399749e-08,30
447,9.13652624103,120,0.304550874701,2.33421597732e-08,30
448,9.13425667064,120,0.304475222355,2.33305645359e-08,30
449,9.11807358432,120,0.303935786144,2.3247968635e-08,30
450,9.26725421327,120,0.308908473776,2.40149108385e-08,30
451,9.67873135531,120,0.32262437851,2.61948367946e-08,30
452,9.78056575726,120,0.326018858575,2.67489525412e-08,30
453,9.82118836045,120,0.327372945348,2.69716121868e-08,30
454,10.7809653012,120,0.359365510041,3.25008053098e-08,30
455,10.8093022636,120,0.360310075455,3.26718817262e-08,30
456,11.178297723,120,0.3726099241,3.49405848811e-08,30
457,11.3125545017,120,0.377085150056,3.57849318728e-08,30
458,12.12439035,120,0.404146344999,4.11053779785e-08,30
459,11.9125669992,120,0.397085566639,3.96816331741e-08,30
460,13.2533765801,120,0.441779219336,4.91170078124e-08,30
461,13.7136065177,120,0.457120217258,5.2587459911e-08,30
462,13.0352611998,120,0.434508706659,4.75136398598e-08,30
463,11.8122890239,120,0.393742967462,3.9016378449e-08,30
464,10.4067632827,120,0.346892109425,3.02837866298e-08,30
465,9.78438044056,120,0.326146014685,2.676982223e-08,30
466,9.97773182084,120,0.332591060695,2.78382851731e-08,30
467,9.60604970414,120,0.320201656805,2.58028979363e-08,30
468,9.25399081764,120,0.308466360588,2.39462192235e-08,30
469,9.19469157097,120,0.306489719032,2.36403094475e-08,30
470,9.26904786047,120,0.308968262016,2.40242077553e-08,30
471,9.18650869339,120,0.306216956446,2.35982504665e-08,30
472,9.17772042797,120,0.305924014266,2.35531215723e-08,30
473,9.17262561643,120,0.305754187214,2.3526978826e-08,30
474,9.16479856145,120,0.305493285382,2.34868445399e-08,30
475,9.42522161265,120,0.314174053755,2.48405934177e-08,30
476,9.54491695465,120,0.318163898488,2.54755244866e-08,30
477,9.9595424422,120,0.331984748073,2.77368794486e-08,30
478,10.315333991,120,0.343844466366,2.97540037871e-08,30
479,10.7416848286,120,0.358056160952,3.2264403239e-08,30
480,11.1680356662,120,0.372267855539,3.48764610423e-08,30
481,11.0735373205,120,0.369117910685,3.4288743668e-08,30
482,11.5304111978,120,0.384347039925,3.7176492801e-08,30
483,11.3883434379,120,0.37961144793,3.62660233609e-08,30
484,11.1270009674,120,0.370900032247,3.46206388209e-08,30
485,11.5008328232,120,0.383361094107,3.69860035269e-08,30
486,10.2828029942,120,0.342760099805,2.9566632026e-08,30
487,10.5076399058,120,0.350254663528,3.08737361296e-08,30
488,10.1546331763,120,0.338487772544,2.88341600621e-08,30
489,10.4261826999,120,0.347539423331,3.03969134825e-08,30
490,9.93432557006,120,0.331144185669,2.75966015426e-08,30
491,9.31915210912,120,0.310638403637,2.42846375782e-08,30
492,9.3285247053,120,0.31095082351,2.43335099555e-08,30
493,9.2116437695,120,0.307054792317,2.37275608036e-08,30
494,9.31186132571,120,0.310395377524,2.42466545574e-08,30
495,9.21161448367,120,0.307053816122,2.37274099336e-08,30
496,9.20942804695,120,0.306980934898,2.37161475597e-08,30
497,9.20190364389,120,0.306730121463,2.36774096592e-08,30
498,9.70102314944,120,0.323367438315,2.63156382372e-08,30
499,9.41545319361,120,0.313848439787,2.47891298891e-08,30
500,9.87197401865,120,0.329065800622,2.72512754191e-08,30
501,9.52980865369,120,0.317660288456,2.53949397571e-08,30
502,9.75209413194,120,0.325069804398,2.65934446352e-08,30
503,10.3208733411,120,0.344029111368,2.97859682581e-08,30
504,10.8503126425,120,0.361677088084,3.29202655668e-08,30
505,10.3618470718,120,0.345394902394,3.00229375093e-08,30
506,10.8692545259,120,0.362308484198,3.30353067001e-08,30
507,11.0776561242,120,0.36925520414,3.43142558172e-08,30
508,10.7813606891,120,0.359378689638,3.25031892634e-08,30
509,10.6714122484,120,0.355713741613,3.18436337785e-08,30
510,10.5603539553,120,0.35201179851,3.11842838807e-08,30
511,10.0743150485,120,0.335810501617,2.83798360352e-08,30
512,9.66789359456,120,0.322263119819,2.61362062946e-08,30
513,9.80251294304,120,0.326750431435,2.6869134322e-08,30
514,9.59641153313,120,0.319880384438,2.57511455535e-08,30
515,9.24253067253,120,0.308084355751,2.38869459375e-08,30
516,9.22879807745,120,0.307626602582,2.38160159999e-08,30
517,9.22349903363,120,0.307449967788,2.37886742205e-08,30
518,9.21608746552,120,0.307202915517,2.37504586711e-08,30
519,9.21162912659,120,0.30705430422,2.37274853685e-08,30
520,9.21157787639,120,0.30705259588,2.37272213469e-08,30
521,9.20405347333,120,0.306801782444,2.36884743998e-08,30
522,9.19264585158,120,0.306421528386,2.36297911916e-08,30
523,9.17970875839,120,0.305990291946,2.35633281287e-08,30
524,9.17506932075,120,0.305835644025,2.35395162696e-08,30
525,9.65646646563,120,0.321882215521,2.60744585536e-08,30
526,9.45312797773,120,0.315104265924,2.49879081298e-08,30
527,10.0416296415,120,0.334720988051,2.81959820045e-08,30
528,10.2513876185,120,0.341712920615,2.93862477521e-08,30
529,10.5364161331,120,0.351213871102,3.1043069335e-08,30
530,10.633618274,120,0.354453942468,3.1618477765e-08,30
531,10.7163682844,120,0.357212276146,3.21124977161e-08,30
532,11.3668356903,120,0.378894523011,3.61291704578e-08,30
533,11.4493911619,120,0.381646372063,3.66558767593e-08,30
534,10.7112393903,120,0.357041313011,3.20817667482e-08,30
535,10.4371821249,120,0.34790607083,3.04610836481e-08,30
536,10.4562800803,120,0.348542669345,3.05726610163e-08,30
537,10.2871495599,120,0.342904985331,2.95916330831e-08,30
538,9.70003735834,120,0.323334578611,2.63102902644e-08,30
539,9.55886542084,120,0.318628847361,2.55500362157e-08,30
540,9.21165109095,120,0.307055036365,2.37275985211e-08,30
541,9.21159984076,120,0.307053328025,2.37273344988e-08,30
542,9.2072782175,120,0.306909273917,2.37050763572e-08,30
543,9.19878300977,120,0.306626100326,2.36613529808e-08,30
544,9.18446297399,120,0.3061487658,2.35877415724e-08,30
545,9.17705765117,120,0.305901921706,2.35497198781e-08,30
546,9.17150746572,120,0.305716915524,2.35212432589e-08,30
547,9.16368041074,120,0.305456013691,2.34811138674e-08,30
548,9.15662594159,120,0.30522086472,2.34449748869e-08,30
549,9.20899534775,120,0.306966511592,2.37139190354e-08,30
550,9.93933221021,120,0.331311073674,2.7624424482e-08,30
551,10.3714697753,120,0.345715659177,3.00787260131e-08,30
552,11.692512893,120,0.389750429767,3.82291410803e-08,30
553,10.9812069476,120,0.366040231588,3.37193332072e-08,30
554,10.3593832531,120,0.345312775103,3.00086616219e-08,30
555,10.4265619081,120,0.347552063602,3.03991246402e-08,30
556,11.2540974521,120,0.375136581737,3.54160537931e-08,30
557,12.5369791313,120,0.417899304378,4.3950582109e-08,30
558,10.3208371219,120,0.344027904062,2.97857592019e-08,30
559,10.1426641547,120,0.338088805156,2.87662278602e-08,30
560,10.2686618277,120,0.342288727589,2.94853664079e-08,30
561,9.91988643482,120,0.330662881161,2.7516438782e-08,30
562,10.1780269387,120,0.339267564624,2.89671666342e-08,30
563,9.55333754491,120,0.31844458483,2.55204936737e-08,30
564,9.31125153166,120,0.310375051055,2.42434790416e-08,30
565,9.20620330278,120,0.306873443426,2.36995417252e-08,30
566,9.19673729037,120,0.306557909679,2.36508300439e-08,30
567,9.18241725459,120,0.306080575153,2.35772350188e-08,30
568,9.17639487436,120,0.305879829145,2.35463184296e-08,30
569,9.17038931501,120,0.305679643834,2.3515508391e-08,30
570,9.16256226003,120,0.305418742001,2.3475383894e-08,30
571,9.16147045816,120,0.305382348605,2.34697896202e-08,30
572,9.15766888423,120,0.305255629474,2.34503159715e-08,30
573,9.16470614939,120,0.30549020498,2.34863708892e-08,30
574,9.15433522538,120,0.305144507513,2.34332458797e-08,30
575,9.9325652429,120,0.331085508097,2.75868223698e-08,30
576,10.076626853,120,0.335887561767,2.83928624612e-08,30
577,10.5622277822,120,0.352074259407,3.11953515277e-08,30
578,11.6916647599,120,0.389722158663,3.82235952709e-08,30
579,13.3018556383,120,0.443395187942,4.94769917333e-08,30
580,12.0082758752,120,0.400275862507,4.03218211604e-08,30
581,12.5283556759,120,0.417611855864,4.38901408282e-08,30
582,11.2848380077,120,0.376161266923,3.56097958641e-08,30
583,9.40872294321,120,0.313624098107,2.47537035703e-08,30
584,9.38136467453,120,0.312712155818,2.46099574139e-08,30
585,9.16800108744,120,0.305600036248,2.3503261785e-08,30
586,9.16225031664,120,0.305408343888,2.3473785462e-08,30
587,9.16115851477,120,0.305371950492,2.34681913787e-08,30
588,9.15600205481,120,0.305200068494,2.34417801487e-08,30
589,9.15243240837,120,0.305081080279,2.3423505239e-08,30
590,9.15188177065,120,0.305062725688,2.34206868675e-08,30
591,9.14681669944,120,0.304893889981,2.33947698763e-08,30
592,9.14103719304,120,0.304701239768,2.33652147841e-08,30
593,9.13539615396,120,0.304513205132,2.33363857972e-08,30
594,9.13380087731,120,0.304460029244,2.33282362347e-08,30
595,9.11054883845,120,0.303684961282,2.3209613412e-08,30
596,9.10703586253,120,0.303567862084,2.31917178725e-08,30
597,9.08997320565,120,0.302999106855,2.31048967304e-08,30
598,9.08456508824,120,0.302818836275,2.30774121998e-08,30
599,9.08170791461,120,0.302723597154,2.30628983944e-08,30
600,9.07999951672,120,0.302666650557,2.30542222949e-08,30
601,9.07069820449,120,0.302356606816,2.3007014211e-08,30
602,10.2627832331,120,0.342092774438,2.94516165577e-08,30
603,10.8206800925,120,0.360689336417,3.27406985126e-08,30
604,9.1207735927,120,0.304025786423,2.32617388691e-08,30
605,9.39812197023,120,0.313270732341,2.4697954132e-08,30
606,9.56217888173,120,0.318739296058,2.55677524854e-08,30
607,10.3534929825,120,0.345116432749,2.99745459063e-08,30
608,11.5183675458,120,0.383945584861,3.70988707811e-08,30
609,10.3314940883,120,0.344383136278,2.98473026047e-08,30
610,10.7159748492,120,0.357199161641,3.21101398365e-08,30
611,10.9532300563,120,0.365107668544,3.35477381501e-08,30
612,10.2720217408,120,0.342400724692,2.95046648282e-08,30
613,10.0433943443,120,0.334779811477,2.82058931249e-08,30
614,10.2901153014,120,0.343003843379,2.96086978263e-08,30
615,9.57272850612,120,0.319090950204,2.56241996572e-08,30
616,9.10551749485,120,0.303517249828,2.31839852535e-08,30
617,9.08997320565,120,0.302999106855,2.31048967304e-08,30
618,9.38680844257,120,0.312893614752,2.46385267691e-08,30
619,9.62022671454,120,0.320674223818,2.58791161323e-08,30
620,10.3123663705,120,0.343745545682,2.97368863791e-08,30
621,10.0425507697,120,0.334751692323,2.82011551298e-08,30
622,11.273646705,120,0.3757882235,3.55392016038e-08,30
623,12.1853692846,120,0.406178976152,4.15198920924e-08,30
624,12.025078516,120,0.400835950534,4.0434741132e-08,30
625,13.8927611042,120,0.463092036807,5.39704403054e-08,30
626,12.8199598077,120,0.427331993589,4.5957051e-08,30
627,13.6073502343,120,0.453578341145,5.17756967273e-08,30
628,13.5943424007,120,0.45314474669,5.16767549452e-08,30
629,12.2064450068,120,0.406881500227,4.16636412794e-08,30
630,12.2044527527,120,0.406815091758,4.16500422691e-08,30
631,11.5669148566,120,0.385563828554,3.74122564951e-08,30
632,11.2026853621,120,0.373422845405,3.5093210608e-08,30
633,11.0665130554,120,0.368883768512,3.42452567802e-08,30
634,12.4712807094,120,0.41570935698,4.34911543449e-08,30
635,10.9474886433,120,0.36491628811,3.35125775742e-08,30
636,10.2641941936,120,0.342139806454,2.94597153205e-08,30
637,10.6735513461,120,0.35578504487,3.18564012491e-08,30
638,11.0444550706,120,0.368148502355,3.41088762371e-08,30
639,10.4780194761,120,0.34926731587,3.06999189094e-08,30
640,9.8663359094,120,0.328877863647,2.72201566596e-08,30
641,9.73127991929,120,0.32437599731,2.64800472655e-08,30
642,10.9253606177,120,0.364178687256,3.33772373625e-08,30
643,10.5538637723,120,0.351795459077,3.11459651811e-08,30
644,10.4117395804,120,0.347057986014,3.03127557077e-08,30
645,11.7058356959,120,0.390194523198,3.8316309593e-08,30
646,12.3822377649,120,0.412741258831,4.28723316708e-08,30
647,11.9467096215,120,0.39822365405,3.99094222915e-08,30
648,13.0083208409,120,0.433610694696,4.73174471256e-08,30
649,13.2286255067,120,0.440954183556,4.89337241815e-08,30
650,11.6845709097,120,0.389485696989,3.81772254501e-08,30
651,11.800980634,120,0.393366021134,3.89417102418e-08,30
652,12.0850717533,120,0.402835725111,4.08392062196e-08,30
653,11.6158259524,120,0.387194198414,3.7729323462e-08,30
654,11.6124640131,120,0.387082133771,3.77074868162e-08,30
655,11.1884384961,120,0.37294794987,3.50040087175e-08,30
656,11.7467941602,120,0.391559805341,3.85849145604e-08,30
657,11.5035972572,120,0.383453241907,3.7003786179e-08,30
658,11.1054888668,120,0.370182962226,3.44869023839e-08,30
659,12.0006821676,120,0.400022738919,4.02708404352e-08,30
660,11.2704363076,120,0.375681210252,3.55189634821e-08,30
661,10.8972704375,120,0.363242347917,3.3205825663e-08,30
662,10.2807971314,120,0.342693237712,2.95550980458e-08,30
663,11.42040339,120,0.380680112999,3.64704997274e-08,30
664,10.3222763803,120,0.344075879342,2.97940671312e-08,30
665,9.97214726559,120,0.332404908853,2.78071316128e-08,30
666,10.7456352255,120,0.358187840851,3.22881389265e-08,30
667,11.2098099413,120,0.373660331376,3.51378613059e-08,30
668,11.0689791149,120,0.368965970495,3.42605208927e-08,30
669,11.0935661209,120,0.369785537365,3.44128925212e-08,30
670,10.8049518417,120,0.36016506139,3.26455881014e-08,30
671,10.5268186194,120,0.350893953981,3.09865414636e-08,30
672,10.9843900613,120,0.366146335376,3.37388844324e-08,30
673,10.5736677269,120,0.352455590895,3.12629634683e-08,30
674,12.0024209279,120,0.400080697595,4.02825108401e-08,30
675,10.8061530182,120,0.360205100608,3.26528468649e-08,30
676,11.9747413059,120,0.39915804353,4.00969284508e-08,30
677,11.8396426661,120,0.394654755537,3.91972876287e-08,30
678,10.6917350927,120,0.356391169758,3.19650365363e-08,30
679,10.8082448262,120,0.36027482754,3.26654896797e-08,30
680,10.4293661815,120,0.347645539384,3.04154788176e-08,30
681,10.5731060586,120,0.35243686862,3.12596422087e-08,30
682,11.0351969855,120,0.367839899518,3.40517162371e-08,30
683,10.3447585696,120,0.344825285652,2.99239929912e-08,30
684,10.270583051,120,0.342352768366,2.94964006154e-08,30
685,10.2435089464,120,0.341450298212,2.93410956907e-08,30
686,10.0283006082,120,0.33427668694,2.81211782592e-08,30
687,10.0361833588,120,0.334539445294,2.81654049666e-08,30
688,9.28682286428,120,0.309560762143,2.41164372579e-08,30
689,9.5590203464,120,0.318634011547,2.55508644282e-08,30
690,10.4886127068,120,0.349620423561,3.07620252491e-08,30
691,10.5919262894,120,0.353064209648,3.13710261826e-08,30
692,10.6769940939,120,0.35589980313,3.18769550908e-08,30
693,11.2980800036,120,0.376602666787,3.56934162819e-08,30
694,11.3494987471,120,0.378316624903,3.60190445232e-08,30
695,11.6285474917,120,0.387618249723,3.78120102903e-08,30
696,11.1900464663,120,0.373001548878,3.50140707916e-08,30
697,10.9221017179,120,0.364070057262,3.33573282988e-08,30
698,11.0603499432,120,0.36867833144,3.42071239759e-08,30
699,11.0298553743,120,0.367661845812,3.40187586005e-08,30
700,11.1397181183,120,0.371323937278,3.46998205319e-08,30
701,11.7757832009,120,0.392526106697,3.87755912373e-08,30
702,10.9564637324,120,0.365215457748,3.35675493898e-08,30
703,10.3828830012,120,0.34609610004,3.01449623693e-08,30
704,10.7642333196,120,0.35880777732,3.24000015556e-08,30
705,10.4768804283,120,0.349229347609,3.06932445993e-08,30
706,10.1563694728,120,0.338545649092,2.88440213597e-08,30
707,9.62889480865,120,0.320963160288,2.59257727613e-08,30
708,10.0859164823,120,0.336197216076,2.84452372786e-08,30
709,9.89433959362,120,0.329811319787,2.73748942337e-08,30
710,9.90795134882,120,0.330265044961,2.74502659478e-08,30
711,9.5551837923,120,0.31850612641,2.55303586445e-08,30
712,9.67910541353,120,0.322636847118,2.61968615606e-08,30
713,9.7368485837,120,0.324561619457,2.65103620214e-08,30
714,10.2839651957,120,0.342798839856,2.95733158702e-08,30
715,10.4788889749,120,0.349296299165,3.07050142714e-08,30
716,10.1200901395,120,0.337336337983,2.8638323274e-08,30
717,10.3282233983,120,0.344274113276,2.98284077919e-08,30
718,10.1249212139,120,0.337497373797,2.86656722191e-08,30
719,10.7383442957,120,0.357944809855,3.2244338688e-08,30
720,10.8969623142,120,0.36323207714,3.32039478819e-08,30
721,10.6534453076,120,0.355114843588,3.17364968724e-08,30
722,10.8966016622,120,0.363220055408,3.32017500454e-08,30
723,10.483962696,120,0.349465423199,3.07347552854e-08,30
724,10.4470094708,120,0.348233649027,3.05184731872e-08,30
725,10.0944625932,120,0.33648208644,2.8493462771e-08,30
726,10.0885682475,120,0.336285608251,2.84601967536e-08,30
727,9.57823211113,120,0.319274403704,2.56536721348e-08,30
728,9.42364461293,120,0.314121487098,2.48322816065e-08,30
729,9.58510531049,120,0.31950351035,2.5690502745e-08,30
730,9.39536523455,120,0.313178841152,2.46834670364e-08,30
731,9.39536523455,120,0.313178841152,2.46834670364e-08,30
732,9.39536523455,120,0.313178841152,2.46834670364e-08,30
733,9.39536523455,120,0.313178841152,2.46834670364e-08,30
734,9.39536523455,120,0.313178841152,2.46834670364e-08,30
735,9.39536523455,120,0.313178841152,2.46834670364e-08,30
736,9.39536523455,120,0.313178841152,2.46834670364e-08,30
737,9.39536523455,120,0.313178841152,2.46834670364e-08,30
738,9.39536523455,120,0.313178841152,2.46834670364e-08,30
739,9.39536523455,120,0.313178841152,2.46834670364e-08,30
740,9.38235488152,120,0.312745162717,2.46151528708e-08,30
741,9.51147037374,120,0.317049012458,2.52972984598e-08,30
742,9.37571009438,120,0.312523669813,2.45802992474e-08,30
743,9.71504774227,120,0.323834924742,2.63917813165e-08,30
744,9.81564303982,120,0.327188101327,2.69411629158e-08,30
745,10.2876536587,120,0.342921788623,2.95945332978e-08,30
746,10.6695263621,120,0.355650878737,3.18323797543e-08,30
747,11.6757053986,120,0.389190179955,3.81193145153e-08,30
748,11.3371639664,120,0.377905465547,3.59407951493e-08,30
749,10.8101910195,120,0.360339700649,3.26772546018e-08,30
750,10.4170556774,120,0.347235189248,3.03437181974e-08,30
751,10.2118580069,120,0.340395266895,2.91600564556e-08,30
752,9.83662657608,120,0.327887552536,2.70564737779e-08,30
753,9.3647426768,120,0.312158089227,2.45228263245e-08,30
754,9.35528930142,120,0.311842976714,2.4473341468e-08,30
755,9.34430347736,120,0.311476782579,2.44158976081e-08,30
756,9.34430347736,120,0.311476782579,2.44158976081e-08,30
757,9.34430347736,120,0.311476782579,2.44158976081e-08,30
758,9.34430347736,120,0.311476782579,2.44158976081e-08,30
759,9.34430347736,120,0.311476782579,2.44158976081e-08,30
760,9.34430347736,120,0.311476782579,2.44158976081e-08,30
761,9.34430347736,120,0.311476782579,2.44158976081e-08,30
762,9.34430347736,120,0.311476782579,2.44158976081e-08,30
763,9.34430347736,120,0.311476782579,2.44158976081e-08,30
764,9.34430347736,120,0.311476782579,2.44158976081e-08,30
765,9.332548182,120,0.3110849394,2.43545050061e-08,30
766,9.31956394024,120,0.310652131341,2.42867839946e-08,30
767,9.30519058042,120,0.310173019347,2.42119278111e-08,30
768,9.30193078068,120,0.310064359356,2.41949669095e-08,30
769,9.28543796047,120,0.309514598682,2.41092450338e-08,30
770,9.25753257391,120,0.30858441913,2.39645524818e-08,30
771,11.7064663141,120,0.390215543803,3.83204380657e-08,30
772,11.3222632383,120,0.377408774611,3.58463814003e-08,30
773,9.60202801775,120,0.320067600592,2.57812970818e-08,30
774,9.24741810555,120,0.308247270185,2.39122153621e-08,30
775,9.22918620708,120,0.307639540236,2.38180192718e-08,30
776,9.22541401112,120,0.307513800371,2.37985532272e-08,30
777,9.22131379944,120,0.307377126648,2.37774035159e-08,30
778,9.22131379944,120,0.307377126648,2.37774035159e-08,30
779,9.22131379944,120,0.307377126648,2.37774035159e-08,30
780,9.22131379944,120,0.307377126648,2.37774035159e-08,30
781,9.22131379944,120,0.307377126648,2.37774035159e-08,30
782,9.22131379944,120,0.307377126648,2.37774035159e-08,30
783,9.22131379944,120,0.307377126648,2.37774035159e-08,30
784,9.22131379944,120,0.307377126648,2.37774035159e-08,30
785,9.22131379944,120,0.307377126648,2.37774035159e-08,30
786,9.22131379944,120,0.307377126648,2.37774035159e-08,30
787,9.22131379944,120,0.307377126648,2.37774035159e-08,30
788,9.22131379944,120,0.307377126648,2.37774035159e-08,30
789,9.22131379944,120,0.307377126648,2.37774035159e-08,30
790,9.41354446675,120,0.313784815558,2.47790802651e-08,30
791,10.3542105773,120,0.345140352577,2.99787010886e-08,30
792,10.5162248894,120,0.350540829648,3.09242058443e-08,30
793,11.5003621018,120,0.383345403393,3.6982975964e-08,30
794,13.0218816008,120,0.434062720026,4.74161524087e-08,30
795,10.9908358319,120,0.366361194398,3.37784928073e-08,30
796,10.3919853438,120,0.346399511462,3.01978397929e-08,30
797,10.0052418405,120,0.33350806135,2.79920049843e-08,30
798,10.1167260012,120,0.337224200039,2.86192864342e-08,30
799,9.82502030563,120,0.327500676854,2.69926633872e-08,30
800,9.84695497506,120,0.328231832502,2.71133218781e-08,30
801,9.22918620708,120,0.307639540236,2.38180192718e-08,30
802,9.22918620708,120,0.307639540236,2.38180192718e-08,30
803,9.22918620708,120,0.307639540236,2.38180192718e-08,30
804,9.22918620708,120,0.307639540236,2.38180192718e-08,30
805,9.22918620708,120,0.307639540236,2.38180192718e-08,30
806,9.22918620708,120,0.307639540236,2.38180192718e-08,30
807,9.22918620708,120,0.307639540236,2.38180192718e-08,30
808,9.22918620708,120,0.307639540236,2.38180192718e-08,30
809,9.22918620708,120,0.307639540236,2.38180192718e-08,30
810,9.22918620708,120,0.307639540236,2.38180192718e-08,30
811,9.22918620708,120,0.307639540236,2.38180192718e-08,30
812,9.22918620708,120,0.307639540236,2.38180192718e-08,30
813,9.39597683748,120,0.313199227916,2.46866807427e-08,30
814,10.1568625935,120,0.338562086451,2.88468223471e-08,30
815,11.1676153442,120,0.372253844805,3.48738358593e-08,30
816,12.3553394864,120,0.411844649546,4.26862684751e-08,30
817,12.9038633969,120,0.430128779897,4.65605754671e-08,30
818,13.5127571134,120,0.450425237112,5.10583489045e-08,30
819,12.5583586352,120,0.418611954505,4.41006091324e-08,30
820,14.1438196311,60,0.235730327185,1.39846709775e-08,60
821,12.2160777368,120,0.407202591228,4.17294250461e-08,30
822,12.8410601591,120,0.428035338638,4.61084567711e-08,30
823,12.3323233882,120,0.411077446273,4.25273806922e-08,30
824,11.4013693567,120,0.380045645223,3.63490325257e-08,30
825,12.3320103758,120,0.411067012525,4.25252219051e-08,30
826,12.0046697774,120,0.400155659247,4.02976074267e-08,30
827,11.4526512957,120,0.381755043192,3.6676754739e-08,30
828,12.0615139472,120,0.402050464907,4.06801431353e-08,30
829,11.1778751571,120,0.37259583857,3.49379432589e-08,30
830,10.8529854345,120,0.36176618115,3.29364862716e-08,30
831,10.6109459588,120,0.353698198627,3.14837917437e-08,30
832,10.7460174694,120,0.358200582313,3.22904360755e-08,30
833,10.2742549401,120,0.342475164671,2.95174952063e-08,30
834,11.1727271886,120,0.372424239621,3.49057693419e-08,30
835,11.8073401546,120,0.393578005152,3.8983692742e-08,30
836,11.984461915,120,0.399482063832,4.01620529917e-08,30
837,12.5455365437,120,0.418184551456,4.40106016094e-08,30
838,13.3627828581,120,0.445426095269,4.99312741077e-08,30
839,14.0099811989,120,0.466999373298,5.48850331131e-08,30
840,15.4603529965,60,0.257672549942,1.67092764988e-08,60
841,13.4305099455,120,0.447683664848,5.04386937968e-08,30
842,12.3951056804,120,0.413170189348,4.29614858626e-08,30
843,12.4645182937,120,0.415483943124,4.3444001926e-08,30
844,14.1139326767,60,0.235232211279,1.39256320977e-08,60
845,12.7305855736,120,0.424352852452,4.53185062575e-08,30
846,12.2172746101,120,0.407242487005,4.17376023485e-08,30
847,12.074330634,120,0.402477687799,4.07666433322e-08,30
848,12.5723026182,120,0.419076753939,4.41985963862e-08,30
849,11.4970847746,120,0.383236159152,3.69619004461e-08,30
850,11.6874437747,120,0.389581459156,3.81960008931e-08,30
851,11.165327257,120,0.372177575232,3.48595470071e-08,30
852,11.2437882139,120,0.374792940464,3.53511982492e-08,30
853,11.4507227498,120,0.381690758325,3.66644035636e-08,30
854,11.2319228729,120,0.374397429096,3.52766268157e-08,30
855,11.2093132488,120,0.373643774959,3.51347475464e-08,30
856,11.3852094256,120,0.379506980852,3.62460656689e-08,30
857,11.5797616624,120,0.385992055412,3.74954065664e-08,30
858,12.1199523245,120,0.403998410816,4.10752909684e-08,30
859,12.4392214023,120,0.41464071341,4.32678406082e-08,30
860,11.3870575792,120,0.379568585974,3.62578342245e-08,30
861,12.6067452348,120,0.420224841159,4.44410977952e-08,30
862,12.6216713619,120,0.42072237873,4.45463947849e-08,30
863,14.080151508,60,0.2346691918,1.38590509163e-08,60
864,14.2430861456,60,0.237384769093,1.41816589288e-08,60
865,14.1566838543,60,0.235944730905,1.40101214919e-08,60
866,14.2065935968,60,0.236776559947,1.41090816947e-08,60
867,13.3482021852,120,0.444940072838,4.98223694893e-08,30
868,15.6826411339,60,0.261377352232,1.7193220917e-08,60
869,13.4355293226,120,0.44785097742,5.04764016926e-08,30
870,12.4983012882,120,0.41661004294,4.36798164803e-08,30
871,12.4702539912,120,0.415675133039,4.34839936814e-08,30
872,13.7344629301,120,0.457815431004,5.27475373895e-08,30
873,12.0854221469,120,0.402847404898,4.08415744314e-08,30
874,11.4555311702,120,0.381851039008,3.66952024727e-08,30
875,11.3669650385,120,0.378898834618,3.61299927218e-08,30
876,10.8489049976,120,0.361630166587,3.29117244233e-08,30
877,10.1191900972,120,0.337306336574,2.86332295337e-08,30
878,9.54307810816,120,0.318102603605,2.54657096152e-08,30
879,9.53928224561,120,0.317976074854,2.54454551212e-08,30
880,9.53928224561,120,0.317976074854,2.54454551212e-08,30
881,9.53928224561,120,0.317976074854,2.54454551212e-08,30
882,9.53269660302,120,0.317756553434,2.54103336469e-08,30
883,9.52342646701,120,0.3174475489,2.53609367712e-08,30
884,9.51787064629,120,0.317262354876,2.53313550405e-08,30
885,10.0461591948,120,0.334871973161,2.82214248883e-08,30
886,10.9526462193,120,0.365088207311,3.35441618739e-08,30
887,11.8431737341,120,0.394772457804,3.92206715994e-08,30
888,12.2050055154,120,0.40683351718,4.16538151722e-08,30
889,10.4435736668,120,0.348119122226,3.04984027065e-08,30
890,9.51787064629,120,0.317262354876,2.53313550405e-08,30
891,9.51047201005,120,0.317015733668,2.52919881181e-08,30
892,10.130236915,120,0.337674563834,2.86957797413e-08,30
893,9.51047201005,120,0.317015733668,2.52919881181e-08,30
894,9.51047201005,120,0.317015733668,2.52919881181e-08,30
895,9.51047201005,120,0.317015733668,2.52919881181e-08,30
896,9.51047201005,120,0.317015733668,2.52919881181e-08,30
897,9.51047201005,120,0.317015733668,2.52919881181e-08,30
898,9.51047201005,120,0.317015733668,2.52919881181e-08,30
899,9.51047201005,120,0.317015733668,2.52919881181e-08,30
900,9.51047201005,120,0.317015733668,2.52919881181e-08,30
901,9.51047201005,120,0.317015733668,2.52919881181e-08,30
902,9.51047201005,120,0.317015733668,2.52919881181e-08,30
903,9.51047201005,120,0.317015733668,2.52919881181e-08,30
904,9.51047201005,120,0.317015733668,2.52919881181e-08,30
905,9.51047201005,120,0.317015733668,2.52919881181e-08,30
906,9.51047201005,120,0.317015733668,2.52919881181e-08,30
907,9.51047201005,120,0.317015733668,2.52919881181e-08,30
908,9.51047201005,120,0.317015733668,2.52919881181e-08,30
909,9.50231539645,120,0.316743846548,2.52486236018e-08,30
910,9.75872715447,120,0.325290905149,2.66296327408e-08,30
911,10.1036583739,120,0.336788612465,2.85453999555e-08,30
912,10.5829747559,120,0.352765825197,3.13180235235e-08,30
913,10.0500093308,120,0.335000311028,2.82430604492e-08,30
914,10.8128913752,120,0.360429712508,3.26935820162e-08,30
915,10.683898396,120,0.356129946533,3.1918195029e-08,30
916,10.6293572211,120,0.354311907371,3.15931428302e-08,30
917,10.4788343183,120,0.349294477277,3.0704693965e-08,30
918,10.6021702534,120,0.353405675112,3.14317363979e-08,30
919,10.1469760334,120,0.338232534446,2.8790691423e-08,30
920,10.2994570703,120,0.343315235677,2.96624820957e-08,30
921,10.3371176671,120,0.344570588904,2.98798040683e-08,30
922,10.1753620413,120,0.339178734708,2.89519997609e-08,30
923,9.98612009377,120,0.332870669792,2.78851121065e-08,30
924,9.53269660302,120,0.317756553434,2.54103336469e-08,30
925,9.53269660302,120,0.317756553434,2.54103336469e-08,30
926,9.53269660302,120,0.317756553434,2.54103336469e-08,30
927,9.53269660302,120,0.317756553434,2.54103336469e-08,30
928,9.53269660302,120,0.317756553434,2.54103336469e-08,30
929,9.53269660302,120,0.317756553434,2.54103336469e-08,30
930,9.53269660302,120,0.317756553434,2.54103336469e-08,30
931,9.53269660302,120,0.317756553434,2.54103336469e-08,30
932,9.53269660302,120,0.317756553434,2.54103336469e-08,30
933,9.52342646701,120,0.3174475489,2.53609367712e-08,30
934,9.51470912646,120,0.317156970882,2.53145293695e-08,30
935,9.50231539645,120,0.316743846548,2.52486236018e-08,30
936,9.49914113125,120,0.316638037708,2.52317577249e-08,30
937,10.4919134691,120,0.34973044897,3.07813898899e-08,30
938,10.7747090554,120,0.359156968514,3.24630955086e-08,30
939,10.3744085146,120,0.345813617152,3.00957739451e-08,30
940,10.1336029632,120,0.337786765438,2.87148528241e-08,30
941,9.94713189528,120,0.331571063176,2.7667796883e-08,30
942,10.3143417583,120,0.343811391943,2.97482799831e-08,30
943,10.8061664842,120,0.360205549473,3.26529282448e-08,30
944,10.5304994327,120,0.351016647757,3.1008214795e-08,30
945,10.3034774669,120,0.343449248897,2.96856441355e-08,30
946,10.2865973217,120,0.34288657739,2.95884560723e-08,30
947,9.84516072692,120,0.328172024231,2.71034419517e-08,30
948,9.54307810816,120,0.318102603605,2.54657096152e-08,30
949,9.54307810816,120,0.318102603605,2.54657096152e-08,30
950,9.54307810816,120,0.318102603605,2.54657096152e-08,30
951,9.54307810816,120,0.318102603605,2.54657096152e-08,30
952,9.54307810816,120,0.318102603605,2.54657096152e-08,30
953,9.54307810816,120,0.318102603605,2.54657096152e-08,30
954,9.54307810816,120,0.318102603605,2.54657096152e-08,30
955,10.1866893303,120,0.33955631101,2.9016494804e-08,30
956,10.0029042053,120,0.333430140178,2.79789263496e-08,30
957,9.87313581769,120,0.329104527256,2.72576900164e-08,30
958,10.0055237117,120,0.333517457057,2.79935822078e-08,30
959,10.2509230859,120,0.341697436198,2.9383584589e-08,30
960,10.591779227,120,0.353059307566,3.13701550533e-08,30
961,11.3552180697,120,0.378507268989,3.60553556317e-08,30
962,10.5279493301,120,0.350931644337,3.09931984978e-08,30
963,10.9212335866,120,0.364041119552,3.3352025768e-08,30
964,11.0635683134,120,0.368785610448,3.42270342333e-08,30
965,10.6371444525,120,0.354571481751,3.16394510366e-08,30
966,10.2439568703,120,0.341465229008,2.93436617772e-08,30
967,10.4920517852,120,0.349735059506,3.07822014843e-08,30
968,11.4749239507,120,0.382497465024,3.68195484047e-08,30
969,9.75674841458,120,0.325224947153,2.66188346575e-08,30
970,10.0490894457,120,0.334969648189,2.82378904673e-08,30
971,9.86709565672,120,0.328903188557,2.72243489428e-08,30
972,9.75340998109,120,0.325113666036,2.66006216214e-08,30
973,9.75340998109,120,0.325113666036,2.66006216214e-08,30
974,9.75340998109,120,0.325113666036,2.66006216214e-08,30
975,9.75340998109,120,0.325113666036,2.66006216214e-08,30
976,9.75340998109,120,0.325113666036,2.66006216214e-08,30
977,9.86507350355,120,0.328835783452,2.72131914221e-08,30
978,9.99985376238,120,0.333328458746,2.79618642838e-08,30
979,10.256485709,120,0.341882856967,2.94154830145e-08,30
980,10.173868288,120,0.339128942935,2.89435000204e-08,30
981,9.98509291508,120,0.332836430503,2.78793758407e-08,30
982,10.1144218496,120,0.337147394988,2.86062514538e-08,30
983,10.2228062155,120,0.340760207185,2.9222615398e-08,30
984,10.4557591346,120,0.348525304487,3.05696147512e-08,30
985,10.0181055209,120,0.333936850698,2.80640295668e-08,30
986,10.1741058497,120,0.339136861655,2.89448517078e-08,30
987,10.6597729879,120,0.355325766264,3.1774208249e-08,30
988,10.6619727706,120,0.355399092353,3.17873236437e-08,30
989,10.0645263652,120,0.335484212174,2.83247124335e-08,30
990,10.2017317146,120,0.34005772382,2.91022536837e-08,30
991,10.2883286448,120,0.34294428816,2.95984168956e-08,30
992,10.5777273325,120,0.352590911084,3.12869739953e-08,30
993,10.2336142851,120,0.34112047617,2.92844393266e-08,30
994,10.0747656039,120,0.335825520129,2.83823745646e-08,30
995,9.89257419582,120,0.329752473194,2.73651263727e-08,30
996,9.88303211392,120,0.329434403797,2.73123606644e-08,30
997,9.88303211392,120,0.329434403797,2.73123606644e-08,30
998,9.86179682191,120,0.32872656073,2.71951167151e-08,30
999,9.86179682191,120,0.32872656073,2.71951167151e-08,30
1000,9.84945317225,120,0.328315105742,2.71270810588e-08,30
1001,9.82674294705,120,0.327558098235,2.70021295775e-08,30
1002,9.81565522379,120,0.32718850746,2.69412297989e-08,30
1003,9.80433542437,120,0.326811180812,2.68791262594e-08,30
1004,9.78120274738,120,0.326040091579,2.67524368741e-08,30
1005,9.77906042757,120,0.325968680919,2.67407192969e-08,30
1006,9.77099222456,120,0.325699740819,2.66966126976e-08,30
1007,9.75340998109,120,0.325113666036,2.66006216214e-08,30
1008,9.72118010427,120,0.324039336809,2.64251100331e-08,30
1009,9.6716719107,120,0.32238906369,2.6156638904e-08,30
1010,10.085946321,120,0.336198210698,2.84454055865e-08,30
1011,9.78917313521,120,0.326305771174,2.67960540404e-08,30
1012,10.1169594483,120,0.337231981608,2.86206072501e-08,30
1013,9.75478493791,120,0.32515949793,2.66081220308e-08,30
1014,10.0241704875,120,0.33413901625,2.80980198102e-08,30
1015,9.85993577625,120,0.328664525875,2.71848535594e-08,30
1016,9.85897078195,120,0.328632359398,2.71795326434e-08,30
1017,9.64755532183,120,0.321585177394,2.60263568923e-08,30
1018,9.64440349453,120,0.321480116484,2.6009354205e-08,30
1019,9.62519253691,120,0.32083975123,2.59058398812e-08,30
1020,9.58035323061,120,0.319345107687,2.56650355113e-08,30
1021,9.54307810816,120,0.318102603605,2.54657096152e-08,30
1022,9.5359962531,120,0.31786654177,2.54279277703e-08,30
1023,9.52342646701,120,0.3174475489,2.53609367712e-08,30
1024,9.51470912646,120,0.317156970882,2.53145293695e-08,30
1025,9.50231539645,120,0.316743846548,2.52486236018e-08,30
1026,9.49457970024,120,0.316485990008,2.52075312634e-08,30
1027,9.46918229708,120,0.315639409903,2.50728545111e-08,30
1028,9.44177827636,120,0.314725942545,2.49279417264e-08,30
1029,9.64604973993,120,0.321534991331,2.60182342636e-08,30
1030,9.66483118096,120,0.322161039365,2.61196510448e-08,30
1031,10.0919988277,120,0.336399960923,2.8479555613e-08,30
1032,11.602723413,120,0.386757447101,3.76442548432e-08,30
1033,10.8210113975,120,0.360700379917,3.2742703437e-08,30
1034,11.9626644578,120,0.398755481925,4.00160915764e-08,30
1035,11.0914367878,120,0.369714559593,3.43996831565e-08,30
1036,12.0222382836,120,0.400741276119,4.04156426286e-08,30
1037,10.0527905285,120,0.335093017615,2.82586943455e-08,30
1038,10.6328399465,120,0.354427998217,3.16138493065e-08,30
1039,10.4089472816,120,0.346964909386,3.02964988812e-08,30
1040,10.6586034753,120,0.355286782511,3.17672365625e-08,30
1041,10.3763265572,120,0.345877551906,3.01069033147e-08,30
1042,9.43489865902,120,0.314496621967,2.48916281811e-08,30
1043,9.41465419079,120,0.31382180636,2.47849228172e-08,30
1044,9.39711343484,120,0.313237114495,2.4692653621e-08,30
1045,9.38337308704,120,0.312779102901,2.46204958033e-08,30
1046,9.36274383476,120,0.312091461159,2.45123589733e-08,30
1047,9.3412923889,120,0.311376412963,2.44001646897e-08,30
1048,9.31909344068,120,0.310636448023,2.42843318128e-08,30
1049,9.92598922141,120,0.33086630738,2.75503058246e-08,30
1050,10.3991267106,120,0.346637557019,3.0239357932e-08,30
1051,11.4455926809,120,0.381519756031,3.66315586884e-08,30
1052,12.4001361837,120,0.413337872791,4.29963644279e-08,30
1053,13.0371355914,120,0.434571186381,4.75273051898e-08,30
1054,12.9235368483,120,0.430784561608,4.67026577983e-08,30
1055,13.2342901931,120,0.441143006436,4.89756413938e-08,30
1056,13.3773175738,120,0.445910585794,5.00399538005e-08,30
1057,13.1743295566,120,0.439144318554,4.85328585726e-08,30
1058,13.9816277822,120,0.466054259406,5.46631051179e-08,30
1059,14.4745286501,60,0.241242144169,1.46462922163e-08,60
1060,14.8628307372,60,0.24771384562,1.5442652477e-08,60
1061,13.6774430833,120,0.455914769443,5.23104743254e-08,30
1062,12.1412476291,120,0.404708254304,4.1219760066e-08,30
1063,13.2760926011,120,0.442536420038,4.92855232329e-08,30
1064,13.3599840972,120,0.445332803241,4.99103606405e-08,30
1065,12.1436850904,120,0.404789503013,4.12363121794e-08,30
1066,12.2789122791,120,0.409297075969,4.21598074904e-08,30
1067,11.6526327258,120,0.38842109086,3.79688061858e-08,30
1068,11.6320144916,120,0.387733816385,3.78345606177e-08,30
1069,12.3190571393,120,0.410635237977,4.24359339556e-08,30
1070,11.3756608608,120,0.379188695362,3.61852933532e-08,30
1071,10.7670242592,120,0.35890080864,3.24168050134e-08,30
1072,11.2656428722,120,0.375521429073,3.54887567279e-08,30
1073,11.6813281046,120,0.389377603485,3.81560378303e-08,30
1074,10.9611044855,120,0.365370149516,3.35959913584e-08,30
1075,11.8098320557,120,0.393661068525,3.90001492444e-08,30
1076,13.7110490302,120,0.457034967673,5.25678473849e-08,30
1077,12.5023367032,120,0.416744556773,4.37080274569e-08,30
1078,12.4861833048,120,0.416206110161,4.35951562253e-08,30
1079,12.4855240209,120,0.41618413403,4.35905526044e-08,30
1080,12.6898115359,120,0.422993717865,4.50286752307e-08,30
1081,12.615362213,120,0.420512073765,4.4501871427e-08,30
1082,13.3335105365,120,0.444450351218,4.97127562374e-08,30
1083,13.0827626133,120,0.436092087112,4.78605569323e-08,30
1084,13.2086672472,120,0.44028890824,4.8786181229e-08,30
1085,12.5701246908,120,0.41900415636,4.41832844743e-08,30
1086,12.8921818407,120,0.429739394691,4.64763132937e-08,30
1087,14.2884714174,60,0.238141190291,1.42721819951e-08,60
1088,11.7577079359,120,0.391923597865,3.86566452333e-08,30
1089,11.2642549407,120,0.37547516469,3.54800128101e-08,30
1090,11.5441971279,120,0.384806570931,3.72654434738e-08,30
1091,10.3482688817,120,0.344942296055,2.99443047994e-08,30
1092,10.6045863347,120,0.353486211157,3.1446063707e-08,30
1093,9.93428605111,120,0.33114286837,2.75963819833e-08,30
1094,9.60815195153,120,0.320271731718,2.58141929039e-08,30
1095,9.41465419079,120,0.31382180636,2.47849228172e-08,30
1096,9.39711343484,120,0.313237114495,2.4692653621e-08,30
1097,9.38337308704,120,0.312779102901,2.46204958033e-08,30
1098,9.36274383476,120,0.312091461159,2.45123589733e-08,30
1099,9.40861078378,120,0.313620359459,2.47531134064e-08,30
1100,10.0889358444,120,0.336297861481,2.84622707983e-08,30
1101,10.288997884,120,0.342966596132,2.96022676792e-08,30
1102,11.1602998161,120,0.372009993869,3.48281614771e-08,30
1103,11.360866141,120,0.378695538033,3.60912323299e-08,30
1104,11.6758643891,120,0.389195479638,3.81203526795e-08,30
1105,12.1776255785,120,0.405920852615,4.1467137732e-08,30
1106,13.0574730667,120,0.435249102223,4.76757027125e-08,30
1107,14.2998032435,60,0.238330054059,1.42948287866e-08,60
1108,12.3608011647,120,0.412026705491,4.27240157501e-08,30
1109,9.52338675983,120,0.317446225328,2.53607252908e-08,30
1110,10.6283008394,120,0.354276694648,3.15868634743e-08,30
1111,10.5355539355,120,0.351185131182,3.10379890185e-08,30
1112,10.0010865156,120,0.333369550518,2.7968758825e-08,30
1113,9.3412923889,120,0.311376412963,2.44001646897e-08,30
1114,9.31909344068,120,0.310636448023,2.42843318128e-08,30
1115,9.30193078068,120,0.310064359356,2.41949669095e-08,30
1116,9.29549341261,120,0.30984978042,2.41614904157e-08,30
1117,9.29070320893,120,0.309690106964,2.41365947736e-08,30
1118,9.28393499601,120,0.309464499867,2.41014408988e-08,30
1119,9.26431567808,120,0.308810522603,2.39996835725e-08,30
1120,9.26431567808,120,0.308810522603,2.39996835725e-08,30
1121,9.23408822086,120,0.307802940695,2.38433275196e-08,30
1122,9.22900456117,120,0.307633485372,2.38170817236e-08,30
1123,9.31534034998,120,0.310511344999,2.426477563e-08,30
1124,10.0689266206,120,0.335630887354,2.83494852266e-08,30
1125,10.470348271,120,0.349011609034,3.06549830959e-08,30
1126,11.066256296,120,0.368875209867,3.42436677181e-08,30
1127,11.816470819,120,0.393882360633,3.90440085523e-08,30
1128,13.6607476819,120,0.455358256064,5.21828464735e-08,30
1129,12.8002942152,120,0.42667647384,4.58161645287e-08,30
1130,15.7313488223,60,0.262189147038,1.73001853647e-08,60
1131,15.6139853057,60,0.260233088428,1.70430126722e-08,60
1132,15.2292443579,60,0.253820739299,1.62134540293e-08,60
1133,15.8991100097,60,0.264985166828,1.76711357423e-08,60
1134,12.9613491798,120,0.432044972661,4.69763475529e-08,30
1135,13.2727765991,120,0.442425886638,4.92609059771e-08,30
1136,12.6364042897,120,0.421213476325,4.46504510294e-08,30
1137,11.7160618098,120,0.390535393659,3.83832844084e-08,30
1138,11.5471597865,120,0.384905326217,3.72845732499e-08,30
1139,10.7047095989,120,0.356823653295,3.20426632634e-08,30
1140,10.0583225443,120,0.335277418144,2.82898042265e-08,30
1141,9.86462804391,120,0.328820934797,2.72107338418e-08,30
1142,9.96327440047,120,0.332109146682,2.77576700162e-08,30
1143,9.84778978495,120,0.328259659498,2.71179193255e-08,30
1144,9.62184097605,120,0.320728032535,2.58878018249e-08,30
1145,9.92812838222,120,0.330937612741,2.75621818974e-08,30
1146,9.87686842926,120,0.329228947642,2.72783038524e-08,30
1147,10.2378079339,120,0.341260264462,2.93084452765e-08,30
1148,10.5333449804,120,0.351111499348,3.10249751161e-08,30
1149,11.0707826506,120,0.369026088354,3.42716863503e-08,30
1150,13.5110337214,120,0.450367790713,5.10453259607e-08,30
1151,13.1468443661,120,0.438228145536,4.83305646515e-08,30
1152,12.7270285828,120,0.424234286094,4.52931853504e-08,30
1153,13.2919447653,120,0.443064825511,4.94032911139e-08,30
1154,14.413886833,60,0.240231447216,1.45238264335e-08,60
1155,13.5019105572,120,0.450063685241,5.09764137414e-08,30
1156,13.5459198094,120,0.451530660313,5.13092688664e-08,30
1157,12.1057032739,120,0.403523442462,4.0978765861e-08,30
1158,12.5764295121,120,0.41921431707,4.42276177774e-08,30
1159,13.3610099249,120,0.445366997496,4.99180255289e-08,30
1160,12.8352683883,120,0.427842279611,4.60668730724e-08,30
1161,13.0717228653,120,0.43572409551,4.77798177831e-08,30
1162,12.6161878018,120,0.420539593392,4.45076963013e-08,30
1163,12.3400694687,120,0.411335648958,4.25808213882e-08,30
1164,11.4842051514,120,0.38280683838,3.68791336043e-08,30
1165,11.0450376499,120,0.368167921663,3.41124747211e-08,30
1166,11.1619788412,120,0.372065961374,3.48386417973e-08,30
1167,10.4649501581,120,0.348831671936,3.06233821598e-08,30
1168,10.6936386371,120,0.356454621236,3.1976419587e-08,30
1169,11.4779963288,120,0.382599877625,3.68392677016e-08,30
1170,11.5687709784,120,0.385625699279,3.74242644117e-08,30
1171,11.4636167065,120,0.382120556882,3.67470211257e-08,30
1172,11.8456024877,120,0.394853416256,3.92367597047e-08,30
1173,12.4216670118,120,0.414055567061,4.31458065022e-08,30
1174,13.2123307544,120,0.440411025146,4.88132472921e-08,30
1175,13.8189454242,120,0.460631514139,5.33984472951e-08,30
1176,14.0058754093,120,0.466862513643,5.4852868419e-08,30
1177,15.9412087864,60,0.265686813107,1.77648413796e-08,60
1178,15.8018630916,60,0.263364384859,1.74556258178e-08,60
1179,15.8555118883,60,0.264258531471,1.75743539732e-08,60
1180,13.7770769933,120,0.459235899775,5.30753658624e-08,30
1181,14.5171658381,60,0.241952763969,1.47327055953e-08,60
1182,14.1900520784,60,0.236500867973,1.40762448628e-08,60
1183,12.9450815012,120,0.431502716705,4.68585023273e-08,30
1184,12.7634884028,120,0.425449613427,4.55530648305e-08,30
1185,11.571344886,120,0.385711496199,3.74409191308e-08,30
1186,10.4502772809,120,0.348342576031,3.05375684458e-08,30
1187,10.2484202316,120,0.341614007722,2.93692378123e-08,30
1188,9.42877672935,120,0.314292557645,2.48593362903e-08,30
1189,9.42877672935,120,0.314292557645,2.48593362903e-08,30
1190,9.42552047595,120,0.314184015865,2.48421687779e-08,30
1191,9.42552047595,120,0.314184015865,2.48421687779e-08,30
1192,9.42552047595,120,0.314184015865,2.48421687779e-08,30
1193,9.42552047595,120,0.314184015865,2.48421687779e-08,30
1194,9.42552047595,120,0.314184015865,2.48421687779e-08,30
1195,9.38337308704,120,0.312779102901,2.46204958033e-08,30
1196,9.35598522906,120,0.311866174302,2.44769826826e-08,30
1197,9.31909344068,120,0.310636448023,2.42843318128e-08,30
1198,9.30193078068,120,0.310064359356,2.41949669095e-08,30
1199,9.29549341261,120,0.30984978042,2.41614904157e-08,30
1200,9.33280453563,120,0.311093484521,2.43558430011e-08,30
1201,10.1937427333,120,0.339791424443,2.9056691551e-08,30
1202,11.004537182,120,0.366817906067,3.38627629093e-08,30
1203,11.752683725,120,0.391756124165,3.86236153866e-08,30
1204,11.5537353901,120,0.385124513004,3.73270492154e-08,30
1205,12.0705307337,120,0.402351024456,4.07409881123e-08,30
1206,9.29070320893,120,0.309690106964,2.41365947736e-08,30
1207,9.28393499601,120,0.309464499867,2.41014408988e-08,30
1208,10.0267910525,120,0.334226368416,2.81127127589e-08,30
1209,11.0370225079,120,0.367900750263,3.40629833328e-08,30
1210,10.0096997205,120,0.33365665735,2.80169544658e-08,30
1211,9.26431567808,120,0.308810522603,2.39996835725e-08,30
1212,9.23408822086,120,0.307802940695,2.38433275196e-08,30
1213,9.23408822086,120,0.307802940695,2.38433275196e-08,30
1214,9.22900456117,120,0.307633485372,2.38170817236e-08,30
1215,9.22900456117,120,0.307633485372,2.38170817236e-08,30
1216,9.22900456117,120,0.307633485372,2.38170817236e-08,30
1217,9.22900456117,120,0.307633485372,2.38170817236e-08,30
1218,9.22398578319,120,0.307466192773,2.3791185075e-08,30
1219,9.21208410836,120,0.307069470279,2.37298293274e-08,30
1220,9.30004411315,120,0.310001470438,2.41851531987e-08,30
1221,9.19415750893,120,0.306471916964,2.36375632923e-08,30
1222,9.4694285322,120,0.31564761774,2.50741585091e-08,30
1223,9.703948233,120,0.3234649411,2.63315101807e-08,30
1224,10.351762971,120,0.345058765699,2.9964529581e-08,30
1225,10.1786072153,120,0.339286907176,2.89704697199e-08,30
1226,9.70283820666,120,0.323427940222,2.63254864474e-08,30
1227,10.15506999,120,0.338502333001,2.88366407874e-08,30
1228,11.4414951902,120,0.381383173006,3.66053353881e-08,30
1229,9.18113684742,120,0.306037894914,2.35706602018e-08,30
1230,9.17125565918,120,0.305708521973,2.35199517108e-08,30
1231,9.16461210674,120,0.305487070225,2.34858888859e-08,30
1232,9.15584791432,120,0.305194930477,2.34409908747e-08,30
1233,9.13378472706,120,0.304459490902,2.33281537375e-08,30
1234,9.1102452488,120,0.303674841627,2.32080666159e-08,30
1235,9.1102452488,120,0.303674841627,2.32080666159e-08,30
1236,9.1102452488,120,0.303674841627,2.32080666159e-08,30
1237,9.1102452488,120,0.303674841627,2.32080666159e-08,30
1238,9.1102452488,120,0.303674841627,2.32080666159e-08,30
1239,9.1102452488,120,0.303674841627,2.32080666159e-08,30
1240,9.1102452488,120,0.303674841627,2.32080666159e-08,30
1241,9.1102452488,120,0.303674841627,2.32080666159e-08,30
1242,9.1102452488,120,0.303674841627,2.32080666159e-08,30
1243,9.4978155083,120,0.316593850277,2.52247159381e-08,30
1244,10.5005407521,120,0.350018025068,3.08320325002e-08,30
1245,10.1891827477,120,0.339639424922,2.90307013994e-08,30
1246,11.4071137364,120,0.380237124546,3.6385669396e-08,30
1247,11.9645031774,120,0.39881677258,4.00283938572e-08,30
1248,9.61381128001,120,0.320460376,2.58446116614e-08,30
1249,9.4440321777,120,0.31480107259,2.49398445324e-08,30
1250,11.0566312731,120,0.36855437577,3.41841258563e-08,30
1251,10.1010383528,120,0.336701278428,2.85305974254e-08,30
1252,9.6487406051,120,0.321624686837,2.60327523985e-08,30
1253,10.1521194534,120,0.338403981779,2.88198863571e-08,30
1254,9.79041006506,120,0.326347002169,2.68028262024e-08,30
1255,10.0944179911,120,0.336480599705,2.84932109767e-08,30
1256,10.1329792275,120,0.337765974249,2.87113180642e-08,30
1257,9.8607540437,120,0.328691801457,2.71893658411e-08,30
1258,10.2251585346,120,0.340838617821,2.92360654866e-08,30
1259,10.2096254092,120,0.340320846975,2.91473074425e-08,30
1260,10.034099991,120,0.334469999699,2.81537127112e-08,30
1261,9.7556215032,120,0.32518738344,2.6612686024e-08,30
1262,9.18914469031,120,0.30630482301,2.36117950768e-08,30
1263,9.18113684742,120,0.306037894914,2.35706602018e-08,30
1264,9.18113684742,120,0.306037894914,2.35706602018e-08,30
1265,9.18113684742,120,0.306037894914,2.35706602018e-08,30
1266,9.18113684742,120,0.306037894914,2.35706602018e-08,30
1267,9.43900583406,120,0.314633527802,2.49133044131e-08,30
1268,9.19415750893,120,0.306471916964,2.36375632923e-08,30
1269,9.18113684742,120,0.306037894914,2.35706602018e-08,30
1270,9.17125565918,120,0.305708521973,2.35199517108e-08,30
1271,9.72889463732,120,0.324296487911,2.64670675467e-08,30
1272,10.6932198611,120,0.356440662037,3.19739151644e-08,30
1273,10.7669883693,120,0.358899612311,3.2416588903e-08,30
1274,10.7325680719,120,0.357752269063,3.22096591474e-08,30
1275,10.1326899774,120,0.337756332579,2.87096789345e-08,30
1276,10.0911540509,120,0.336371801696,2.84747879031e-08,30
1277,9.67799315289,120,0.322599771763,2.61908411564e-08,30
1278,9.85719554253,120,0.328573184751,2.71697454486e-08,30
1279,9.75599261104,120,0.325199753701,2.66147107774e-08,30
1280,9.95193770914,120,0.331731256971,2.76945379382e-08,30
1281,9.88580830412,120,0.329526943471,2.73277071606e-08,30
1282,9.20552406339,120,0.306850802113,2.36960447204e-08,30
1283,9.16461210674,120,0.305487070225,2.34858888859e-08,30
1284,9.15584791432,120,0.305194930477,2.34409908747e-08,30
1285,9.38147914291,120,0.31271597143,2.4610557983e-08,30
1286,9.15945747798,120,0.305315249266,2.34594770768e-08,30
1287,9.15945747798,120,0.305315249266,2.34594770768e-08,30
1288,9.15945747798,120,0.305315249266,2.34594770768e-08,30
1289,9.15945747798,120,0.305315249266,2.34594770768e-08,30
1290,9.1910693839,120,0.306368979463,2.36216872336e-08,30
1291,9.73875960578,120,0.324625320193,2.65207692611e-08,30
1292,9.61771072007,120,0.320590357336,2.58655814827e-08,30
1293,10.6041005944,120,0.353470019815,3.14431830158e-08,30
1294,10.9598681149,120,0.365328937164,3.35884127878e-08,30
1295,11.8001298514,120,0.393337661715,3.89360954992e-08,30
1296,11.7268763721,120,0.39089587907,3.84541768306e-08,30
1297,13.3757529897,120,0.445858432989,5.00282493405e-08,30
1298,12.8161038095,120,0.427203460315,4.59294091574e-08,30
1299,11.8208799769,120,0.394029332565,3.9073151487e-08,30
1300,11.8757179362,120,0.395857264539,3.94365190106e-08,30
1301,12.1835693306,120,0.406118977686,4.15076268301e-08,30
1302,11.2276507079,120,0.374255023595,3.52497963413e-08,30
1303,9.5889211423,120,0.319630704743,2.57109616022e-08,30
1304,9.20268907255,120,0.306756302418,2.36814518032e-08,30
1305,9.20268907255,120,0.306756302418,2.36814518032e-08,30
1306,9.20268907255,120,0.306756302418,2.36814518032e-08,30
1307,9.20268907255,120,0.306756302418,2.36814518032e-08,30
1308,9.20268907255,120,0.306756302418,2.36814518032e-08,30
1309,9.52529938194,120,0.317509979398,2.53709129175e-08,30
1310,9.81325164838,120,0.327108388279,2.69280371292e-08,30
1311,9.22398578319,120,0.307466192773,2.3791185075e-08,30
1312,9.22398578319,120,0.307466192773,2.3791185075e-08,30
1313,9.22398578319,120,0.307466192773,2.3791185075e-08,30
1314,9.22398578319,120,0.307466192773,2.3791185075e-08,30
1315,9.22398578319,120,0.307466192773,2.3791185075e-08,30
1316,9.22398578319,120,0.307466192773,2.3791185075e-08,30
1317,9.2945026943,120,0.309816756477,2.41563404029e-08,30
1318,9.70987959645,120,0.323662653215,2.63637093402e-08,30
1319,10.0374595582,120,0.334581985275,2.81725684385e-08,30
1320,9.30976823657,120,0.310325607886,2.42357556181e-08,30
1321,9.28262611951,120,0.30942087065,2.40946455936e-08,30
1322,10.4238963835,120,0.347463212782,3.03835837058e-08,30
1323,11.1974717007,120,0.373249056691,3.50605538767e-08,30
1324,10.7913848117,120,0.359712827058,3.25636579612e-08,30
1325,11.0851655714,120,0.369505519045,3.43607942597e-08,30
1326,12.265214037,120,0.408840467899,4.20657937697e-08,30
1327,11.3863688432,120,0.379545628105,3.62534483114e-08,30
1328,11.797171376,120,0.393239045867,3.89165741815e-08,30
1329,11.6361397776,120,0.387871325919,3.78614013787e-08,30
1330,10.9832760037,120,0.366109200123,3.37320410568e-08,30
1331,10.435706481,120,0.347856882699,3.0452470876e-08,30
1332,11.227886947,120,0.374262898233,3.52512797272e-08,30
1333,12.0496297495,120,0.401654324984,4.06000184189e-08,30
1334,11.4796640006,120,0.382655466688,3.68499734506e-08,30
1335,11.9054952163,120,0.396849840543,3.96345339047e-08,30
1336,10.9851502425,120,0.366171674749,3.37435544328e-08,30
1337,12.2096983849,120,0.406989946162,4.16858534205e-08,30
1338,11.7938688145,120,0.393128960484,3.88947882153e-08,30
1339,12.7835420123,120,0.426118067077,4.56963204954e-08,30
1340,12.4386065532,120,0.414620218441,4.32635634057e-08,30
1341,13.2301222925,120,0.441004076418,4.89447982648e-08,30
1342,13.7282739031,120,0.457609130104,5.27000098842e-08,30
1343,14.3917217431,60,0.239862029052,1.4479192477e-08,60
1344,12.8245248198,120,0.427484160659,4.59897861801e-08,30
1345,12.9058341853,120,0.430194472843,4.65747988117e-08,30
1346,14.618497973,60,0.243641632884,1.49390966851e-08,60
1347,15.2276872274,60,0.253794787124,1.62101386747e-08,60
1348,13.2219475038,120,0.440731583461,4.88843317383e-08,30
1349,13.2150984367,120,0.440503281224,4.88336999609e-08,30
1350,13.1223772131,120,0.437412573769,4.8150839248e-08,30
1351,13.5934049515,120,0.453113498385,5.16696280598e-08,30
1352,13.8666968778,120,0.46222322926,5.37681222478e-08,30
1353,12.6455760945,120,0.421519203151,4.4715291285e-08,30
1354,12.6741715583,120,0.422472385277,4.49177494719e-08,30
1355,11.643841847,120,0.388128061568,3.79115395961e-08,30
1356,10.3843073496,120,0.346143578321,3.0153233651e-08,30
1357,10.9306883197,120,0.364356277323,3.3409797813e-08,30
1358,10.386820923,120,0.346227364101,3.0167832899e-08,30
1359,9.29070320893,120,0.309690106964,2.41365947736e-08,30
1360,9.28393499601,120,0.309464499867,2.41014408988e-08,30
1361,9.81543160612,120,0.327181053537,2.69400022769e-08,30
1362,9.27501756819,120,0.309167252273,2.40551631856e-08,30
1363,9.26078885138,120,0.308692961713,2.39814142008e-08,30
1364,9.23408822086,120,0.307802940695,2.38433275196e-08,30
1365,9.74933546339,120,0.32497784878,2.6578401277e-08,30
1366,10.2122887371,120,0.34040962457,2.91625164159e-08,30
1367,11.2470675821,120,0.374902252736,3.53718223481e-08,30
1368,11.4023902431,120,0.380079674769,3.63555422513e-08,30
1369,11.3993005387,120,0.379976684624,3.63358424067e-08,30
1370,13.1681930805,120,0.438939769351,4.84876568242e-08,30
1371,13.3479961295,120,0.444933204318,4.98208312896e-08,30
1372,12.45221226,120,0.415073742,4.33582610371e-08,30
1373,11.3016885031,120,0.376722950104,3.57162201997e-08,30
1374,11.5502727684,120,0.385009092278,3.73046789464e-08,30
1375,11.5532945824,120,0.385109819412,3.73242010044e-08,30
1376,10.8829300219,120,0.362764334063,3.31184878251e-08,30
1377,11.2770029691,120,0.37590009897,3.55603654215e-08,30
1378,11.0032304224,120,0.366774347414,3.38547211603e-08,30
1379,10.9374089302,120,0.364580297674,3.34508937182e-08,30
1380,10.4391417416,120,0.347971391387,3.04725230676e-08,30
1381,10.5330606284,120,0.351102020946,3.10233000745e-08,30
1382,10.1100920588,120,0.337003068628,2.85817651161e-08,30
1383,10.088814721,120,0.336293824034,2.84615873909e-08,30
1384,9.70620486495,120,0.323540162165,2.63437582749e-08,30
1385,9.73154028933,120,0.324384676311,2.64814642843e-08,30
1386,9.99711680502,120,0.333237226834,2.79465600686e-08,30
1387,10.6520563165,120,0.355068543882,3.1728221833e-08,30
1388,10.4573017869,120,0.348576726229,3.05786359543e-08,30
1389,11.0210495688,120,0.36736831896,3.39644617882e-08,30
1390,11.1144237962,120,0.370480793208,3.45424176341e-08,30
1391,10.7476550289,120,0.358255167629,3.23002781476e-08,30
1392,11.4957719684,120,0.383192398948,3.69534598649e-08,30
1393,11.6515986154,120,0.388386620512,3.79620674174e-08,30
1394,13.0208959756,120,0.434029865854,4.74089748307e-08,30
1395,11.0944075243,120,0.369813584143,3.44181128843e-08,30
1396,12.593030348,120,0.419767678266,4.4344455391e-08,30
1397,11.4154239797,120,0.380514132655,3.64387036539e-08,30
1398,10.6739914853,120,0.355799716175,3.18590285917e-08,30
1399,11.3249144954,120,0.377497149847,3.58631711707e-08,30
1400,10.8871705095,120,0.36290568365,3.31443018104e-08,30
1401,10.7770991782,120,0.359236639274,3.24774994966e-08,30
1402,10.4869856023,120,0.349566186744,3.07524817281e-08,30
1403,9.89174587751,120,0.329724862584,2.73605439282e-08,30
1404,9.95321451359,120,0.33177381712,2.77016446503e-08,30
1405,9.80330278529,120,0.32677675951,2.68734644836e-08,30
1406,9.4595611682,120,0.315318705607,2.50219300264e-08,30
1407,9.79880526028,120,0.326626842009,2.68488123115e-08,30
1408,9.40836345339,120,0.313612115113,2.47518120204e-08,30
1409,9.42025166556,120,0.314008388852,2.48144032886e-08,30
1410,9.96555546127,120,0.332185182042,2.77703815362e-08,30
1411,10.3991090868,120,0.34663696956,3.02392554367e-08,30
1412,10.5109340984,120,0.350364469947,3.08930972755e-08,30
1413,12.1818186061,120,0.406060620204,4.14956987661e-08,30
1414,11.0855473464,120,0.369518244882,3.43631610842e-08,30
1415,11.0546300417,120,0.368487668056,3.41717524392e-08,30
1416,11.2951626736,120,0.376505422454,3.56749855343e-08,30
1417,12.3906624407,120,0.413022081357,4.29306908097e-08,30
1418,15.7697982868,60,0.262829971447,1.73848565227e-08,60
1419,9.23408822086,120,0.307802940695,2.38433275196e-08,30
1420,9.22980005826,120,0.307660001942,2.3821187743e-08,30
1421,9.22841530689,120,0.307613843563,2.38140404705e-08,30
1422,9.21995933927,120,0.307331977976,2.37704190056e-08,30
1423,9.19852251135,120,0.306617417045,2.3660012878e-08,30
1424,10.9735043585,120,0.365783478618,3.3672046041e-08,30
1425,10.9581982104,120,0.36527327368,3.35781781447e-08,30
1426,9.74967384289,120,0.324989128096,2.65802462729e-08,30
1427,9.17895259174,120,0.305965086391,2.35594462912e-08,30
1428,9.15945747798,120,0.305315249266,2.34594770768e-08,30
1429,9.2836515863,120,0.309455052877,2.4099969437e-08,30
1430,9.71918325018,120,0.323972775006,2.64142550404e-08,30
1431,9.7066603993,120,0.323555346643,2.63462310784e-08,30
1432,10.1404180964,120,0.338013936546,2.87534889052e-08,30
1433,10.8071600914,120,0.360238669713,3.26589332746e-08,30
1434,11.6520734673,120,0.388402448911,3.79651617104e-08,30
1435,11.1121151718,120,0.370403839062,3.45280692185e-08,30
1436,10.5583274015,120,0.351944246717,3.11723163718e-08,30
1437,10.6868652063,120,0.356228840209,3.19359242086e-08,30
1438,10.3126876384,120,0.343756254614,2.97387392337e-08,30
1439,11.190189002,120,0.373006300066,3.50149627958e-08,30
1440,11.1816353335,120,0.372721177782,3.49614530804e-08,30
1441,12.0482303014,120,0.401607676714,4.05905883666e-08,30
1442,13.5805401988,120,0.452684673294,5.15718744141e-08,30
1443,13.2208070547,120,0.440693568489,4.88758991393e-08,30
1444,11.8285377109,120,0.394284590363,3.91237921696e-08,30
1445,11.522489809,120,0.384082993634,3.71254298702e-08,30
1446,11.1708765169,120,0.372362550562,3.48942065837e-08,30
1447,11.0150433755,120,0.367168112518,3.39274523303e-08,30
1448,11.2463246525,120,0.374877488416,3.53671495024e-08,30
1449,10.0780386731,120,0.335934622438,2.8400819176e-08,30
1450,9.55600083054,120,0.318533361018,2.55347248967e-08,30
1451,9.15945747798,120,0.305315249266,2.34594770768e-08,30
1452,9.15945747798,120,0.305315249266,2.34594770768e-08,30
1453,9.15945747798,120,0.305315249266,2.34594770768e-08,30
1454,9.15945747798,120,0.305315249266,2.34594770768e-08,30
1455,9.15945747798,120,0.305315249266,2.34594770768e-08,30
1456,9.15945747798,120,0.305315249266,2.34594770768e-08,30
1457,9.15945747798,120,0.305315249266,2.34594770768e-08,30
1458,9.15945747798,120,0.305315249266,2.34594770768e-08,30
1459,9.15945747798,120,0.305315249266,2.34594770768e-08,30
1460,10.2872711491,120,0.342909038304,2.95923326052e-08,30
1461,9.39919655173,120,0.313306551724,2.47036023842e-08,30
1462,9.51908298425,120,0.317302766142,2.53378086099e-08,30
1463,10.5004369524,120,0.350014565079,3.08314229431e-08,30
1464,11.248979356,120,0.374965978534,3.53838483584e-08,30
1465,10.2871532014,120,0.342905106712,2.95916540327e-08,30
1466,9.15945747798,120,0.305315249266,2.34594770768e-08,30
1467,10.4348526237,120,0.347828420789,3.04474877921e-08,30
1468,10.9439594816,120,0.364798649387,3.34909740364e-08,30
1469,9.14011378222,120,0.304670459407,2.33604944002e-08,30
1470,9.12707179262,120,0.304235726421,2.32938759821e-08,30
1471,9.11488526463,120,0.303829508821,2.32317132284e-08,30
1472,9.10484930684,120,0.303494976895,2.31805827686e-08,30
1473,9.08316936111,120,0.302772312037,2.30703216466e-08,30
1474,9.08316936111,120,0.302772312037,2.30703216466e-08,30
1475,9.08316936111,120,0.302772312037,2.30703216466e-08,30
1476,9.36599485593,120,0.312199828531,2.45293847587e-08,30
1477,9.48158236293,120,0.316052745431,2.51385642218e-08,30
1478,9.23689705208,120,0.307896568403,2.38578350848e-08,30
1479,9.13606634789,120,0.30453554493,2.3339809946e-08,30
1480,9.19488982922,120,0.306496327641,2.36413289351e-08,30
1481,9.34587956022,120,0.311529318674,2.44241346528e-08,30
1482,9.3604503686,120,0.312015012287,2.45003515146e-08,30
1483,9.74476622143,120,0.324825540714,2.65534940024e-08,30
1484,9.99685058687,120,0.333228352896,2.7945071683e-08,30
1485,10.5422927383,120,0.351409757942,3.10777070589e-08,30
1486,11.0752628196,120,0.369175427319,3.42994303714e-08,30
1487,11.3494151138,120,0.378313837126,3.60185136837e-08,30
1488,13.7640265305,120,0.458800884352,5.29748612314e-08,30
1489,16.8052014653,60,0.280086691089,1.97426879345e-08,60
1490,12.6474106271,120,0.421580354238,4.47282661957e-08,30
1491,12.9510837565,120,0.431702791884,4.69019662333e-08,30
1492,11.5201340161,120,0.384004467203,3.71102507057e-08,30
1493,11.6575433525,120,0.388584778417,3.80008143895e-08,30
1494,11.1182140879,120,0.370607136263,3.4565981278e-08,30
1495,11.4700339429,120,0.382334464764,3.67881739892e-08,30
1496,11.6055896854,120,0.386852989513,3.76628559957e-08,30
1497,11.3827878653,120,0.379426262175,3.62306487017e-08,30
1498,11.7005604773,120,0.390018682576,3.82817829906e-08,30
1499,10.5203388348,120,0.350677961158,3.09484056647e-08,30
1500,10.308593489,120,0.343619782966,2.971513129e-08,30
1501,10.2203393589,120,0.34067797863,2.92085137308e-08,30
1502,10.3632109238,120,0.345440364126,3.00308414162e-08,30
1503,9.82914420496,120,0.327638140165,2.70153276432e-08,30
1504,10.3229213694,120,0.344097378981,2.97977906221e-08,30
1505,10.1774263312,120,0.339247544374,2.89637480179e-08,30
1506,10.782273313,120,0.359409110434,3.25086921761e-08,30
1507,11.4548113515,120,0.381827045049,3.66905910645e-08,30
1508,11.4197873374,120,0.380659577913,3.64665651659e-08,30
1509,11.799509397,120,0.3933169799,3.89320010633e-08,30
1510,12.7018937814,120,0.42339645938,4.51144616122e-08,30
1511,13.1099131231,120,0.436997104103,4.80594120075e-08,30
1512,13.9434949835,120,0.464783166118,5.4365340839e-08,30
1513,13.1755371439,120,0.439184571464,4.85417562321e-08,30
1514,13.1339869431,120,0.43779956477,4.82360776961e-08,30
1515,13.5042507328,120,0.450141691094,5.09940859214e-08,30
1516,13.2944707938,120,0.44314902646,4.94220703038e-08,30
1517,12.9983246058,120,0.433277486862,4.72447529491e-08,30
1518,13.2194924316,120,0.44064974772,4.88661795828e-08,30
1519,13.2664320827,120,0.442214402757,4.92138228477e-08,30
1520,12.5432748044,120,0.418109160147,4.39947343674e-08,30
1521,12.2346002348,120,0.407820007827,4.18560645751e-08,30
1522,11.6577209375,120,0.388590697917,3.80019721679e-08,30
1523,11.1063783714,120,0.370212612381,3.44924271274e-08,30
1524,11.5526027364,120,0.38508675788,3.73197309678e-08,30
1525,10.719327931,120,0.357310931034,3.2130237825e-08,30
1526,10.9968622742,120,0.366562075806,3.38155454842e-08,30
1527,11.0564778703,120,0.368549262344,3.41831773028e-08,30
1528,10.357781914,120,0.345259397135,2.99993849446e-08,30
1529,9.85966710506,120,0.328655570169,2.71833720716e-08,30
1530,10.2746423469,120,0.342488078231,2.95197212546e-08,30
1531,10.812904616,120,0.360430153868,3.26936620855e-08,30
1532,10.6066872279,120,0.353556240929,3.14585246108e-08,30
1533,11.8242941485,120,0.394143138282,3.90957253911e-08,30
1534,12.0638826399,120,0.402129421331,4.0696122592e-08,30
1535,12.1884363283,120,0.406281210944,4.15407957431e-08,30
1536,12.1452221275,120,0.404840737585,4.12467514743e-08,30
1537,13.1161477872,120,0.437204926239,4.81051339793e-08,30
1538,12.6445585142,120,0.421485283805,4.47080951602e-08,30
1539,10.5597112373,120,0.351990374576,3.11804881574e-08,30
1540,10.2462791431,120,0.341542638104,2.93569675173e-08,30
1541,11.831087341,120,0.394369578034,3.91406601802e-08,30
1542,10.6410744324,120,0.35470248108,3.16628342626e-08,30
1543,11.1535962498,120,0.371786541659,3.47863341474e-08,30
1544,10.6134267882,120,0.353780892941,3.14985152278e-08,30
1545,9.90531617951,120,0.330177205984,2.74356662639e-08,30
1546,9.88612762567,120,0.329537587522,2.7329472614e-08,30
1547,9.86629830716,120,0.328876610239,2.72199491789e-08,30
1548,9.85966710506,120,0.328655570169,2.71833720716e-08,30
1549,9.84987659012,120,0.328329219671,2.71294134397e-08,30
1550,9.82549832778,120,0.327516610926,2.6995290029e-08,30
1551,9.78437486839,120,0.326145828946,2.67697917393e-08,30
1552,9.72200238472,120,0.324066746157,2.64295806365e-08,30
1553,9.70830613291,120,0.32361020443,2.63551656762e-08,30
1554,9.70105281664,120,0.323368427221,2.63157991918e-08,30
1555,9.67606633984,120,0.322535544661,2.61804134096e-08,30
1556,9.77389839585,120,0.325796613195,2.67124957247e-08,30
1557,10.3225882817,120,0.344086276057,2.9795867694e-08,30
1558,11.3367474392,120,0.377891581306,3.59381542691e-08,30
1559,12.0323574033,120,0.401078580109,4.04837069659e-08,30
1560,12.12708732,120,0.404236244,4.11236671128e-08,30
1561,13.7691236301,120,0.45897078767,5.30141038379e-08,30
1562,14.8883015133,60,0.248138358555,1.54956266897e-08,60
1563,14.3307034839,60,0.238845058066,1.43566745175e-08,60
1564,12.6440347032,120,0.42146782344,4.47043910995e-08,30
1565,12.8382972263,120,0.427943240878,4.60886171535e-08,30
1566,12.640420561,120,0.421347352033,4.46788383484e-08,30
1567,12.7072966458,120,0.423576554859,4.5152849456e-08,30
1568,12.0206170351,120,0.400687234504,4.04047429312e-08,30
1569,11.600496829,120,0.386683227632,3.76298082253e-08,30
1570,11.7731109106,120,0.392437030355,3.87579944668e-08,30
1571,11.1934067788,120,0.373113559294,3.50351030341e-08,30
1572,11.4375377379,120,0.38125125793,3.65800172262e-08,30
1573,10.9576480968,120,0.365254936559,3.35748069062e-08,30
1574,10.1615750114,120,0.338719167046,2.88735963266e-08,30
1575,10.0589488947,120,0.33529829649,2.82933276533e-08,30
1576,9.62526258822,120,0.320842086274,2.59062169634e-08,30
1577,9.65088728554,120,0.321696242851,2.60443373751e-08,30
1578,9.97600144603,120,0.332533381534,2.78286303755e-08,30
1579,9.90158921399,120,0.3300529738,2.74150243089e-08,30
1580,9.90466647078,120,0.330155549026,2.74320672658e-08,30
1581,10.5201400347,120,0.350671334489,3.0947236028e-08,30
1582,10.7616532509,120,0.35872177503,3.23844715668e-08,30
1583,10.6660601542,120,0.355535338473,3.18117003501e-08,30
1584,10.2471826655,120,0.341572755517,2.93621451718e-08,30
1585,10.9534323202,120,0.365114410673,3.3548977156e-08,30
1586,10.2808321003,120,0.342694403343,2.95552991026e-08,30
1587,10.5955707264,120,0.35318569088,3.13926179862e-08,30
1588,9.97643231607,120,0.332547743869,2.7831034301e-08,30
1589,10.2143706345,120,0.340479021151,2.91744078847e-08,30
1590,10.2255089263,120,0.340850297543,2.92380692206e-08,30
1591,10.4344336314,120,0.347814454379,3.04450427155e-08,30
1592,9.90695251575,120,0.330231750525,2.7444731635e-08,30
1593,9.59008333025,120,0.319669444342,2.57171943744e-08,30
1594,9.57279725695,120,0.319093241898,2.56245677218e-08,30
1595,9.55167473398,120,0.318389157799,2.55116104824e-08,30
1596,9.51497906958,120,0.317165968986,2.53159657938e-08,30
1597,9.49344202445,120,0.316448067482,2.52014907053e-08,30
1598,9.49344202445,120,0.316448067482,2.52014907053e-08,30
1599,9.49344202445,120,0.316448067482,2.52014907053e-08,30
1600,9.49344202445,120,0.316448067482,2.52014907053e-08,30
1601,9.49344202445,120,0.316448067482,2.52014907053e-08,30
1602,9.49344202445,120,0.316448067482,2.52014907053e-08,30
1603,9.49344202445,120,0.316448067482,2.52014907053e-08,30
1604,9.91720650936,120,0.330573550312,2.75015732804e-08,30
1605,9.82292816365,120,0.327430938788,2.69811689637e-08,30
1606,10.438534346,120,0.347951144868,3.04689771177e-08,30
1607,10.8389653867,120,0.361298846224,3.28514455513e-08,30
1608,11.5588723225,120,0.385295744083,3.73602487215e-08,30
1609,10.7806390962,120,0.35935463654,3.24988385536e-08,30
1610,10.8690463263,120,0.362301544209,3.3034041135e-08,30
1611,11.1036381867,120,0.370121272889,3.44754091652e-08,30
1612,9.94747977744,120,0.331582659248,2.76697321747e-08,30
1613,11.0128579008,120,0.367095263361,3.39139906977e-08,30
1614,10.5948572588,120,0.353161908626,3.13883903966e-08,30
1615,10.332063529,120,0.344402117633,2.98505928812e-08,30
1616,9.98012839967,120,0.332670946656,2.78516598876e-08,30
1617,10.0994981812,120,0.336649939374,2.85218975939e-08,30
1618,10.22390398,120,0.340796799333,2.92288918097e-08,30
1619,10.0084554332,120,0.333615181107,2.8009989427e-08,30
1620,9.72200238472,120,0.324066746157,2.64295806365e-08,30
1621,9.72200238472,120,0.324066746157,2.64295806365e-08,30
1622,9.72200238472,120,0.324066746157,2.64295806365e-08,30
1623,9.72200238472,120,0.324066746157,2.64295806365e-08,30
1624,9.72200238472,120,0.324066746157,2.64295806365e-08,30
1625,9.72200238472,120,0.324066746157,2.64295806365e-08,30
1626,9.72200238472,120,0.324066746157,2.64295806365e-08,30
1627,9.72200238472,120,0.324066746157,2.64295806365e-08,30
1628,9.72200238472,120,0.324066746157,2.64295806365e-08,30
1629,9.72200238472,120,0.324066746157,2.64295806365e-08,30
1630,9.70830613291,120,0.32361020443,2.63551656762e-08,30
1631,9.70338389634,120,0.323446129878,2.63284476325e-08,30
1632,9.6978837482,120,0.323262791607,2.62986086975e-08,30
1633,9.67606633984,120,0.322535544661,2.61804134096e-08,30
1634,9.79468162472,120,0.326489387491,2.68262194712e-08,30
1635,9.62526258822,120,0.320842086274,2.59062169634e-08,30
1636,9.59008333025,120,0.319669444342,2.57171943744e-08,30
1637,9.57279725695,120,0.319093241898,2.56245677218e-08,30
1638,9.55644223428,120,0.318548074476,2.55370839135e-08,30
1639,9.53384941218,120,0.317794980406,2.54164798692e-08,30
1640,9.51497906958,120,0.317165968986,2.53159657938e-08,30
1641,9.49344202445,120,0.316448067482,2.52014907053e-08,30
1642,9.48421480103,120,0.316140493368,2.51525249508e-08,30
1643,9.48130820868,120,0.316043606956,2.51371105099e-08,30
1644,9.48130820868,120,0.316043606956,2.51371105099e-08,30
1645,9.48130820868,120,0.316043606956,2.51371105099e-08,30
1646,9.48130820868,120,0.316043606956,2.51371105099e-08,30
1647,9.48130820868,120,0.316043606956,2.51371105099e-08,30
1648,9.48130820868,120,0.316043606956,2.51371105099e-08,30
1649,9.48130820868,120,0.316043606956,2.51371105099e-08,30
1650,9.48130820868,120,0.316043606956,2.51371105099e-08,30
1651,9.48130820868,120,0.316043606956,2.51371105099e-08,30
1652,9.48130820868,120,0.316043606956,2.51371105099e-08,30
1653,9.48130820868,120,0.316043606956,2.51371105099e-08,30
1654,9.48130820868,120,0.316043606956,2.51371105099e-08,30
1655,9.48130820868,120,0.316043606956,2.51371105099e-08,30
1656,9.48130820868,120,0.316043606956,2.51371105099e-08,30
1657,9.47735260935,120,0.315911753645,2.51161404932e-08,30
1658,9.46305018863,120,0.315435006288,2.50403913743e-08,30
1659,9.44645729803,120,0.314881909934,2.49526547152e-08,30
1660,9.43600919821,120,0.31453363994,2.48974882876e-08,30
1661,9.41659317479,120,0.31388643916,2.47951329676e-08,30
1662,9.40445597914,120,0.313481865971,2.4731256483e-08,30
1663,9.39969214022,120,0.313323071341,2.47062075311e-08,30
1664,9.38347253673,120,0.312782417891,2.46210176868e-08,30
1665,9.36927281552,120,0.312309093851,2.45465576066e-08,30
1666,9.34885449966,120,0.311628483322,2.44396862947e-08,30
1667,9.3004090219,120,0.310013634063,2.41870511568e-08,30
1668,9.29719760452,120,0.309906586817,2.41703505352e-08,30
1669,9.2940485518,120,0.309801618393,2.41539798349e-08,30
1670,9.2940485518,120,0.309801618393,2.41539798349e-08,30
1671,9.2940485518,120,0.309801618393,2.41539798349e-08,30
1672,9.2940485518,120,0.309801618393,2.41539798349e-08,30
1673,9.2940485518,120,0.309801618393,2.41539798349e-08,30
1674,9.2940485518,120,0.309801618393,2.41539798349e-08,30
1675,9.28681631992,120,0.309560543997,2.41164032686e-08,30
1676,9.28174065731,120,0.309391355244,2.40900490753e-08,30
1677,9.26151701232,120,0.308717233744,2.39851855891e-08,30
1678,9.23578726303,120,0.307859575434,2.38521025161e-08,30
1679,9.22980005826,120,0.307660001942,2.3821187743e-08,30
1680,9.22181549915,120,0.307393849972,2.37799908785e-08,30
1681,9.19893544146,120,0.306631181382,2.3662137165e-08,30
1682,9.17122787678,120,0.305707595893,2.35198092135e-08,30
1683,9.13547830308,120,0.304515943436,2.33368054992e-08,30
1684,9.12707179262,120,0.304235726421,2.32938759821e-08,30
1685,9.11488526463,120,0.303829508821,2.32317132284e-08,30
1686,9.10276183577,120,0.303425394526,2.31699547512e-08,30
1687,9.08141036976,120,0.302713678992,2.30613871954e-08,30
1688,9.06629847195,120,0.302209949065,2.29847005683e-08,30
1689,9.04985968929,120,0.301661989643,2.29014255795e-08,30
1690,9.03905462776,120,0.301301820925,2.2846772005e-08,30
1691,9.01451664223,120,0.300483888074,2.27228978068e-08,30
1692,9.00019378951,120,0.30000645965,2.26507479227e-08,30
1693,8.9859410155,120,0.299531367183,2.25790649399e-08,30
1694,8.97750805895,120,0.299250268632,2.25367056749e-08,30
1695,8.97750805895,120,0.299250268632,2.25367056749e-08,30
1696,8.95697436674,120,0.298565812225,2.24337299824e-08,30
1697,8.92236520005,120,0.297412173335,2.22606999692e-08,30
1698,8.85613940825,120,0.295204646942,2.19314685958e-08,30
1699,8.82294803012,120,0.294098267671,2.17673854573e-08,30
1700,8.81797517093,120,0.293932505698,2.17428549632e-08,30
1701,8.80260378647,120,0.293420126216,2.16671172854e-08,30
1702,8.77778811145,120,0.292592937048,2.15451246901e-08,30
1703,8.75661876672,120,0.291887292224,2.1441329478e-08,30
1704,8.74809030286,120,0.291603010095,2.13995844712e-08,30
1705,8.73098092924,120,0.291032697641,2.13159604037e-08,30
1706,8.70783284177,120,0.290261094726,2.12030819945e-08,30
1707,8.67707915586,120,0.289235971862,2.10535794801e-08,30
1708,8.64158685168,120,0.288052895056,2.08816986441e-08,30
1709,8.61766191936,120,0.287255397312,2.0766233359e-08,30
1710,8.58051433138,120,0.286017144379,2.05875879578e-08,30
1711,8.5777833356,120,0.285926111187,2.05744848579e-08,30
1712,8.57558601913,120,0.285852867304,2.05639453368e-08,30
1713,8.57311006086,120,0.285770335362,2.05520725341e-08,30
1714,8.57009732401,120,0.2856699108,2.05376303757e-08,30
1715,8.57009732401,120,0.2856699108,2.05376303757e-08,30
1716,8.58018391085,120,0.286006130362,2.05860024046e-08,30
1717,8.59345684489,120,0.286448561496,2.06497418288e-08,30
1718,8.60654639929,120,0.286884879976,2.0712697117e-08,30
1719,8.61998717853,120,0.287332905951,2.07774413617e-08,30
1720,8.63793872444,120,0.287931290815,2.08640715543e-08,30
1721,8.66770791685,120,0.288923597228,2.10081283367e-08,30
1722,8.68852538124,120,0.289617512708,2.11091610777e-08,30
1723,8.70675403363,120,0.290225134454,2.11978286459e-08,30
1724,8.72847414831,120,0.290949138277,2.13037219685e-08,30
1725,8.74011760554,120,0.291337253518,2.13605966101e-08,30
1726,8.75176106277,120,0.291725368759,2.14175470698e-08,30
1727,8.76340452,120,0.292113484,2.14745733476e-08,30
1728,8.77504797723,120,0.292501599241,2.15316754435e-08,30
1729,8.78669143446,120,0.292889714482,2.15888533574e-08,30
1730,8.79833489169,120,0.293277829723,2.16461070894e-08,30
1731,8.80997834892,120,0.293665944964,2.17034366394e-08,30
1732,8.82162180615,120,0.294054060205,2.17608420075e-08,30
1733,8.83326526339,120,0.294442175446,2.18183231937e-08,30
1734,8.84490872062,120,0.294830290687,2.1875880198e-08,30
1735,8.85655217785,120,0.295218405928,2.19335130203e-08,30
1736,8.86819563508,120,0.295606521169,2.19912216607e-08,30
1737,8.87983909231,120,0.29599463641,2.20490061192e-08,30
1738,8.90806596711,120,0.296935532237,2.21894058986e-08,30
1739,8.92780953974,120,0.297593651325,2.2287874779e-08,30
1740,8.94932260902,120,0.298310753634,2.23954170125e-08,30
1741,8.97160556892,120,0.299053518964,2.25070807612e-08,30
1742,8.98974827534,120,0.299658275845,2.25982020738e-08,30
1743,9.0097151931,120,0.30032383977,2.26986982216e-08,30
1744,9.02697140006,120,0.300899046669,2.27857306146e-08,30
1745,9.04240231569,120,0.301413410523,2.28636981171e-08,30
1746,9.07086262344,120,0.302362087448,2.30078482865e-08,30
1747,9.09454186941,120,0.303151395647,2.31281278289e-08,30
1748,9.11392508474,120,0.303797502825,2.32268189377e-08,30
1749,9.12556854197,120,0.304185618066,2.32862034993e-08,30
1750,9.1372119992,120,0.304573733307,2.3345663879e-08,30
1751,9.14885545643,120,0.304961848548,2.34052000768e-08,30
1752,9.16049891366,120,0.305349963789,2.34648120926e-08,30
1753,9.17214237089,120,0.30573807903,2.35244999265e-08,30
1754,9.18378582812,120,0.306126194271,2.35842635785e-08,30
1755,9.19542928535,120,0.306514309512,2.36441030486e-08,30
1756,9.20707274258,120,0.306902424753,2.37040183367e-08,30
1757,9.21871619981,120,0.307290539994,2.37640094429e-08,30
1758,9.23035965704,120,0.307678655235,2.38240763671e-08,30
1759,9.24200311427,120,0.308066770476,2.38842191095e-08,30
1760,9.2536465715,120,0.308454885717,2.39444376699e-08,30
1761,9.26529002873,120,0.308843000958,2.40047320484e-08,30
1762,9.28418945605,120,0.309472981868,2.41027620924e-08,30
1763,9.31362870669,120,0.310454290223,2.42558594073e-08,30
1764,9.33376823194,120,0.311125607731,2.43608731821e-08,30
1765,9.36008869266,120,0.312002956422,2.44984582261e-08,30
1766,9.39338638871,120,0.313112879624,2.46730704992e-08,30
1767,9.41654067914,120,0.313884689305,2.47948565124e-08,30
1768,9.43827233256,120,0.314609077752,2.4909432557e-08,30
1769,9.44991578979,120,0.314997192993,2.49709291531e-08,30
1770,9.46155924702,120,0.315385308234,2.50325015672e-08,30
1771,9.47320270425,120,0.315773423475,2.50941497994e-08,30
1772,11.0177336463,120,0.367257788211,3.39440269686e-08,30
1773,10.1847883199,120,0.339492943998,2.90056658666e-08,30
1774,10.9454670153,120,0.364848900509,3.35002014551e-08,30
1775,10.3999136374,120,0.346663787914,3.02439346746e-08,30
1776,11.5066267837,120,0.383554226124,3.70232789881e-08,30
1777,10.6750866749,120,0.355836222495,3.18655666271e-08,30
1778,11.5689196771,120,0.385630655902,3.74252264803e-08,30
1779,11.446346084,120,0.381544869468,3.66363813724e-08,30
1780,12.6730514764,120,0.422435049214,4.49098105964e-08,30
1781,10.9344219665,120,0.364480732216,3.34326255957e-08,30
1782,11.1884363094,120,0.372947876979,3.50039950348e-08,30
1783,10.7910793223,120,0.359702644078,3.25618143218e-08,30
1784,10.3663200667,120,0.345544002225,3.00488636655e-08,30
1785,10.0626421874,120,0.335421406245,2.83141080993e-08,30
1786,9.93752301661,120,0.33125076722,2.76143687997e-08,30
1787,10.1381954978,120,0.337939849926,2.87408857837e-08,30
1788,9.30234037795,120,0.310078012598,2.41970977382e-08,30
1789,8.94164554915,120,0.298054851638,2.23570102591e-08,30
1790,8.92415506234,120,0.297471835411,2.22696320367e-08,30
1791,8.89125186829,120,0.296375062276,2.21057193265e-08,30
1792,8.86895044741,120,0.29563168158,2.19949653652e-08,30
1793,8.85604083755,120,0.295201361252,2.19309803948e-08,30
1794,8.82900047614,120,0.294300015871,2.17972600781e-08,30
1795,9.37780071794,120,0.312593357265,2.45912624451e-08,30
1796,9.23794788693,120,0.307931596231,2.3863263763e-08,30
1797,9.26075026277,120,0.308691675426,2.39812143458e-08,30
1798,9.10345928318,120,0.303448642773,2.31735054195e-08,30
1799,9.35985150165,120,0.311995050055,2.44972166266e-08,30
1800,10.279898874,120,0.342663295798,2.95499336747e-08,30
1801,10.6285387391,120,0.354284624635,3.15882775454e-08,30
1802,11.0521620332,120,0.368405401105,3.41564960695e-08,30
1803,11.0155789147,120,0.367185963822,3.39307514403e-08,30
1804,10.2811341866,120,0.342704472887,2.95570360015e-08,30
1805,10.4343575943,120,0.347811919811,3.04445990033e-08,30
1806,10.2856992901,120,0.342856643004,2.95832900864e-08,30
1807,10.233539537,120,0.341117984568,2.92840115311e-08,30
1808,9.82362638707,120,0.327454212902,2.69850047963e-08,30
1809,9.46311575764,120,0.315437191921,2.50407383828e-08,30
1810,9.07356697401,120,0.302452232467,2.30215692666e-08,30
1811,9.03346642144,120,0.301115547381,2.281853166e-08,30
1812,8.81797517093,120,0.293932505698,2.17428549632e-08,30
1813,8.80621475928,120,0.293540491976,2.16848973471e-08,30
1814,8.78792661275,120,0.292930887092,2.15949234367e-08,30
1815,8.76237373599,120,0.292079124533,2.14695218074e-08,30
1816,8.76237373599,120,0.292079124533,2.14695218074e-08,30
1817,8.76237373599,120,0.292079124533,2.14695218074e-08,30
1818,8.76061552891,120,0.29202051763,2.14609067725e-08,30
1819,9.18665326523,120,0.306221775508,2.3598993223e-08,30
1820,9.54125642001,120,0.318041880667,2.54559881913e-08,30
1821,9.44169942596,120,0.314723314199,2.49275253706e-08,30
1822,10.1201490149,120,0.337338300496,2.86386564919e-08,30
1823,9.71577246766,120,0.323859082255,2.63957190238e-08,30
1824,10.150164868,120,0.338338828933,2.88087900524e-08,30
1825,10.6879737462,120,0.356265791541,3.19425499279e-08,30
1826,12.3057026292,120,0.410190087639,4.23439782268e-08,30
1827,13.0877594851,120,0.436258649504,4.78971239395e-08,30
1828,10.9334707487,120,0.364449024957,3.34268090423e-08,30
1829,11.1899281062,120,0.372997603541,3.50133300892e-08,30
1830,11.6344329875,120,0.387814432915,3.78502951652e-08,30
1831,10.7169794895,120,0.357232649651,3.21161608756e-08,30
1832,10.0487262061,120,0.334957540205,2.82358491018e-08,30
1833,9.55092911805,120,0.318364303935,2.55076277001e-08,30
1834,9.33023323581,120,0.311007774527,2.4342424195e-08,30
1835,9.24063646443,120,0.308021215481,2.38771559327e-08,30
1836,8.91228478624,120,0.297076159541,2.2210428477e-08,30
1837,8.91162992775,120,0.297054330925,2.22071646331e-08,30
1838,8.85604083755,120,0.295201361252,2.19309803948e-08,30
1839,8.85604083755,120,0.295201361252,2.19309803948e-08,30
1840,9.04215734441,120,0.301405244814,2.2862459315e-08,30
1841,8.97401987604,120,0.299133995868,2.25191959431e-08,30
1842,8.96302486315,120,0.298767495438,2.246404849e-08,30
1843,9.10439493092,120,0.303479831031,2.31782691805e-08,30
1844,9.65367044358,120,0.321789014786,2.60593610629e-08,30
1845,9.84655912547,120,0.328218637516,2.71111419998e-08,30
1846,9.94536741939,120,0.331512247313,2.76579820275e-08,30
1847,11.3746932136,120,0.379156440453,3.61791375594e-08,30
1848,10.8755509172,120,0.362518363907,3.30735914716e-08,30
1849,10.3593705662,120,0.345312352207,3.00085881201e-08,30
1850,11.7076200241,120,0.390254000803,3.83279916434e-08,30
1851,12.0248098109,120,0.400826993696,4.04329340916e-08,30
1852,10.7086798363,120,0.356955994543,3.20664360845e-08,30
1853,12.2062281095,120,0.406874270315,4.1662160643e-08,30
1854,13.4078028011,120,0.446926760036,5.02682832161e-08,30
1855,13.179349585,120,0.439311652834,4.85698521436e-08,30
1856,11.9316002117,120,0.397720007057,3.98085365225e-08,30
1857,10.9739600856,120,0.365798669519,3.36748428832e-08,30
1858,10.0709093267,120,0.335696977557,2.83606511102e-08,30
1859,9.76741750683,120,0.325580583561,2.66770823581e-08,30
1860,10.1210942853,120,0.337369809509,2.86440067171e-08,30
1861,9.42804776349,120,0.314268258783,2.48554925452e-08,30
1862,9.62982982726,120,0.320994327575,2.59308080759e-08,30
1863,9.03329155311,120,0.301109718437,2.2817648234e-08,30
1864,9.20637090933,120,0.306879030311,2.37004046726e-08,30
1865,9.24164456811,120,0.308054818937,2.38823659552e-08,30
1866,9.20286393653,120,0.306762131218,2.36823517732e-08,30
1867,8.89125186829,120,0.296375062276,2.21057193265e-08,30
1868,9.67296125276,120,0.322432041759,2.6163613314e-08,30
1869,10.1449678499,120,0.338165594996,2.87792966449e-08,30
1870,10.5919636848,120,0.35306545616,3.13712476971e-08,30
1871,10.7993042251,120,0.359976807503,3.26114701184e-08,30
1872,10.8478191777,120,0.36159397259,3.29051367692e-08,30
1873,11.0149079603,120,0.367163598676,3.39266181499e-08,30
1874,11.5511772833,120,0.385039242777,3.73105219185e-08,30
1875,12.1491852155,120,0.404972840515,4.12736741886e-08,30
1876,11.2236402515,120,0.374121341716,3.52246187638e-08,30
1877,11.2136412853,120,0.373788042845,3.51618845933e-08,30
1878,8.86895044741,120,0.29563168158,2.19949653652e-08,30
1879,8.85604083755,120,0.295201361252,2.19309803948e-08,30
1880,8.82900047614,120,0.294300015871,2.17972600781e-08,30
1881,8.81797517093,120,0.293932505698,2.17428549632e-08,30
1882,8.80621475928,120,0.293540491976,2.16848973471e-08,30
1883,8.78792661275,120,0.292930887092,2.15949234367e-08,30
1884,8.76061552891,120,0.29202051763,2.14609067725e-08,30
1885,8.74809030286,120,0.291603010095,2.13995844712e-08,30
1886,8.73544296673,120,0.291181432224,2.13377533544e-08,30
1887,8.72556748419,120,0.290852249473,2.12895356507e-08,30
1888,8.70940096715,120,0.290313365572,2.12107192758e-08,30
1889,8.80930757999,120,0.293643586,2.17001318783e-08,30
1890,8.85369318744,120,0.295123106248,2.19193545576e-08,30
1891,9.390656722,120,0.313021890733,2.4658732864e-08,30
1892,10.1559360833,120,0.338531202777,2.88415597658e-08,30
1893,10.0380987651,120,0.33460329217,2.81761567313e-08,30
1894,10.0051186168,120,0.333503953892,2.7991315494e-08,30
1895,9.8212977221,120,0.327376590737,2.69722128628e-08,30
1896,9.45336661915,120,0.315112220638,2.49891697704e-08,30
1897,10.242881002,120,0.341429366735,2.9337498484e-08,30
1898,10.1968492606,120,0.339894975353,2.9074404213e-08,30
1899,8.95565683907,120,0.298521894636,2.24271306811e-08,30
1900,8.6944042839,120,0.28981347613,2.1137736856e-08,30
1901,8.72673806165,120,0.290891268722,2.12952482241e-08,30
1902,8.68209631635,120,0.289403210545,2.1077933234e-08,30
1903,8.65689813639,120,0.288563271213,2.09557611712e-08,30
1904,8.63999145535,120,0.287999715178,2.08739890624e-08,30
1905,8.61764105076,120,0.287254701692,2.07661327838e-08,30
1906,8.59009934925,120,0.286336644975,2.06336091186e-08,30
1907,8.58051433138,120,0.286017144379,2.05875879578e-08,30
1908,8.58051433138,120,0.286017144379,2.05875879578e-08,30
1909,8.58051433138,120,0.286017144379,2.05875879578e-08,30
1910,8.58051433138,120,0.286017144379,2.05875879578e-08,30
1911,8.58051433138,120,0.286017144379,2.05875879578e-08,30
1912,8.58051433138,120,0.286017144379,2.05875879578e-08,30
1913,8.58051433138,120,0.286017144379,2.05875879578e-08,30
1914,8.58051433138,120,0.286017144379,2.05875879578e-08,30
1915,8.58051433138,120,0.286017144379,2.05875879578e-08,30
1916,8.58051433138,120,0.286017144379,2.05875879578e-08,30
1917,9.5269517983,120,0.317565059943,2.53797161994e-08,30
1918,9.54369339246,120,0.318123113082,2.54689934941e-08,30
1919,9.3592090804,120,0.311973636013,2.44938539681e-08,30
1920,9.95230926005,120,0.331743642002,2.76966059019e-08,30
1921,10.4370193989,120,0.347900646629,3.04601338185e-08,30
1922,11.4138403489,120,0.380461344965,3.64285942706e-08,30
1923,10.7374978591,120,0.357916595303,3.22392556489e-08,30
1924,11.0736955791,120,0.369123185971,3.42897237572e-08,30
1925,11.0404687449,120,0.36801562483,3.40842585347e-08,30
1926,10.7183115277,120,0.357277050923,3.21241449557e-08,30
1927,10.3692075801,120,0.345640252671,3.00656060735e-08,30
1928,11.0027129293,120,0.366757097644,3.38515367914e-08,30
1929,9.81996341175,120,0.327332113725,2.69648845323e-08,30
1930,9.99337127845,120,0.333112375948,2.79256230371e-08,30
1931,9.33698564024,120,0.311232854675,2.43776707675e-08,30
1932,9.13247480559,120,0.304415826853,2.33214630044e-08,30
1933,8.84283411355,120,0.294761137118,2.18656192593e-08,30
1934,9.01349193886,120,0.300449731295,2.27177321595e-08,30
1935,8.86013083062,120,0.295337694354,2.195124188e-08,30
1936,8.96050312539,120,0.298683437513,2.24514097947e-08,30
1937,8.89675140923,120,0.296558380308,2.21330740586e-08,30
1938,9.060914028,120,0.3020304676,2.29574076037e-08,30
1939,8.7877109344,120,0.292923697813,2.15938634597e-08,30
1940,8.87361199193,120,0.295787066398,2.20180926689e-08,30
1941,8.90856381868,120,0.296952127289,2.21918861989e-08,30
1942,8.7815123989,120,0.292717079963,2.15634111329e-08,30
1943,8.99839964736,120,0.299946654912,2.26417182036e-08,30
1944,9.08475625588,120,0.302825208529,2.30783834518e-08,30
1945,9.44791357738,120,0.314930452579,2.4960348782e-08,30
1946,9.71426104559,120,0.32380870152,2.63875072281e-08,30
1947,10.6353566329,120,0.354511887765,3.16288164388e-08,30
1948,9.41444429719,120,0.313814809906,2.4783817702e-08,30
1949,10.2354392191,120,0.341181307303,2.92948846947e-08,30
1950,10.151333697,120,0.338377789899,2.88154253116e-08,30
1951,9.31109690875,120,0.310369896958,2.42426738724e-08,30
1952,9.40294124863,120,0.313431374954,2.47232904354e-08,30
1953,10.1438868002,120,0.338129560007,2.87731635172e-08,30
1954,9.4249745168,120,0.314165817227,2.48392909705e-08,30
1955,9.64971617356,120,0.321657205785,2.60380169231e-08,30
1956,9.30396382344,120,0.310132127448,2.42055442356e-08,30
1957,8.89125186829,120,0.296375062276,2.21057193265e-08,30
1958,8.89125186829,120,0.296375062276,2.21057193265e-08,30
1959,8.95546316154,120,0.298515438718,2.24261606609e-08,30
1960,9.04871986664,120,0.301623995555,2.289565711e-08,30
1961,9.13079085994,120,0.304359695331,2.33128632641e-08,30
1962,9.21293154211,120,0.30709771807,2.37341954151e-08,30
1963,9.28664067639,120,0.309554689213,2.41154910399e-08,30
1964,9.36034981066,120,0.312011660355,2.44998251101e-08,30
1965,10.5367869763,120,0.351226232543,3.10452545779e-08,30
1966,11.5120202751,120,0.38373400917,3.70579949025e-08,30
1967,12.0901242186,120,0.403004140621,4.08733610528e-08,30
1968,12.0420738938,120,0.401402463128,4.05491169881e-08,30
1969,12.3135282317,120,0.410450941057,4.23978512183e-08,30
1970,12.8441981008,120,0.428139936692,4.61309943689e-08,30
1971,12.1153269414,120,0.403844231381,4.10439455148e-08,30
1972,10.8925030704,120,0.363083435681,3.31767780711e-08,30
1973,11.8261897311,120,0.394206324371,3.91082614662e-08,30
1974,11.2575693053,120,0.375252310175,3.54379086427e-08,30
1975,11.9146075332,120,0.397153584441,3.96952286751e-08,30
1976,10.9813860892,120,0.366046202972,3.37204333744e-08,30
1977,11.7336133093,120,0.391120443644,3.8498372366e-08,30
1978,11.0652083184,120,0.368840277279,3.42371822549e-08,30
1979,10.4556935308,120,0.348523117694,3.05692311393e-08,30
1980,10.4079723515,120,0.346932411717,3.02908238433e-08,30
1981,9.81857611432,120,0.327285870477,2.69572662406e-08,30
1982,9.68634163003,120,0.322878054334,2.6236046385e-08,30
1983,10.0049886733,120,0.333499622445,2.79905884135e-08,30
1984,9.60511452976,120,0.320170484325,2.57978742199e-08,30
1985,9.4860883064,120,0.316202943547,2.51624631578e-08,30
1986,10.0811225443,120,0.336037418142,2.84182030875e-08,30
1987,10.1319023702,120,0.337730079006,2.87052159398e-08,30
1988,10.5046629011,120,0.350155430036,3.08562444302e-08,30
1989,10.9483355108,120,0.364944517026,3.35177626554e-08,30
1990,9.55473415149,120,0.318491138383,2.55279559234e-08,30
1991,10.3493415874,120,0.344978052913,2.99505131988e-08,30
1992,9.45809181938,120,0.315269727313,2.50141573428e-08,30
1993,9.12204013691,120,0.304068004564,2.32681997391e-08,30
1994,12.5479731222,120,0.418265770741,4.40276986386e-08,30
1995,11.5603793402,120,0.385345978007,3.73699912338e-08,30
1996,10.3606386923,120,0.345354623077,3.00159354784e-08,30
1997,10.4352203445,120,0.347840678149,3.04496337489e-08,30
1998,12.0436003104,120,0.401453343679,4.05593974041e-08,30
1999,12.0998144218,120,0.403327147395,4.09389070956e-08,30
2000,11.4525870659,120,0.381752902197,3.66763433522e-08,30
2001,11.6059075989,120,0.386863586628,3.76649194313e-08,30
2002,11.0912519374,120,0.369708397912,3.43985365525e-08,30
2003,10.6530683205,120,0.35510227735,3.17342508312e-08,30
2004,9.84745732106,120,0.328248577369,2.71160883407e-08,30
2005,9.05789425859,120,0.30192980862,2.29421079276e-08,30
2006,9.04698736486,120,0.301566245495,2.28868905729e-08,30
2007,9.04698736486,120,0.301566245495,2.28868905729e-08,30
2008,9.43760831408,120,0.314586943803,2.4905927733e-08,30
2009,9.4117030368,120,0.31372343456,2.47693868966e-08,30
2010,10.2468991158,120,0.34156330386,2.9360520235e-08,30
2011,10.8645808947,120,0.362152696492,3.30069033453e-08,30
2012,11.1634088991,120,0.372113629969,3.48475693298e-08,30
2013,11.9990162652,120,0.399967208839,4.02596606317e-08,30
2014,12.307265049,120,0.410242168299,4.23547314966e-08,30
2015,12.5113233815,120,0.417044112718,4.37708846909e-08,30
2016,10.8813279562,120,0.362710931874,3.31087378612e-08,30
2017,11.1336311528,120,0.371121038427,3.46619095358e-08,30
2018,11.4472161821,120,0.381573872736,3.66419514389e-08,30
2019,12.8250188498,120,0.427500628326,4.59933295117e-08,30
2020,12.9796560382,120,0.432655201274,4.71091418576e-08,30
2021,12.2302418205,120,0.40767472735,4.18262485495e-08,30
2022,12.1548340596,120,0.405161135322,4.1312064048e-08,30
2023,10.830603964,120,0.361020132134,3.28007804067e-08,30
2024,10.2269323821,120,0.340897746071,2.92462100373e-08,30
2025,9.89914189341,120,0.329971396447,2.74014739464e-08,30
2026,10.0359241484,120,0.334530804948,2.81639500965e-08,30
2027,9.78523205617,120,0.326174401872,2.67744824311e-08,30
2028,9.95908753795,120,0.331969584598,2.77343457305e-08,30
2029,10.6626782826,120,0.355422609419,3.17915305723e-08,30
2030,10.0933353257,120,0.336444510856,2.84870992898e-08,30
2031,10.5913312436,120,0.353044374787,3.1367501484e-08,30
2032,10.2705247778,120,0.342350825926,2.94960659032e-08,30
2033,10.8490803977,120,0.361636013258,3.29127886354e-08,30
2034,11.7033772892,120,0.390112576305,3.83002172463e-08,30
2035,12.5706129303,120,0.419020431011,4.41867168102e-08,30
2036,12.7880683993,120,0.426268946644,4.57286864627e-08,30
2037,14.2985049283,60,0.238308415472,1.42922331773e-08,60
2038,14.8075687788,60,0.246792812981,1.53280303404e-08,60
2039,16.3856441111,60,0.273094068518,1.87692046717e-08,60
2040,14.069659905,120,0.468988663499,5.53536196174e-08,30
2041,13.7862978891,120,0.459543262971,5.31464355384e-08,30
2042,14.4542241315,60,0.240903735524,1.4605230108e-08,60
2043,13.611751393,120,0.453725046433,5.18091947858e-08,30
2044,13.1167609214,120,0.437225364048,4.81096315797e-08,30
2045,12.8511000724,120,0.428370002413,4.61805856876e-08,30
2046,14.244881411,60,0.237414690183,1.41852341998e-08,60
2047,13.6441573882,120,0.454805246274,5.20561765317e-08,30
2048,13.9069057404,120,0.463563524679,5.40803940939e-08,30
2049,13.0040295482,120,0.433467651606,4.72862333317e-08,30
2050,11.9771064182,120,0.399236880607,4.01127689774e-08,30
2051,11.1452617977,120,0.37150872659,3.47343658484e-08,30
2052,11.1236825526,120,0.370789418419,3.45999920158e-08,30
2053,11.0884464516,120,0.369614881718,3.43811368213e-08,30
2054,10.4314557791,120,0.347715192636,3.04276679529e-08,30
2055,10.316769975,120,0.3438923325,2.97622883949e-08,30
2056,10.0240878466,120,0.334136261554,2.8097556523e-08,30
2057,9.82451440987,120,0.327483813662,2.69898837242e-08,30
2058,10.0560545189,120,0.335201817295,2.82770476734e-08,30
2059,10.6460863771,120,0.354869545904,3.16926676685e-08,30
2060,10.4240596158,120,0.347468653859,3.03845352927e-08,30
2061,10.2882327103,120,0.342941090344,2.95978649117e-08,30
2062,11.9779386269,120,0.399264620898,4.01183435053e-08,30
2063,13.7624810408,120,0.458749368028,5.29629653656e-08,30
2064,16.2694844713,60,0.271158074521,1.85040339998e-08,60
2065,11.7944141517,120,0.393147138389,3.88983852135e-08,30
2066,11.3163630694,120,0.377212102314,3.58090311652e-08,30
2067,11.8242495358,120,0.394141651192,3.90954303777e-08,30
2068,11.6139028403,120,0.387130094677,3.77168315888e-08,30
2069,11.2861014108,120,0.37620338036,3.5617769757e-08,30
2070,11.9386664574,120,0.39795554858,3.98557020645e-08,30
2071,11.2612794009,120,0.375375980031,3.54612706479e-08,30
2072,10.7949128376,120,0.35983042792,3.25849535056e-08,30
2073,10.9912683602,120,0.366375612006,3.37811514658e-08,30
2074,11.0891311827,120,0.36963770609,3.43853831443e-08,30
2075,10.3404681571,120,0.344682271903,2.98991766268e-08,30
2076,10.2066959074,120,0.340223196913,2.91305830598e-08,30
2077,9.89540075537,120,0.329846691846,2.73807664292e-08,30
2078,9.62656483084,120,0.320885494361,2.59132273617e-08,30
2079,9.66272011478,120,0.322090670493,2.6108241784e-08,30
2080,9.96598222043,120,0.332199407348,2.77727600325e-08,30
2081,10.0415996132,120,0.334719987105,2.81958133709e-08,30
2082,10.3641686013,120,0.345472286711,3.00363920494e-08,30
2083,10.6846034395,120,0.356153447983,3.19224078092e-08,30
2084,10.7187660684,120,0.357292202278,3.21268696459e-08,30
2085,11.0823820154,120,0.369412733846,3.43435399959e-08,30
2086,10.8516041416,120,0.361720138053,3.29281029489e-08,30
2087,12.4005790471,120,0.413352634902,4.29994356609e-08,30
2088,12.4099812144,120,0.413666040481,4.30646650594e-08,30
2089,11.240432241,120,0.3746810747,3.53300986063e-08,30
2090,11.524930854,120,0.3841643618,3.71411616165e-08,30
2091,12.4429984197,120,0.414766613989,4.3294120098e-08,30
2092,11.5279832686,120,0.384266108954,3.71608381317e-08,30
2093,11.7622016614,120,0.392073388712,3.86861995556e-08,30
2094,11.9345765502,120,0.39781921834,3.98283994839e-08,30
2095,11.1709199422,120,0.372363998074,3.48944778779e-08,30
2096,11.0803962179,120,0.369346540598,3.4331233399e-08,30
2097,11.5756374753,120,0.38585458251,3.74687029886e-08,30
2098,10.5562394077,120,0.351874646923,3.11599884404e-08,30
2099,10.4251443348,120,0.347504811161,3.03908592012e-08,30
2100,10.1462287063,120,0.338207623543,2.87864506972e-08,30
2101,9.89253112569,120,0.329751037523,2.73648880895e-08,30
2102,9.54793448976,120,0.318264482992,2.54916347244e-08,30
2103,9.49934684291,120,0.316644894764,2.52328505654e-08,30
2104,10.2243190988,120,0.340810636628,2.9231265406e-08,30
2105,9.48045279881,120,0.316015093294,2.51325749412e-08,30
2106,10.0269881826,120,0.334232939421,2.81138181809e-08,30
2107,10.4212238375,120,0.347374127915,3.03680058235e-08,30
2108,11.1505458291,120,0.37168486097,3.47673091729e-08,30
2109,9.20961444341,120,0.306987148114,2.37171075869e-08,30
2110,14.0515389752,120,0.468384632505,5.52111267467e-08,30
2111,9.5016122268,120,0.31672040756,2.52448869527e-08,30
2112,11.1890478813,120,0.37296826271,3.50078218512e-08,30
2113,11.3110893178,120,0.377036310593,3.57756628592e-08,30
2114,11.4817820599,120,0.382726068662,3.68635727383e-08,30
2115,12.115978567,120,0.403865952234,4.10483607492e-08,30
2116,11.5212247956,120,0.38404082652,3.71172785782e-08,30
2117,11.6000226418,120,0.386667421394,3.76267319421e-08,30
2118,11.080288801,120,0.369342960033,3.43305677659e-08,30
2119,12.3741010189,120,0.412470033964,4.28160047511e-08,30
2120,10.4612525163,120,0.34870841721,3.06017453071e-08,30
2121,10.4792647015,120,0.349308823385,3.07072162029e-08,30
2122,10.161373692,120,0.338712456401,2.88724522606e-08,30
2123,9.91530954463,120,0.330510318154,2.74910532766e-08,30
2124,9.20554599071,120,0.306851533024,2.36961576073e-08,30
2125,9.18494558824,120,0.306164852941,2.35902205588e-08,30
2126,9.17987842216,120,0.305995947405,2.35641991542e-08,30
2127,9.16255484913,120,0.305418494971,2.34753459191e-08,30
2128,9.13825990956,120,0.304608663652,2.3351019028e-08,30
2129,9.13604332119,120,0.304534777373,2.3339692294e-08,30
2130,9.45491319869,120,0.31516377329,2.49973469419e-08,30
2131,9.85223940426,120,0.328407980142,2.714243075e-08,30
2132,10.186580313,120,0.339552677099,2.90158737418e-08,30
2133,10.8130656455,120,0.360435521517,3.26946358631e-08,30
2134,10.290920328,120,0.3430306776,2.96133307623e-08,30
2135,10.9272291502,120,0.364240971672,3.33886551614e-08,30
2136,13.4770519393,120,0.449235064645,5.07888792957e-08,30
2137,12.8686867039,120,0.428956223462,4.6307067725e-08,30
2138,15.211704594,60,0.253528409899,1.61761289477e-08,60
2139,12.9001838704,120,0.430006129012,4.65340258296e-08,30
2140,11.1148572877,120,0.370495242922,3.45451121748e-08,30
2141,12.3823132093,120,0.412743773645,4.28728541108e-08,30
2142,11.9514115076,120,0.398380383587,3.9940842907e-08,30
2143,11.5723322692,120,0.385744408974,3.7447309073e-08,30
2144,11.3658344086,120,0.378861146952,3.61228056457e-08,30
2145,11.2427056176,120,0.374756853921,3.53443910713e-08,30
2146,11.8465371996,120,0.394884573321,3.92429521318e-08,30
2147,10.9443164923,120,0.364810549742,3.34931591377e-08,30
2148,10.1412657697,120,0.338042192324,2.87582963174e-08,30
2149,9.78303354966,120,0.326101118322,2.67624526171e-08,30
2150,9.43515312041,120,0.314505104014,2.48929708651e-08,30
2151,9.212698113,120,0.3070899371,2.37329927182e-08,30
2152,9.20052395662,120,0.306684131887,2.36703100474e-08,30
2153,9.18494558824,120,0.306164852941,2.35902205588e-08,30
2154,9.17987842216,120,0.305995947405,2.35641991542e-08,30
2155,9.16255484913,120,0.305418494971,2.34753459191e-08,30
2156,9.36000567118,120,0.312000189039,2.44980236385e-08,30
2157,10.3769799356,120,0.345899331185,3.01106949878e-08,30
2158,12.9376936718,120,0.431256455727,4.68050327784e-08,30
2159,11.4912062886,120,0.383040209619,3.6924112699e-08,30
2160,11.5669276565,120,0.385564255217,3.74123392957e-08,30
2161,11.3507184601,120,0.378357282003,3.60267867608e-08,30
2162,11.8529658917,120,0.395098863057,3.92855551817e-08,30
2163,12.940745096,120,0.431358169866,4.68271138161e-08,30
2164,12.4244178261,120,0.41414726087,4.31649181467e-08,30
2165,12.608747058,120,0.4202915686,4.44552125065e-08,30
2166,12.1486247358,120,0.40495415786,4.12698661107e-08,30
2167,12.2271665166,120,0.407572217219,4.18052167079e-08,30
2168,12.3960782976,120,0.413202609918,4.29682283167e-08,30
2169,11.7366119071,120,0.391220396902,3.85180518766e-08,30
2170,12.4438417677,120,0.414794725592,4.3299988981e-08,30
2171,11.941921983,120,0.398064066102,3.98774413353e-08,30
2172,11.8050097395,120,0.393500324651,3.89683058356e-08,30
2173,11.3762934298,120,0.379209780993,3.61893177925e-08,30
2174,10.970889809,120,0.365696326967,3.36560025346e-08,30
2175,11.7865381854,120,0.39288460618,3.88464521416e-08,30
2176,10.5243529398,120,0.350811764658,3.09720273088e-08,30
2177,10.8553329531,120,0.361844431769,3.29507362448e-08,30
2178,10.9373973667,120,0.364579912224,3.34508229867e-08,30
2179,12.2105509799,120,0.407018365997,4.16916754142e-08,30
2180,11.4386670953,120,0.381288903175,3.65872414998e-08,30
2181,11.3972640689,120,0.379908802298,3.63228608672e-08,30
2182,12.5025842598,120,0.416752808661,4.37097583843e-08,30
2183,13.714228881,120,0.457140962701,5.25922331626e-08,30
2184,13.4617663178,120,0.448725543926,5.06737355192e-08,30
2185,14.6445431962,60,0.244075719936,1.49923769499e-08,60
2186,13.0544909723,120,0.435149699077,4.76539286359e-08,30
2187,14.362857888,60,0.2393809648,1.44211721473e-08,60
2188,13.5696583705,120,0.452321945682,5.14892604033e-08,30
2189,13.5691100531,120,0.452303668436,5.1485099372e-08,30
2190,12.4186226201,120,0.413954087337,4.31246601231e-08,30
2191,12.2076601158,120,0.40692200386,4.16719366322e-08,30
2192,11.9356080164,120,0.397853600546,3.98352842564e-08,30
2193,11.5561012048,120,0.385203373493,3.73423374179e-08,30
2194,10.7898216382,120,0.359660721273,3.25542247026e-08,30
2195,10.6457928415,120,0.354859761382,3.16909200216e-08,30
2196,10.3528707304,120,0.345095691012,2.99709430326e-08,30
2197,10.0646844986,120,0.335489483287,2.83256025138e-08,30
2198,9.57911428648,120,0.319303809549,2.56583978669e-08,30
2199,9.62170411615,120,0.320723470538,2.58870653802e-08,30
2200,9.37371811436,120,0.312457270479,2.45698556088e-08,30
2201,9.36147784909,120,0.312049261636,2.45057305324e-08,30
2202,9.52087166438,120,0.317362388813,2.53473316896e-08,30
2203,10.5445045884,120,0.35148348628,3.10907490874e-08,30
2204,12.7103606975,120,0.423678689918,4.51746270773e-08,30
2205,12.9845301436,120,0.432817671455,4.71445292415e-08,30
2206,14.0104774178,120,0.467015913928,5.48889211231e-08,30
2207,14.4673054558,60,0.241121757596,1.46316780452e-08,60
2208,16.8348426648,60,0.28058071108,1.98123940956e-08,60
2209,15.2054327247,60,0.253423878745,1.61627926842e-08,60
2210,17.9087267026,60,0.298478778377,2.24206527366e-08,60
2211,14.3520252183,60,0.239200420305,1.43994270483e-08,60
2212,13.3353586169,120,0.444511953895,4.97265379843e-08,30
2213,10.2608889793,120,0.342029632644,2.94407454933e-08,30
2214,13.5816204856,120,0.452720682854,5.15800794825e-08,30
2215,13.1981455262,120,0.439938184207,4.87084882824e-08,30
2216,14.0987781977,60,0.234979636628,1.38957435603e-08,60
2217,12.8760068082,120,0.429200226939,4.63597644737e-08,30
2218,12.2957491964,120,0.409858306545,4.22755063154e-08,30
2219,13.0821319249,120,0.436071064162,4.7855942559e-08,30
2220,11.9270073803,120,0.397566912676,3.97778954173e-08,30
2221,11.439532704,120,0.381317756801,3.65927791093e-08,30
2222,11.4491166526,120,0.381637221753,3.6654119066e-08,30
2223,10.5587536682,120,0.351958455607,3.11748334351e-08,30
2224,11.1761232336,120,0.372537441119,3.49269923746e-08,30
2225,10.6510358943,120,0.355034529809,3.17221432638e-08,30
2226,11.0099865535,120,0.366999551783,3.38963084298e-08,30
2227,11.8351992477,120,0.394506641589,3.91678716619e-08,30
2228,12.9205047974,120,0.430683493247,4.66807461151e-08,30
2229,14.0716325326,120,0.469054417752,5.53691423425e-08,30
2230,12.9933133053,120,0.433110443508,4.72083310214e-08,30
2231,13.9439748518,120,0.464799161727,5.43690828924e-08,30
2232,15.6611086037,60,0.261018476728,1.71460401658e-08,60
2233,13.4530569641,120,0.448435232136,5.0608187996e-08,30
2234,13.6593450518,120,0.455311501726,5.21721311778e-08,30
2235,13.3904173335,120,0.44634724445,5.01380051955e-08,30
2236,13.101059497,120,0.436701983234,4.7994521206e-08,30
2237,12.5160936922,120,0.417203123074,4.38042689332e-08,30
2238,13.0285434632,120,0.434284782105,4.74646800625e-08,30
2239,12.3150701752,120,0.410502339174,4.24084703008e-08,30
2240,12.4879589339,120,0.416265297797,4.36075562244e-08,30
2241,11.8022414635,120,0.393408048783,3.89500318349e-08,30
2242,11.7009258824,120,0.390030862745,3.82841740858e-08,30
2243,12.1071486076,120,0.403571620254,4.09885515838e-08,30
2244,11.3842193215,120,0.379473977382,3.62397617325e-08,30
2245,10.89296602,120,0.363098867334,3.3179598268e-08,30
2246,10.6864164196,120,0.356213880652,3.19332420157e-08,30
2247,10.7278211776,120,0.357594039254,3.21811735077e-08,30
2248,10.3897524624,120,0.346325082079,3.01848642255e-08,30
2249,10.3606026683,120,0.345353422276,3.00157267474e-08,30
2250,10.8161417435,120,0.360538058117,3.27132404314e-08,30
2251,10.9268870878,120,0.364229569593,3.33865648192e-08,30
2252,11.9333860179,120,0.39777953393,3.98204537255e-08,30
2253,11.7180263919,120,0.390600879729,3.83961579212e-08,30
2254,12.1606928455,120,0.405356428183,4.13518995353e-08,30
2255,12.7956955783,120,0.426523185942,4.57832505883e-08,30
2256,12.6032984357,120,0.420109947858,4.4416799915e-08,30
2257,12.6284487166,120,0.420948290554,4.4594247049e-08,30
2258,12.2707200603,120,0.409024002011,4.21035700744e-08,30
2259,13.0027895236,120,0.433426317453,4.72772156197e-08,30
2260,12.0188644891,120,0.400628816304,4.039296217e-08,30
2261,11.5117584077,120,0.383725280256,3.70563089828e-08,30
2262,11.541474759,120,0.3847158253,3.72478695669e-08,30
2263,11.3437004839,120,0.378123349463,3.59822509068e-08,30
2264,10.8555291272,120,0.361850970906,3.29519272058e-08,30
2265,10.4041172982,120,0.346803909938,3.02683889036e-08,30
2266,9.84480122994,120,0.328160040998,2.71014626183e-08,30
2267,10.2370027445,120,0.341233424816,2.93038353206e-08,30
2268,10.3665324243,120,0.345551080811,3.00500948005e-08,30
2269,9.56538625993,120,0.318846208664,2.55849074051e-08,30
2270,9.5848273586,120,0.319494245287,2.5689012804e-08,30
2271,9.62015257008,120,0.320671752336,2.58787172258e-08,30
2272,9.4289085846,120,0.31429695282,2.48600315781e-08,30
2273,9.47196424308,120,0.315732141436,2.50875889562e-08,30
2274,9.81112238511,120,0.327037412837,2.69163527941e-08,30
2275,10.2343478244,120,0.341144927479,2.92886376588e-08,30
2276,10.0153861613,120,0.333846205377,2.80487959817e-08,30
2277,10.086316732,120,0.336210557734,2.84474949663e-08,30
2278,11.3816295899,120,0.379387652998,3.62232756519e-08,30
2279,10.8843229119,120,0.362810763728,3.31269659392e-08,30
2280,11.3885727738,120,0.379619092459,3.62674840094e-08,30
2281,11.5721536987,120,0.385738456625,3.74461533973e-08,30
2282,12.3332775523,120,0.411109251744,4.25339617183e-08,30
2283,12.3488334068,120,0.411627780226,4.2641324807e-08,30
2284,11.6287995629,120,0.387626652096,3.78136496044e-08,30
2285,11.568190954,120,0.385606365135,3.74205118196e-08,30
2286,11.3500076976,120,0.37833358992,3.6022275031e-08,30
2287,11.0143944658,120,0.367146482195,3.39234550325e-08,30
2288,10.6657524865,120,0.355525082882,3.18098651283e-08,30
2289,10.2606572474,120,0.342021908246,2.94394157286e-08,30
2290,10.0058685466,120,0.333528951554,2.79955118082e-08,30
2291,10.3782013082,120,0.345940043608,3.0117783475e-08,30
2292,9.57001200823,120,0.319000400274,2.5609658723e-08,30
2293,9.45238050021,120,0.315079350007,2.49839565994e-08,30
2294,9.54432453886,120,0.318144151295,2.54723622518e-08,30
2295,9.4464194462,120,0.314880648207,2.49524547458e-08,30
2296,9.44057003517,120,0.314685667839,2.49215621996e-08,30
2297,9.45955841774,120,0.315318613925,2.50219154756e-08,30
2298,9.58290637501,120,0.3194302125,2.56787166923e-08,30
2299,9.79940966346,120,0.326646988782,2.68521245537e-08,30
2300,10.1269289906,120,0.337564299686,2.86770421791e-08,30
2301,10.589660653,120,0.352988688435,3.13576069546e-08,30
2302,10.6949473582,120,0.356498245272,3.19842468151e-08,30
2303,10.8781397587,120,0.362604658623,3.30893391752e-08,30
2304,11.125497266,120,0.370849908867,3.46112821964e-08,30
2305,10.5869636147,120,0.352898787155,3.13416363011e-08,30
2306,11.9832058323,120,0.399440194411,4.01536347223e-08,30
2307,13.6770315704,120,0.455901052348,5.23073266452e-08,30
2308,11.748840504,120,0.391628016801,3.85983590587e-08,30
2309,12.0557590457,120,0.401858634856,4.06413330209e-08,30
2310,12.8854676825,120,0.429515589418,4.6427916821e-08,30
2311,13.3669884457,120,0.445566281522,4.99627081875e-08,30
2312,13.0068648528,120,0.433562161761,4.73068554769e-08,30
2313,11.04875886,120,0.368291962001,3.41354644245e-08,30
2314,9.83647550102,120,0.327882516701,2.70556426948e-08,30
2315,9.44057003517,120,0.314685667839,2.49215621996e-08,30
2316,10.6130506614,120,0.353768355379,3.14962827297e-08,30
2317,10.3220785446,120,0.34406928482,2.97929250823e-08,30
2318,9.45002858094,120,0.315000952698,2.49715252466e-08,30
2319,9.45002858094,120,0.315000952698,2.49715252466e-08,30
2320,9.45002858094,120,0.315000952698,2.49715252466e-08,30
2321,9.45002858094,120,0.315000952698,2.49715252466e-08,30
2322,9.45002858094,120,0.315000952698,2.49715252466e-08,30
2323,9.45002858094,120,0.315000952698,2.49715252466e-08,30
2324,9.4464194462,120,0.314880648207,2.49524547458e-08,30
2325,9.4984066991,120,0.316613556637,2.52278562569e-08,30
2326,10.6793681025,120,0.35597893675,3.18911322231e-08,30
2327,10.7638071065,120,0.358793570217,3.23974358306e-08,30
2328,11.1679431952,120,0.372264773173,3.48758834926e-08,30
2329,11.5428815216,120,0.384762717387,3.72569502268e-08,30
2330,11.8696695223,120,0.395655650745,3.93963584671e-08,30
2331,11.8723943528,120,0.395746478426,3.94144483924e-08,30
2332,11.5759052913,120,0.385863509711,3.74704367739e-08,30
2333,12.0525811556,120,0.401752705187,4.06199097882e-08,30
2334,12.1802862103,120,0.406009540342,4.14852596291e-08,30
2335,11.7275109178,120,0.390917030592,3.8458338483e-08,30
2336,11.2382705324,120,0.374609017747,3.53165108665e-08,30
2337,11.2760972525,120,0.375869908416,3.55546535634e-08,30
2338,10.7002955803,120,0.356676519342,3.20162435367e-08,30
2339,10.7574664839,120,0.35858221613,3.23592784371e-08,30
2340,10.2056712621,120,0.34018904207,2.91247345429e-08,30
2341,10.4313873233,120,0.347712910778,3.0427268595e-08,30
2342,10.434765268,120,0.347825508934,3.04469780102e-08,30
2343,10.0162284443,120,0.333874281477,2.80535139261e-08,30
2344,9.90262453865,120,0.330087484622,2.74207577188e-08,30
2345,10.6445037556,120,0.354816791852,3.16832456576e-08,30
2346,10.5187098998,120,0.350623663328,3.09388225065e-08,30
2347,10.619963566,120,0.353998785532,3.15373268583e-08,30
2348,10.4866515947,120,0.349555053155,3.07505228427e-08,30
2349,11.0677516041,120,0.368925053469,3.42529225719e-08,30
2350,10.6445071364,120,0.354816904548,3.16832657839e-08,30
2351,10.8227458733,120,0.360758195777,3.27532007882e-08,30
2352,10.7020285113,120,0.356734283711,3.20266145465e-08,30
2353,11.0752454342,120,0.369174847808,3.42993226887e-08,30
2354,12.3744802255,120,0.412482674184,4.28186289999e-08,30
2355,12.7815082781,120,0.426050275937,4.56817819932e-08,30
2356,12.456151171,120,0.415205039033,4.33856957353e-08,30
2357,11.0786266596,120,0.36928755532,3.43202687605e-08,30
2358,11.5514646194,120,0.385048820645,3.73123781434e-08,30
2359,11.7562939725,120,0.39187646575,3.86473482178e-08,30
2360,11.1119220206,120,0.370397400686,3.45268688922e-08,30
2361,11.1427346662,120,0.371424488872,3.47186159519e-08,30
2362,10.8485333133,120,0.36161777711,3.29094693457e-08,30
2363,10.3071640645,120,0.343572135485,2.97068910601e-08,30
2364,10.0935962355,120,0.336453207852,2.84885720758e-08,30
2365,10.0432981157,120,0.334776603856,2.82053526301e-08,30
2366,9.87748081254,120,0.329249360418,2.72816865632e-08,30
2367,9.77558287229,120,0.32585276241,2.67217040151e-08,30
2368,9.77558287229,120,0.32585276241,2.67217040151e-08,30
2369,9.78206381383,120,0.326068793794,2.67571472641e-08,30
2370,10.4540804961,120,0.348469349869,3.05597998322e-08,30
2371,10.2468786761,120,0.341562622536,2.93604031029e-08,30
2372,10.2026497076,120,0.340088323587,2.9107491396e-08,30
2373,10.5499124964,120,0.35166374988,3.11226479832e-08,30
2374,10.7515737578,120,0.358385791928,3.23238366095e-08,30
2375,11.6357784876,120,0.38785928292,3.78590503014e-08,30
2376,11.8309554992,120,0.394365183305,3.91397878429e-08,30
2377,11.463827845,120,0.382127594834,3.67483747621e-08,30
2378,12.5543594448,120,0.418478648159,4.40725260595e-08,30
2379,11.641420746,120,0.388047358199,3.78957753618e-08,30
2380,10.884436889,120,0.362814562966,3.31276597327e-08,30
2381,11.5548138552,120,0.385160461841,3.73340180091e-08,30
2382,11.3437622195,120,0.378125407315,3.59826425587e-08,30
2383,11.0220558955,120,0.367401863183,3.39706646283e-08,30
2384,11.5042208056,120,0.383474026852,3.70077978416e-08,30
2385,11.4444938089,120,0.381483126964,3.66245251579e-08,30
2386,11.2941277643,120,0.376470925477,3.56684484557e-08,30
2387,10.9271588744,120,0.364238629147,3.33882257011e-08,30
2388,10.2240578439,120,0.340801928129,2.92297715724e-08,30
2389,10.1658692879,120,0.338862309596,2.88980054177e-08,30
2390,10.5364561353,120,0.351215204509,3.10433050496e-08,30
2391,10.022734601,120,0.334091153365,2.80899707295e-08,30
2392,10.022734601,120,0.334091153365,2.80899707295e-08,30
2393,10.022734601,120,0.334091153365,2.80899707295e-08,30
2394,10.4480035954,120,0.348266786512,3.05242816643e-08,30
2395,10.3378353042,120,0.34459451014,2.98839529229e-08,30
2396,10.669305657,120,0.3556435219,3.18310628268e-08,30
2397,10.8462935341,120,0.361543117802,3.28958818245e-08,30
2398,11.5863272139,120,0.386210907132,3.75379372889e-08,30
2399,12.7661109365,120,0.425537031215,4.55717864708e-08,30
2400,12.9735450321,120,0.432451501071,4.70647929961e-08,30
2401,12.6954310567,120,0.423181035225,4.50685648073e-08,30
2402,12.2183021535,120,0.40727673845,4.17446233906e-08,30
2403,15.0113887813,60,0.250189813021,1.57529023233e-08,60
2404,15.8938739609,60,0.264897899348,1.76594984e-08,60
2405,13.8399792355,120,0.461332641182,5.35611265183e-08,30
2406,13.7455321282,120,0.458184404274,5.28325946979e-08,30
2407,12.010269093,120,0.400342303098,4.03352080681e-08,30
2408,11.7011824904,120,0.390039416348,3.82858532925e-08,30
2409,12.3476220105,120,0.411587400349,4.26329591569e-08,30
2410,11.7401664918,120,0.391338883061,3.85413867903e-08,30
2411,11.3574658245,120,0.378582194148,3.60696312923e-08,30
2412,10.8659673545,120,0.362198911815,3.30153280903e-08,30
2413,10.6453699753,120,0.354845665844,3.16884024541e-08,30
2414,10.3625607091,120,0.345418690302,3.00270731087e-08,30
2415,10.2747184003,120,0.342490613344,2.9520158269e-08,30
2416,10.2747184003,120,0.342490613344,2.9520158269e-08,30
2417,10.6016734462,120,0.353389114873,3.14287907471e-08,30
2418,10.3245542189,120,0.344151807296,2.98072180221e-08,30
2419,11.3554491836,120,0.378514972788,3.60568233236e-08,30
2420,11.6274049185,120,0.387580163949,3.78045801501e-08,30
2421,12.000826212,120,0.400027540401,4.02718071846e-08,30
2422,12.479255616,120,0.4159751872,4.35467939857e-08,30
2423,12.5377849987,120,0.417926166623,4.39562325096e-08,30
2424,11.9237444435,120,0.397458148116,3.97561338806e-08,30
2425,11.8596538901,120,0.395321796336,3.93299011886e-08,30
2426,12.3656990519,120,0.412189968395,4.27578806853e-08,30
2427,12.7360228466,120,0.424534094886,4.53572258767e-08,30
2428,11.5770584004,120,0.385901946681,3.7477902221e-08,30
2429,13.3046014619,120,0.443486715398,4.94974203294e-08,30
2430,13.1672503409,120,0.438908344697,4.84807143989e-08,30
2431,12.8406499382,120,0.428021664606,4.61055108534e-08,30
2432,11.9472079586,120,0.398240265288,3.99127518714e-08,30
2433,12.9597857884,120,0.431992859613,4.69650157095e-08,30
2434,11.3584622377,120,0.378615407924,3.60759604922e-08,30
2435,11.0807231928,120,0.369357439759,3.43332596108e-08,30
2436,10.5871935887,120,0.352906452957,3.13429979457e-08,30
2437,10.5542517959,120,0.351808393198,3.11482554498e-08,30
2438,10.5542517959,120,0.351808393198,3.11482554498e-08,30
2439,10.5542517959,120,0.351808393198,3.11482554498e-08,30
2440,10.5542517959,120,0.351808393198,3.11482554498e-08,30
2441,10.5542517959,120,0.351808393198,3.11482554498e-08,30
2442,10.5542517959,120,0.351808393198,3.11482554498e-08,30
2443,11.0598132537,120,0.36866044179,3.42038043416e-08,30
2444,11.7100343976,120,0.390334479919,3.83438014541e-08,30
2445,11.3795443652,120,0.379318145506,3.62100039581e-08,30
2446,12.1469714044,120,0.404899046815,4.1258633873e-08,30
2447,11.999920773,120,0.3999973591,4.02657305544e-08,30
2448,12.4839434316,120,0.416131447719,4.35795167196e-08,30
2449,12.6371208735,120,0.421237362451,4.46555152385e-08,30
2450,12.3810387412,120,0.412701291374,4.28640290596e-08,30
2451,14.4017657012,60,0.240029428353,1.44994095367e-08,60
2452,13.3395313163,120,0.444651043878,4.97576622109e-08,30
2453,13.4824458996,120,0.449414863318,5.08295421971e-08,30
2454,12.8521410498,120,0.428404701661,4.61880675211e-08,30
2455,12.7944409015,120,0.426481363382,4.5774272512e-08,30
2456,12.7857577636,120,0.426191925453,4.57121628114e-08,30
2457,12.5357629131,120,0.417858763769,4.39420551892e-08,30
2458,11.8745939646,120,0.395819798819,3.94290544633e-08,30
2459,11.2240205766,120,0.374134019219,3.52270060523e-08,30
2460,10.8718866166,120,0.362396220552,3.30513082481e-08,30
2461,10.8317370877,120,0.361057902922,3.28076441577e-08,30
2462,10.8317370877,120,0.361057902922,3.28076441577e-08,30
2463,10.8317370877,120,0.361057902922,3.28076441577e-08,30
2464,10.8317370877,120,0.361057902922,3.28076441577e-08,30
2465,10.8317370877,120,0.361057902922,3.28076441577e-08,30
2466,10.9031822453,120,0.363439408176,3.32418639917e-08,30
2467,12.3216433026,120,0.410721443421,4.24537531398e-08,30
2468,12.1446017869,120,0.404820059563,4.1242538067e-08,30
2469,11.8305724231,120,0.394352414102,3.91372532592e-08,30
2470,12.6649082714,120,0.422163609047,4.48521145791e-08,30
2471,13.6394725819,120,0.454649086065,5.2020435045e-08,30
2472,13.5921892713,120,0.453072975709,5.16603866756e-08,30
2473,14.8583286787,60,0.247638811311,1.54332985125e-08,60
2474,14.9511606574,60,0.249186010957,1.56267495121e-08,60
2475,13.9216085581,120,0.464053618605,5.41948055259e-08,30
2476,13.2986268997,120,0.443287563324,4.94529757033e-08,30
2477,12.5400413287,120,0.418001377623,4.39720548723e-08,30
2478,12.4232589566,120,0.414108631887,4.31568662324e-08,30
2479,12.4836593656,120,0.416121978852,4.35775334812e-08,30
2480,12.4367222796,120,0.414557409322,4.32504567584e-08,30
2481,13.0129028076,120,0.433763426921,4.7350786579e-08,30
2482,11.9157281319,120,0.397190937731,3.97026958977e-08,30
2483,11.8141311219,120,0.39380437073,3.90285484185e-08,30
2484,12.1350363197,120,0.404501210658,4.11775958337e-08,30
2485,11.1924130996,120,0.373080436653,3.50288829243e-08,30
2486,11.1924130996,120,0.373080436653,3.50288829243e-08,30
2487,11.1924130996,120,0.373080436653,3.50288829243e-08,30
2488,11.1924130996,120,0.373080436653,3.50288829243e-08,30
2489,11.1924130996,120,0.373080436653,3.50288829243e-08,30
2490,11.1924130996,120,0.373080436653,3.50288829243e-08,30
2491,11.1924130996,120,0.373080436653,3.50288829243e-08,30
2492,11.1702333314,120,0.372341111047,3.48901884927e-08,30
2493,11.1518295142,120,0.371727650472,3.47753146723e-08,30
2494,11.6892896967,120,0.389642989889,3.82080672453e-08,30
2495,12.5098750708,120,0.416995835692,4.37607514424e-08,30
2496,11.8167530954,120,0.393891769848,3.90458739714e-08,30
2497,12.4428655183,120,0.414762183943,4.32931952699e-08,30
2498,12.8938856848,120,0.429796189492,4.64885988203e-08,30
2499,12.6841081548,120,0.42280360516,4.49882084383e-08,30
2500,12.6318533741,120,0.421061779138,4.46182957042e-08,30
2501,12.0190115298,120,0.400633717661,4.03939505241e-08,30
2502,11.2675117926,120,0.375583726419,3.55005325607e-08,30
2503,11.145881397,120,0.371529379901,3.47382279358e-08,30
2504,12.4783793015,120,0.415945976715,4.35406783406e-08,30
2505,12.6871813023,120,0.422906043411,4.50100108619e-08,30
2506,12.399505099,120,0.413316836633,4.29919880794e-08,30
2507,11.2944055255,120,0.376480184184,3.56702028954e-08,30
2508,11.145881397,120,0.371529379901,3.47382279358e-08,30
2509,11.145881397,120,0.371529379901,3.47382279358e-08,30
2510,11.145881397,120,0.371529379901,3.47382279358e-08,30
2511,11.145881397,120,0.371529379901,3.47382279358e-08,30
2512,11.145881397,120,0.371529379901,3.47382279358e-08,30
2513,11.145881397,120,0.371529379901,3.47382279358e-08,30
2514,11.145881397,120,0.371529379901,3.47382279358e-08,30
2515,11.145881397,120,0.371529379901,3.47382279358e-08,30
2516,11.145881397,120,0.371529379901,3.47382279358e-08,30
2517,11.2464150993,120,0.374880503309,3.53677183742e-08,30
2518,11.8942676992,120,0.396475589973,3.95598141941e-08,30
2519,12.4538227089,120,0.41512742363,4.33694768401e-08,30
2520,12.1414582569,120,0.404715275229,4.12211902487e-08,30
2521,12.2787410881,120,0.409291369603,4.21586319256e-08,30
2522,12.2289729742,120,0.407632432474,4.18175703357e-08,30
2523,13.3031622196,120,0.443438740654,4.94867120148e-08,30
2524,12.9518833371,120,0.43172944457,4.69077577268e-08,30
2525,11.2693687787,120,0.375645625955,3.55122351314e-08,30
2526,11.2902692203,120,0.376342307343,3.56440809665e-08,30
2527,12.7105636085,120,0.423685453616,4.5176069444e-08,30
2528,11.4441380836,120,0.381471269453,3.66222484177e-08,30
2529,11.3385225379,120,0.377950751264,3.59494094845e-08,30
2530,11.306016684,120,0.376867222798,3.57435817502e-08,30
2531,11.2290352828,120,0.374301176092,3.5258490768e-08,30
2532,11.2290352828,120,0.374301176092,3.5258490768e-08,30
2533,11.2290352828,120,0.374301176092,3.5258490768e-08,30
2534,11.2290352828,120,0.374301176092,3.5258490768e-08,30
2535,11.2290352828,120,0.374301176092,3.5258490768e-08,30
2536,11.2290352828,120,0.374301176092,3.5258490768e-08,30
2537,11.2290352828,120,0.374301176092,3.5258490768e-08,30
2538,11.2290352828,120,0.374301176092,3.5258490768e-08,30
2539,11.2290352828,120,0.374301176092,3.5258490768e-08,30
2540,11.2290352828,120,0.374301176092,3.5258490768e-08,30
2541,11.2290352828,120,0.374301176092,3.5258490768e-08,30
2542,11.2168604001,120,0.37389534667,3.5182075428e-08,30
2543,11.1924130996,120,0.373080436653,3.50288829243e-08,30
2544,11.5418337373,120,0.384727791244,3.72501866686e-08,30
2545,12.4803718497,120,0.416012394991,4.35545846065e-08,30
2546,12.2057476817,120,0.406858256056,4.16588811262e-08,30
2547,11.8694377849,120,0.395647926164,3.93948201728e-08,30
2548,11.5717948793,120,0.385726495977,3.74438312369e-08,30
2549,11.1702333314,120,0.372341111047,3.48901884927e-08,30
2550,11.1518295142,120,0.371727650472,3.47753146723e-08,30
2551,11.145881397,120,0.371529379901,3.47382279358e-08,30
2552,11.1267917267,120,0.370893057556,3.46193367666e-08,30
2553,11.1267917267,120,0.370893057556,3.46193367666e-08,30
2554,11.1267917267,120,0.370893057556,3.46193367666e-08,30
2555,11.1267917267,120,0.370893057556,3.46193367666e-08,30
2556,11.1267917267,120,0.370893057556,3.46193367666e-08,30
2557,11.1267917267,120,0.370893057556,3.46193367666e-08,30
2558,11.1267917267,120,0.370893057556,3.46193367666e-08,30
2559,11.1267917267,120,0.370893057556,3.46193367666e-08,30
2560,11.1267917267,120,0.370893057556,3.46193367666e-08,30
2561,11.1267917267,120,0.370893057556,3.46193367666e-08,30
2562,11.1267917267,120,0.370893057556,3.46193367666e-08,30
2563,11.1267917267,120,0.370893057556,3.46193367666e-08,30
2564,11.1267917267,120,0.370893057556,3.46193367666e-08,30
2565,11.0965286473,120,0.369884288242,3.44312748361e-08,30
2566,11.0786157988,120,0.369287193292,3.43202014693e-08,30
2567,11.0672783603,120,0.368909278676,3.42499934067e-08,30
2568,11.0421964372,120,0.368073214572,3.40949268711e-08,30
2569,11.0294290466,120,0.367647634888,3.40161288545e-08,30
2570,11.0154957495,120,0.367183191651,3.39302391032e-08,30
2571,10.9773524985,120,0.365911749949,3.36956661099e-08,30
2572,10.9510937098,120,0.365036456993,3.35346529498e-08,30
2573,10.9491334317,120,0.364971114389,3.35226484205e-08,30
2574,10.9430116136,120,0.364767053787,3.34851729098e-08,30
2575,10.9204206286,120,0.364014020955,3.33470606176e-08,30
2576,10.8975108271,120,0.363250360905,3.32072906949e-08,30
2577,10.8889976129,120,0.362966587098,3.315542741e-08,30
2578,10.8824343271,120,0.362747810902,3.31154709373e-08,30
2579,10.8707114797,120,0.362357049325,3.30441636353e-08,30
2580,10.8471149431,120,0.361570498105,3.29008645405e-08,30
2581,10.8471149431,120,0.361570498105,3.29008645405e-08,30
2582,10.8134500757,120,0.360448335856,3.26969606484e-08,30
2583,10.8134500757,120,0.360448335856,3.26969606484e-08,30
2584,10.8134500757,120,0.360448335856,3.26969606484e-08,30
2585,10.8134500757,120,0.360448335856,3.26969606484e-08,30
2586,10.8134500757,120,0.360448335856,3.26969606484e-08,30
2587,10.8134500757,120,0.360448335856,3.26969606484e-08,30
2588,10.793433647,120,0.359781121565,3.2576024104e-08,30
2589,10.7643367514,120,0.358811225047,3.24006242115e-08,30
2590,10.7566540604,120,0.358555135348,3.23543909584e-08,30
2591,10.7452995544,120,0.358176651812,3.22861217302e-08,30
2592,10.7399481789,120,0.357998272629,3.22539714608e-08,30
2593,10.7310515904,120,0.35770171968,3.22005575232e-08,30
2594,10.728864673,120,0.357628822434,3.2187434339e-08,30
2595,10.717771237,120,0.357259041235,3.21209063975e-08,30
2596,10.693143638,120,0.356438121267,3.1973459335e-08,30
2597,10.6691970485,120,0.355639901616,3.18304147795e-08,30
2598,10.6691970485,120,0.355639901616,3.18304147795e-08,30
2599,10.6691970485,120,0.355639901616,3.18304147795e-08,30
2600,10.6691970485,120,0.355639901616,3.18304147795e-08,30
2601,10.6691970485,120,0.355639901616,3.18304147795e-08,30
2602,10.6691970485,120,0.355639901616,3.18304147795e-08,30
2603,10.6691970485,120,0.355639901616,3.18304147795e-08,30
2604,10.6691970485,120,0.355639901616,3.18304147795e-08,30
2605,10.6691970485,120,0.355639901616,3.18304147795e-08,30
2606,10.6691970485,120,0.355639901616,3.18304147795e-08,30
2607,10.6691970485,120,0.355639901616,3.18304147795e-08,30
2608,10.6691970485,120,0.355639901616,3.18304147795e-08,30
2609,10.6691970485,120,0.355639901616,3.18304147795e-08,30
2610,10.6691970485,120,0.355639901616,3.18304147795e-08,30
2611,10.6585419257,120,0.355284730855,3.17668696744e-08,30
2612,10.6493908741,120,0.354979695802,3.17123452427e-08,30
2613,10.6464342501,120,0.354881141669,3.16947388901e-08,30
2614,10.64215932,120,0.354738644001,3.16692908226e-08,30
2615,10.6247142639,120,0.35415714213,3.15655487676e-08,30
2616,10.6036089436,120,0.353453631455,3.14402674064e-08,30
2617,10.590261087,120,0.3530087029,3.13611630092e-08,30
2618,10.5683504165,120,0.352278347215,3.12315281921e-08,30
2619,10.5683504165,120,0.352278347215,3.12315281921e-08,30
2620,10.5683504165,120,0.352278347215,3.12315281921e-08,30
2621,10.5683504165,120,0.352278347215,3.12315281921e-08,30
2622,10.5683504165,120,0.352278347215,3.12315281921e-08,30
2623,10.5683504165,120,0.352278347215,3.12315281921e-08,30
2624,10.5683504165,120,0.352278347215,3.12315281921e-08,30
2625,10.5683504165,120,0.352278347215,3.12315281921e-08,30
2626,10.5683504165,120,0.352278347215,3.12315281921e-08,30
2627,10.5683504165,120,0.352278347215,3.12315281921e-08,30
2628,10.5683504165,120,0.352278347215,3.12315281921e-08,30
2629,10.5683504165,120,0.352278347215,3.12315281921e-08,30
2630,10.5683504165,120,0.352278347215,3.12315281921e-08,30
2631,10.5683504165,120,0.352278347215,3.12315281921e-08,30
2632,10.5683504165,120,0.352278347215,3.12315281921e-08,30
2633,10.5683504165,120,0.352278347215,3.12315281921e-08,30
2634,10.5683504165,120,0.352278347215,3.12315281921e-08,30
2635,10.5683504165,120,0.352278347215,3.12315281921e-08,30
2636,10.5683504165,120,0.352278347215,3.12315281921e-08,30
2637,10.5542517959,120,0.351808393198,3.11482554498e-08,30
2638,10.5338526998,120,0.351128423328,3.10279660675e-08,30
2639,10.655316536,120,0.355177217868,3.17476465893e-08,30
2640,10.5282115622,120,0.350940385406,3.09947424854e-08,30
2641,10.8661815031,120,0.362206050103,3.30166294484e-08,30
2642,11.1581597662,120,0.371938658872,3.48148057683e-08,30
2643,11.7851989649,120,0.392839965496,3.88376249509e-08,30
2644,11.9003613693,120,0.39667871231,3.9600359138e-08,30
2645,10.7174215815,120,0.357247386051,3.2118810613e-08,30
2646,10.5180729573,120,0.35060243191,3.09350757247e-08,30
2647,10.958795623,120,0.365293187432,3.3581839435e-08,30
2648,11.0492029078,120,0.368306763592,3.41382082766e-08,30
2649,10.8194835922,120,0.360649453074,3.27334582856e-08,30
2650,10.5124460778,120,0.350414869262,3.09019857505e-08,30
2651,11.0032156043,120,0.366773853477,3.38546299757e-08,30
2652,10.5124460778,120,0.350414869262,3.09019857505e-08,30
2653,10.5124460778,120,0.350414869262,3.09019857505e-08,30
2654,11.1410954943,120,0.371369849808,3.47084020151e-08,30
2655,11.0974204869,120,0.369914016231,3.4436809614e-08,30
2656,10.8773058719,120,0.362576862395,3.3084266303e-08,30
2657,11.6677094223,120,0.388923647409,3.80671212202e-08,30
2658,11.6495698314,120,0.38831899438,3.79488486085e-08,30
2659,11.3657897931,120,0.378859659771,3.61225220533e-08,30
2660,11.2714370403,120,0.375714568009,3.55252714131e-08,30
2661,12.1148896295,120,0.403829654315,4.10409825432e-08,30
2662,12.5383038886,120,0.417943462954,4.39598709384e-08,30
2663,12.3383941307,120,0.411279804358,4.25692602822e-08,30
2664,13.0315854961,120,0.434386183204,4.74868476946e-08,30
2665,13.2291921147,120,0.440973070489,4.89379161263e-08,30
2666,12.6010666216,120,0.420035554054,4.44010704987e-08,30
2667,12.6154201931,120,0.420514006437,4.45022804888e-08,30
2668,12.8900735077,120,0.429669116924,4.64611134564e-08,30
2669,11.8171028502,120,0.393903428339,3.90481853814e-08,30
2670,12.209443275,120,0.4069814425,4.16841114674e-08,30
2671,11.6818933221,120,0.389396444068,3.81597303868e-08,30
2672,11.1250746015,120,0.37083582005,3.46086524383e-08,30
2673,11.3039503377,120,0.376798344588,3.5730517579e-08,30
2674,10.955893296,120,0.365196443199,3.35640541643e-08,30
2675,11.0515106332,120,0.368383687775,3.415246991e-08,30
2676,10.7415447246,120,0.35805149082,3.22635615942e-08,30
2677,10.7415447246,120,0.35805149082,3.22635615942e-08,30
2678,10.7415447246,120,0.35805149082,3.22635615942e-08,30
2679,10.7415447246,120,0.35805149082,3.22635615942e-08,30
2680,10.7415447246,120,0.35805149082,3.22635615942e-08,30
2681,10.7415447246,120,0.35805149082,3.22635615942e-08,30
2682,10.7415447246,120,0.35805149082,3.22635615942e-08,30
2683,10.7415447246,120,0.35805149082,3.22635615942e-08,30
2684,10.7415447246,120,0.35805149082,3.22635615942e-08,30
2685,11.1128720662,120,0.370429068873,3.45327730918e-08,30
2686,11.1876813168,120,0.372922710561,3.49992710746e-08,30
2687,12.0184800509,120,0.400616001697,4.03903781739e-08,30
2688,11.863937476,120,0.395464582533,3.93583174372e-08,30
2689,11.509772549,120,0.383659084965,3.70435251414e-08,30
2690,11.0986528055,120,0.369955093517,3.44444581439e-08,30
2691,12.1210665733,120,0.404035552444,4.10828438362e-08,30
2692,11.5334079179,120,0.384446930597,3.71958194357e-08,30
2693,10.9088524341,120,0.363628414469,3.32764477767e-08,30
2694,10.7291804175,120,0.357639347249,3.21893288831e-08,30
2695,10.708840825,120,0.356961360832,3.20674002316e-08,30
2696,10.6691970485,120,0.355639901616,3.18304147795e-08,30
2697,10.6585419257,120,0.355284730855,3.17668696744e-08,30
2698,10.6493908741,120,0.354979695802,3.17123452427e-08,30
2699,10.6343155475,120,0.354477184915,3.16226245092e-08,30
2700,10.6036089436,120,0.353453631455,3.14402674064e-08,30
2701,10.5903955977,120,0.353013186591,3.1361959673e-08,30
2702,10.5711325952,120,0.352371086508,3.12479741139e-08,30
2703,10.5683504165,120,0.352278347215,3.12315281921e-08,30
2704,10.5533108475,120,0.351777028248,3.11427017454e-08,30
2705,10.5533108475,120,0.351777028248,3.11427017454e-08,30
2706,10.5297224529,120,0.350990748431,3.10036391589e-08,30
2707,10.5215983691,120,0.350719945637,3.09558166262e-08,30
2708,10.5124460778,120,0.350414869262,3.09019857505e-08,30
2709,10.7470688057,120,0.358235626856,3.22967546523e-08,30
2710,11.7668515811,120,0.392228386038,3.87167930257e-08,30
2711,10.5045735799,120,0.350152452664,3.08557196911e-08,30
2712,10.5045735799,120,0.350152452664,3.08557196911e-08,30
2713,11.6696752246,120,0.388989174153,3.80799495718e-08,30
2714,12.6838299785,120,0.422794332616,4.49862351789e-08,30
2715,12.8133618521,120,0.427112061736,4.59097584098e-08,30
2716,11.9596205303,120,0.398654017675,3.99957297942e-08,30
2717,10.6133488086,120,0.353778293619,3.14980523737e-08,30
2718,10.5045735799,120,0.350152452664,3.08557196911e-08,30
2719,11.1783889334,120,0.372612964445,3.49411550854e-08,30
2720,11.5438453516,120,0.384794845054,3.72631723935e-08,30
2721,11.8453163545,120,0.394843878484,3.92348641821e-08,30
2722,10.8907164207,120,0.363023880689,3.31658952794e-08,30
2723,10.4796911174,120,0.349323037247,3.07097152924e-08,30
2724,10.4540720271,120,0.348469067569,3.05597503185e-08,30
2725,10.497995492,120,0.349933183066,3.08170873593e-08,30
2726,10.4796911174,120,0.349323037247,3.07097152924e-08,30
2727,10.4796911174,120,0.349323037247,3.07097152924e-08,30
2728,10.4796911174,120,0.349323037247,3.07097152924e-08,30
2729,10.4796911174,120,0.349323037247,3.07097152924e-08,30
2730,10.7038662406,120,0.356795541352,3.20376145732e-08,30
2731,10.9104544697,120,0.363681815658,3.32862222184e-08,30
2732,11.6265904644,120,0.38755301548,3.77992842109e-08,30
2733,11.9759714747,120,0.399199049156,4.0105167213e-08,30
2734,12.3711095235,120,0.412370317449,4.2795305324e-08,30
2735,11.9537303377,120,0.398457677924,3.99563431706e-08,30
2736,10.4540720271,120,0.348469067569,3.05597503185e-08,30
2737,10.4503082301,120,0.348343607671,3.05377493242e-08,30
2738,12.8461887069,120,0.428206290231,4.61452943286e-08,30
2739,12.9558771838,120,0.431862572794,4.69366911681e-08,30
2740,12.3264316462,120,0.410881054874,4.24867556625e-08,30
2741,13.8414879841,120,0.461382932803,5.35728049579e-08,30
2742,14.9530956758,60,0.249218261263,1.56307946836e-08,60
2743,14.1106012918,60,0.235176688197,1.39190589948e-08,60
2744,13.2817106074,120,0.442723686913,4.93272440872e-08,30
2745,12.1803570254,120,0.406011900847,4.1485742014e-08,30
2746,11.1459759592,120,0.371532531973,3.47388173797e-08,30
2747,10.7774283996,120,0.359247613319,3.24794837875e-08,30
2748,10.4358388906,120,0.347861296353,3.04532436508e-08,30
2749,10.4072735655,120,0.34690911885,3.02867565586e-08,30
2750,10.9356550406,120,0.364521834688,3.34401664115e-08,30
2751,11.1003562658,120,0.370011875526,3.44550322685e-08,30
2752,11.4769185164,120,0.382563950548,3.68323494292e-08,30
2753,12.5688624108,120,0.41896208036,4.41744112328e-08,30
2754,11.9244244024,120,0.397480813412,3.9760668246e-08,30
2755,11.4694106799,120,0.382313689331,3.67841760788e-08,30
2756,11.981695829,120,0.399389860968,4.01435158441e-08,30
2757,13.3530544808,120,0.445101816025,4.98585986087e-08,30
2758,12.6733053332,120,0.422443511106,4.49116098116e-08,30
2759,13.7839449393,120,0.459464831309,5.31282957553e-08,30
2760,10.4008297493,120,0.346694324977,3.02492631896e-08,30
2761,10.3859556514,120,0.346198521713,3.01628068601e-08,30
2762,11.2431164565,120,0.374770548549,3.53469742777e-08,30
2763,12.6002893997,120,0.420009646656,4.43955934351e-08,30
2764,14.4136934464,60,0.240228224107,1.45234367129e-08,60
2765,13.0591359351,120,0.435304531169,4.76878464813e-08,30
2766,12.9038850985,120,0.430129503285,4.65607320778e-08,30
2767,13.7487160113,120,0.45829053371,5.28570728024e-08,30
2768,12.9133960396,120,0.430446534655,4.66293935043e-08,30
2769,14.1446465811,60,0.235744109685,1.39863063153e-08,60
2770,14.6489035394,60,0.244148392323,1.50013060972e-08,60
2771,12.5351103062,120,0.417837010207,4.39374800962e-08,30
2772,13.3867497634,120,0.446224992113,5.01105438457e-08,30
2773,13.0851792653,120,0.436172642176,4.7878240199e-08,30
2774,14.1952167524,60,0.236586945873,1.40864932319e-08,60
2775,14.3905678891,60,0.239842798152,1.44768708362e-08,60
2776,13.1382356982,120,0.43794118994,4.82672908275e-08,30
2777,13.3867556713,120,0.446225189043,5.01105880757e-08,30
2778,14.8074547408,60,0.246790912347,1.53277942488e-08,60
2779,16.1214220392,60,0.268690367321,1.81687700821e-08,60
2780,15.880279984,60,0.264671333066,1.76293030994e-08,60
2781,15.2671840298,60,0.254453067164,1.62943377992e-08,60
2782,14.9713343282,60,0.249522238803,1.56689484545e-08,60
2783,13.9689554553,120,0.465631848511,5.45640615981e-08,30
2784,15.9696006944,60,0.266160011573,1.78281774673e-08,60
2785,16.7515577217,60,0.279192628696,1.96168481623e-08,60
2786,18.8133640172,60,0.313556066954,2.47429656177e-08,60
2787,13.321592517,120,0.444053083899,4.96239254963e-08,30
2788,13.1798257913,120,0.439327526376,4.85733621324e-08,30
2789,12.9499236558,120,0.431664121859,4.68935640685e-08,30
2790,13.5224458624,120,0.450748195412,5.11315935978e-08,30
2791,14.7816351183,60,0.246360585305,1.52743869848e-08,60
2792,13.2353581757,120,0.441178605855,4.89835461989e-08,30
2793,13.7478387291,120,0.45826129097,5.28503275777e-08,30
2794,12.9624855864,120,0.43208285288,4.69845853637e-08,30
2795,12.6158634266,120,0.420528780887,4.45054076534e-08,30
2796,12.4984722499,120,0.416615741665,4.36810114632e-08,30
2797,13.5199217792,120,0.450664059306,5.1112507058e-08,30
2798,13.6943970154,120,0.456479900512,5.24402380368e-08,30
2799,12.1322270863,120,0.404407569542,4.11585329998e-08,30
2800,13.4018482162,120,0.446728273872,5.02236434943e-08,30
2801,13.6471015168,120,0.454903383894,5.20786442604e-08,30
2802,13.2910278569,120,0.443034261897,4.93964754473e-08,30
2803,16.0328598085,60,0.267214330141,1.79696999082e-08,60
2804,16.3477854158,60,0.272463090263,1.86825731412e-08,60
2805,15.4372649769,60,0.257287749615,1.66594075152e-08,60
2806,14.7179872526,60,0.245299787543,1.51431309936e-08,60
2807,15.0856409452,60,0.251427349086,1.59091277021e-08,60
2808,17.5108698582,60,0.291847830969,2.14355324146e-08,60
2809,11.8475825003,120,0.394919416676,3.9249877783e-08,30
2810,16.0583035864,60,0.267638393107,1.80267801616e-08,60
2811,15.0131766714,60,0.25021961119,1.57566549588e-08,60
2812,15.1696607751,60,0.252827679584,1.60868337139e-08,60
2813,13.9842287828,120,0.466140959428,5.46834449524e-08,30
2814,14.486037026,60,0.241433950434,1.46695913574e-08,60
2815,13.4174127782,120,0.447247092606,5.03403681325e-08,30
2816,14.0316882964,120,0.467722943213,5.50552428686e-08,30
2817,14.0239600073,120,0.467465333576,5.49946135768e-08,30
2818,15.2094832056,60,0.253491386759,1.61714048432e-08,60
2819,13.6774610477,120,0.455915368256,5.23106117379e-08,30
2820,12.992387349,120,0.433079578301,4.72016027468e-08,30
2821,11.8182643282,120,0.393942144275,3.9055861686e-08,30
2822,12.2013177879,120,0.406710592929,4.16286476762e-08,30
2823,12.2280771702,120,0.40760257234,4.18114440689e-08,30
2824,11.2375389281,120,0.374584630938,3.53119128514e-08,30
2825,11.3061767553,120,0.376872558511,3.57445938777e-08,30
2826,11.1525736066,120,0.371752453553,3.47799555094e-08,30
2827,12.9200228944,120,0.430667429815,4.66772640267e-08,30
2828,12.8863795009,120,0.429545983364,4.64344878399e-08,30
2829,12.9147434513,120,0.430491448375,4.6639124835e-08,30
2830,13.0968378302,120,0.436561261008,4.79635948172e-08,30
2831,14.1668621097,60,0.236114368495,1.40302744964e-08,60
2832,13.7001383779,120,0.456671279264,5.24842182913e-08,30
2833,14.6819139443,60,0.244698565739,1.50689913186e-08,60
2834,16.5106278962,60,0.275177131603,1.90566261319e-08,60
2835,14.4197990794,60,0.240329984657,1.45357435594e-08,60
2836,15.0621927712,60,0.251036546187,1.58597098378e-08,60
2837,12.5164496008,120,0.417214986692,4.38067602113e-08,30
2838,12.2937211679,120,0.409790705597,4.22615618444e-08,30
2839,12.25651276,120,0.408550425334,4.2006129701e-08,30
2840,12.9642032668,120,0.432140108894,4.69970381989e-08,30
2841,13.2807609299,120,0.442692030996,4.9320190282e-08,30
2842,13.6648375043,120,0.455494583476,5.22140966693e-08,30
2843,11.7187551693,120,0.390625172311,3.84009340026e-08,30
2844,12.4352756609,120,0.414509188696,4.32403957018e-08,30
2845,12.4100471508,120,0.41366823836,4.30651226807e-08,30
2846,11.5878763229,120,0.386262544096,3.75479757144e-08,30
2847,11.1945438636,120,0.37315146212,3.50422214934e-08,30
2848,11.367242868,120,0.378908095599,3.61317589097e-08,30
2849,11.5057060336,120,0.383523534455,3.70173540853e-08,30
2850,11.9571772589,120,0.398572575296,3.99793897373e-08,30
2851,11.9748843915,120,0.399162813049,4.00978866888e-08,30
2852,11.24351459,120,0.374783819667,3.53494776876e-08,30
2853,10.9590095139,120,0.36530031713,3.3583150331e-08,30
2854,10.6745044378,120,0.355816814592,3.18620907193e-08,30
2855,10.5327591351,120,0.351091971171,3.1021524108e-08,30
2856,12.2033701091,120,0.406779003638,4.16426531378e-08,30
2857,13.1101962306,120,0.437006541019,4.8061487708e-08,30
2858,13.0551280003,120,0.435170933344,4.76585795454e-08,30
2859,15.9420590277,60,0.265700983794,1.77667364434e-08,60
2860,13.8483244331,120,0.461610814438,5.36257383129e-08,30
2861,12.3986177496,120,0.413287258321,4.29858350034e-08,30
2862,12.4904114406,120,0.41634704802,4.36246860573e-08,30
2863,12.2690450954,120,0.408968169846,4.20920765041e-08,30
2864,11.3275955172,120,0.37758651724,3.58801534312e-08,30
2865,10.6876396543,120,0.356254655145,3.19405529956e-08,30
2866,10.5297224529,120,0.350990748431,3.10036391589e-08,30
2867,10.5215983691,120,0.350719945637,3.09558166262e-08,30
2868,10.5124460778,120,0.350414869262,3.09019857505e-08,30
2869,10.6358321694,120,0.35452773898,3.16316449273e-08,30
2870,10.5124460778,120,0.350414869262,3.09019857505e-08,30
2871,10.5124460778,120,0.350414869262,3.09019857505e-08,30
2872,10.5124460778,120,0.350414869262,3.09019857505e-08,30
2873,10.5124460778,120,0.350414869262,3.09019857505e-08,30
2874,10.5124460778,120,0.350414869262,3.09019857505e-08,30
2875,10.5124460778,120,0.350414869262,3.09019857505e-08,30
2876,10.5124460778,120,0.350414869262,3.09019857505e-08,30
2877,10.5099337681,120,0.350331125604,3.08872173357e-08,30
2878,10.5026830537,120,0.350089435124,3.08446143765e-08,30
2879,10.6694291574,120,0.35564763858,3.18317997392e-08,30
2880,11.2064350492,120,0.373547834973,3.51167068636e-08,30
2881,10.9394320789,120,0.364647735964,3.34632700299e-08,30
2882,11.8592811132,120,0.39530937044,3.93274287645e-08,30
2883,11.6280478652,120,0.387601595505,3.7808761135e-08,30
2884,11.9511582302,120,0.398371941007,3.99391500517e-08,30
2885,10.8662690927,120,0.362208969757,3.30171617283e-08,30
2886,10.6385451155,120,0.354618170516,3.16477839356e-08,30
2887,11.4523808554,120,0.381746028512,3.66750226059e-08,30
2888,11.6374639898,120,0.387915466327,3.78700192512e-08,30
2889,11.6805319774,120,0.389351065912,3.81508370477e-08,30
2890,12.1173749093,120,0.403912496978,4.10578227776e-08,30
2891,11.3246180826,120,0.377487269419,3.58612938647e-08,30
2892,10.4796911174,120,0.349323037247,3.07097152924e-08,30
2893,10.4540720271,120,0.348469067569,3.05597503185e-08,30
2894,10.4503082301,120,0.348343607671,3.05377493242e-08,30
2895,10.4358388906,120,0.347861296353,3.04532436508e-08,30
2896,10.4072735655,120,0.34690911885,3.02867565586e-08,30
2897,10.4008297493,120,0.346694324977,3.02492631896e-08,30
2898,10.3889557526,120,0.346298525087,3.01802351154e-08,30
2899,10.3853411313,120,0.346178037709,3.01592375971e-08,30
2900,10.748977142,120,0.358299238066,3.23082254156e-08,30
2901,10.9191716254,120,0.363972387515,3.33394330352e-08,30
2902,12.114856044,120,0.403828534799,4.10407549918e-08,30
2903,11.8675808568,120,0.395586028562,3.93824947997e-08,30
2904,13.0066013807,120,0.433553379358,4.73049389643e-08,30
2905,13.6560324217,120,0.455201080724,5.21468289378e-08,30
2906,14.7017186679,60,0.245028644465,1.51096724576e-08,60
2907,16.6593603897,60,0.277656006495,1.94015077213e-08,60
2908,18.5164098259,60,0.308606830432,2.3968033515e-08,60
2909,14.1410893252,60,0.235684822087,1.39792723306e-08,60
2910,12.5567588956,120,0.418558629854,4.40893743849e-08,30
2911,10.3765563723,120,0.34588521241,3.01082369463e-08,30
2912,10.3705084312,120,0.345683614372,3.00731502041e-08,30
2913,11.2915921403,120,0.376386404675,3.56524345368e-08,30
2914,11.4108060546,120,0.380360201821,3.64092282413e-08,30
2915,10.9448855296,120,0.364829517655,3.34966421063e-08,30
2916,10.3609882994,120,0.345366276645,3.00179612144e-08,30
2917,10.3359560625,120,0.344531868751,2.98730891273e-08,30
2918,10.3887260303,120,0.346290867675,3.01789004292e-08,30
2919,10.4289753033,120,0.34763251011,3.04131990002e-08,30
2920,10.3705084312,120,0.345683614372,3.00731502041e-08,30
2921,10.3705084312,120,0.345683614372,3.00731502041e-08,30
2922,10.3705084312,120,0.345683614372,3.00731502041e-08,30
2923,10.3609882994,120,0.345366276645,3.00179612144e-08,30
2924,10.7856966371,120,0.359523221235,3.25293381846e-08,30
2925,10.3359560625,120,0.344531868751,2.98730891273e-08,30
2926,10.6446442569,120,0.354821475229,3.16840820642e-08,30
2927,10.663776647,120,0.355459221567,3.17980806125e-08,30
2928,11.5654028593,120,0.385513428644,3.7402476267e-08,30
2929,11.0184367605,120,0.367281225351,3.39483594911e-08,30
2930,11.3156339168,120,0.377187797225,3.58044167128e-08,30
2931,12.4297845021,120,0.414326150069,4.32022160165e-08,30
2932,12.7515276499,120,0.425050921662,4.54677286519e-08,30
2933,11.0746888491,120,0.369156294971,3.42958753588e-08,30
2934,11.1993596164,120,0.373311987215,3.50723774298e-08,30
2935,10.9440277078,120,0.364800923593,3.34913916127e-08,30
2936,10.8516698712,120,0.361722329041,3.292850185e-08,30
2937,10.3535408061,120,0.34511802687,2.99748228167e-08,30
2938,10.4301135979,120,0.347670453263,3.04198384003e-08,30
2939,10.2949083661,120,0.343163612205,2.9636287305e-08,30
2940,10.2683633555,120,0.342278778518,2.94836523711e-08,30
2941,10.256485484,120,0.341882849468,2.94154817241e-08,30
2942,10.2370343339,120,0.341234477797,2.93040161731e-08,30
2943,10.2249872489,120,0.340832908298,2.92350860049e-08,30
2944,10.2025947029,120,0.340086490097,2.91071775472e-08,30
2945,10.1830556967,120,0.33943518989,2.8995797892e-08,30
2946,10.2543455898,120,0.341811519661,2.94032086209e-08,30
2947,10.580867282,120,0.352695576066,3.13055515394e-08,30
2948,10.1711544419,120,0.339038481397,2.89280609117e-08,30
2949,10.2516622086,120,0.34172207362,2.9387822033e-08,30
2950,10.9001276448,120,0.363337588159,3.32232407332e-08,30
2951,10.6125746403,120,0.35375248801,3.14934574236e-08,30
2952,10.7241887262,120,0.357472957541,3.21593840396e-08,30
2953,10.86967169,120,0.362322389668,3.30378425517e-08,30
2954,10.8810477421,120,0.362701591405,3.31070326622e-08,30
2955,10.8268796097,120,0.360895986991,3.27782256676e-08,30
2956,10.2706949681,120,0.342356498938,2.94970434554e-08,30
2957,10.1528348011,120,0.338427826705,2.88239479657e-08,30
2958,10.1305803697,120,0.337686012323,2.86977255728e-08,30
2959,10.0934281016,120,0.336447603386,2.84876229875e-08,30
2960,10.1142951173,120,0.337143170576,2.86055345932e-08,30
2961,10.2088417418,120,0.340294724728,2.91428330534e-08,30
2962,10.0841717382,120,0.336139057939,2.84353967515e-08,30
2963,10.0744042179,120,0.335813473931,2.83803384265e-08,30
2964,10.0704514132,120,0.335681713775,2.83580721119e-08,30
2965,10.0435489768,120,0.334784965892,2.82067616718e-08,30
2966,9.99785049238,120,0.333261683079,2.79506622094e-08,30
2967,9.99456729621,120,0.333152243207,2.79323077762e-08,30
2968,9.98496419781,120,0.332832139927,2.78786570624e-08,30
2969,9.97318014799,120,0.332439338266,2.78128922546e-08,30
2970,9.96086981728,120,0.332028993909,2.77442733015e-08,30
2971,9.95309944262,120,0.331769981421,2.77010041262e-08,30
2972,9.94960927436,120,0.331653642479,2.7681580184e-08,30
2973,9.94566984288,120,0.331522328096,2.76596641274e-08,30
2974,9.9434353919,120,0.331447846397,2.76472371674e-08,30
2975,9.93470248743,120,0.331156749581,2.75986956628e-08,30
2976,10.5895014631,120,0.352983382102,3.13566641897e-08,30
2977,10.7436467739,120,0.35812155913,3.22761903612e-08,30
2978,10.9742072617,120,0.365806908724,3.36763598766e-08,30
2979,11.1337053402,120,0.37112351134,3.46623714669e-08,30
2980,10.776635806,120,0.359221193532,3.24747067509e-08,30
2981,10.8849699737,120,0.362832332457,3.31309047846e-08,30
2982,10.1471052283,120,0.338236840945,2.87914245746e-08,30
2983,10.3415162502,120,0.344717208341,2.99052379984e-08,30
2984,10.0820529868,120,0.336068432895,2.84234490761e-08,30
2985,9.91829528658,120,0.330609842886,2.7507612225e-08,30
2986,9.90803751822,120,0.330267917274,2.74507434196e-08,30
2987,9.89464208534,120,0.329821402845,2.73765680807e-08,30
2988,9.89194474036,120,0.329731491345,2.73616440475e-08,30
2989,9.89194474036,120,0.329731491345,2.73616440475e-08,30
2990,9.88291780182,120,0.329430593394,2.73117288511e-08,30
2991,9.87093559237,120,0.329031186412,2.72455426341e-08,30
2992,9.87093559237,120,0.329031186412,2.72455426341e-08,30
2993,9.87093559237,120,0.329031186412,2.72455426341e-08,30
2994,9.86740695164,120,0.328913565055,2.72260667604e-08,30
2995,9.86447185203,120,0.328815728401,2.72098721647e-08,30
2996,9.85754905242,120,0.328584968414,2.71716942678e-08,30
2997,9.85469978964,120,0.328489992988,2.7155988922e-08,30
2998,10.1348550473,120,0.337828501576,2.87219491418e-08,30
2999,9.84923181085,120,0.328307727028,2.71258617381e-08,30
3000,10.0848895618,120,0.336162985394,2.84394451408e-08,30
3001,10.4033306089,120,0.346777686963,3.02638116932e-08,30
3002,11.0091437334,120,0.36697145778,3.3891119069e-08,30
3003,10.9240006224,120,0.36413335408,3.33689282436e-08,30
3004,11.4930303816,120,0.383101012721,3.69358361616e-08,30
3005,10.6408964368,120,0.354696547894,3.16617750091e-08,30
3006,10.1833783551,120,0.33944594517,2.8997635432e-08,30
3007,10.742455475,120,0.358081849165,3.22690329294e-08,30
3008,10.355216931,120,0.345173897701,2.99845287938e-08,30
3009,10.6083207439,120,0.353610691463,3.14682150937e-08,30
3010,9.9797982906,120,0.33265994302,2.78498174397e-08,30
3011,10.0085261486,120,0.333617538285,2.8010385241e-08,30
3012,9.84923181085,120,0.328307727028,2.71258617381e-08,30
3013,9.84923181085,120,0.328307727028,2.71258617381e-08,30
3014,9.84923181085,120,0.328307727028,2.71258617381e-08,30
3015,9.84923181085,120,0.328307727028,2.71258617381e-08,30
3016,9.84923181085,120,0.328307727028,2.71258617381e-08,30
3017,9.84923181085,120,0.328307727028,2.71258617381e-08,30
3018,9.83928363785,120,0.327976121262,2.70710926985e-08,30
3019,9.86827914593,120,0.328942638198,2.72308800755e-08,30
3020,9.81715875109,120,0.327238625036,2.69494839554e-08,30
3021,10.0850846832,120,0.336169489439,2.84405456382e-08,30
3022,10.3789539919,120,0.345965133063,3.01221522446e-08,30
3023,10.2971320092,120,0.34323773364,2.96490912347e-08,30
3024,10.6572223165,120,0.355240743883,3.17590041975e-08,30
3025,10.4549700721,120,0.348499002402,3.05650009441e-08,30
3026,10.1928579442,120,0.339761931473,2.90516476867e-08,30
3027,10.5271897803,120,0.350906326009,3.09887265861e-08,30
3028,10.7505471173,120,0.358351570578,3.23176638619e-08,30
3029,10.8701998135,120,0.362339993784,3.30410530414e-08,30
3030,10.8255514141,120,0.360851713802,3.27701839736e-08,30
3031,10.6068082217,120,0.353560274056,3.14592423294e-08,30
3032,10.2599599287,120,0.341998664289,2.94354144337e-08,30
3033,10.2825154922,120,0.342750516405,2.95649787128e-08,30
3034,9.88846659459,120,0.329615553153,2.73424059588e-08,30
3035,9.81715875109,120,0.327238625036,2.69494839554e-08,30
3036,9.81168495127,120,0.327056165042,2.69194396302e-08,30
3037,9.79926633765,120,0.326642211255,2.6851339083e-08,30
3038,9.79926633765,120,0.326642211255,2.6851339083e-08,30
3039,9.79926633765,120,0.326642211255,2.6851339083e-08,30
3040,9.79926633765,120,0.326642211255,2.6851339083e-08,30
3041,9.79926633765,120,0.326642211255,2.6851339083e-08,30
3042,9.79926633765,120,0.326642211255,2.6851339083e-08,30
3043,9.79926633765,120,0.326642211255,2.6851339083e-08,30
3044,9.79926633765,120,0.326642211255,2.6851339083e-08,30
3045,9.79926633765,120,0.326642211255,2.6851339083e-08,30
3046,9.87439201527,120,0.329146400509,2.72646266621e-08,30
3047,9.97916108076,120,0.332638702692,2.78462611331e-08,30
3048,10.3771411047,120,0.345904703491,3.01116303184e-08,30
3049,10.431199933,120,0.347706664433,3.04261754086e-08,30
3050,10.8875316689,120,0.362917722297,3.31465008345e-08,30
3051,10.9096464485,120,0.363654881617,3.32812920887e-08,30
3052,10.4705740733,120,0.349019135776,3.06563053134e-08,30
3053,10.1629965302,120,0.338766551007,2.88816752378e-08,30
3054,10.2360841484,120,0.341202804946,2.92985765195e-08,30
3055,10.2505756218,120,0.341685854059,2.93815926573e-08,30
3056,10.1800697266,120,0.339335657553,2.89787955513e-08,30
3057,9.79102279808,120,0.326367426603,2.68061812182e-08,30
3058,9.78706433808,120,0.326235477936,2.67845103983e-08,30
3059,9.7779710892,120,0.32593236964,2.67347620642e-08,30
3060,9.76831912196,120,0.325610637399,2.66820076254e-08,30
3061,9.74980305696,120,0.324993435232,2.65809508226e-08,30
3062,9.73271017359,120,0.324423672453,2.64878316443e-08,30
3063,9.72915450741,120,0.324305150247,2.64684814979e-08,30
3064,9.72501297428,120,0.324167099143,2.64459519428e-08,30
3065,9.7161893508,120,0.32387297836,2.63979842408e-08,30
3066,9.70855430443,120,0.323618476814,2.63565131173e-08,30
3067,9.70257191227,120,0.323419063742,2.63240414613e-08,30
3068,9.69549887195,120,0.323183295732,2.62856757283e-08,30
3069,9.68742124374,120,0.322914041458,2.624189511e-08,30
3070,9.67274373649,120,0.322424791216,2.61624366427e-08,30
3071,9.65245834526,120,0.321748611509,2.60528175363e-08,30
3072,10.0985432126,120,0.336618107087,2.85165040131e-08,30
3073,9.93258348217,120,0.331086116072,2.75869236858e-08,30
3074,10.0294794095,120,0.334315980316,2.8127789794e-08,30
3075,10.1775633722,120,0.339252112405,2.89645280278e-08,30
3076,10.1637936186,120,0.338793120621,2.88862058213e-08,30
3077,10.1513536252,120,0.338378454173,2.88155384475e-08,30
3078,9.87857451228,120,0.329285817076,2.72877285138e-08,30
3079,9.75851372593,120,0.325283790864,2.66284679452e-08,30
3080,9.73742792409,120,0.324580930803,2.65135168369e-08,30
3081,9.64993156619,120,0.32166438554,2.60391793324e-08,30
3082,9.64290871354,120,0.321430290451,2.60012924778e-08,30
3083,9.63690010179,120,0.321230003393,2.59688991406e-08,30
3084,9.62548260476,120,0.320849420159,2.59074013179e-08,30
3085,9.60999383661,120,0.320333127887,2.58240910267e-08,30
3086,9.59519868083,120,0.319839956028,2.5744636795e-08,30
3087,9.58762922729,120,0.31958764091,2.5704033995e-08,30
3088,9.58762922729,120,0.31958764091,2.5704033995e-08,30
3089,9.56994602517,120,0.318998200839,2.56093055786e-08,30
3090,9.56633212929,120,0.318877737643,2.55899675617e-08,30
3091,9.5523588685,120,0.318411962283,2.55152651291e-08,30
3092,9.53414423863,120,0.317804807954,2.5418051861e-08,30
3093,9.52264531113,120,0.317421510371,2.53567764971e-08,30
3094,9.51163873678,120,0.317054624559,2.52981940453e-08,30
3095,9.49260055532,120,0.316420018511,2.519702334e-08,30
3096,9.66050149184,120,0.322016716395,2.60962539186e-08,30
3097,9.66616111813,120,0.322205370604,2.61268399722e-08,30
3098,10.1322092355,120,0.337740307851,2.87069547584e-08,30
3099,10.283337089,120,0.342777902966,2.95697035223e-08,30
3100,10.8978562798,120,0.363261875992,3.32093960798e-08,30
3101,10.5402318931,120,0.351341063103,3.10655578833e-08,30
3102,9.57515132627,120,0.319171710876,2.56371720681e-08,30
3103,9.54733949338,120,0.318244649779,2.5488457711e-08,30
3104,9.59874050556,120,0.319958016852,2.57636462649e-08,30
3105,9.44346814215,120,0.314782271405,2.49368656059e-08,30
3106,9.4177694387,120,0.313925647957,2.48013278708e-08,30
3107,9.41582523741,120,0.313860841247,2.47910889715e-08,30
3108,9.41406790334,120,0.313802263445,2.47818360046e-08,30
3109,9.41087589835,120,0.313695863278,2.47650334205e-08,30
3110,9.40711940975,120,0.313570646992,2.47452667166e-08,30
3111,9.40106280014,120,0.313368760005,2.47134133581e-08,30
3112,9.40106280014,120,0.313368760005,2.47134133581e-08,30
3113,9.39175608374,120,0.313058536125,2.46645067848e-08,30
3114,9.38134504443,120,0.312711501481,2.46098544234e-08,30
3115,9.37047483273,120,0.312349161091,2.45528563403e-08,30
3116,9.65728345096,120,0.321909448365,2.60788707993e-08,30
3117,10.1767672538,120,0.339225575126,2.89599968271e-08,30
3118,9.91421220516,120,0.330473740172,2.74849686761e-08,30
3119,9.9672633413,120,0.332242111377,2.77799008339e-08,30
3120,10.3587050845,120,0.345290169483,3.00047327653e-08,30
3121,10.8679040988,120,0.362263469961,3.3027098409e-08,30
3122,10.9161207619,120,0.363870692064,3.33208052759e-08,30
3123,10.9534369448,120,0.365114564828,3.35490054854e-08,30
3124,10.8892686659,120,0.362975622195,3.31570780645e-08,30
3125,10.4456410831,120,0.348188036105,3.05104788675e-08,30
3126,10.8467324694,120,0.361557748981,3.28985443854e-08,30
3127,10.3009601939,120,0.343365339795,2.96711407325e-08,30
3128,10.468551984,120,0.3489517328,3.0644465695e-08,30
3129,10.4327338171,120,0.347757793903,3.04351242656e-08,30
3130,9.62396961375,120,0.320798987125,2.5899257397e-08,30
3131,9.4157791463,120,0.313859304877,2.47908462639e-08,30
3132,9.5136855038,120,0.317122850127,2.53090828274e-08,30
3133,9.36259753503,120,0.312086584501,2.45115929322e-08,30
3134,9.34559745123,120,0.311519915041,2.44226601712e-08,30
3135,9.3406170486,120,0.31135390162,2.4396636737e-08,30
3136,9.33812114733,120,0.311270704911,2.43836004545e-08,30
3137,9.33181101092,120,0.311060367031,2.43506576694e-08,30
3138,9.31996424352,120,0.310665474784,2.42888704201e-08,30
3139,9.51360096856,120,0.317120032285,2.53086330542e-08,30
3140,9.58364061588,120,0.319454687196,2.5682651842e-08,30
3141,9.9709294829,120,0.332364316097,2.78003405025e-08,30
3142,9.8430803274,120,0.32810267758,2.70919886028e-08,30
3143,10.4068207326,120,0.34689402442,3.02841209901e-08,30
3144,10.4205843405,120,0.347352811351,3.0364278881e-08,30
3145,10.1531340897,120,0.338437802991,2.88256473544e-08,30
3146,10.5557800624,120,0.351859335413,3.11572767014e-08,30
3147,10.3085258419,120,0.343617528062,2.97147412976e-08,30
3148,10.7620346093,120,0.358734486978,3.23867668107e-08,30
3149,10.3412249821,120,0.344707499404,2.9903553464e-08,30
3150,9.31525481385,120,0.310508493795,2.42643300198e-08,30
3151,9.30317665508,120,0.310105888503,2.42014485549e-08,30
3152,9.50093686042,120,0.316697895347,2.52412983108e-08,30
3153,9.43185363938,120,0.314395121313,2.48755637233e-08,30
3154,9.29588160528,120,0.309862720176,2.41635084924e-08,30
3155,9.28860539713,120,0.309620179904,2.41256960686e-08,30
3156,9.27536283814,120,0.309178761271,2.40569541644e-08,30
3157,9.25524325719,120,0.308508108573,2.39527014476e-08,30
3158,9.22250211599,120,0.3074167372,2.37835321226e-08,30
3159,9.21096768276,120,0.307032256092,2.37240779723e-08,30
3160,9.21096768276,120,0.307032256092,2.37240779723e-08,30
3161,9.21096768276,120,0.307032256092,2.37240779723e-08,30
3162,9.2553045085,120,0.308510150283,2.39530184872e-08,30
3163,10.5230951306,120,0.350769837685,3.09646245596e-08,30
3164,11.1591092358,120,0.371970307859,3.482073094e-08,30
3165,11.6180290988,120,0.387267636625,3.77436368831e-08,30
3166,11.2250960643,120,0.374169868809,3.5233757292e-08,30
3167,11.2593735422,120,0.375312451407,3.54492687341e-08,30
3168,12.380346852,120,0.412678228401,4.28592384551e-08,30
3169,12.5857005915,120,0.419523353051,4.42928491521e-08,30
3170,13.0769044108,120,0.435896813692,4.78177045054e-08,30
3171,14.3333497265,60,0.238889162108,1.43619770835e-08,60
3172,13.2969238259,120,0.443230794196,4.9440310234e-08,30
3173,12.3625781083,120,0.412085936943,4.27363003294e-08,30
3174,11.7462729483,120,0.391542431609,3.85814905669e-08,30
3175,12.1595124125,120,0.405317080415,4.1343871904e-08,30
3176,11.9051609147,120,0.396838697156,3.96323080918e-08,30
3177,11.5847924662,120,0.386159748872,3.7527993249e-08,30
3178,12.4993447155,120,0.416644823849,4.36871100498e-08,30
3179,12.0995028376,120,0.403316761255,4.09367986744e-08,30
3180,12.1719710372,120,0.405732367906,4.14286370898e-08,30
3181,10.9466047835,120,0.364886826116,3.35071664289e-08,30
3182,11.2224149337,120,0.374080497789,3.52169280333e-08,30
3183,10.9541712813,120,0.365139042709,3.35535039973e-08,30
3184,11.1998956866,120,0.373329856219,3.50757350689e-08,30
3185,10.5643188855,120,0.35214396285,3.1207704823e-08,30
3186,12.9008732268,120,0.430029107561,4.65389993073e-08,30
3187,13.0792462372,120,0.435974874574,4.78348325333e-08,30
3188,12.9908623365,120,0.43302874455,4.7190522595e-08,30
3189,12.7681862053,120,0.425606206842,4.55866040443e-08,30
3190,14.4610956086,60,0.241018260143,1.46191199383e-08,60
3191,12.7277646343,120,0.424258821142,4.52984244489e-08,30
3192,12.5032561444,120,0.416775204812,4.37144564051e-08,30
3193,13.4702610819,120,0.44900870273,5.07377088847e-08,30
3194,13.3230744515,120,0.444102481717,4.96349667437e-08,30
3195,13.9148354806,120,0.463827849352,5.41420851337e-08,30
3196,13.504090532,120,0.450136351068,5.09928760439e-08,30
3197,12.6247756074,120,0.420825853579,4.45683094658e-08,30
3198,13.1526768604,120,0.438422562013,4.83734571152e-08,30
3199,13.9913510696,120,0.466378368987,5.47391606251e-08,30
3200,12.843562267,120,0.428118742232,4.61264271831e-08,30
3201,12.1541873878,120,0.405139579592,4.13076683253e-08,30
3202,11.0237251093,120,0.367457503644,3.398095465e-08,30
3203,11.7388462502,120,0.391294875008,3.85327189268e-08,30
3204,11.470612575,120,0.382353752501,3.67918858101e-08,30
3205,10.6756344939,120,0.355854483132,3.18688372354e-08,30
3206,11.07400752,120,0.369133584001,3.42916556359e-08,30
3207,10.7260093676,120,0.357533645587,3.2170304339e-08,30
3208,10.3523285194,120,0.345077617313,2.9967803778e-08,30
3209,10.4947210818,120,0.349824036062,3.07978661573e-08,30
3210,10.8421692294,120,0.361405640981,3.28708692537e-08,30
3211,11.2668881865,120,0.37556293955,3.54966030798e-08,30
3212,11.3386270411,120,0.377954234705,3.5950072154e-08,30
3213,12.1987000693,120,0.406623335644,4.16107872458e-08,30
3214,13.7407853496,120,0.458026178321,5.27961113774e-08,30
3215,12.9460255928,120,0.431534186428,4.68653374076e-08,30
3216,12.4527014032,120,0.415090046772,4.336166747e-08,30
3217,10.8589556318,120,0.361965187726,3.29727327784e-08,30
3218,10.8896206333,120,0.362987354444,3.31592215328e-08,30
3219,11.4719115523,120,0.382397051744,3.68002191977e-08,30
3220,10.8142286751,120,0.36047428917,3.27016693676e-08,30
3221,9.97475418896,120,0.332491806299,2.78216722197e-08,30
3222,9.857204274,120,0.3285734758,2.71697935824e-08,30
3223,11.661554822,120,0.388718494065,3.80269717589e-08,30
3224,11.3257394654,120,0.377524648848,3.58683963084e-08,30
3225,11.0255488279,120,0.367518294264,3.39921989118e-08,30
3226,10.0236928886,120,0.334123096287,2.8095342429e-08,30
3227,10.5220470654,120,0.350734902181,3.09584569203e-08,30
3228,10.3486882968,120,0.344956276562,2.99467321332e-08,30
3229,10.1598978256,120,0.338663260852,2.88640658374e-08,30
3230,10.1789057672,120,0.339296858907,2.89721692288e-08,30
3231,9.99440249875,120,0.333146749958,2.79313866487e-08,30
3232,10.1538618156,120,0.338462060519,2.88297796586e-08,30
3233,9.74561474873,120,0.324853824958,2.65581185044e-08,30
3234,10.8703356336,120,0.36234452112,3.30418787238e-08,30
3235,10.9380940069,120,0.364603133564,3.34550843168e-08,30
3236,11.6132247934,120,0.387107493112,3.77124277228e-08,30
3237,11.9121266638,120,0.397070888793,3.96786996495e-08,30
3238,12.4105778419,120,0.413685928062,4.30688059486e-08,30
3239,12.233436358,120,0.407781211932,4.18481014237e-08,30
3240,12.5143261813,120,0.417144206042,4.37918978115e-08,30
3241,12.7958550444,120,0.426528501481,4.57843917416e-08,30
3242,13.46854533,120,0.448951511,5.07247844468e-08,30
3243,13.4862099149,120,0.449540330495,5.08579272368e-08,30
3244,13.0594602742,120,0.435315342474,4.76902152793e-08,30
3245,12.6112603904,120,0.420375346346,4.44729370054e-08,30
3246,11.2805618258,120,0.376018727527,3.55828136224e-08,30
3247,13.1404703423,120,0.438015678075,4.82837115083e-08,30
3248,11.718917479,120,0.390630582633,3.8401997748e-08,30
3249,11.1439757878,120,0.371465859592,3.47263505746e-08,30
3250,11.0891410852,120,0.369638036174,3.43854445562e-08,30
3251,10.267196555,120,0.342239885168,2.94769522603e-08,30
3252,10.4457727753,120,0.348192425843,3.05112481866e-08,30
3253,10.0122853035,120,0.33374284345,2.80314303281e-08,30
3254,9.78499221692,120,0.326166407231,2.67731699446e-08,30
3255,9.37909446722,120,0.312636482241,2.45980480708e-08,30
3256,9.46023233179,120,0.315341077726,2.50254808051e-08,30
3257,10.162307468,120,0.338743582266,2.88777589525e-08,30
3258,10.6901523628,120,0.356338412095,3.19555734746e-08,30
3259,11.0664884466,120,0.368882948219,3.42451044768e-08,30
3260,13.0623609365,120,0.435412031216,4.77114027661e-08,30
3261,12.8840959363,120,0.429469864543,4.64180322079e-08,30
3262,12.3838570719,120,0.412795235731,4.28835457999e-08,30
3263,13.0438222099,120,0.434794073664,4.75760702661e-08,30
3264,14.1365457519,60,0.235609095864,1.39702906116e-08,60
3265,14.1188694077,60,0.235314490128,1.39353755369e-08,60
3266,13.3459839567,120,0.44486613189,4.98058117217e-08,30
3267,13.2147887251,120,0.440492957503,4.88314110354e-08,30
3268,13.6874147265,120,0.456247157549,5.23867768224e-08,30
3269,14.2199330634,60,0.23699888439,1.41355899471e-08,60
3270,13.2697142769,120,0.44232380923,4.92381774449e-08,30
3271,12.8263807812,120,0.42754602604,4.60030983998e-08,30
3272,11.1363922766,120,0.371213075888,3.46791038709e-08,30
3273,12.0632857719,120,0.402109525731,4.06920957604e-08,30
3274,11.7840438273,120,0.392801460909,3.88300119097e-08,30
3275,10.9957923486,120,0.366526411619,3.3808965724e-08,30
3276,10.3699691871,120,0.345665639569,3.00700228074e-08,30
3277,10.3689559619,120,0.345631865397,3.00641469529e-08,30
3278,10.0217607654,120,0.334058692178,2.80845124018e-08,30
3279,10.055417882,120,0.335180596065,2.8273467414e-08,30
3280,10.1656073854,120,0.338853579513,2.88965164428e-08,30
3281,9.85437034667,120,0.328479011556,2.7154173301e-08,30
3282,10.5473927305,120,0.351579757685,3.11077829461e-08,30
3283,10.3066070896,120,0.343553569654,2.97036805658e-08,30
3284,11.1115951569,120,0.370386505229,3.45248376658e-08,30
3285,12.7565575247,120,0.425218584156,4.55036054652e-08,30
3286,12.9950686992,120,0.433168956639,4.72210875544e-08,30
3287,13.2769340313,120,0.44256446771,4.92917708001e-08,30
3288,13.0585831149,120,0.435286103829,4.76838091166e-08,30
3289,15.195218567,60,0.253253642784,1.61410854606e-08,60
3290,13.4716055778,120,0.44905351926,5.07478378711e-08,30
3291,13.0060922423,120,0.433536408078,4.73012355696e-08,30
3292,12.7961272661,120,0.426537575537,4.57863398156e-08,30
3293,12.9011362648,120,0.430037875494,4.65408971091e-08,30
3294,10.0145547062,120,0.333818490208,2.80441390778e-08,30
3295,10.8989174567,120,0.363297248557,3.32158639135e-08,30
3296,11.2351722813,120,0.37450574271,3.52970409071e-08,30
3297,11.0288846234,120,0.367629487445,3.40127707993e-08,30
3298,11.8175827299,120,0.39391942433,3.90513568547e-08,30
3299,10.8029593582,120,0.360098645273,3.26335492143e-08,30
3300,11.0407698444,120,0.368025661479,3.40861176753e-08,30
3301,10.766138159,120,0.358871271968,3.24114695829e-08,30
3302,10.3437573055,120,0.344791910183,2.99182006144e-08,30
3303,10.3456392775,120,0.344854642585,2.99290884065e-08,30
3304,10.4077851247,120,0.346926170824,3.02897340627e-08,30
3305,11.2016585693,120,0.373388618975,3.50867778989e-08,30
3306,11.0362735717,120,0.367875785722,3.40583606846e-08,30
3307,11.6347934925,120,0.38782644975,3.78526408632e-08,30
3308,11.7807180834,120,0.392690602779,3.88080974541e-08,30
3309,14.4208406802,60,0.24034734467,1.4537843587e-08,60
3310,14.1205791468,60,0.23534298578,1.39387507787e-08,60
3311,14.7550028508,60,0.24591671418,1.5219396438e-08,60
3312,16.109868955,60,0.268497815916,1.81427388648e-08,60
3313,13.8252037463,120,0.460840124878,5.34468244104e-08,30
3314,14.7935963482,60,0.246559939137,1.52991169113e-08,60
3315,13.1041636216,120,0.436805454053,4.80172672478e-08,30
3316,13.2051381853,120,0.440171272842,4.87601155476e-08,30
3317,13.1249645584,120,0.437498818613,4.81698289674e-08,30
3318,13.4258051673,120,0.447526838911,5.04033621079e-08,30
3319,11.8564712734,120,0.395215709114,3.93087951422e-08,30
3320,11.5806976212,120,0.386023254039,3.75014681029e-08,30
3321,10.9211488244,120,0.364038294145,3.33515080646e-08,30
3322,10.5692446611,120,0.35230815537,3.1236813749e-08,30
3323,10.9017458767,120,0.363391529222,3.32331061035e-08,30
3324,10.4499345992,120,0.348331153305,3.05355657244e-08,30
3325,9.97774673816,120,0.332591557939,2.7838368413e-08,30
3326,10.0323405314,120,0.334411351047,2.81438401815e-08,30
3327,9.99319136196,120,0.333106378732,2.79246175236e-08,30
3328,9.99319136196,120,0.333106378732,2.79246175236e-08,30
3329,9.99319136196,120,0.333106378732,2.79246175236e-08,30
3330,10.2430662681,120,0.341435542271,2.9338559766e-08,30
3331,9.99785049238,120,0.333261683079,2.79506622094e-08,30
3332,10.9976986094,120,0.366589953648,3.3820689171e-08,30
3333,11.3019858526,120,0.376732861752,3.57180996246e-08,30
3334,11.5275396427,120,0.384251321422,3.71579781005e-08,30
3335,12.6439895181,120,0.42146631727,4.47040715862e-08,30
3336,10.3987747693,120,0.346625825642,3.02373111641e-08,30
3337,12.1411273441,120,0.404704244802,4.12189433301e-08,30
3338,13.3664083876,120,0.445546946252,4.99583720357e-08,30
3339,14.1889129231,60,0.236481882051,1.40739849154e-08,60
3340,13.6876360968,120,0.45625453656,5.23884713677e-08,30
3341,13.4245831356,120,0.44748610452,5.03941869852e-08,30
3342,13.1093783892,120,0.43697927964,4.80554915435e-08,30
3343,13.18048181,120,0.439349393665,4.85781976782e-08,30
3344,13.9816242987,120,0.466054143289,5.46630778795e-08,30
3345,13.128256828,120,0.437608560933,4.81939978638e-08,30
3346,12.9679365777,120,0.43226455259,4.70241096377e-08,30
3347,10.209802157,120,0.340326738566,2.91483166401e-08,30
3348,10.209802157,120,0.340326738566,2.91483166401e-08,30
3349,10.209802157,120,0.340326738566,2.91483166401e-08,30
3350,10.209802157,120,0.340326738566,2.91483166401e-08,30
3351,10.209802157,120,0.340326738566,2.91483166401e-08,30
3352,10.209802157,120,0.340326738566,2.91483166401e-08,30
3353,10.209802157,120,0.340326738566,2.91483166401e-08,30
3354,10.209802157,120,0.340326738566,2.91483166401e-08,30
3355,10.209802157,120,0.340326738566,2.91483166401e-08,30
3356,10.8016391515,120,0.360054638382,3.2625573548e-08,30
3357,11.0848557063,120,0.369495190211,3.43588733033e-08,30
3358,11.3137531667,120,0.377125105557,3.57925157335e-08,30
3359,10.2369501279,120,0.341231670931,2.93035340875e-08,30
3360,11.5540222682,120,0.385134075605,3.7328902892e-08,30
3361,12.5421526917,120,0.418071756389,4.39868632422e-08,30
3362,13.3247049369,120,0.44415683123,4.96471161976e-08,30
3363,13.6501318168,120,0.455004393894,5.21017746572e-08,30
3364,15.0860070246,60,0.25143345041,1.59098998369e-08,60
3365,13.0003288418,120,0.433344294728,4.72593235861e-08,30
3366,13.0582541283,120,0.435275137609,4.76814065381e-08,30
3367,11.7670824056,120,0.392236080187,3.87183120168e-08,30
3368,11.6962123915,120,0.389873746384,3.82533362258e-08,30
3369,11.6147875283,120,0.387159584278,3.77225779603e-08,30
3370,11.7714353886,120,0.392381179621,3.87469633549e-08,30
3371,10.8931135275,120,0.36310378425,3.31804968796e-08,30
3372,10.7255021212,120,0.357516737374,3.21672616632e-08,30
3373,11.2716181757,120,0.375720605855,3.55264132258e-08,30
3374,10.9007633748,120,0.363358779162,3.3227116216e-08,30
3375,10.4900262787,120,0.349667542624,3.07703175304e-08,30
3376,10.3900086182,120,0.346333620605,3.01863526388e-08,30
3377,10.7175796553,120,0.357252655175,3.21197580756e-08,30
3378,11.9007344082,120,0.396691146941,3.96028418705e-08,30
3379,11.3138883771,120,0.377129612571,3.57933712498e-08,30
3380,11.5777364206,120,0.385924547352,3.74822921989e-08,30
3381,11.6285756211,120,0.387619187369,3.78121932245e-08,30
3382,12.6550044594,120,0.421833481978,4.47819943348e-08,30
3383,13.2381093447,120,0.441270311489,4.90039122546e-08,30
3384,14.2614871989,60,0.237691453314,1.42183259865e-08,60
3385,13.7785791342,120,0.459285971141,5.308694031e-08,30
3386,13.1639377685,120,0.438797925617,4.84563242381e-08,30
3387,13.2277705063,120,0.440925683542,4.89273989587e-08,30
3388,13.1007647437,120,0.436692158124,4.79923616274e-08,30
3389,14.3641579247,60,0.239402632079,1.44237828953e-08,60
3390,13.5790412033,120,0.452634706778,5.15604902218e-08,30
3391,12.3842401353,120,0.412808004509,4.28861988293e-08,30
3392,12.8280596291,120,0.427601987638,4.60151419003e-08,30
3393,11.8145816453,120,0.393819388176,3.90315251264e-08,30
3394,12.5240024492,120,0.417466748306,4.385964512e-08,30
3395,11.5292844159,120,0.38430948053,3.71692271883e-08,30
3396,11.1253122961,120,0.370843743203,3.46101313277e-08,30
3397,10.6883332784,120,0.356277775948,3.19446989917e-08,30
3398,11.026928762,120,0.367564292067,3.4000708226e-08,30
3399,10.4358059991,120,0.347860199971,3.04530516873e-08,30
3400,10.5909256812,120,0.35303085604,3.13650992862e-08,30
3401,11.1136842571,120,0.370456141904,3.45378209731e-08,30
3402,10.9860317073,120,0.366201056911,3.37489699165e-08,30
3403,11.7606359773,120,0.392021199243,3.86759010866e-08,30
3404,12.3064947038,120,0.410216490126,4.23494294669e-08,30
3405,12.3266772988,120,0.410889243292,4.24884491102e-08,30
3406,13.9135066773,120,0.463783555909,5.41317449834e-08,30
3407,13.4307206525,120,0.447690688417,5.04402764428e-08,30
3408,13.0416012619,120,0.434720042064,4.75598702624e-08,30
3409,13.6822388157,120,0.456074627191,5.23471640808e-08,30
3410,13.3455092128,120,0.444850307095,4.98022683962e-08,30
3411,13.1305856196,120,0.43768618732,4.82110974274e-08,30
3412,13.8938491164,120,0.463128303879,5.39788940309e-08,30
3413,12.9105071975,120,0.430350239916,4.66085330132e-08,30
3414,13.0945724173,120,0.436485747245,4.79470033391e-08,30
3415,12.5892860876,120,0.419642869586,4.43180896156e-08,30
3416,12.719947337,120,0.423998244565,4.52427976339e-08,30
3417,12.5799281061,120,0.41933093687,4.42522282603e-08,30
3418,12.3177511633,120,0.410591705444,4.242693694e-08,30
3419,11.5297324202,120,0.384324414006,3.71721158839e-08,30
3420,11.3657457766,120,0.378858192554,3.61222422692e-08,30
3421,11.9896456248,120,0.399654854159,4.01968035635e-08,30
3422,11.0579527472,120,0.368598424906,3.41922976286e-08,30
3423,11.5752572704,120,0.385841909015,3.74662416902e-08,30
3424,11.457137389,120,0.381904579635,3.67054935112e-08,30
3425,11.7100556902,120,0.390335189672,3.83439408968e-08,30
3426,11.9746055586,120,0.399153518621,4.00960193678e-08,30
3427,12.4032396623,120,0.413441322075,4.30178891902e-08,30
3428,12.1401259378,120,0.404670864593,4.12121440922e-08,30
3429,12.708459851,120,0.423615328366,4.51611162708e-08,30
3430,13.5422160315,120,0.451407201051,5.12812143442e-08,30
3431,13.6402353391,120,0.454674511304,5.20262534621e-08,30
3432,13.4029640792,120,0.446765469307,5.02320072722e-08,30
3433,13.7858068063,120,0.459526893542,5.31426493387e-08,30
3434,14.6929664894,60,0.244882774823,1.50916877321e-08,60
3435,13.1034247022,120,0.436780823408,4.8011852192e-08,30
3436,13.5246701451,120,0.450822338172,5.11484160689e-08,30
3437,13.0449125593,120,0.434830418644,4.75840244847e-08,30
3438,12.7168372845,120,0.423894576151,4.52206764304e-08,30
3439,13.2885036857,120,0.442950122856,4.93777149236e-08,30
3440,13.1082569293,120,0.436941897643,4.8047269948e-08,30
3441,12.6718274273,120,0.422394247578,4.49011356285e-08,30
3442,11.7946930985,120,0.393156436615,3.89002251876e-08,30
3443,11.5645107406,120,0.385483691354,3.73967062713e-08,30
3444,11.2856310025,120,0.376187700084,3.56148006991e-08,30
3445,11.132976758,120,0.371099225267,3.46578350509e-08,30
3446,10.920183783,120,0.364006126099,3.33456141492e-08,30
3447,10.849946326,120,0.361664877532,3.29180427672e-08,30
3448,11.2133812501,120,0.373779375003,3.51602538609e-08,30
3449,11.3068914041,120,0.376896380136,3.57491127592e-08,30
3450,11.4614868163,120,0.382049560543,3.67333675205e-08,30
3451,11.4704352909,120,0.382347843029,3.67907485443e-08,30
3452,11.3314503086,120,0.377715010285,3.5904577686e-08,30
3453,11.217805737,120,0.373926857899,3.51880058422e-08,30
3454,11.7639642725,120,0.392132142418,3.86977949761e-08,30
3455,11.9581879715,120,0.398606265716,3.99861487541e-08,30
3456,11.6799271351,120,0.389330904503,3.81468860904e-08,30
3457,12.6364253829,120,0.421214179429,4.46506000936e-08,30
3458,12.0898279791,120,0.40299426597,4.08713580697e-08,30
3459,12.3234458731,120,0.410781529102,4.24661754242e-08,30
3460,12.596237723,120,0.419874590765,4.43670468412e-08,30
3461,12.872175197,120,0.429072506567,4.63321773243e-08,30
3462,11.7664474702,120,0.392214915672,3.87141337566e-08,30
3463,11.416797974,120,0.380559932467,3.64474759231e-08,30
3464,11.2214095021,120,0.374046983404,3.52106180501e-08,30
3465,11.0513822694,120,0.368379408979,3.41516765492e-08,30
3466,11.0743381525,120,0.369144605083,3.42937033324e-08,30
3467,10.8921724778,120,0.363072415925,3.31747642395e-08,30
3468,10.8675338174,120,0.362251127246,3.30248479081e-08,30
3469,10.8675338174,120,0.362251127246,3.30248479081e-08,30
3470,10.8592476423,120,0.361974921409,3.29745061558e-08,30
3471,10.843038288,120,0.361434609601,3.28761390214e-08,30
3472,10.8052008044,120,0.360173360146,3.26470925278e-08,30
3473,10.7432034616,120,0.358106782054,3.22735268082e-08,30
3474,10.7046259652,120,0.356820865507,3.20421625802e-08,30
3475,10.6783659215,120,0.355945530716,3.18851470024e-08,30
3476,11.1664626151,120,0.372215420505,3.48666368277e-08,30
3477,11.2439326105,120,0.374797753682,3.53521062392e-08,30
3478,12.2820508497,120,0.40940169499,4.21813628923e-08,30
3479,13.3016624408,120,0.443388748028,4.94755545268e-08,30
3480,13.2605932754,120,0.442019775847,4.9170512515e-08,30
3481,13.5457763819,120,0.451525879395,5.13081823219e-08,30
3482,13.5044287099,120,0.450147623663,5.09954300668e-08,30
3483,12.8323151224,120,0.427743837412,4.60456764642e-08,30
3484,12.6964397483,120,0.423214658275,4.50757267674e-08,30
3485,12.8916497084,120,0.429721656947,4.64724766989e-08,30
3486,12.0757890522,120,0.402526301741,4.07764920616e-08,30
3487,12.2983934873,120,0.409946449576,4.22936915851e-08,30
3488,11.6900641564,120,0.389668805214,3.82131302715e-08,30
3489,11.3438426187,120,0.37812808729,3.59831526165e-08,30
3490,11.3435501828,120,0.378118339426,3.5981297402e-08,30
3491,10.8751197542,120,0.362503991806,3.30709691076e-08,30
3492,11.049760134,120,0.3683253378,3.41416516356e-08,30
3493,10.7046259652,120,0.356820865507,3.20421625802e-08,30
3494,10.6783659215,120,0.355945530716,3.18851470024e-08,30
3495,10.6596092505,120,0.35532030835,3.17732321332e-08,30
3496,10.6213802407,120,0.354046008025,3.15457414099e-08,30
3497,10.6113621124,120,0.353712070414,3.14862613351e-08,30
3498,10.6081983656,120,0.353606612188,3.14674890594e-08,30
3499,10.5987882418,120,0.353292941393,3.14116866273e-08,30
3500,10.5888519211,120,0.352961730702,3.1352817579e-08,30
3501,10.5705886635,120,0.352352955451,3.12447585026e-08,30
3502,10.5516435629,120,0.351721452095,3.11328622465e-08,30
3503,10.5406260422,120,0.351354201408,3.10678813032e-08,30
3504,10.5293844853,120,0.350979482842,3.10016489716e-08,30
3505,11.3410459149,120,0.37803486383,3.5965412276e-08,30
3506,12.4386213176,120,0.414620710588,4.32636661121e-08,30
3507,13.8109114279,120,0.460363714263,5.33363762459e-08,30
3508,13.3968405558,120,0.446561351861,5.01861179298e-08,30
3509,12.0747162072,120,0.402490540241,4.0769247001e-08,30
3510,11.4729022106,120,0.382430073688,3.6806575247e-08,30
3511,12.8795200859,120,0.429317336196,4.63850668753e-08,30
3512,11.704205337,120,0.390140177901,3.83056371409e-08,30
3513,10.5037870989,120,0.350126236629,3.08510995072e-08,30
3514,10.4927916459,120,0.34975972153,3.07865429315e-08,30
3515,10.9978248978,120,0.366594163259,3.38214659122e-08,30
3516,11.0709920617,120,0.369033068723,3.42729829051e-08,30
3517,10.7115486112,120,0.357051620373,3.20836191006e-08,30
3518,10.7981445307,120,0.359938151024,3.26044664621e-08,30
3519,10.6205223478,120,0.354017411594,3.15406456926e-08,30
3520,10.4847628577,120,0.349492095256,3.07394469682e-08,30
3521,11.0987781563,120,0.369959271878,3.44452361962e-08,30
3522,11.1604987462,120,0.372016624872,3.48294030981e-08,30
3523,12.2403603229,120,0.408012010763,4.18954857853e-08,30
3524,11.6709595168,120,0.389031983893,3.808833172e-08,30
3525,12.3043906519,120,0.410146355062,4.23349496685e-08,30
3526,12.0820862298,120,0.402736207661,4.0819030692e-08,30
3527,13.8831898248,120,0.462772994162,5.38961011275e-08,30
3528,13.2618299044,120,0.442060996814,4.91796838267e-08,30
3529,14.0232488476,120,0.467441628254,5.49890361281e-08,30
3530,13.5826021608,120,0.452753405359,5.1587536135e-08,30
3531,15.1291216092,60,0.252152026819,1.60009681911e-08,60
3532,16.352888675,60,0.272548144583,1.86942391733e-08,60
3533,15.0585864374,60,0.250976440624,1.5852116181e-08,60
3534,15.2384722414,60,0.253974537356,1.62331084769e-08,60
3535,13.9772674894,120,0.465908916312,5.46290161002e-08,30
3536,13.587536774,120,0.452917892468,5.16250268573e-08,30
3537,14.1351582794,60,0.235585971323,1.39675484364e-08,60
3538,14.1713304502,60,0.236188840836,1.40391264114e-08,60
3539,13.6856350855,120,0.456187836183,5.23731550254e-08,30
3540,13.5512789603,120,0.451709298677,5.13498757079e-08,30
3541,14.3120286757,60,0.238533811261,1.43192815935e-08,60
3542,13.386818685,120,0.446227289501,5.01110598351e-08,30
3543,12.5338241961,120,0.417794139869,4.39284645329e-08,30
3544,12.7506084785,120,0.425020282617,4.54611739664e-08,30
3545,11.5458235998,120,0.384860786659,3.72759449342e-08,30
3546,12.7888729245,120,0.426295764152,4.5734440426e-08,30
3547,13.9080030757,120,0.463600102523,5.40889289424e-08,30
3548,14.6155424017,60,0.243592373362,1.49330565157e-08,60
3549,13.6494499267,120,0.454981664224,5.20965693161e-08,30
3550,13.8408034122,120,0.461360113741,5.35675058851e-08,30
3551,13.9418329576,120,0.464727765254,5.43523812158e-08,30
3552,19.2431418759,60,0.320719031266,2.5886348757e-08,60
3553,18.1929272223,60,0.303215453704,2.31379031391e-08,60
3554,15.7841513633,60,0.263069189389,1.74165170077e-08,60
3555,14.3633065458,60,0.23938844243,1.44220731201e-08,60
3556,13.4753669111,120,0.449178897036,5.07761798795e-08,30
3557,12.7186767299,120,0.423955890997,4.52337593972e-08,30
3558,11.8864312686,120,0.396214375621,3.95077041151e-08,30
3559,12.0478938093,120,0.401596460311,4.05883211091e-08,30
3560,11.4917417542,120,0.383058058473,3.69275539483e-08,30
3561,11.2147229531,120,0.373824098436,3.51686683506e-08,30
3562,11.1421117975,120,0.371403726584,3.47147345829e-08,30
3563,11.0051610096,120,0.366838700321,3.38666022575e-08,30
3564,10.6945602846,120,0.356485342819,3.1981931697e-08,30
3565,10.5580030751,120,0.351933435836,3.11704013241e-08,30
3566,10.4689702038,120,0.348965673461,3.06469142437e-08,30
3567,10.457725563,120,0.348590852099,3.05811143676e-08,30
3568,10.4455555432,120,0.348185184772,3.05099791653e-08,30
3569,10.4402075462,120,0.348006918207,3.0478745689e-08,30
3570,10.4343236093,120,0.347810786977,3.04444006857e-08,30
3571,10.4237009974,120,0.347456699913,3.03824446935e-08,30
3572,10.4021213518,120,0.346737378395,3.02567765231e-08,30
3573,10.3908942319,120,0.346363141065,3.019149885e-08,30
3574,10.3890104752,120,0.346300349174,3.0180553058e-08,30
3575,10.3890104752,120,0.346300349174,3.0180553058e-08,30
3576,10.388056294,120,0.346268543132,3.01750094317e-08,30
3577,10.3810076973,120,0.346033589909,3.01340740908e-08,30
3578,10.3659894219,120,0.345532980732,3.00469468152e-08,30
3579,10.3536294271,120,0.345120980904,2.99753359572e-08,30
3580,10.3223712475,120,0.344079041582,2.97946147804e-08,30
3581,10.3147718642,120,0.343825728807,2.9750761029e-08,30
3582,10.3113271535,120,0.343710905116,2.97308932793e-08,30
3583,10.28564362,120,0.342854787333,2.95829698552e-08,30
3584,10.2369501279,120,0.341231670931,2.93035340875e-08,30
3585,10.2246141472,120,0.340820471573,2.92329525132e-08,30
3586,10.202182587,120,0.340072752899,2.91048261278e-08,30
3587,10.1830556967,120,0.33943518989,2.8995797892e-08,30
3588,10.1830556967,120,0.33943518989,2.8995797892e-08,30
3589,10.1711544419,120,0.339038481397,2.89280609117e-08,30
3590,10.1711544419,120,0.339038481397,2.89280609117e-08,30
3591,10.1711544419,120,0.339038481397,2.89280609117e-08,30
3592,10.1711544419,120,0.339038481397,2.89280609117e-08,30
3593,10.1711544419,120,0.339038481397,2.89280609117e-08,30
3594,10.1711544419,120,0.339038481397,2.89280609117e-08,30
3595,10.1711544419,120,0.339038481397,2.89280609117e-08,30
3596,10.1711544419,120,0.339038481397,2.89280609117e-08,30
3597,10.1711544419,120,0.339038481397,2.89280609117e-08,30
3598,10.1711544419,120,0.339038481397,2.89280609117e-08,30
3599,10.1555103815,120,0.338517012715,2.88391419388e-08,30
3600,10.15397877,120,0.338465959,2.88304437982e-08,30
3601,10.1511430738,120,0.338371435793,2.88143431214e-08,30
3602,10.1466819033,120,0.338222730112,2.87890223377e-08,30
3603,10.143894141,120,0.338129804701,2.87732051617e-08,30
3604,10.137828921,120,0.3379276307,2.8738807396e-08,30
3605,10.1264514333,120,0.337548381109,2.86743375864e-08,30
3606,10.1106737518,120,0.337022458394,2.85850541646e-08,30
3607,10.1027571677,120,0.336758572255,2.85403079095e-08,30
3608,10.0715726009,120,0.335719086695,2.83643869211e-08,30
3609,10.0237166187,120,0.334123887291,2.80954754551e-08,30
3610,10.0133858217,120,0.333779527391,2.80375929163e-08,30
3611,9.99961742123,120,0.333320580708,2.79605425723e-08,30
3612,9.99961742123,120,0.333320580708,2.79605425723e-08,30
3613,9.99961742123,120,0.333320580708,2.79605425723e-08,30
3614,9.99961742123,120,0.333320580708,2.79605425723e-08,30
3615,9.99961742123,120,0.333320580708,2.79605425723e-08,30
3616,9.99961742123,120,0.333320580708,2.79605425723e-08,30
3617,9.99961742123,120,0.333320580708,2.79605425723e-08,30
3618,9.99961742123,120,0.333320580708,2.79605425723e-08,30
3619,9.99961742123,120,0.333320580708,2.79605425723e-08,30
3620,9.99785049238,120,0.333261683079,2.79506622094e-08,30
3621,9.99319136196,120,0.333106378732,2.79246175236e-08,30
3622,9.9794572664,120,0.332648575547,2.78479141348e-08,30
3623,9.96747375714,120,0.332249125238,2.77810737522e-08,30
3624,9.95613295096,120,0.331871098365,2.77178921384e-08,30
3625,9.93584399018,120,0.331194799673,2.76050382375e-08,30
3626,9.91931563261,120,0.33064385442,2.7513272215e-08,30
3627,9.90601213675,120,0.330200404558,2.74395217131e-08,30
3628,9.90040732618,120,0.330013577539,2.74084799959e-08,30
3629,9.89523180024,120,0.329841060008,2.7379831433e-08,30
3630,9.88493374168,120,0.329497791389,2.73228722036e-08,30
3631,9.87886726195,120,0.329295575398,2.7289345871e-08,30
3632,9.86636995497,120,0.328878998499,2.72203445161e-08,30
3633,9.84122715938,120,0.328040905313,2.70817882836e-08,30
3634,9.81181332914,120,0.327060444305,2.69201440725e-08,30
3635,9.79956588601,120,0.3266521962,2.68529807156e-08,30
3636,9.79079902842,120,0.326359967614,2.68049559445e-08,30
3637,9.79079902842,120,0.326359967614,2.68049559445e-08,30
3638,9.78654220888,120,0.326218073629,2.67816526258e-08,30
3639,9.77617654515,120,0.325872551505,2.67249497412e-08,30
3640,9.77617654515,120,0.325872551505,2.67249497412e-08,30
3641,9.76413185252,120,0.325471061751,2.6659137609e-08,30
3642,9.75495564925,120,0.325165188308,2.66090533374e-08,30
3643,9.74807923161,120,0.324935974387,2.65715523012e-08,30
3644,9.73886986386,120,0.324628995462,2.65213697782e-08,30
3645,9.73403338368,120,0.324467779456,2.64950344374e-08,30
3646,9.72988375051,120,0.32432945835,2.64724495058e-08,30
3647,9.71360645914,120,0.323786881971,2.63839511526e-08,30
3648,9.69709133679,120,0.323236377893,2.62943111689e-08,30
3649,9.69057450355,120,0.323019150118,2.62589813868e-08,30
3650,9.67172566141,120,0.32239085538,2.6156929638e-08,30
3651,9.65323063226,120,0.321774354409,2.60569866415e-08,30
3652,9.65263983685,120,0.321754661228,2.60537972684e-08,30
3653,9.6487633726,120,0.321625445753,2.60328752542e-08,30
3654,9.63690010179,120,0.321230003393,2.59688991406e-08,30
3655,9.62731501461,120,0.320910500487,2.5917266277e-08,30
3656,9.62059841736,120,0.320686613912,2.58811159867e-08,30
3657,9.60246116661,120,0.320082038887,2.57836231302e-08,30
3658,9.56673193039,120,0.318891064346,2.55921065447e-08,30
3659,9.56673193039,120,0.318891064346,2.55921065447e-08,30
3660,9.55501122038,120,0.318500374013,2.55294364679e-08,30
3661,9.54344237482,120,0.318114745827,2.54676537439e-08,30
3662,9.53159908551,120,0.317719969517,2.54044829035e-08,30
3663,9.53159908551,120,0.317719969517,2.54044829035e-08,30
3664,9.53159908551,120,0.317719969517,2.54044829035e-08,30
3665,9.51378071335,120,0.317126023778,2.53095893983e-08,30
3666,9.49312750111,120,0.31643758337,2.51998208524e-08,30
3667,9.45461566429,120,0.315153855476,2.49957736957e-08,30
3668,9.4177694387,120,0.313925647957,2.48013278708e-08,30
3669,9.41489764506,120,0.313829921502,2.47862046642e-08,30
3670,9.41087589835,120,0.313695863278,2.47650334205e-08,30
3671,9.40166110003,120,0.313388703334,2.47165590669e-08,30
3672,9.78501375016,120,0.326167125005,2.67732877809e-08,30
3673,10.376049557,120,0.345868318567,3.01052959046e-08,30
3674,10.7233418051,120,0.357444726838,3.21543047957e-08,30
3675,11.0140562729,120,0.367135209097,3.392137185e-08,30
3676,10.2321034082,120,0.341070113606,2.92757929352e-08,30
3677,10.1663897944,120,0.338879659813,2.89009647289e-08,30
3678,10.2526634589,120,0.34175544863,2.9393562761e-08,30
3679,11.121883667,120,0.370729455567,3.45888021256e-08,30
3680,9.51297021303,120,0.317099007101,2.53052772206e-08,30
3681,9.77466911255,120,0.325822303752,2.67167086964e-08,30
3682,9.78035836329,120,0.326011945443,2.67478181462e-08,30
3683,9.65251459882,120,0.321750486627,2.60531212036e-08,30
3684,9.4177694387,120,0.313925647957,2.48013278708e-08,30
3685,9.4177694387,120,0.313925647957,2.48013278708e-08,30
3686,9.4177694387,120,0.313925647957,2.48013278708e-08,30
3687,9.4177694387,120,0.313925647957,2.48013278708e-08,30
3688,9.4177694387,120,0.313925647957,2.48013278708e-08,30
3689,9.56248052621,120,0.318749350874,2.556936561e-08,30
3690,9.68943726438,120,0.322981242146,2.62528184931e-08,30
3691,9.82760064711,120,0.327586688237,2.70068433955e-08,30
3692,10.2955174993,120,0.343183916643,2.96397944715e-08,30
3693,10.2088481738,120,0.340294939127,2.91428697757e-08,30
3694,10.6797659816,120,0.355992199386,3.18935085904e-08,30
3695,11.0995826613,120,0.36998608871,3.44502299652e-08,30
3696,11.4166613553,120,0.380555378511,3.64466036335e-08,30
3697,11.1669605778,120,0.372232019258,3.48697466162e-08,30
3698,12.7089687772,120,0.423632292573,4.51647334101e-08,30
3699,11.9178185374,120,0.397260617912,3.97166274024e-08,30
3700,12.6758020443,120,0.422526734811,4.4929307225e-08,30
3701,12.1232732541,120,0.404109108471,4.10978037368e-08,30
3702,11.0967650475,120,0.369892168251,3.44327418983e-08,30
3703,11.1205422169,120,0.370684740564,3.45804588711e-08,30
3704,11.5137244951,120,0.383790816502,3.70689677202e-08,30
3705,11.1168126828,120,0.370560422758,3.45572680277e-08,30
3706,11.7886885421,120,0.392956284738,3.88606278645e-08,30
3707,11.1340597743,120,0.371135325809,3.4664578409e-08,30
3708,10.6192810375,120,0.353976034582,3.15332732789e-08,30
3709,10.0755692089,120,0.335852306963,2.83869025367e-08,30
3710,9.63690010179,120,0.321230003393,2.59688991406e-08,30
3711,9.63690010179,120,0.321230003393,2.59688991406e-08,30
3712,9.85820168536,120,0.328606722845,2.71752922676e-08,30
3713,9.79348260638,120,0.326449420213,2.68196519968e-08,30
3714,10.204158843,120,0.340138628099,2.91161029614e-08,30
3715,10.5555365758,120,0.351851219193,3.11558393294e-08,30
3716,11.0740517606,120,0.369135058686,3.4291929626e-08,30
3717,11.1946827032,120,0.373156090108,3.50430907168e-08,30
3718,11.0231893104,120,0.367439643681,3.39776514988e-08,30
3719,12.4584035878,120,0.415280119593,4.34013878225e-08,30
3720,11.6776820161,120,0.389256067203,3.81322222886e-08,30
3721,12.5261437602,120,0.417538125338,4.38746443454e-08,30
3722,12.7059679376,120,0.423532264587,4.51434073497e-08,30
3723,14.1182229104,60,0.235303715173,1.39340993757e-08,60
3724,13.7517554967,120,0.45839184989,5.28804460482e-08,30
3725,11.8821822543,120,0.39607274181,3.94794637134e-08,30
3726,11.8484864333,120,0.394949547775,3.9255867294e-08,30
3727,11.0136921041,120,0.367123070135,3.3919128734e-08,30
3728,11.4396529352,120,0.381321764507,3.65935483043e-08,30
3729,12.0532780024,120,0.401775933413,4.06246069847e-08,30
3730,11.1305037,120,0.37101679,3.46424391116e-08,30
3731,11.0136947366,120,0.367123157886,3.39191449489e-08,30
3732,10.0180626868,120,0.333935422892,2.8063789582e-08,30
3733,10.0477860653,120,0.334926202178,2.8230565958e-08,30
3734,9.73886986386,120,0.324628995462,2.65213697782e-08,30
3735,9.73886986386,120,0.324628995462,2.65213697782e-08,30
3736,9.8673684745,120,0.328912282483,2.72258544292e-08,30
3737,9.74807923161,120,0.324935974387,2.65715523012e-08,30
3738,9.73886986386,120,0.324628995462,2.65213697782e-08,30
3739,10.3274897751,120,0.344249659169,2.98241704639e-08,30
3740,10.2721466262,120,0.34240488754,2.95053822577e-08,30
3741,10.6226193362,120,0.354087311206,3.15531021225e-08,30
3742,12.33384358,120,0.411128119332,4.25378659441e-08,30
3743,11.9599832073,120,0.39866610691,3.99981555823e-08,30
3744,12.2680975037,120,0.408936583456,4.2085574847e-08,30
3745,11.908910055,120,0.3969636685,3.96572738157e-08,30
3746,12.6109559666,120,0.420365198885,4.44707899626e-08,30
3747,14.6441693617,60,0.244069489361,1.49916115323e-08,60
3748,14.0235152467,120,0.467450508224,5.49911253972e-08,30
3749,13.6771265813,120,0.455904219378,5.23080533793e-08,30
3750,13.2664707445,120,0.442215691484,4.92141096916e-08,30
3751,12.0955627463,120,0.403185424878,4.09101416349e-08,30
3752,11.8219592459,120,0.394065308198,3.90802867199e-08,30
3753,10.7864624396,120,0.359548747986,3.25339576235e-08,30
3754,10.8594712388,120,0.361982374626,3.2975864088e-08,30
3755,10.4479030916,120,0.348263436385,3.05236944149e-08,30
3756,10.3305029418,120,0.344350098061,2.98415761087e-08,30
3757,10.9107504638,120,0.363691682127,3.32880283134e-08,30
3758,9.84296290507,120,0.328098763502,2.70913422228e-08,30
3759,10.0485008376,120,0.33495002792,2.82345825928e-08,30
3760,9.79895175052,120,0.326631725017,2.68496150866e-08,30
3761,9.95479372488,120,0.331826457496,2.77104358243e-08,30
3762,9.92858540811,120,0.330952846937,2.75647195198e-08,30
3763,10.5756625194,120,0.35252208398,3.12747605119e-08,30
3764,10.5913413644,120,0.353044712146,3.13675614317e-08,30
3765,10.8646028224,120,0.362153427415,3.30070365793e-08,30
3766,10.9280178274,120,0.364267260915,3.33934750153e-08,30
3767,10.9689558419,120,0.365631861397,3.36441377059e-08,30
3768,11.9453109363,120,0.39817703121,3.99000778859e-08,30
3769,11.6502929629,120,0.388343098763,3.7953560003e-08,30
3770,12.801409394,120,0.426713646468,4.5824148008e-08,30
3771,13.6529388716,120,0.455097962386,5.21232055966e-08,30
3772,14.1604208878,60,0.236007014796,1.4017519157e-08,60
3773,14.0749248882,60,0.23458208147,1.38487637336e-08,60
3774,12.3309526897,120,0.411031756324,4.25179276515e-08,30
3775,11.8764599665,120,0.395881998884,3.94414473879e-08,30
3776,12.8523564902,120,0.428411883006,4.61896160344e-08,30
3777,11.9589830449,120,0.398632768165,3.9991466112e-08,30
3778,10.3169342938,120,0.343897809793,2.97632364711e-08,30
3779,9.94252464315,120,0.331417488105,2.76421728143e-08,30
3780,9.94252464315,120,0.331417488105,2.76421728143e-08,30
3781,9.94252464315,120,0.331417488105,2.76421728143e-08,30
3782,9.94252464315,120,0.331417488105,2.76421728143e-08,30
3783,9.94252464315,120,0.331417488105,2.76421728143e-08,30
3784,9.94252464315,120,0.331417488105,2.76421728143e-08,30
3785,9.94252464315,120,0.331417488105,2.76421728143e-08,30
3786,9.94252464315,120,0.331417488105,2.76421728143e-08,30
3787,10.3347868527,120,0.344492895089,2.98663309843e-08,30
3788,10.1940117357,120,0.339800391189,2.90582251237e-08,30
3789,11.1594283145,120,0.371980943818,3.48227222665e-08,30
3790,10.8881434082,120,0.362938113608,3.31502257537e-08,30
3791,11.3365760626,120,0.377885868752,3.59370677295e-08,30
3792,14.8496501157,60,0.247494168596,1.54152749865e-08,60
3793,15.0231413213,60,0.250385688688,1.57775781331e-08,60
3794,14.3508939202,60,0.239181565336,1.43971570686e-08,60
3795,13.3888854413,120,0.446296181377,5.01265340631e-08,30
3796,12.9318117053,120,0.431060390176,4.67624837645e-08,30
3797,13.0724052408,120,0.435746841362,4.77848063574e-08,30
3798,12.9000520848,120,0.430001736159,4.65330750706e-08,30
3799,12.1668284973,120,0.40556094991,4.13936380887e-08,30
3800,13.1864286078,120,0.439547620258,4.8622042796e-08,30
3801,13.3005015768,120,0.443350052562,4.94669192326e-08,30
3802,12.4322100481,120,0.414407001604,4.32190786078e-08,30
3803,11.421513313,120,0.380717110435,3.64775890419e-08,30
3804,12.062330526,120,0.402077684201,4.06856515098e-08,30
3805,11.2509659551,120,0.375032198502,3.53963472216e-08,30
3806,10.7360260367,120,0.357867534558,3.22304179838e-08,30
3807,10.7262597082,120,0.357541990272,3.21718060393e-08,30
3808,11.2718137271,120,0.375727124238,3.55276459332e-08,30
3809,11.0970780621,120,0.36990260207,3.44346844649e-08,30
3810,11.3045713502,120,0.376819045008,3.5734443589e-08,30
3811,11.9951905779,120,0.399839685931,4.02339924747e-08,30
3812,12.7610281648,120,0.425367605493,4.55355052769e-08,30
3813,12.4878132425,120,0.416260441415,4.36065387304e-08,30
3814,12.7932685547,120,0.426442285157,4.57658843594e-08,30
3815,13.6185164507,120,0.453950548356,5.18607060541e-08,30
3816,14.124839518,60,0.235413991967,1.39471630698e-08,60
3817,14.2986714709,60,0.238311191182,1.42925661183e-08,60
3818,10.7916672308,120,0.359722241026,3.25653624166e-08,30
3819,15.3420547447,60,0.255700912411,1.64545454835e-08,60
3820,14.9615177483,60,0.249358629139,1.56484071918e-08,60
3821,15.0580250251,60,0.250967083752,1.58509342098e-08,60
3822,13.5017313458,120,0.450057711528,5.09750605262e-08,30
3823,12.9630444891,120,0.432101482969,4.69886371136e-08,30
3824,12.7114836459,120,0.42371612153,4.51826097014e-08,30
3825,12.5205091661,120,0.417350305536,4.38351812491e-08,30
3826,12.4266352127,120,0.414221173758,4.31803268129e-08,30
3827,11.9712330375,120,0.399041101251,4.00734373079e-08,30
3828,11.160488033,120,0.372016267768,3.48293362316e-08,30
3829,11.3093659611,120,0.376978865372,3.57647621356e-08,30
3830,11.6572380371,120,0.388574601235,3.79988239043e-08,30
3831,13.1281649533,120,0.437605498445,4.81933233201e-08,30
3832,12.4468028249,120,0.414893427496,4.33205982104e-08,30
3833,12.7005975845,120,0.423353252815,4.51052544428e-08,30
3834,12.6897536024,120,0.422991786746,4.50282640874e-08,30
3835,13.3478030574,120,0.444926768579,4.98193900326e-08,30
3836,13.2593465286,120,0.44197821762,4.91612670315e-08,30
3837,13.3725816995,120,0.445752723316,5.00045295111e-08,30
3838,13.1502453949,120,0.438341513165,4.83555736806e-08,30
3839,13.9258463894,120,0.464194879648,5.42278050744e-08,30
3840,13.6409973325,120,0.454699911085,5.20320663779e-08,30
3841,12.6412448593,120,0.421374828643,4.46846656691e-08,30
3842,12.2972373558,120,0.409907911858,4.22857401771e-08,30
3843,12.0595945257,120,0.401986484191,4.06671968123e-08,30
3844,12.0494579984,120,0.401648599946,4.05988610308e-08,30
3845,11.2509094381,120,0.375030314604,3.53959916098e-08,30
3846,10.9282670144,120,0.364275567147,3.33949979472e-08,30
3847,10.6933446652,120,0.356444822174,3.19746615252e-08,30
3848,10.668854672,120,0.355628489065,3.18283719244e-08,30
3849,10.7057466496,120,0.356858221654,3.20488720219e-08,30
3850,10.668854672,120,0.355628489065,3.18283719244e-08,30
3851,10.668854672,120,0.355628489065,3.18283719244e-08,30
3852,10.668854672,120,0.355628489065,3.18283719244e-08,30
3853,10.668854672,120,0.355628489065,3.18283719244e-08,30
3854,10.668854672,120,0.355628489065,3.18283719244e-08,30
3855,10.668854672,120,0.355628489065,3.18283719244e-08,30
3856,10.668854672,120,0.355628489065,3.18283719244e-08,30
3857,10.668854672,120,0.355628489065,3.18283719244e-08,30
3858,10.668854672,120,0.355628489065,3.18283719244e-08,30
3859,10.668854672,120,0.355628489065,3.18283719244e-08,30
3860,10.668854672,120,0.355628489065,3.18283719244e-08,30
3861,10.7000804859,120,0.356669349529,3.20149563862e-08,30
3862,10.9730681098,120,0.365768936995,3.36693688482e-08,30
3863,10.7695195008,120,0.35898398336,3.24318318456e-08,30
3864,11.2002575875,120,0.373341919583,3.50780019018e-08,30
3865,10.6387440305,120,0.354624801017,3.16489674205e-08,30
3866,11.2672959957,120,0.37557653319,3.54991727519e-08,30
3867,11.0702804799,120,0.36900934933,3.42685772932e-08,30
3868,11.0664865215,120,0.368882884051,3.42450925627e-08,30
3869,11.303244578,120,0.376774819268,3.57260560646e-08,30
3870,10.6387440305,120,0.354624801017,3.16489674205e-08,30
3871,10.6596008387,120,0.355320027957,3.17731819869e-08,30
3872,10.6574090067,120,0.35524696689,3.17601168977e-08,30
3873,10.7572059144,120,0.358573530478,3.23577108301e-08,30
3874,10.6752657806,120,0.355842192687,3.18666359119e-08,30
3875,10.6752657806,120,0.355842192687,3.18666359119e-08,30
3876,10.6752657806,120,0.355842192687,3.18666359119e-08,30
3877,10.6752657806,120,0.355842192687,3.18666359119e-08,30
3878,10.6752657806,120,0.355842192687,3.18666359119e-08,30
3879,10.6752657806,120,0.355842192687,3.18666359119e-08,30
3880,10.6752657806,120,0.355842192687,3.18666359119e-08,30
3881,10.8718340548,120,0.362394468494,3.3050988666e-08,30
3882,11.5072914005,120,0.383576380016,3.70275560022e-08,30
3883,11.7883203823,120,0.392944012742,3.88582006733e-08,30
3884,12.069349364,120,0.402311645468,4.07330136807e-08,30
3885,12.3503783458,120,0.411679278194,4.26519950244e-08,30
3886,12.6314073276,120,0.42104691092,4.46151447044e-08,30
3887,12.1328646835,120,0.404428822782,4.11628592055e-08,30
3888,12.2730034648,120,0.409100115493,4.21192412696e-08,30
3889,11.8329580621,120,0.394431935404,3.9153038932e-08,30
3890,11.2265874113,120,0.374219580378,3.52431201075e-08,30
3891,11.596233984,120,0.3865411328,3.7602157588e-08,30
3892,11.7432444563,120,0.391441481875,3.85615985256e-08,30
3893,11.7399938194,120,0.391333127315,3.85402530783e-08,30
3894,11.3712352185,120,0.379041173949,3.61571434253e-08,30
3895,11.6960781101,120,0.389869270338,3.82524578762e-08,30
3896,12.0626991282,120,0.40208997094,4.06881381019e-08,30
3897,11.1468521494,120,0.371561738315,3.4744279263e-08,30
3898,11.2009595609,120,0.373365318698,3.50823990502e-08,30
3899,11.6579925985,120,0.388599753282,3.80037433155e-08,30
3900,11.9841222366,120,0.399470741219,4.01597763791e-08,30
3901,11.9588860755,120,0.39862953585,3.99908175728e-08,30
3902,13.2440041351,120,0.441466804503,4.90475638214e-08,30
3903,12.3052364649,120,0.41017454883,4.23407701409e-08,30
3904,12.2452785425,120,0.408175951416,4.19291600546e-08,30
3905,13.1490216504,120,0.438300721681,4.83465742875e-08,30
3906,13.8299780669,120,0.460999268895,5.34837448545e-08,30
3907,13.7059207931,120,0.456864026436,5.25285316518e-08,30
3908,14.1609139289,60,0.236015232148,1.4018495305e-08,60
3909,14.2937237286,60,0.238228728809,1.42826765701e-08,60
3910,14.5930340133,60,0.243217233554,1.48870971923e-08,60
3911,14.2086326552,60,0.236810544253,1.41131321106e-08,60
3912,14.4735516903,60,0.241225861505,1.46443151769e-08,60
3913,13.9543943535,120,0.465146478451,5.44503668036e-08,30
3914,13.2939096422,120,0.443130321407,4.94178982404e-08,30
3915,13.4300773806,120,0.44766924602,5.04354448279e-08,30
3916,14.3867524673,60,0.239779207789,1.44691952467e-08,60
3917,14.0366846772,120,0.467889489241,5.50944578127e-08,30
3918,13.4386456731,120,0.44795485577,5.04998202568e-08,30
3919,14.2053473162,60,0.236755788603,1.41066063506e-08,60
3920,13.8675973163,120,0.462253243878,5.37751053759e-08,30
3921,14.7808961267,60,0.246348268778,1.52728597706e-08,60
3922,13.5058346357,120,0.450194487858,5.1006048735e-08,30
3923,13.8818725204,120,0.462729084014,5.38858737654e-08,30
3924,13.5436230129,120,0.451454100429,5.12918707184e-08,30
3925,12.4617407667,120,0.415391358889,4.34246424221e-08,30
3926,13.3493872317,120,0.444979574391,4.98312162911e-08,30
3927,13.1989597543,120,0.439965325143,4.87144983754e-08,30
3928,12.9129641522,120,0.430432138408,4.66262745243e-08,30
3929,12.5567593828,120,0.418558646092,4.40893778057e-08,30
3930,13.435816044,120,0.4478605348,5.04785561027e-08,30
3931,14.0558902192,120,0.468529673973,5.52453257457e-08,30
3932,14.4799863738,60,0.24133310623,1.46573392751e-08,60
3933,11.2111801524,120,0.37370600508,3.51464518585e-08,30
3934,15.2774386907,60,0.254623978178,1.63162343092e-08,60
3935,13.3241244197,120,0.444137480658,4.9642790342e-08,30
3936,13.9416558001,120,0.464721860002,5.43509999234e-08,30
3937,14.65932135,60,0.244322022499,1.50226505392e-08,60
3938,14.0952118025,60,0.234920196709,1.38887143775e-08,60
3939,15.3310919193,60,0.255518198656,1.64310383507e-08,60
3940,15.2324770709,60,0.253874617848,1.62203380223e-08,60
3941,14.8326021876,60,0.247210036459,1.53799007322e-08,60
3942,13.2832375625,120,0.442774585418,4.93385867254e-08,30
3943,13.3356135408,120,0.444520451362,4.97284391868e-08,30
3944,13.9037568851,120,0.463458562837,5.40559066833e-08,30
3945,13.4734845757,120,0.449116152525,5.07619953124e-08,30
3946,12.4122467439,120,0.413741558132,4.30803900108e-08,30
3947,12.9637816307,120,0.432126054356,4.69939812694e-08,30
3948,12.4555823046,120,0.415186076821,4.33817330185e-08,30
3949,12.5447546216,120,0.418158487385,4.40051157077e-08,30
3950,12.1973647214,120,0.406578824046,4.16016777772e-08,30
3951,11.999175121,120,0.399972504035,4.02607266401e-08,30
3952,11.8413621881,120,0.394712072937,3.92086740352e-08,30
3953,12.2632592863,120,0.408775309545,4.2052386489e-08,30
3954,12.1651793948,120,0.405505979825,4.13824177897e-08,30
3955,11.7961458386,120,0.393204861288,3.8909808379e-08,30
3956,13.1922503008,120,0.439741676695,4.86649846878e-08,30
3957,13.0332923875,120,0.434443079584,4.74992882683e-08,30
3958,12.5118082592,120,0.417060275307,4.37742774474e-08,30
3959,13.2342032183,120,0.441140107276,4.89749976672e-08,30
3960,12.9229278312,120,0.43076426104,4.669825621e-08,30
3961,13.1402685255,120,0.438008950851,4.82822283975e-08,30
3962,13.7144120697,120,0.45714706899,5.25936381801e-08,30
3963,14.3968994773,60,0.239948324621,1.44896127585e-08,60
3964,14.8394609235,60,0.247324348726,1.53941276449e-08,60
3965,15.1088870177,60,0.251814783628,1.59581955112e-08,60
3966,14.1783745057,60,0.236306241762,1.40530865636e-08,60
3967,13.6617074726,120,0.455390249085,5.21901793617e-08,30
3968,12.4529531037,120,0.41509843679,4.33634203855e-08,30
3969,11.6858071771,120,0.389526905903,3.81853044386e-08,30
3970,12.0628658221,120,0.402095527404,4.06892626449e-08,30
3971,11.4970172581,120,0.383233908603,3.69614663308e-08,30
3972,11.6903278688,120,0.389677595626,3.82148543662e-08,30
3973,10.9008372558,120,0.363361241858,3.32275666171e-08,30
3974,10.7466651153,120,0.35822217051,3.22943283824e-08,30
3975,10.7466651153,120,0.35822217051,3.22943283824e-08,30
3976,10.7466651153,120,0.35822217051,3.22943283824e-08,30
3977,10.7102717936,120,0.357009059786,3.20759708154e-08,30
3978,10.948250735,120,0.364941691168,3.35172435843e-08,30
3979,10.7754078356,120,0.359180261188,3.24673063517e-08,30
3980,11.6255128513,120,0.387517095045,3.77922776659e-08,30
3981,10.6884393801,120,0.35628131267,3.19453332164e-08,30
3982,10.6574090067,120,0.35524696689,3.17601168977e-08,30
3983,11.4879437228,120,0.382931457426,3.69031487998e-08,30
3984,11.8958601894,120,0.396528672981,3.9570408009e-08,30
3985,11.7299059854,120,0.390996866179,3.8474048505e-08,30
3986,12.8108385546,120,0.427027951819,4.58916784439e-08,30
3987,11.3322706861,120,0.377742356203,3.59097767336e-08,30
3988,11.9524916903,120,0.398416389676,3.99480630343e-08,30
3989,11.8225292842,120,0.394084309474,3.90840556038e-08,30
3990,11.6321217275,120,0.387737390918,3.78352582174e-08,30
3991,10.6422866898,120,0.354742889659,3.16700488893e-08,30
3992,10.6383635493,120,0.354612118309,3.16467036903e-08,30
3993,10.6287696488,120,0.354292321626,3.1589650099e-08,30
3994,10.6222935059,120,0.354076450197,3.15511664799e-08,30
3995,10.6100457038,120,0.353668190128,3.14784496681e-08,30
3996,10.5981006635,120,0.353270022115,3.14076112002e-08,30
3997,10.5888519211,120,0.352961730702,3.1352817579e-08,30
3998,10.5732402407,120,0.352441341357,3.1260435639e-08,30
3999,10.557112267,120,0.351903742232,3.11651416787e-08,30
4000,10.5360556164,120,0.351201853881,3.10409450166e-08,30
4001,10.5360556164,120,0.351201853881,3.10409450166e-08,30
4002,10.8126065145,120,0.360420217151,3.26918594439e-08,30
4003,10.5271082617,120,0.350903608722,3.09882466578e-08,30
4004,10.7401429335,120,0.358004764449,3.22551412366e-08,30
4005,10.919009902,120,0.363966996733,3.33384454643e-08,30
4006,10.5142341507,120,0.350474471689,3.09124989459e-08,30
4007,10.4927916459,120,0.34975972153,3.07865429315e-08,30
4008,10.4883766202,120,0.349612554008,3.07606404291e-08,30
4009,10.4788779284,120,0.349295930946,3.07049495346e-08,30
4010,10.5261343206,120,0.35087114402,3.09825130168e-08,30
4011,10.8835157095,120,0.362783856983,3.31220526022e-08,30
4012,10.7238627998,120,0.357462093327,3.21574293122e-08,30
4013,10.6244553301,120,0.354148511002,3.15640102248e-08,30
4014,10.6006355081,120,0.353354516938,3.14226370882e-08,30
4015,10.4669219972,120,0.348897399906,3.06349235566e-08,30
4016,10.4604518801,120,0.348681729338,3.05970613696e-08,30
4017,10.5364561694,120,0.351215205648,3.1043305251e-08,30
4018,10.5053740373,120,0.350179134578,3.08604223343e-08,30
4019,10.4457140666,120,0.348190468885,3.05109052208e-08,30
4020,10.4393659073,120,0.347978863578,3.04738317899e-08,30
4021,10.4267350754,120,0.347557835845,3.04001344031e-08,30
4022,10.4073877986,120,0.346912926619,3.02874214337e-08,30
4023,10.3870543393,120,0.346235144644,3.01691887985e-08,30
4024,10.3708623756,120,0.34569541252,3.00752030265e-08,30
4025,10.344854407,120,0.344828480234,2.99245474464e-08,30
4026,10.6973916529,120,0.356579721763,3.19988682728e-08,30
4027,10.5896749653,120,0.35298916551,3.13576917161e-08,30
4028,11.2721998954,120,0.375739996514,3.55300803036e-08,30
4029,11.4342312366,120,0.381141041221,3.65588702987e-08,30
4030,11.2235194179,120,0.374117313931,3.52238603124e-08,30
4031,12.0706717589,120,0.402355725298,4.07419401072e-08,30
4032,13.1876681005,120,0.439588936682,4.86311839367e-08,30
4033,14.2002525571,60,0.236670875952,1.40964894741e-08,60
4034,14.3359825235,60,0.238933042058,1.43672536788e-08,60
4035,14.3195957837,60,0.238659929728,1.43344274819e-08,60
4036,14.338462223,60,0.238974370384,1.43722243258e-08,60
4037,13.1591903601,120,0.43863967867,4.84213802141e-08,30
4038,12.4523727394,120,0.415079091312,4.33593786138e-08,30
4039,11.4399334715,120,0.381331115716,3.65953431042e-08,30
4040,12.2649316809,120,0.408831056031,4.20638570087e-08,30
4041,12.2186430524,120,0.407288101747,4.17469528296e-08,30
4042,12.366443637,120,0.4122147879,4.27630300653e-08,30
4043,11.6387102759,120,0.387957009197,3.78781308818e-08,30
4044,10.7102582727,120,0.357008609089,3.20758898285e-08,30
4045,10.4295658606,120,0.347652195352,3.0416643489e-08,30
4046,10.6608258243,120,0.355360860811,3.1780485061e-08,30
4047,10.4223948853,120,0.347413162844,3.03748311996e-08,30
4048,10.9691699219,120,0.365638997395,3.36454509767e-08,30
4049,10.812298776,120,0.360409959201,3.26899985789e-08,30
4050,11.7153668597,120,0.390512228657,3.83787310568e-08,30
4051,12.2990015882,120,0.409966719608,4.22978741591e-08,30
4052,12.5713904945,120,0.419046349817,4.41921833808e-08,30
4053,12.3417601382,120,0.411392004608,4.25924898845e-08,30
4054,12.8582493714,120,0.428608312381,4.62319821675e-08,30
4055,14.4530999545,60,0.240884999241,1.46029583534e-08,60
4056,14.1313395066,60,0.23552232511,1.39600024738e-08,60
4057,14.1861202802,60,0.236435338004,1.40684454149e-08,60
4058,15.9291251595,60,0.265485419325,1.77379196625e-08,60
4059,14.796028479,60,0.24660047465,1.53041478059e-08,60
4060,14.7746648367,60,0.246244413946,1.52599851037e-08,60
4061,14.1969780267,60,0.236616300445,1.40899890177e-08,60
4062,13.8588972916,120,0.461963243052,5.37076534614e-08,30
4063,13.7573459178,120,0.458578197259,5.29234491469e-08,30
4064,13.297802569,120,0.443260085635,4.94468450942e-08,30
4065,14.0933524708,60,0.234889207846,1.38850504347e-08,60
4066,12.3899118748,120,0.412997062494,4.29254899036e-08,30
4067,11.4300759133,120,0.381002530444,3.65323033491e-08,30
4068,10.8636845538,120,0.36212281846,3.30014573517e-08,30
4069,10.8733745689,120,0.362445818965,3.30603558292e-08,30
4070,10.7650388997,120,0.35883462999,3.24048512782e-08,30
4071,10.5911951916,120,0.353039839719,3.13666956202e-08,30
4072,10.731871592,120,0.357729053066,3.22054788521e-08,30
4073,10.8629007623,120,0.362096692077,3.29966955551e-08,30
4074,11.0470113567,120,0.368233711891,3.41246673532e-08,30
4075,10.8086566091,120,0.360288553635,3.26679787693e-08,30
4076,12.0424555329,120,0.401415184429,4.0551687205e-08,30
4077,11.5721529454,120,0.385738431512,3.74461485216e-08,30
4078,11.5381227545,120,0.384604091816,3.72262368208e-08,30
4079,12.2792616501,120,0.409308721669,4.21622066644e-08,30
4080,11.7430122139,120,0.391433740462,3.85600732998e-08,30
4081,12.1523275642,120,0.405077585472,4.12950275628e-08,30
4082,13.4933826156,120,0.44977942052,5.09120396528e-08,30
4083,12.7289304668,120,0.424297682228,4.53067232821e-08,30
4084,13.4221285948,120,0.447404286492,5.03757605984e-08,30
4085,13.4275599071,120,0.447585330236,5.04165383104e-08,30
4086,12.8189110128,120,0.427297033761,4.59495318585e-08,30
4087,12.8824001137,120,0.429413337122,4.64058138002e-08,30
4088,12.7882797901,120,0.426275993003,4.5730198294e-08,30
4089,11.7454195055,120,0.391513983517,3.85758843804e-08,30
4090,11.2871130093,120,0.376237100309,3.56241550436e-08,30
4091,10.8865843069,120,0.362886143563,3.31407327007e-08,30
4092,11.2494733748,120,0.374982445828,3.53869563153e-08,30
4093,10.5360556164,120,0.351201853881,3.10409450166e-08,30
4094,10.5271082617,120,0.350903608722,3.09882466578e-08,30
4095,10.5153409563,120,0.350511365208,3.09190074423e-08,30
4096,10.4964386447,120,0.349881288156,3.08079477209e-08,30
4097,10.4927916459,120,0.34975972153,3.07865429315e-08,30
4098,10.4883766202,120,0.349612554008,3.07606404291e-08,30
4099,10.6533973574,120,0.355113245247,3.17362111866e-08,30
4100,10.7976918732,120,0.359923062439,3.26017329649e-08,30
4101,11.8738382816,120,0.395794609387,3.94240362006e-08,30
4102,12.1795969424,120,0.405986564746,4.1480564559e-08,30
4103,12.2013378182,120,0.406711260606,4.16287843558e-08,30
4104,11.916058418,120,0.397201947266,3.97048969263e-08,30
4105,13.0710959105,120,0.435703197016,4.77752345972e-08,30
4106,14.2163559649,60,0.236939266081,1.41284790784e-08,60
4107,13.8895578623,120,0.462985262077,5.39455553391e-08,30
4108,14.017934299,120,0.467264476632,5.49473643966e-08,30
4109,13.4186693945,120,0.447288979817,5.03497978925e-08,30
4110,13.00965465,120,0.433655154999,4.73271510185e-08,30
4111,11.9857138091,120,0.399523793637,4.01704440677e-08,30
4112,12.3041826999,120,0.410139423329,4.23335187056e-08,30
4113,11.2817942749,120,0.376059809165,3.55905891931e-08,30
4114,10.4788779284,120,0.349295930946,3.07049495346e-08,30
4115,10.6031041938,120,0.353436806459,3.14372742569e-08,30
4116,11.0080597479,120,0.366935324931,3.38844454033e-08,30
4117,10.4715376301,120,0.349051254337,3.06619478793e-08,30
4118,10.4669219972,120,0.348897399906,3.06349235566e-08,30
4119,10.4617287121,120,0.348724290403,3.06045313509e-08,30
4120,10.4500066953,120,0.34833355651,3.05359870675e-08,30
4121,10.4457140666,120,0.348190468885,3.05109052208e-08,30
4122,10.4393659073,120,0.347978863578,3.04738317899e-08,30
4123,11.1220046975,120,0.370733489915,3.45895549336e-08,30
4124,11.4098640179,120,0.380328800596,3.64032168491e-08,30
4125,11.2847133386,120,0.376157111286,3.56090090708e-08,30
4126,11.1951355154,120,0.373171183847,3.50459256803e-08,30
4127,12.7268330766,120,0.42422776922,4.52917938188e-08,30
4128,12.7501928259,120,0.42500642753,4.5458210069e-08,30
4129,13.1999213884,120,0.439997379613,4.8721597e-08,30
4130,12.9881956716,120,0.432939855721,4.71711507643e-08,30
4131,14.141245298,60,0.235687421633,1.39795807082e-08,60
4132,17.3351750864,60,0.288919584773,2.10075448358e-08,60
4133,14.2489598931,60,0.237482664885,1.41933581713e-08,60
4134,12.6871437131,120,0.422904790437,4.50097441536e-08,30
4135,12.9426240382,120,0.431420801273,4.68407130065e-08,30
4136,11.6563099726,120,0.388543665753,3.79927737655e-08,30
4137,12.7865780172,120,0.426219267241,4.5718028208e-08,30
4138,11.0981477896,120,0.369938259653,3.44413236006e-08,30
4139,10.8610820134,120,0.362036067114,3.29856473681e-08,30
4140,10.4267350754,120,0.347557835845,3.04001344031e-08,30
4141,10.6267932259,120,0.354226440864,3.15779029817e-08,30
4142,10.4073877986,120,0.346912926619,3.02874214337e-08,30
4143,10.3870543393,120,0.346235144644,3.01691887985e-08,30
4144,10.4392778777,120,0.347975929257,3.04733178527e-08,30
4145,10.3708623756,120,0.34569541252,3.00752030265e-08,30
4146,10.9565166864,120,0.365217222881,3.35678738632e-08,30
4147,11.7473172815,120,0.391577242715,3.85883512489e-08,30
4148,11.1677643952,120,0.372258813174,3.48747667684e-08,30
4149,12.0561158173,120,0.401870527244,4.06437384919e-08,30
4150,12.370577264,120,0.412352575466,4.27916229191e-08,30
4151,14.8627334553,60,0.247712224255,1.54424503236e-08,60
4152,14.8038202281,60,0.246730337135,1.53202707105e-08,60
4153,14.8596177784,60,0.247660296307,1.54359765963e-08,60
4154,14.4702557644,60,0.241170929406,1.46376463117e-08,60
4155,13.3386991751,120,0.444623305838,4.97514544802e-08,30
4156,12.8669173058,120,0.428897243527,4.62943344905e-08,30
4157,12.9645101343,120,0.43215033781,4.69992630998e-08,30
4158,13.5512300364,120,0.451707667882,5.13495049341e-08,30
4159,12.2945114589,120,0.409817048629,4.22669955129e-08,30
4160,12.8691649908,120,0.428972166361,4.63105099532e-08,30
4161,11.2097987395,120,0.373659957984,3.51377910807e-08,30
4162,10.9893827262,120,0.36631275754,3.37695616435e-08,30
4163,11.3531002207,120,0.378436674025,3.60419075984e-08,30
4164,10.3969921203,120,0.346566404009,3.02269449636e-08,30
4165,10.344854407,120,0.344828480234,2.99245474464e-08,30
4166,10.7145858707,120,0.357152862358,3.21018163001e-08,30
4167,10.3349048113,120,0.344496827045,2.98670127618e-08,30
4168,10.3116617506,120,0.343722058354,2.97328228143e-08,30
4169,10.2925343812,120,0.343084479374,2.96226207458e-08,30
4170,10.3370954043,120,0.344569846809,2.98796753654e-08,30
4171,10.4439438018,120,0.348131460062,3.05005645583e-08,30
4172,10.7712583538,120,0.359041945128,3.24423056168e-08,30
4173,10.8568147118,120,0.361893823726,3.29597324447e-08,30
4174,10.7158813915,120,0.357196046383,3.21095797514e-08,30
4175,11.4056711541,120,0.38018903847,3.63764670675e-08,30
4176,10.8500093709,120,0.361666979031,3.29184253172e-08,30
4177,10.913393083,120,0.363779769435,3.33041552035e-08,30
4178,11.0901495094,120,0.369671650312,3.43916987265e-08,30
4179,11.5768651029,120,0.38589550343,3.74766507241e-08,30
4180,11.7689579992,120,0.392298599972,3.87306558759e-08,30
4181,12.0674132109,120,0.402247107031,4.07199460291e-08,30
4182,11.6310871272,120,0.387702904238,3.78285281242e-08,30
4183,12.3234821608,120,0.410782738694,4.24664255174e-08,30
4184,12.0421023544,120,0.401403411812,4.05493086577e-08,30
4185,12.1036966327,120,0.403456554424,4.0965181708e-08,30
4186,10.8589288187,120,0.361964293955,3.29725699449e-08,30
4187,10.3595810583,120,0.34531936861,3.00098076218e-08,30
4188,10.6316420211,120,0.354388067369,3.16067262987e-08,30
4189,10.2925343812,120,0.343084479374,2.96226207458e-08,30
4190,10.2925343812,120,0.343084479374,2.96226207458e-08,30
4191,10.2925343812,120,0.343084479374,2.96226207458e-08,30
4192,10.2925343812,120,0.343084479374,2.96226207458e-08,30
4193,10.2925343812,120,0.343084479374,2.96226207458e-08,30
4194,10.2570036658,120,0.341900122192,2.94184540775e-08,30
4195,10.2439700473,120,0.341465668245,2.93437372684e-08,30
4196,10.3320740869,120,0.344402469562,2.98506538873e-08,30
4197,10.4425117228,120,0.348083724094,3.0492200625e-08,30
4198,12.3982412644,120,0.413274708814,4.2983224505e-08,30
4199,12.5289785059,120,0.417632616864,4.38945048129e-08,30
4200,12.3967057928,120,0.413223526426,4.297257857e-08,30
4201,17.503817955,60,0.29173029925,2.14182710378e-08,60
4202,15.3230192882,60,0.255383654803,1.64137392841e-08,60
4203,14.6846897249,60,0.244744828748,1.5074689781e-08,60
4204,15.2106681933,60,0.253511136555,1.61739248055e-08,60
4205,13.6790499202,120,0.455968330673,5.23227659997e-08,30
4206,13.8066941385,120,0.460223137951,5.33038077088e-08,30
4207,13.0739073372,120,0.43579691124,4.77957884997e-08,30
4208,14.444863576,60,0.240747726267,1.45863195395e-08,60
4209,13.7951225566,120,0.459837418554,5.32144958299e-08,30
4210,13.2449556508,120,0.441498521695,4.90546117211e-08,30
4211,13.2152404126,120,0.440508013753,4.88347492522e-08,30
4212,11.5896579207,120,0.38632193069,3.75595223573e-08,30
4213,11.8519307892,120,0.395064359641,3.92786939791e-08,30
4214,10.2570036658,120,0.341900122192,2.94184540775e-08,30
4215,10.7296110238,120,0.357653700793,3.21919127163e-08,30
4216,12.1912941734,120,0.406376472446,4.15602783203e-08,30
4217,11.0809555237,120,0.369365184123,3.43346993654e-08,30
4218,11.1947522136,120,0.373158407121,3.50435258995e-08,30
4219,11.7012439773,120,0.390041465909,3.82862556589e-08,30
4220,11.9982683226,120,0.39994227742,4.02546417244e-08,30
4221,12.2713234873,120,0.409044116242,4.21077111603e-08,30
4222,13.0338774818,120,0.434462582727,4.75035530672e-08,30
4223,12.5339305563,120,0.417797685212,4.39292100777e-08,30
4224,12.1099887989,120,0.403666293297,4.1007784681e-08,30
4225,11.9760219442,120,0.399200731473,4.01055052387e-08,30
4226,11.6767774283,120,0.389225914278,3.81263148483e-08,30
4227,11.3946873459,120,0.379822911529,3.63064387902e-08,30
4228,11.5650479994,120,0.385501599979,3.74001810702e-08,30
4229,11.5926163017,120,0.386420543389,3.75786997236e-08,30
4230,11.4767590158,120,0.382558633861,3.68313256803e-08,30
4231,11.0151186751,120,0.367170622503,3.39279161924e-08,30
4232,11.3066733342,120,0.37688911114,3.5747733825e-08,30
4233,11.2406368297,120,0.374687894323,3.53313847141e-08,30
4234,11.8877472206,120,0.396258240686,3.95164524294e-08,30
4235,11.6414023899,120,0.388046746331,3.78956558547e-08,30
4236,11.4697481964,120,0.382324939881,3.67863410459e-08,30
4237,11.0090917767,120,0.366969725889,3.38907991771e-08,30
4238,10.6605300324,120,0.35535100108,3.17787215428e-08,30
4239,10.7320526219,120,0.357735087398,3.22065653737e-08,30
4240,10.6140421925,120,0.353801406417,3.15021681259e-08,30
4241,10.955194156,120,0.365173138535,3.35597705846e-08,30
4242,11.6357953628,120,0.387859845428,3.78591601146e-08,30
4243,12.1943591165,120,0.406478637215,4.15811778077e-08,30
4244,11.6713834898,120,0.389046116326,3.80910990532e-08,30
4245,12.3520586652,120,0.411735288839,4.26636017696e-08,30
4246,12.8201076274,120,0.427336920912,4.59581108156e-08,30
4247,13.0640468831,120,0.435468229437,4.77237196926e-08,30
4248,14.0763981243,60,0.234606635405,1.38516630124e-08,60
4249,14.1914959495,60,0.236524932492,1.40791095905e-08,60
4250,14.1658209545,60,0.236097015908,1.4028212338e-08,60
4251,13.7081773117,120,0.456939243722,5.2545829485e-08,30
4252,14.0685849094,120,0.468952830314,5.53451613289e-08,30
4253,14.5125935998,60,0.241876559997,1.472342681e-08,60
4254,14.5760320831,60,0.242933868052,1.48524283303e-08,60
4255,13.7076397423,120,0.456921324744,5.2541708372e-08,30
4256,13.4436350579,120,0.448121168596,5.05373254956e-08,30
4257,12.604039877,120,0.420134662568,4.44220260737e-08,30
4258,13.0963520446,120,0.436545068155,4.79600367688e-08,30
4259,12.0007142613,120,0.400023808711,4.02710558303e-08,30
4260,12.4888325003,120,0.416294416676,4.36136573699e-08,30
4261,11.3353183751,120,0.377843945836,3.59290944063e-08,30
4262,11.1240239152,120,0.370800797174,3.46021156518e-08,30
4263,10.4500860327,120,0.34833620109,3.05364507333e-08,30
4264,10.5687199632,120,0.352290665441,3.12337123954e-08,30
4265,11.0050200185,120,0.366834000618,3.38657345086e-08,30
4266,11.354964649,120,0.378498821634,3.60537463153e-08,30
4267,11.4648418976,120,0.382161396587,3.6754876331e-08,30
4268,11.9443604133,120,0.398145347111,3.98937282091e-08,30
4269,12.4574176138,120,0.415247253792,4.33945184114e-08,30
4270,13.7008772264,120,0.456695907548,5.24898793922e-08,30
4271,13.9183185595,120,0.463943951983,5.41691935762e-08,30
4272,14.4208483648,60,0.240347472747,1.45378590811e-08,60
4273,15.3573995519,60,0.255956659198,1.64874769391e-08,60
4274,17.0624110713,60,0.284373517855,2.03516505067e-08,60
4275,15.7488563061,60,0.262480938435,1.73387136891e-08,60
4276,17.349626744,60,0.289160445734,2.10425857733e-08,60
4277,15.3224751097,60,0.255374585162,1.64125734766e-08,60
4278,13.5870975957,120,0.45290325319,5.16216896481e-08,30
4279,13.6111523025,120,0.453705076749,5.18046343565e-08,30
4280,13.1988728228,120,0.439962427427,4.87138566872e-08,30
4281,12.9418740598,120,0.431395801994,4.68352846632e-08,30
4282,12.1309885361,120,0.404366284538,4.11501298759e-08,30
4283,11.5999370122,120,0.386664567073,3.76261764344e-08,30
4284,11.1749968958,120,0.372499896528,3.49199527947e-08,30
4285,11.0713539178,120,0.369045130593,3.42752233711e-08,30
4286,10.7224906848,120,0.357416356161,3.2149200772e-08,30
4287,10.8292182441,120,0.36097394147,3.27923875624e-08,30
4288,10.5016124318,120,0.350053747728,3.0838326224e-08,30
4289,10.4709870304,120,0.349032901014,3.0658723517e-08,30
4290,10.6736020063,120,0.355786733544,3.18567036518e-08,30
4291,11.0245255165,120,0.367484183882,3.39858893859e-08,30
4292,11.2891052517,120,0.376303508389,3.56367319029e-08,30
4293,11.4533477652,120,0.38177825884,3.66812157175e-08,30
4294,11.7658127707,120,0.392193759024,3.87099572749e-08,30
4295,12.2715627851,120,0.409052092838,4.21093534255e-08,30
4296,13.3537979524,120,0.445126598414,4.98641508196e-08,30
4297,13.1522600583,120,0.438408668611,4.83703913001e-08,30
4298,13.196321558,120,0.439877385267,4.8695026301e-08,30
4299,12.5901132315,120,0.41967044105,4.43239133997e-08,30
4300,13.1334582165,120,0.437781940551,4.82321941558e-08,30
4301,11.9825710256,120,0.399419034186,4.01493805814e-08,30
4302,12.5147189618,120,0.417157298728,4.37946468013e-08,30
4303,12.0897147283,120,0.402990490944,4.0870592353e-08,30
4304,12.980709649,120,0.432690321635,4.71167902445e-08,30
4305,11.4832816554,120,0.382776055179,3.68732026124e-08,30
4306,11.0111710838,120,0.367039036127,3.39036024196e-08,30
4307,10.9924639977,120,0.366415466589,3.37885013377e-08,30
4308,10.8009706448,120,0.360032354827,3.26215353205e-08,30
4309,10.7912920289,120,0.359709734297,3.25630980081e-08,30
4310,10.7966586366,120,0.359888621219,3.25954939109e-08,30
4311,10.7958441656,120,0.359861472185,3.25905762628e-08,30
4312,10.7857471937,120,0.359524906456,3.252964314e-08,30
4313,10.7717916479,120,0.359059721598,3.24455181883e-08,30
4314,10.7717916479,120,0.359059721598,3.24455181883e-08,30
4315,10.7717916479,120,0.359059721598,3.24455181883e-08,30
4316,11.3089027506,120,0.376963425021,3.57618324799e-08,30
4317,11.1993136892,120,0.373310456306,3.5072089775e-08,30
4318,11.2221100689,120,0.374070335632,3.52150146745e-08,30
4319,11.3269889733,120,0.377566299109,3.58763110788e-08,30
4320,11.4461140027,120,0.381537133423,3.66348957394e-08,30
4321,11.7910466514,120,0.393034888379,3.88761761199e-08,30
4322,11.7789307185,120,0.392631023949,3.87963224554e-08,30
4323,11.8997249639,120,0.396657498796,3.95961237692e-08,30
4324,13.1467157338,120,0.438223857793,4.83296188975e-08,30
4325,12.9651206407,120,0.432170688023,4.70036896498e-08,30
4326,11.7688816367,120,0.392296054558,3.87301532727e-08,30
4327,12.776149589,120,0.425871652968,4.56434855504e-08,30
4328,12.6990884194,120,0.423302947312,4.50945356982e-08,30
4329,13.9114759108,120,0.463715863694,5.41159443787e-08,30
4330,13.7311195609,120,0.457703985364,5.27218599345e-08,30
4331,11.9278805349,120,0.39759601783,3.9783719766e-08,30
4332,12.3666345502,120,0.412221151672,4.27643504267e-08,30
4333,12.7203529948,120,0.424011766492,4.52456833985e-08,30
4334,11.795560209,120,0.393185340301,3.89059450543e-08,30
4335,11.0430438065,120,0.368101460217,3.4100159907e-08,30
4336,11.1099662513,120,0.370332208377,3.45147160627e-08,30
4337,11.0515721703,120,0.368385739009,3.41528502468e-08,30
4338,11.7712117078,120,0.392373723594,3.87454908292e-08,30
4339,11.3366796906,120,0.377889323021,3.59377247367e-08,30
4340,11.539510941,120,0.384650364701,3.72351949626e-08,30
4341,12.5814515041,120,0.419381716805,4.4262946579e-08,30
4342,11.1283623131,120,0.370945410437,3.46291107428e-08,30
4343,11.6173721292,120,0.387245737638,3.7739368393e-08,30
4344,11.6353654392,120,0.38784551464,3.78563624979e-08,30
4345,11.2769627445,120,0.37589875815,3.55601117373e-08,30
4346,11.6544395657,120,0.388481318856,3.79805818719e-08,30
4347,12.5622029756,120,0.418740099186,4.41276132512e-08,30
4348,14.1079399503,60,0.235132332504,1.39138090589e-08,60
4349,12.8118296645,120,0.427060988815,4.58987795334e-08,30
4350,12.324048431,120,0.410801614366,4.24703283139e-08,30
4351,12.8131058839,120,0.427103529464,4.59079241811e-08,30
4352,12.5835389586,120,0.41945129862,4.42776355916e-08,30
4353,12.8987135691,120,0.429957118969,4.65234189825e-08,30
4354,12.8789120392,120,0.429297067973,4.6380687268e-08,30
4355,13.3443452299,120,0.444811507664,4.97935813599e-08,30
4356,12.5343422321,120,0.417811407735,4.39320958262e-08,30
4357,12.0514768295,120,0.401715894316,4.06124664742e-08,30
4358,12.2035637085,120,0.406785456949,4.1643974421e-08,30
4359,12.4818188976,120,0.416060629921,4.35646851428e-08,30
4360,11.5472551411,120,0.384908504703,3.72851890323e-08,30
4361,11.6446490451,120,0.38815496817,3.79167961399e-08,30
4362,12.2537058561,120,0.408456861872,4.19868919831e-08,30
4363,13.4853301614,120,0.449511005379,5.0851292166e-08,30
4364,13.4518207935,120,0.448394026451,5.05988878827e-08,30
4365,13.8968739173,120,0.463229130576,5.40023998543e-08,30
4366,13.483942155,120,0.4494647385,5.08408247493e-08,30
4367,14.3107053617,60,0.238511756029,1.43166337468e-08,60
4368,14.5924962663,60,0.243208271104,1.48860000463e-08,60
4369,16.5843238677,60,0.276405397794,1.92271261128e-08,60
4370,17.8396048157,60,0.297326746929,2.22479138181e-08,60
4371,16.5688500883,60,0.276147501472,1.91912636306e-08,60
4372,16.2830185845,60,0.271383643075,1.85348327454e-08,60
4373,17.0485495561,60,0.284142492602,2.03185965473e-08,60
4374,15.1524270099,60,0.252540450164,1.60503030045e-08,60
4375,15.1279306619,60,0.252132177698,1.59984491341e-08,60
4376,15.5547496374,60,0.259245827291,1.69139438633e-08,60
4377,14.7484547633,60,0.245807579388,1.52058910762e-08,60
4378,13.2934998758,120,0.443116662528,4.94148518107e-08,30
4379,13.8510901689,120,0.461703005629,5.3647160317e-08,30
4380,13.7577274489,120,0.458590914964,5.29263846293e-08,30
4381,13.3102071953,120,0.443673573176,4.95391393984e-08,30
4382,12.428425247,120,0.414280841568,4.31927678047e-08,30
4383,12.0229768915,120,0.400765896384,4.04206087974e-08,30
4384,12.3298146262,120,0.410993820875,4.25100797799e-08,30
4385,11.8721383335,120,0.39573794445,3.94127485247e-08,30
4386,12.8798381172,120,0.429327937242,4.63873576576e-08,30
4387,13.7340998176,120,0.457803327254,5.27447483415e-08,30
4388,13.4697278349,120,0.448990927831,5.07336918587e-08,30
4389,14.3557387181,60,0.239262311969,1.44068795418e-08,60
4390,15.2753417957,60,0.254589029928,1.63117556682e-08,60
4391,16.0488719228,60,0.267481198714,1.8005610728e-08,60
4392,15.0092541635,60,0.250154236058,1.574842252e-08,60
4393,15.9030905167,60,0.265051508611,1.7679985154e-08,60
4394,17.1026039327,60,0.285043398879,2.04476456752e-08,60
4395,17.3798777647,60,0.289664629411,2.11160299647e-08,60
4396,17.3145951922,60,0.288576586537,2.09576951608e-08,60
4397,17.3971506888,60,0.289952511481,2.11580229907e-08,60
4398,15.2302480074,60,0.253837466789,1.62155911229e-08,60
4399,14.5529036925,60,0.242548394875,1.48053318051e-08,60
4400,14.6460310857,60,0.244100518095,1.49954235638e-08,60
4401,13.6039515383,120,0.453465051276,5.17498360155e-08,30
4402,12.3040854919,120,0.410136183063,4.23328498048e-08,30
4403,11.9395437263,120,0.397984790877,3.98615595785e-08,30
4404,11.9395437263,120,0.397984790877,3.98615595785e-08,30
4405,11.9395437263,120,0.397984790877,3.98615595785e-08,30
4406,12.079908318,120,0.402663610601,4.08043159757e-08,30
4407,12.0756501216,120,0.402521670718,4.07755538086e-08,30
4408,12.101978453,120,0.403399281766,4.09535521122e-08,30
4409,12.7592960404,120,0.425309868015,4.55231445479e-08,30
4410,12.8529611099,120,0.428432036996,4.61939619782e-08,30
4411,14.2116354123,60,0.236860590204,1.41190978901e-08,60
4412,13.3979517806,120,0.446598392686,5.01944438286e-08,30
4413,13.5624927729,120,0.452083092429,5.14348958945e-08,30
4414,14.1192694211,60,0.235321157019,1.39361651775e-08,60
4415,13.8858089458,120,0.462860298192,5.39164384885e-08,30
4416,13.4467706102,120,0.448225687006,5.05609025873e-08,30
4417,14.5088945852,60,0.241814909754,1.47159222616e-08,60
4418,12.343641179,120,0.411454705967,4.26054741452e-08,30
4419,12.5447231661,120,0.41815743887,4.4004895026e-08,30
4420,12.0666858752,120,0.402222862508,4.07150375742e-08,30
4421,12.0340995891,120,0.401136652969,4.04954312263e-08,30
4422,12.0245217729,120,0.40081739243,4.04309970828e-08,30
4423,12.0175578112,120,0.400585260374,4.03841796895e-08,30
4424,12.0055307013,120,0.40018435671,4.03033875802e-08,30
4425,11.9845473478,120,0.399484911594,4.0162625595e-08,30
4426,11.9695086651,120,0.39898362217,4.00618935425e-08,30
4427,11.9473829819,120,0.398246099398,3.99139213016e-08,30
4428,11.9395437263,120,0.397984790877,3.98615595785e-08,30
4429,11.9395437263,120,0.397984790877,3.98615595785e-08,30
4430,11.9395437263,120,0.397984790877,3.98615595785e-08,30
4431,11.9395437263,120,0.397984790877,3.98615595785e-08,30
4432,11.9395437263,120,0.397984790877,3.98615595785e-08,30
4433,11.9395437263,120,0.397984790877,3.98615595785e-08,30
4434,11.9395437263,120,0.397984790877,3.98615595785e-08,30
4435,11.9288912106,120,0.397629707019,3.97904619766e-08,30
4436,11.9352840541,120,0.397842801804,3.98331218272e-08,30
4437,12.1289444905,120,0.404298149684,4.11362636264e-08,30
4438,12.3022916838,120,0.41007638946,4.23205073234e-08,30
4439,12.6970823335,120,0.423236077783,4.50802895786e-08,30
4440,12.562356377,120,0.418745212565,4.41286909725e-08,30
4441,12.3453866961,120,0.411512889872,4.26175246969e-08,30
4442,11.9521306045,120,0.398404353484,3.99456494022e-08,30
4443,12.3703324206,120,0.41234441402,4.27899290381e-08,30
4444,12.1057607611,120,0.403525358702,4.09791550593e-08,30
4445,12.3979349651,120,0.413264498837,4.2981100725e-08,30
4446,11.9190412528,120,0.397301375094,3.9724777321e-08,30
4447,11.9082146289,120,0.396940487629,3.96526423424e-08,30
4448,11.9052553323,120,0.39684184441,3.96329367272e-08,30
4449,11.9038770384,120,0.396795901281,3.96237604988e-08,30
4450,11.8976589465,120,0.396588631548,3.95823756901e-08,30
4451,11.8812667858,120,0.396042226194,3.94733805191e-08,30
4452,11.8812667858,120,0.396042226194,3.94733805191e-08,30
4453,11.8812667858,120,0.396042226194,3.94733805191e-08,30
4454,11.8812667858,120,0.396042226194,3.94733805191e-08,30
4455,11.8812667858,120,0.396042226194,3.94733805191e-08,30
4456,11.8812667858,120,0.396042226194,3.94733805191e-08,30
4457,11.8812667858,120,0.396042226194,3.94733805191e-08,30
4458,11.8812667858,120,0.396042226194,3.94733805191e-08,30
4459,11.8812667858,120,0.396042226194,3.94733805191e-08,30
4460,12.3602334505,120,0.412007781684,4.27200913323e-08,30
4461,12.4767143922,120,0.415890479739,4.35290604146e-08,30
4462,13.421836829,120,0.447394560966,5.03735705189e-08,30
4463,12.8513007369,120,0.428376691231,4.61820278799e-08,30
4464,12.7092072518,120,0.423640241726,4.5166428393e-08,30
4465,12.5804324624,120,0.419347748747,4.4255776665e-08,30
4466,12.6466087265,120,0.421553624215,4.47225944434e-08,30
4467,12.8365300617,120,0.42788433539,4.6075930024e-08,30
4468,11.8812667858,120,0.396042226194,3.94733805191e-08,30
4469,11.860497525,120,0.395349917501,3.93354968426e-08,30
4470,11.8491288708,120,0.394970962361,3.92601243995e-08,30
4471,11.8168045819,120,0.393893486064,3.90462142238e-08,30
4472,11.7897400815,120,0.39299133605,3.88675608329e-08,30
4473,11.762769964,120,0.392092332134,3.86899379716e-08,30
4474,11.7282099407,120,0.390940331356,3.84629232685e-08,30
4475,12.2218119023,120,0.407393730076,4.17686094048e-08,30
4476,12.1418338517,120,0.404727795057,4.12237406351e-08,30
4477,11.8002119371,120,0.393340397902,3.89366372059e-08,30
4478,11.8215548837,120,0.394051829455,3.9077613335e-08,30
4479,11.9089208515,120,0.396964028384,3.96573457217e-08,30
4480,12.6184145827,120,0.420613819425,4.45234090728e-08,30
4481,12.1714128398,120,0.405713761327,4.1424837405e-08,30
4482,12.9709553117,120,0.432365177056,4.70460051488e-08,30
4483,14.309798364,60,0.2384966394,1.43148190573e-08,60
4484,14.9045138666,60,0.248408564443,1.55293924427e-08,60
4485,14.4957691875,60,0.241596153125,1.46893089364e-08,60
4486,15.1819949652,60,0.25303324942,1.61130042044e-08,60
4487,14.598783655,60,0.243313060916,1.48988305079e-08,60
4488,15.6675234263,60,0.261125390438,1.71600891497e-08,60
4489,14.4436663217,60,0.240727772029,1.45839016821e-08,60
4490,15.1751952356,60,0.252919920593,1.60985740143e-08,60
4491,15.9491732023,60,0.265819553371,1.77825968623e-08,60
4492,15.6941266923,60,0.261568778205,1.72184138744e-08,60
4493,14.8051431563,60,0.246752385939,1.53230089934e-08,60
4494,13.4545682828,120,0.448485609425,5.06195592994e-08,30
4495,14.756827259,60,0.245947120984,1.52231603287e-08,60
4496,15.6133725415,60,0.260222875691,1.70416750069e-08,60
4497,13.1783252832,120,0.439277509441,4.85623027188e-08,30
4498,13.7489067525,120,0.45829689175,5.28585394255e-08,30
4499,14.1854974366,60,0.236424957277,1.40672100879e-08,60
4500,13.2306074472,120,0.441020248241,4.89483879875e-08,30
4501,13.5726625174,120,0.452422083913,5.15120610401e-08,30
4502,13.5275572883,120,0.450918576276,5.1170255945e-08,30
4503,13.6840726637,120,0.456135755458,5.23611973361e-08,30
4504,12.8762836753,120,0.429209455842,4.63617582022e-08,30
4505,12.3763215865,120,0.412544052883,4.28313730372e-08,30
4506,13.0337253422,120,0.434457511407,4.75024440911e-08,30
4507,14.794783572,60,0.2465797262,1.5301572596e-08,60
4508,14.4655841438,60,0.241093069063,1.46281965145e-08,60
4509,15.9323964715,60,0.265539941192,1.77452059669e-08,60
4510,18.0664288689,60,0.301107147815,2.28172586398e-08,60
4511,15.3384576633,60,0.255640961056,1.64468305587e-08,60
4512,17.8605054072,60,0.297675090121,2.23000749454e-08,60
4513,17.778560843,60,0.296309347384,2.20959174632e-08,60
4514,17.2921155974,60,0.288201926623,2.09033116005e-08,60
4515,16.1359353396,60,0.268932255659,1.82014976552e-08,60
4516,17.2760030717,60,0.287933384528,2.08643749846e-08,60
4517,16.4343366813,60,0.273905611354,1.88809218237e-08,60
4518,16.0648487272,60,0.267747478787,1.80414780852e-08,60
4519,15.0020307951,60,0.250033846584,1.57332679649e-08,60
4520,16.7827886772,60,0.279713144621,1.96900621315e-08,60
4521,14.7677487288,60,0.24612914548,1.52457018691e-08,60
4522,15.2963307319,60,0.254938845532,1.6356612486e-08,60
4523,15.4170987964,60,0.256951646606,1.66159105377e-08,60
4524,11.9845473478,120,0.399484911594,4.0162625595e-08,30
4525,14.6775243258,60,0.24462540543,1.50599819707e-08,60
4526,14.1774292948,60,0.236290488246,1.40512129089e-08,60
4527,13.1272130868,120,0.437573769559,4.81863349938e-08,30
4528,13.4534883189,120,0.44844961063,5.06114334198e-08,30
4529,14.5990028902,60,0.243316714837,1.48992779936e-08,60
4530,14.8024431757,60,0.246707386261,1.53174206577e-08,60
4531,14.2145242867,60,0.236908738111,1.41248386012e-08,60
4532,15.2995078612,60,0.254991797687,1.63634079027e-08,60
4533,14.296889025,60,0.23828148375,1.42890029707e-08,60
4534,14.9531287517,60,0.249218812529,1.56308638337e-08,60
4535,15.1566561937,60,0.252610936561,1.60592638336e-08,60
4536,16.6001322746,60,0.276668871243,1.92637987081e-08,60
4537,17.237816144,60,0.287296935733,2.07722395746e-08,60
4538,17.5046986707,60,0.291744977845,2.14204264398e-08,60
4539,15.9298659853,60,0.265497766421,1.77395695979e-08,60
4540,16.6948678622,60,0.278247797704,1.94842999342e-08,60
4541,15.0892014943,60,0.251486691571,1.59166384091e-08,60
4542,15.28782757,60,0.254797126166,1.63384324049e-08,60
4543,15.6714527745,60,0.261190879575,1.71686975838e-08,60
4544,14.9167636011,60,0.248612726686,1.55549295532e-08,60
4545,20.629965834,60,0.3438327639,2.97519785152e-08,60
4546,15.208370227,60,0.253472837117,1.61690381924e-08,60
4547,14.3134135852,60,0.238556893086,1.43220529502e-08,60
4548,14.6261534103,60,0.243769223504,1.49547474397e-08,60
4549,14.7836668162,60,0.246394446937,1.52785861242e-08,60
4550,14.0197151674,120,0.467323838913,5.49613265453e-08,30
4551,12.7556930901,120,0.425189769669,4.54974386669e-08,30
4552,13.3753828356,120,0.445846094521,5.00254804641e-08,30
4553,13.6765049575,120,0.455883498584,5.23032986976e-08,30
4554,14.9963657481,60,0.249939429135,1.57213878569e-08,60
4555,15.1680259779,60,0.252800432966,1.60833666236e-08,60
4556,14.3931603168,60,0.23988600528,1.44820872559e-08,60
4557,14.595589204,60,0.243259820067,1.48923110092e-08,60
4558,13.7381072991,120,0.45793690997,5.27755336778e-08,30
4559,12.6329551196,120,0.421098503988,4.46260792257e-08,30
4560,12.4435340411,120,0.414784468035,4.32978474562e-08,30
4561,12.0084098323,120,0.400280327743,4.03227207774e-08,30
4562,11.9939873068,120,0.399799576894,4.02259209111e-08,30
4563,11.9845473478,120,0.399484911594,4.0162625595e-08,30
4564,11.9695086651,120,0.39898362217,4.00618935425e-08,30
4565,11.9487437609,120,0.398291458696,3.99230140236e-08,30
4566,11.9487437609,120,0.398291458696,3.99230140236e-08,30
4567,11.9487437609,120,0.398291458696,3.99230140236e-08,30
4568,11.9487437609,120,0.398291458696,3.99230140236e-08,30
4569,11.9487437609,120,0.398291458696,3.99230140236e-08,30
4570,11.9487437609,120,0.398291458696,3.99230140236e-08,30
4571,11.9487437609,120,0.398291458696,3.99230140236e-08,30
4572,11.9487437609,120,0.398291458696,3.99230140236e-08,30
4573,11.9487437609,120,0.398291458696,3.99230140236e-08,30
4574,11.9487437609,120,0.398291458696,3.99230140236e-08,30
4575,11.9487437609,120,0.398291458696,3.99230140236e-08,30
4576,11.9487437609,120,0.398291458696,3.99230140236e-08,30
4577,11.9487437609,120,0.398291458696,3.99230140236e-08,30
4578,11.9487437609,120,0.398291458696,3.99230140236e-08,30
4579,11.9487437609,120,0.398291458696,3.99230140236e-08,30
4580,11.9487437609,120,0.398291458696,3.99230140236e-08,30
4581,11.9487437609,120,0.398291458696,3.99230140236e-08,30
4582,11.9487437609,120,0.398291458696,3.99230140236e-08,30
4583,11.9487437609,120,0.398291458696,3.99230140236e-08,30
4584,11.946229499,120,0.398207649966,3.99062145417e-08,30
4585,11.946229499,120,0.398207649966,3.99062145417e-08,30
4586,11.9370826615,120,0.397902755385,3.98451281685e-08,30
4587,11.9370826615,120,0.397902755385,3.98451281685e-08,30
4588,11.9370826615,120,0.397902755385,3.98451281685e-08,30
4589,11.917738649,120,0.397257954966,3.97160949416e-08,30
4590,11.917738649,120,0.397257954966,3.97160949416e-08,30
4591,11.917738649,120,0.397257954966,3.97160949416e-08,30
4592,11.917738649,120,0.397257954966,3.97160949416e-08,30
4593,11.917738649,120,0.397257954966,3.97160949416e-08,30
4594,11.917738649,120,0.397257954966,3.97160949416e-08,30
4595,11.917738649,120,0.397257954966,3.97160949416e-08,30
4596,11.917738649,120,0.397257954966,3.97160949416e-08,30
4597,11.917738649,120,0.397257954966,3.97160949416e-08,30
4598,11.917738649,120,0.397257954966,3.97160949416e-08,30
4599,11.917738649,120,0.397257954966,3.97160949416e-08,30
4600,11.917738649,120,0.397257954966,3.97160949416e-08,30
4601,11.917738649,120,0.397257954966,3.97160949416e-08,30
4602,11.8952669155,120,0.396508897184,3.95664611728e-08,30
4603,11.8689446288,120,0.395631487625,3.93915466574e-08,30
4604,11.855085173,120,0.395169505765,3.92996047595e-08,30
4605,11.8365000493,120,0.394550001644,3.9176481983e-08,30
4606,11.8114806415,120,0.393716021383,3.90110384047e-08,30
4607,11.762769964,120,0.392092332134,3.86899379716e-08,30
4608,11.7282099407,120,0.390940331356,3.84629232685e-08,30
4609,11.7165820018,120,0.390552733394,3.83866929125e-08,30
4610,11.6907007734,120,0.389690025779,3.82172924025e-08,30
4611,11.6820847039,120,0.389402823463,3.81609807216e-08,30
4612,11.673260047,120,0.389108668233,3.81033488216e-08,30
4613,11.7177863022,120,0.39059287674,3.83945845458e-08,30
4614,11.6728769791,120,0.389095899303,3.81008480755e-08,30
4615,11.6709665337,120,0.389032217791,3.80883775197e-08,30
4616,11.6653217522,120,0.388844058407,3.80515427681e-08,30
4617,11.6604491376,120,0.388681637919,3.80197610849e-08,30
4618,11.6502919034,120,0.388343063447,3.79535530999e-08,30
4619,11.6179490533,120,0.387264968442,3.77431167952e-08,30
4620,11.5720085957,120,0.385733619856,3.74452143297e-08,30
4621,11.5697637083,120,0.385658790275,3.74306875279e-08,30
4622,11.5658219454,120,0.38552739818,3.74051869621e-08,30
4623,11.5595257063,120,0.385317523543,3.73644725369e-08,30
4624,11.5497482572,120,0.384991608572,3.73012909265e-08,30
4625,11.5433335045,120,0.384777783483,3.72598680135e-08,30
4626,11.5331061087,120,0.384436870289,3.71938727612e-08,30
4627,11.5306354348,120,0.384354514495,3.7177938791e-08,30
4628,11.5291277396,120,0.384304257988,3.71682169789e-08,30
4629,11.5040454418,120,0.383468181393,3.70066695987e-08,30
4630,11.4466690108,120,0.381555633694,3.66384485885e-08,30
4631,12.1899320023,120,0.406331066744,4.1550991522e-08,30
4632,14.3263340053,60,0.238772233421,1.43479210576e-08,60
4633,13.5835186307,120,0.452783954356,5.1594497985e-08,30
4634,12.9932102588,120,0.433107008627,4.72075822315e-08,30
4635,13.5280827839,120,0.450936092797,5.1174231573e-08,30
4636,13.3623683634,120,0.445412278779,4.99281765602e-08,30
4637,14.1296888993,60,0.235494814988,1.39567414754e-08,60
4638,13.9791299088,120,0.465970996959,5.46435753005e-08,30
4639,12.9049494975,120,0.430164983251,4.65684136775e-08,30
4640,13.8680192501,120,0.462267308338,5.37783777351e-08,30
4641,13.7816118637,120,0.459387062123,5.31103122477e-08,30
4642,13.9035515666,120,0.463451718885,5.40543101943e-08,30
4643,14.2243693149,60,0.237072821914,1.41444112e-08,60
4644,12.9617853955,120,0.432059513182,4.69795095944e-08,30
4645,12.5992781252,120,0.419975937506,4.43884675147e-08,30
4646,13.1234093035,120,0.437446976782,4.81584137862e-08,30
4647,13.220793029,120,0.440693100967,4.88757954366e-08,30
4648,12.8669572735,120,0.428898575785,4.62946220936e-08,30
4649,13.4790487368,120,0.449301624559,5.08039304535e-08,30
4650,13.2621977549,120,0.442073258497,4.91824121111e-08,30
4651,15.2922751025,60,0.254871251708,1.63479401363e-08,60
4652,15.5867112479,60,0.259778520799,1.69835241912e-08,60
4653,14.4919273041,60,0.241532121736,1.46815236119e-08,60
4654,16.6923674197,60,0.278206123662,1.94784639223e-08,60
4655,16.6253189255,60,0.277088648758,1.93222992844e-08,60
4656,17.1496246074,60,0.28582707679,2.05602348209e-08,60
4657,15.4834635994,60,0.258057726656,1.67592688989e-08,60
4658,19.5903556638,60,0.32650592773,2.68289376198e-08,60
4659,17.2867858877,60,0.288113098129,2.08904281088e-08,60
4660,17.2901293888,60,0.288168823147,2.089850988e-08,60
4661,16.5380015982,60,0.27563335997,1.91198681651e-08,60
4662,13.7615886854,120,0.458719622845,5.29560973801e-08,30
4663,13.6091790071,120,0.453639300235,5.178961455e-08,30
4664,12.8298641252,120,0.427662137506,4.60280885163e-08,30
4665,13.009198692,120,0.433639956401,4.73238336651e-08,30
4666,11.9646642961,120,0.398822143203,4.00294719406e-08,30
4667,11.6435945673,120,0.388119818909,3.79099293618e-08,30
4668,11.4329538811,120,0.381098462704,3.65507025321e-08,30
4669,11.4225214711,120,0.380750715702,3.64840289585e-08,30
4670,11.411470559,120,0.380382351967,3.64134689225e-08,30
4671,11.4023892586,120,0.380079641955,3.63555359738e-08,30
4672,11.3909424744,120,0.37969808248,3.62825784419e-08,30
4673,11.3829047618,120,0.379430158726,3.62313928531e-08,30
4674,11.3715217542,120,0.37905072514,3.6158965645e-08,30
4675,11.3561986342,120,0.378539954473,3.60615829237e-08,30
4676,11.3415009513,120,0.378050031712,3.59682984123e-08,30
4677,11.3281590948,120,0.377605303159,3.58837237834e-08,30
4678,11.306456407,120,0.376881880233,3.57463621426e-08,30
4679,11.2815484513,120,0.376051615043,3.55890382142e-08,30
4680,11.2921507075,120,0.376405023584,3.56559619004e-08,30
4681,11.2747329261,120,0.375824430869,3.55460503706e-08,30
4682,11.2630138177,120,0.375433793923,3.54721946925e-08,30
4683,11.2327073222,120,0.374423577407,3.52815545013e-08,30
4684,11.2538555957,120,0.375128519856,3.54145315904e-08,30
4685,11.2238326948,120,0.374127756495,3.52258267146e-08,30
4686,11.2166578742,120,0.373888595805,3.518080498e-08,30
4687,11.2016083607,120,0.373386945356,3.50864633646e-08,30
4688,11.1969706415,120,0.373232354717,3.50574162003e-08,30
4689,11.1944512206,120,0.373148374021,3.50416414962e-08,30
4690,11.1908211216,120,0.373027370721,3.50189188098e-08,30
4691,11.1863259567,120,0.37287753189,3.49907914367e-08,30
4692,11.1786445414,120,0.372621484712,3.49427530512e-08,30
4693,11.1633299576,120,0.372110998586,3.4847076486e-08,30
4694,11.6576407955,120,0.388588026517,3.80014496742e-08,30
4695,11.9109666279,120,0.39703222093,3.96709719824e-08,30
4696,11.840271543,120,0.3946757181,3.92014517617e-08,30
4697,11.9880195827,120,0.399600652756,4.01859012792e-08,30
4698,12.6538976543,120,0.421796588477,4.47741614224e-08,30
4699,13.3026449433,120,0.44342149811,4.94828636356e-08,30
4700,13.9818868713,120,0.46606289571,5.46651310261e-08,30
4701,13.2001954136,120,0.440006513786,4.87236199034e-08,30
4702,13.105739754,120,0.436857991799,4.80288187092e-08,30
4703,12.820986096,120,0.427366203201,4.59644093811e-08,30
4704,14.1055019683,60,0.235091699472,1.39090006057e-08,60
4705,13.5421006641,120,0.451403355471,5.1280340609e-08,30
4706,13.8031892125,120,0.460106307084,5.32767480542e-08,30
4707,14.8519836715,60,0.247533061192,1.54201202496e-08,60
4708,15.2144693124,60,0.25357448854,1.61820094861e-08,60
4709,15.508167384,60,0.258469456399,1.68127902118e-08,60
4710,15.0964147247,60,0.251606912078,1.59318596019e-08,60
4711,14.5712705907,60,0.242854509845,1.4842726352e-08,60
4712,16.0081010078,60,0.266801683463,1.79142432151e-08,60
4713,15.0802465467,60,0.251337442446,1.58977520065e-08,60
4714,15.6793160074,60,0.261321933457,1.71859308727e-08,60
4715,16.2111584875,60,0.270185974792,1.83715981616e-08,60
4716,16.3480940644,60,0.272468234407,1.86832786076e-08,60
4717,17.0083099383,60,0.283471832306,2.0222793951e-08,60
4718,15.1008519434,60,0.251680865723,1.59412265325e-08,60
4719,15.3039884285,60,0.255066473808,1.63729935816e-08,60
4720,16.0283101654,60,0.267138502757,1.79595028352e-08,60
4721,15.8940031348,60,0.264900052247,1.76597854485e-08,60
4722,16.6538955805,60,0.277564926341,1.93887811645e-08,60
4723,16.3343139283,60,0.272238565472,1.86517948624e-08,60
4724,15.9230058402,60,0.265383430671,1.77242939118e-08,60
4725,15.3348950424,60,0.25558158404,1.64391913266e-08,60
4726,15.095390774,60,0.251589846233,1.59296984416e-08,60
4727,15.1849791205,60,0.253082985341,1.61193391336e-08,60
4728,16.3800643489,60,0.273001072482,1.87564239882e-08,60
4729,15.0368977866,60,0.25061496311,1.58064859459e-08,60
4730,14.3273053406,60,0.238788422343,1.43498667214e-08,60
4731,14.1541755977,60,0.235902926629,1.40051573539e-08,60
4732,14.4106176786,60,0.24017696131,1.4517239002e-08,60
4733,13.4723302179,120,0.449077673929,5.07532974883e-08,30
4734,13.332514999,120,0.444417166632,4.97053329757e-08,30
4735,13.5735789453,120,0.45245263151,5.15190174767e-08,30
4736,12.9314780502,120,0.431049268341,4.67600707478e-08,30
4737,13.3883407711,120,0.446278025703,5.01224557737e-08,30
4738,13.0746420262,120,0.435821400874,4.78011604252e-08,30
4739,13.0233971402,120,0.434113238005,4.7427190019e-08,30
4740,13.536659061,120,0.451221968699,5.12391370757e-08,30
4741,12.723757684,120,0.424125256134,4.52699072714e-08,30
4742,12.8271226702,120,0.427570755673,4.60084202719e-08,30
4743,12.7741927691,120,0.425806425636,4.56295049307e-08,30
4744,12.4113738234,120,0.413712460781,4.30743307638e-08,30
4745,12.3601841626,120,0.412006138753,4.271975063e-08,30
4746,12.9595057206,120,0.43198352402,4.6962985854e-08,30
4747,13.2397898128,120,0.441326327092,4.9016354324e-08,30
4748,13.9038792023,120,0.463462640075,5.40568577924e-08,30
4749,13.7886362083,120,0.459621206944,5.31644655956e-08,30
4750,13.3868969293,120,0.446229897644,5.01116456227e-08,30
4751,15.0731688448,60,0.251219480747,1.58828327351e-08,60
4752,14.6008325929,60,0.243347209882,1.49030129004e-08,60
4753,15.0203681211,60,0.250339468684,1.57717537395e-08,60
4754,14.7057162246,60,0.24509527041,1.51178905423e-08,60
4755,15.3774343393,60,0.256290572322,1.65305231018e-08,60
4756,14.1010343274,60,0.235017238791,1.39001911952e-08,60
4757,13.761821795,120,0.458727393165,5.29578914577e-08,30
4758,13.8923749734,120,0.463079165781,5.39674402742e-08,30
4759,13.1686233358,120,0.438954111194,4.84908254307e-08,30
4760,13.236530448,120,0.441217681598,4.89922236516e-08,30
4761,12.8647381784,120,0.428824605946,4.62786550999e-08,30
4762,12.7557147059,120,0.425190490198,4.54975928675e-08,30
4763,12.609732233,120,0.420324407765,4.44621597271e-08,30
4764,12.4637319008,120,0.415457730027,4.34385202898e-08,30
4765,12.3089066438,120,0.410296888126,4.23660311548e-08,30
4766,12.2730594007,120,0.409101980025,4.21196251992e-08,30
4767,12.115438073,120,0.403847935765,4.10446984944e-08,30
4768,13.0131409787,120,0.433771365958,4.73525198881e-08,30
4769,12.8776572698,120,0.429255242327,4.63716501333e-08,30
4770,13.0225971158,120,0.434086570525,4.74213633144e-08,30
4771,12.5723071208,120,0.419076904028,4.4198628045e-08,30
4772,13.6812898777,120,0.456042995925,5.2339903209e-08,30
4773,13.5456564626,120,0.451521882088,5.13072738748e-08,30
4774,13.4331136486,120,0.447770454952,5.0458252267e-08,30
4775,13.4661256585,120,0.448870855284,5.07065603125e-08,30
4776,14.7995343515,60,0.246658905859,1.53114012048e-08,60
4777,13.6564721077,120,0.455215736923,5.21501869555e-08,30
4778,13.7158027905,120,0.45719342635,5.26043053198e-08,30
4779,14.52551963,60,0.242091993834,1.4749666119e-08,60
4780,13.5443307707,120,0.451477692356,5.12972316428e-08,30
4781,13.8905336611,120,0.463017788703,5.39531354015e-08,30
4782,12.8154817658,120,0.427182725526,4.59249507969e-08,30
4783,13.301760185,120,0.443392006166,4.94762816485e-08,30
4784,12.8969132267,120,0.429897107555,4.65104328442e-08,30
4785,12.9908898686,120,0.433029662288,4.71907226215e-08,30
4786,12.0740709478,120,0.402469031592,4.07648897905e-08,30
4787,12.1514202373,120,0.405047341244,4.1288861388e-08,30
4788,12.6114971411,120,0.420383238035,4.44746067982e-08,30
4789,12.2704269839,120,0.409014232796,4.21015588773e-08,30
4790,12.4818226006,120,0.416060753353,4.35647109913e-08,30
4791,12.5007251321,120,0.416690837737,4.36967601145e-08,30
4792,12.4205539297,120,0.414018464324,4.31380744203e-08,30
4793,12.3515218612,120,0.411717395373,4.26598936439e-08,30
4794,12.3224988206,120,0.410749960685,4.24596486535e-08,30
4795,12.4248105063,120,0.414160350212,4.31676466896e-08,30
4796,12.279751498,120,0.409325049933,4.21655706258e-08,30
4797,12.8658231652,120,0.428860772174,4.62864615314e-08,30
4798,13.3940654296,120,0.446468847655,5.01653281945e-08,30
4799,13.5217829878,120,0.450726099593,5.1126580747e-08,30
4800,12.7159268521,120,0.423864228402,4.52142017235e-08,30
4801,13.3773381039,120,0.445911270131,5.00401073929e-08,30
4802,13.213538172,120,0.440451272399,4.88221693615e-08,30
4803,12.5330895279,120,0.417769650931,4.39233149637e-08,30
4804,12.5382407956,120,0.417941359854,4.39594285256e-08,30
4805,12.3339121403,120,0.411130404676,4.25383388571e-08,30
4806,11.946229499,120,0.398207649966,3.99062145417e-08,30
4807,11.9370826615,120,0.397902755385,3.98451281685e-08,30
4808,11.917738649,120,0.397257954966,3.97160949416e-08,30
4809,11.8952669155,120,0.396508897184,3.95664611728e-08,30
4810,11.8689446288,120,0.395631487625,3.93915466574e-08,30
4811,11.8689446288,120,0.395631487625,3.93915466574e-08,30
4812,11.855085173,120,0.395169505765,3.92996047595e-08,30
4813,11.855085173,120,0.395169505765,3.92996047595e-08,30
4814,11.855085173,120,0.395169505765,3.92996047595e-08,30
4815,11.855085173,120,0.395169505765,3.92996047595e-08,30
4816,11.855085173,120,0.395169505765,3.92996047595e-08,30
4817,11.855085173,120,0.395169505765,3.92996047595e-08,30
4818,11.855085173,120,0.395169505765,3.92996047595e-08,30
4819,11.855085173,120,0.395169505765,3.92996047595e-08,30
4820,11.855085173,120,0.395169505765,3.92996047595e-08,30
4821,11.8365000493,120,0.394550001644,3.9176481983e-08,30
4822,11.8193351784,120,0.393977839279,3.90629396914e-08,30
4823,11.7956448066,120,0.393188160219,3.89065031217e-08,30
4824,11.762769964,120,0.392092332134,3.86899379716e-08,30
4825,11.7282099407,120,0.390940331356,3.84629232685e-08,30
4826,11.7165820018,120,0.390552733394,3.83866929125e-08,30
4827,11.6907007734,120,0.389690025779,3.82172924025e-08,30
4828,11.6819241913,120,0.389397473043,3.81599320602e-08,30
4829,11.6728769791,120,0.389095899303,3.81008480755e-08,30
4830,11.6709665337,120,0.389032217791,3.80883775197e-08,30
4831,11.6452643873,120,0.388175479576,3.79208035463e-08,30
4832,11.5886442575,120,0.386288141916,3.75529525271e-08,30
4833,11.5720085957,120,0.385733619856,3.74452143297e-08,30
4834,11.5720085957,120,0.385733619856,3.74452143297e-08,30
4835,11.5720085957,120,0.385733619856,3.74452143297e-08,30
4836,11.7478781005,120,0.391595936684,3.85920357667e-08,30
4837,12.043423659,120,0.401447455301,4.05582075905e-08,30
4838,11.5886442575,120,0.386288141916,3.75529525271e-08,30
4839,11.5886442575,120,0.386288141916,3.75529525271e-08,30
4840,11.5886442575,120,0.386288141916,3.75529525271e-08,30
4841,11.5886442575,120,0.386288141916,3.75529525271e-08,30
4842,11.5886442575,120,0.386288141916,3.75529525271e-08,30
4843,11.5720085957,120,0.385733619856,3.74452143297e-08,30
4844,11.5697637083,120,0.385658790275,3.74306875279e-08,30
4845,12.3494704353,120,0.41164901451,4.26457243222e-08,30
4846,12.1616177477,120,0.405387258256,4.13581899527e-08,30
4847,12.4507478173,120,0.415024927244,4.33480633383e-08,30
4848,12.5222672695,120,0.417408908985,4.38474926006e-08,30
4849,12.4820808335,120,0.416069361116,4.35665136058e-08,30
4850,11.9528184884,120,0.398427282947,3.9950247538e-08,30
4851,11.5658219454,120,0.38552739818,3.74051869621e-08,30
4852,11.558475417,120,0.385282513901,3.73576830333e-08,30
4853,11.5423556234,120,0.384745187448,3.72535554219e-08,30
4854,11.5295686262,120,0.384318954206,3.71710597404e-08,30
4855,11.5200796874,120,0.384002656248,3.71099006845e-08,30
4856,11.4887415005,120,0.382958050015,3.69082744395e-08,30
4857,11.4466690108,120,0.381555633694,3.66384485885e-08,30
4858,11.4329538811,120,0.381098462704,3.65507025321e-08,30
4859,11.4208209852,120,0.380694032839,3.64731669158e-08,30
4860,11.4208209852,120,0.380694032839,3.64731669158e-08,30
4861,11.4208209852,120,0.380694032839,3.64731669158e-08,30
4862,11.4208209852,120,0.380694032839,3.64731669158e-08,30
4863,11.4208209852,120,0.380694032839,3.64731669158e-08,30
4864,11.4208209852,120,0.380694032839,3.64731669158e-08,30
4865,11.4208209852,120,0.380694032839,3.64731669158e-08,30
4866,11.4013505593,120,0.380045018644,3.63489126688e-08,30
4867,11.3784006648,120,0.379280022159,3.62027257554e-08,30
4868,11.3464765514,120,0.378215885046,3.59998644501e-08,30
4869,11.3071618422,120,0.376905394739,3.57508228733e-08,30
4870,11.2915234838,120,0.376384116127,3.56520009821e-08,30
4871,11.3625620632,120,0.378752068772,3.61020083552e-08,30
4872,11.2842393662,120,0.376141312206,3.56060178858e-08,30
4873,11.2811171076,120,0.376037236919,3.55863168121e-08,30
4874,11.2747329261,120,0.375824430869,3.55460503706e-08,30
4875,11.2630138177,120,0.375433793923,3.54721946925e-08,30
4876,11.2327073222,120,0.374423577407,3.52815545013e-08,30
4877,11.2238326948,120,0.374127756495,3.52258267146e-08,30
4878,11.2203080873,120,0.374010269576,3.52037063348e-08,30
4879,11.2118354108,120,0.373727847028,3.51505603791e-08,30
4880,11.1971635765,120,0.373238785882,3.50586243592e-08,30
4881,11.1786445414,120,0.372621484712,3.49427530512e-08,30
4882,11.1601772639,120,0.372005908797,3.48273965796e-08,30
4883,11.1323375705,120,0.371077919017,3.46538554827e-08,30
4884,11.1323375705,120,0.371077919017,3.46538554827e-08,30
4885,11.1323375705,120,0.371077919017,3.46538554827e-08,30
4886,11.1127485456,120,0.37042495152,3.45320054261e-08,30
4887,11.1127485456,120,0.37042495152,3.45320054261e-08,30
4888,11.1127485456,120,0.37042495152,3.45320054261e-08,30
4889,11.1127485456,120,0.37042495152,3.45320054261e-08,30
4890,12.0237139774,120,0.400790465913,4.04255650363e-08,30
4891,11.5820234006,120,0.386067446686,3.75100550674e-08,30
4892,12.0113557101,120,0.40037852367,4.0342506974e-08,30
4893,12.0334222386,120,0.40111407462,4.04908727087e-08,30
4894,11.6639068992,120,0.388796896641,3.80423130058e-08,30
4895,11.1323375705,120,0.371077919017,3.46538554827e-08,30
4896,11.3659129416,120,0.378863764719,3.61233048334e-08,30
4897,11.1127485456,120,0.37042495152,3.45320054261e-08,30
4898,11.4397902979,120,0.381326343265,3.65944271107e-08,30
4899,11.1275818568,120,0.370919395228,3.46242536832e-08,30
4900,11.0982835877,120,0.369942786257,3.44421664612e-08,30
4901,11.0738191783,120,0.369127305942,3.42904892116e-08,30
4902,11.059548003,120,0.368651600101,3.4202163722e-08,30
4903,11.0350863462,120,0.367836211539,3.40510334326e-08,30
4904,11.0088200074,120,0.366960666913,3.38891259483e-08,30
4905,10.9981592849,120,0.366605309495,3.38235226159e-08,30
4906,10.9825528988,120,0.366085096627,3.37275995766e-08,30
4907,10.9825528988,120,0.366085096627,3.37275995766e-08,30
4908,10.9738331793,120,0.36579443931,3.36740640352e-08,30
4909,10.9738331793,120,0.36579443931,3.36740640352e-08,30
4910,10.9738331793,120,0.36579443931,3.36740640352e-08,30
4911,10.9738331793,120,0.36579443931,3.36740640352e-08,30
4912,10.9738331793,120,0.36579443931,3.36740640352e-08,30
4913,10.9738331793,120,0.36579443931,3.36740640352e-08,30
4914,10.9738331793,120,0.36579443931,3.36740640352e-08,30
4915,11.1487276921,120,0.371624256404,3.47559722253e-08,30
4916,10.9825528988,120,0.366085096627,3.37275995766e-08,30
4917,10.9825528988,120,0.366085096627,3.37275995766e-08,30
4918,10.9738331793,120,0.36579443931,3.36740640352e-08,30
4919,10.9648876787,120,0.365496255958,3.36191864775e-08,30
4920,10.9472446957,120,0.364908156523,3.35110840403e-08,30
4921,10.9416275209,120,0.364720917363,3.34767029101e-08,30
4922,10.9310962938,120,0.364369876458,3.34122918161e-08,30
4923,10.9239959603,120,0.364133198675,3.33688997612e-08,30
4924,10.920230097,120,0.364007669901,3.33458969968e-08,30
4925,10.9129320574,120,0.363764401913,3.33013414597e-08,30
4926,10.899476212,120,0.363315873733,3.32192697591e-08,30
4927,10.880580403,120,0.362686013433,3.31041888405e-08,30
4928,10.8701570276,120,0.362338567586,3.30407929376e-08,30
4929,10.8387922073,120,0.361293073576,3.28503957924e-08,30
4930,10.8085546786,120,0.360285155955,3.26673626252e-08,30
4931,10.7984890226,120,0.359949634085,3.26065468477e-08,30
4932,10.7951937028,120,0.359839790094,3.25866491374e-08,30
4933,10.7876192933,120,0.359587309775,3.25409365654e-08,30
4934,10.9328958058,120,0.364429860195,3.34232935987e-08,30
4935,10.8520714442,120,0.361735714807,3.29309389756e-08,30
4936,10.8078984962,120,0.360263283207,3.26633963042e-08,30
4937,11.1409327937,120,0.371364426455,3.47073882842e-08,30
4938,11.0227581047,120,0.367425270157,3.39749932715e-08,30
4939,11.2464249014,120,0.374880830046,3.53677800255e-08,30
4940,11.3602678485,120,0.378675594949,3.60874311153e-08,30
4941,11.5457386043,120,0.384857953475,3.72753961165e-08,30
4942,12.2996217717,120,0.409987392389,4.23021400505e-08,30
4943,11.6586900288,120,0.38862300096,3.80082905404e-08,30
4944,11.8160014446,120,0.393866714819,3.90409067979e-08,30
4945,12.2204192448,120,0.407347308159,4.17590910037e-08,30
4946,11.8808547297,120,0.396028490989,3.9470642601e-08,30
4947,11.5505595203,120,0.385018650677,3.73065312528e-08,30
4948,11.7420412672,120,0.391401375572,3.85536970434e-08,30
4949,10.9773478294,120,0.365911594312,3.36956374457e-08,30
4950,10.9858016877,120,0.36619338959,3.37475566956e-08,30
4951,10.920016497,120,0.3640005499,3.33445925161e-08,30
4952,11.4590464384,120,0.381968214614,3.67177266609e-08,30
4953,10.8456521839,120,0.361521739462,3.28919916189e-08,30
4954,11.0679102587,120,0.368930341956,3.42539046003e-08,30
4955,10.9654109315,120,0.365513697717,3.36223952202e-08,30
4956,11.1651281657,120,0.372170938858,3.48583038427e-08,30
4957,11.3776997575,120,0.379256658584,3.61982657311e-08,30
4958,10.8557703509,120,0.361859011697,3.295339169e-08,30
4959,10.7876192933,120,0.359587309775,3.25409365654e-08,30
4960,10.779933949,120,0.359331131633,3.24945872812e-08,30
4961,10.7785296057,120,0.35928432019,3.2486121444e-08,30
4962,10.8534180846,120,0.361780602819,3.29391123245e-08,30
4963,11.0550263219,120,0.368500877398,3.41742024232e-08,30
4964,10.7761525585,120,0.359205085285,3.24717943455e-08,30
4965,11.1643578159,120,0.37214526053,3.48534938376e-08,30
4966,11.1381026922,120,0.371270089739,3.46897572729e-08,30
4967,11.0358456265,120,0.367861520883,3.40557194255e-08,30
4968,11.175210039,120,0.3725070013,3.49212848791e-08,30
4969,11.320940595,120,0.377364686501,3.58380068897e-08,30
4970,10.7671733685,120,0.35890577895,3.24177028809e-08,30
4971,10.7498596424,120,0.358328654746,3.23135307003e-08,30
4972,10.8483172056,120,0.361610573521,3.29081582157e-08,30
4973,10.7416688658,120,0.358055628859,3.22643073452e-08,30
4974,10.7295166343,120,0.357650554477,3.21913463277e-08,30
4975,10.7130451844,120,0.357101506148,3.20925849078e-08,30
4976,10.6749149558,120,0.355830498526,3.18645414585e-08,30
4977,10.6545535896,120,0.355151786321,3.17431003358e-08,30
4978,10.6354515471,120,0.35451505157,3.16293809776e-08,30
4979,10.6289142782,120,0.354297142607,3.1590509808e-08,30
4980,10.6163021891,120,0.353876739636,3.1515584762e-08,30
4981,10.6114737369,120,0.353715791229,3.14869237675e-08,30
4982,10.6007114567,120,0.353357048555,3.14230873464e-08,30
4983,10.6007114567,120,0.353357048555,3.14230873464e-08,30
4984,10.5810041262,120,0.35270013754,3.1306361305e-08,30
4985,10.5589617957,120,0.351965393191,3.11760624445e-08,30
4986,10.5543817121,120,0.351812723736,3.1149022285e-08,30
4987,10.551924975,120,0.351730832501,3.11345228946e-08,30
4988,10.5506727748,120,0.351689092492,3.11271338458e-08,30
4989,10.5441042556,120,0.351470141852,3.10883883485e-08,30
4990,10.5285990158,120,0.350953300526,3.09970238312e-08,30
4991,10.5211957823,120,0.350706526077,3.09534477534e-08,30
4992,11.1477942922,120,0.371593143073,3.47501527516e-08,30
4993,11.1279774038,120,0.370932580128,3.46267152717e-08,30
4994,12.1632198284,120,0.405440660946,4.13690871086e-08,30
4995,12.097501003,120,0.403250033433,4.09232539985e-08,30
4996,12.3107718427,120,0.410359061423,4.23788717856e-08,30
4997,11.894639623,120,0.396487987434,3.95622882376e-08,30
4998,11.2700528104,120,0.375668427014,3.55165463283e-08,30
4999,11.6448317187,120,0.388161057289,3.79179857767e-08,30
5000,11.4147704737,120,0.380492349122,3.64345317143e-08,30
5001,11.6371013607,120,0.38790337869,3.78676591909e-08,30
5002,11.4440550513,120,0.38146850171,3.66217169985e-08,30
5003,11.2666391622,120,0.375554638741,3.54950339834e-08,30
5004,10.8025441745,120,0.360084805818,3.26310408913e-08,30
5005,10.8886091078,120,0.362953636926,3.31530615677e-08,30
5006,10.5027224037,120,0.350090746791,3.08448455056e-08,30
5007,10.4901444148,120,0.349671480495,3.077101059e-08,30
5008,10.4790003064,120,0.349300010214,3.07056667172e-08,30
5009,10.4790003064,120,0.349300010214,3.07056667172e-08,30
5010,10.4613979266,120,0.348713264219,3.06025960348e-08,30
5011,10.4454156377,120,0.348180521257,3.05091618829e-08,30
5012,10.434915793,120,0.347830526432,3.04478564321e-08,30
5013,10.4297213457,120,0.347657378191,3.04175504054e-08,30
5014,10.4261396468,120,0.347537988226,3.03966624452e-08,30
5015,10.4212999506,120,0.347376665019,3.03684494204e-08,30
5016,10.9493323792,120,0.364977745974,3.35238666556e-08,30
5017,11.1801927914,120,0.372673093047,3.49524329126e-08,30
5018,12.2128776923,120,0.407095923076,4.17075655699e-08,30
5019,11.2969748236,120,0.376565827452,3.56864335517e-08,30
5020,10.9557657407,120,0.365192191358,3.35632726222e-08,30
5021,11.1062327961,120,0.370207759871,3.44915229241e-08,30
5022,11.0238040304,120,0.367460134346,3.39814412047e-08,30
5023,11.7876155896,120,0.392920519653,3.88535543529e-08,30
5024,11.5083063958,120,0.383610213193,3.70340882871e-08,30
5025,10.6413848839,120,0.354712829464,3.16646818049e-08,30
5026,10.7293370064,120,0.357644566879,3.21902684754e-08,30
5027,11.1553999579,120,0.371846665262,3.47975860278e-08,30
5028,10.6721558897,120,0.355738529657,3.1848072004e-08,30
5029,11.0814451487,120,0.369381504956,3.43377336702e-08,30
5030,10.7283091482,120,0.357610304939,3.21841011891e-08,30
5031,10.6806546156,120,0.35602182052,3.1898816354e-08,30
5032,10.6110862346,120,0.353702874488,3.14846241754e-08,30
5033,10.6358019547,120,0.354526731823,3.16314652065e-08,30
5034,10.626511664,120,0.354217055468,3.15762296612e-08,30
5035,10.8183341608,120,0.360611138692,3.27265036343e-08,30
5036,11.4824768425,120,0.382749228084,3.68680342314e-08,30
5037,11.5380570293,120,0.384601900978,3.7225812715e-08,30
5038,11.7897436946,120,0.392991456488,3.88675846559e-08,30
5039,11.1078524832,120,0.370261749441,3.450158386e-08,30
5040,11.4808926362,120,0.382696421206,3.68578617669e-08,30
5041,11.6653254102,120,0.388844180339,3.80515666323e-08,30
5042,12.271648088,120,0.409054936267,4.21099388539e-08,30
5043,12.2926682396,120,0.409755607987,4.22543229476e-08,30
5044,12.2928479258,120,0.409761597528,4.2255558249e-08,30
5045,12.450005847,120,0.415000194898,4.33428970591e-08,30
5046,13.0245469785,120,0.434151565949,4.74355651008e-08,30
5047,13.1502631147,120,0.438342103823,4.83557039974e-08,30
5048,11.2596848197,120,0.375322827323,3.54512288275e-08,30
5049,11.8108064878,120,0.393693549595,3.90065853334e-08,30
5050,11.0774261106,120,0.369247537021,3.43128308475e-08,30
5051,10.4156505112,120,0.347188350372,3.0335532565e-08,30
5052,10.4057590511,120,0.346858635038,3.02779422635e-08,30
5053,10.3959634413,120,0.346532114709,3.02209639482e-08,30
5054,10.3849115395,120,0.346163717984,3.01567425627e-08,30
5055,10.3617065203,120,0.345390217344,3.00221230328e-08,30
5056,10.3578507539,120,0.345261691797,2.99997837096e-08,30
5057,10.3567652589,120,0.34522550863,2.99934961293e-08,30
5058,10.3546428504,120,0.345154761681,2.99812042745e-08,30
5059,10.3490029281,120,0.344966764269,2.99485531021e-08,30
5060,10.3422895105,120,0.344742983684,2.99097103402e-08,30
5061,10.3356148035,120,0.344520493451,2.98711165391e-08,30
5062,10.3356148035,120,0.344520493451,2.98711165391e-08,30
5063,10.7663781059,120,0.358879270196,3.24129143195e-08,30
5064,11.6789388343,120,0.389297961145,3.81404307417e-08,30
5065,11.1598354318,120,0.371994514393,3.48252631116e-08,30
5066,11.6766176174,120,0.389220587245,3.81252712449e-08,30
5067,12.2177508169,120,0.407258360564,4.17408561211e-08,30
5068,12.7328387212,120,0.424427957374,4.53345492465e-08,30
5069,12.1696773231,120,0.405655910769,4.14130247462e-08,30
5070,11.7274626153,120,0.390915420511,3.84580216848e-08,30
5071,11.9528790186,120,0.398429300621,3.99506521628e-08,30
5072,11.9455707952,120,0.398185693174,3.99018138814e-08,30
5073,10.9451701927,120,0.364839006425,3.34983845423e-08,30
5074,10.929219624,120,0.3643073208,3.34008202394e-08,30
5075,10.5569578799,120,0.351898595995,3.1164230168e-08,30
5076,10.3268757829,120,0.344229192762,2.98206243431e-08,30
5077,10.3195772782,120,0.343985909273,2.97784878712e-08,30
5078,10.3134148062,120,0.34378049354,2.97429332549e-08,30
5079,10.3098044539,120,0.343660148463,2.97221130562e-08,30
5080,10.3029526076,120,0.343431753587,2.96826198384e-08,30
5081,10.2847805286,120,0.342826017619,2.95780053168e-08,30
5082,10.2735914697,120,0.34245304899,2.9513683085e-08,30
5083,10.2653365281,120,0.34217788427,2.94662730143e-08,30
5084,10.5629823922,120,0.352099413074,3.11998091413e-08,30
5085,10.6003267745,120,0.353344225817,3.14208068048e-08,30
5086,10.9729450372,120,0.365764834574,3.36686135892e-08,30
5087,10.782312997,120,0.359410433232,3.25089314717e-08,30
5088,12.241355008,120,0.408045166935,4.19022951454e-08,30
5089,12.2038460187,120,0.406794867291,4.16459011791e-08,30
5090,12.399254564,120,0.413308485467,4.299025077e-08,30
5091,11.4769161995,120,0.382563873315,3.68323345577e-08,30
5092,11.2756082233,120,0.375853607444,3.55515697152e-08,30
5093,11.4801944556,120,0.38267314852,3.68533790735e-08,30
5094,10.9008502446,120,0.36336167482,3.32276458014e-08,30
5095,11.1687158455,120,0.372290528183,3.48807094115e-08,30
5096,10.472627649,120,0.349087588298,3.06683316295e-08,30
5097,10.2585034563,120,0.341950115211,2.94270579052e-08,30
5098,10.2467185169,120,0.341557283897,2.93594853013e-08,30
5099,10.2386987872,120,0.341289959575,2.93135461074e-08,30
5100,10.2375984634,120,0.341253282114,2.93072459592e-08,30
5101,10.2331328139,120,0.341104427129,2.9281683842e-08,30
5102,10.2263228085,120,0.34087742695,2.92427237158e-08,30
5103,10.2149581201,120,0.340498604003,2.91777639479e-08,30
5104,10.1995317564,120,0.339984391881,2.90897034932e-08,30
5105,10.1953859539,120,0.339846198462,2.90660601222e-08,30
5106,10.1841691633,120,0.339472305442,2.90021393316e-08,30
5107,10.1745099498,120,0.339150331659,2.8947151045e-08,30
5108,10.3178523759,120,0.343928412528,2.97685338412e-08,30
5109,10.5771174677,120,0.352570582257,3.12833663632e-08,30
5110,10.7764721585,120,0.359215738618,3.24737204762e-08,30
5111,11.2983541613,120,0.376611805377,3.56951485662e-08,30
5112,12.1486410393,120,0.404954701309,4.12699768792e-08,30
5113,11.5925070368,120,0.386416901226,3.75779913393e-08,30
5114,11.7398109674,120,0.391327032248,3.85390525482e-08,30
5115,10.873173921,120,0.362439130699,3.30591357053e-08,30
5116,11.0888524156,120,0.369628413855,3.43836543539e-08,30
5117,10.4888579432,120,0.349628598108,3.07634637723e-08,30
5118,10.7741346009,120,0.359137820028,3.24596340552e-08,30
5119,10.4585764721,120,0.348619215737,3.05860911302e-08,30
5120,10.5011324285,120,0.350037747616,3.08355071976e-08,30
5121,10.3641788951,120,0.345472629836,3.00364517141e-08,30
5122,10.1654580476,120,0.338848601586,2.88956674407e-08,30
5123,10.1559637073,120,0.338532123575,2.8841716663e-08,30
5124,10.1499170598,120,0.338330568661,2.88073833824e-08,30
5125,10.130595104,120,0.337686503467,2.86978090511e-08,30
5126,10.1095820406,120,0.336986068019,2.85788814918e-08,30
5127,10.1042595906,120,0.336808653018,2.85487972357e-08,30
5128,10.102453659,120,0.3367484553,2.85385931102e-08,30
5129,10.0957700372,120,0.336525667907,2.85008442477e-08,30
5130,10.0839365286,120,0.33613121762,2.84340702767e-08,30
5131,10.0740369036,120,0.335801230121,2.83782689613e-08,30
5132,10.0695397368,120,0.335651324559,2.83529378402e-08,30
5133,10.0576508209,120,0.335255027363,2.82860258052e-08,30
5134,10.0349420731,120,0.334498069103,2.81584383435e-08,30
5135,10.3389268165,120,0.344630893884,2.98902638041e-08,30
5136,11.0991945453,120,0.36997315151,3.44478207842e-08,30
5137,14.5635051313,60,0.242725085522,1.48269103151e-08,60
5138,13.0856543753,120,0.436188479175,4.78817170856e-08,30
5139,12.3456904672,120,0.411523015573,4.26196220195e-08,30
5140,13.3185867691,120,0.443952892304,4.96015347527e-08,30
5141,12.7884248394,120,0.42628082798,4.57312356769e-08,30
5142,11.7307436129,120,0.391024787096,3.84795435314e-08,30
5143,13.0977840512,120,0.436592801707,4.79705256197e-08,30
5144,11.9872912883,120,0.399576376277,4.01810186919e-08,30
5145,11.0482877992,120,0.368276259974,3.41325537742e-08,30
5146,11.125565243,120,0.370852174765,3.46117051486e-08,30
5147,11.4858850008,120,0.382862833361,3.68899233668e-08,30
5148,10.5924056184,120,0.353080187281,3.13738655873e-08,30
5149,10.4935774269,120,0.349785914229,3.07911541706e-08,30
5150,10.1003972563,120,0.336679908543,2.85269759586e-08,30
5151,10.1889492423,120,0.339631641411,2.90293708224e-08,30
5152,10.3396435434,120,0.344654784779,2.98944081215e-08,30
5153,10.3101257783,120,0.343670859277,2.9723965776e-08,30
5154,11.2810234454,120,0.376034114847,3.55857258994e-08,30
5155,11.818919581,120,0.393963986034,3.90601926386e-08,30
5156,12.8681565793,120,0.428938552643,4.63032525712e-08,30
5157,13.6999424385,120,0.456664747951,5.24827170435e-08,30
5158,14.1311170156,60,0.235518616926,1.39595628904e-08,60
5159,16.7182524896,60,0.278637541493,1.95389217738e-08,60
5160,15.8230370268,60,0.263717283779,1.75024369965e-08,60
5161,17.7982755556,60,0.296637925927,2.21449491248e-08,60
5162,16.497146939,60,0.274952448984,1.90255192979e-08,60
5163,15.4252272663,60,0.257087121105,1.6633436213e-08,60
5164,15.6790904856,60,0.26131817476,1.71854364922e-08,60
5165,15.2863043028,60,0.25477173838,1.63351766698e-08,60
5166,13.1024170101,120,0.43674723367,4.80044679689e-08,30
5167,14.0395035371,120,0.467983451236,5.51165882732e-08,30
5168,13.2313293602,120,0.441044312008,4.89537297591e-08,30
5169,12.8384947078,120,0.427949823592,4.60900350544e-08,30
5170,12.391717909,120,0.413057263633,4.2938005013e-08,30
5171,12.8394770241,120,0.427982567469,4.60970883306e-08,30
5172,11.3753681663,120,0.379178938877,3.61834312897e-08,30
5173,11.8394471335,120,0.394648237783,3.91959929468e-08,30
5174,11.5992011948,120,0.386640039825,3.76214031122e-08,30
5175,11.4945491969,120,0.383151639898,3.69455990211e-08,30
5176,11.1903335372,120,0.373011117908,3.50158673256e-08,30
5177,10.7179731892,120,0.357265772973,3.21221169004e-08,30
5178,11.5302277452,120,0.384340924842,3.71753098307e-08,30
5179,11.5135357187,120,0.383784523956,3.70677521814e-08,30
5180,12.2339051364,120,0.40779683788,4.18513086769e-08,30
5181,13.4422996653,120,0.44807665551,5.05272859762e-08,30
5182,12.1186580652,120,0.403955268842,4.10665187827e-08,30
5183,12.8666772863,120,0.428889242875,4.6292607357e-08,30
5184,13.1270241087,120,0.43756747029,4.81849476323e-08,30
5185,14.1637303706,60,0.236062172844,1.40240720923e-08,60
5186,14.7496096833,60,0.245826828055,1.52082726511e-08,60
5187,12.75307246,120,0.425102415332,4.54787458827e-08,30
5188,12.9053800122,120,0.43017933374,4.6571520814e-08,30
5189,13.4213895516,120,0.44737965172,5.03702132164e-08,30
5190,12.4024484635,120,0.413414948784,4.30124011702e-08,30
5191,11.7588303651,120,0.391961012171,3.86640261648e-08,30
5192,12.2402471253,120,0.408008237509,4.18947108984e-08,30
5193,11.6057304679,120,0.386857682263,3.76637697457e-08,30
5194,11.5833907832,120,0.386113026106,3.75189125222e-08,30
5195,10.8421231157,120,0.361404103857,3.28705896428e-08,30
5196,11.3557010169,120,0.378523367231,3.6058422628e-08,30
5197,10.6080477404,120,0.353601591346,3.14665954551e-08,30
5198,10.6768788875,120,0.355895962917,3.18762671801e-08,30
5199,10.4251038924,120,0.34750346308,3.03906234101e-08,30
5200,10.4525575108,120,0.348418583692,3.05508963738e-08,30
5201,10.2591457738,120,0.341971525792,2.94307430634e-08,30
5202,10.2416512187,120,0.341388373957,2.93304542548e-08,30
5203,10.94247443,120,0.364749147666,3.34818854701e-08,30
5204,11.1688382562,120,0.372294608542,3.48814740111e-08,30
5205,11.4297007446,120,0.380990024819,3.65299051929e-08,30
5206,11.5119549815,120,0.383731832717,3.70575745345e-08,30
5207,11.3934074753,120,0.379780249175,3.62982832467e-08,30
5208,12.0097431984,120,0.400324773279,4.03316758237e-08,30
5209,12.2525431614,120,0.408418105381,4.19789244961e-08,30
5210,14.1137172248,60,0.235228620414,1.3925206946e-08,60
5211,13.1417546632,120,0.438058488773,4.82931502589e-08,30
5212,14.1723114072,60,0.236205190121,1.40410700902e-08,60
5213,13.1204500872,120,0.437348336239,4.81366976158e-08,30
5214,12.0949899422,120,0.403166331405,4.09062669999e-08,30
5215,12.5057996426,120,0.416859988085,4.37322436038e-08,30
5216,12.318943456,120,0.410631448533,4.24351507403e-08,30
5217,11.8801242885,120,0.396004142951,3.94657893989e-08,30
5218,10.828080183,120,0.360936006101,3.27854955082e-08,30
5219,10.2089489319,120,0.340298297728,2.91434450399e-08,30
5220,10.4946893561,120,0.349822978537,3.07976799525e-08,30
5221,10.1559637073,120,0.338532123575,2.8841716663e-08,30
5222,10.1499170598,120,0.338330568661,2.88073833824e-08,30
5223,10.130595104,120,0.337686503467,2.86978090511e-08,30
5224,10.1095820406,120,0.336986068019,2.85788814918e-08,30
5225,10.1042595906,120,0.336808653018,2.85487972357e-08,30
5226,10.102453659,120,0.3367484553,2.85385931102e-08,30
5227,10.0957700372,120,0.336525667907,2.85008442477e-08,30
5228,12.4117256545,120,0.413724188482,4.3076772895e-08,30
5229,12.8450337836,120,0.428167792786,4.61369974114e-08,30
5230,13.3784251345,120,0.445947504484,5.00482401525e-08,30
5231,14.9310844774,60,0.248851407957,1.55848109884e-08,60
5232,13.0220940321,120,0.434069801071,4.74176994598e-08,30
5233,15.6732829516,60,0.261221382527,1.7172707881e-08,60
5234,13.6891237826,120,0.456304126086,5.23998600136e-08,30
5235,15.9849311609,60,0.266415519349,1.78624232161e-08,60
5236,17.226945003,60,0.28711575005,2.074604754e-08,60
5237,14.083337006,60,0.234722283433,1.38653225779e-08,60
5238,15.4625464523,60,0.257709107539,1.67140181318e-08,60
5239,14.6052821145,60,0.243421368574,1.4912097503e-08,60
5240,14.9549323518,60,0.24924887253,1.56346347538e-08,60
5241,14.2894103489,60,0.238156839149,1.42740577789e-08,60
5242,13.8885506787,120,0.46295168929,5.39377320362e-08,30
5243,13.3465562538,120,0.44488520846,4.98100833188e-08,30
5244,12.484635287,120,0.416154509567,4.35843471745e-08,30
5245,12.2787081912,120,0.409290273039,4.21584060251e-08,30
5246,11.514641882,120,0.383821396067,3.70748750947e-08,30
5247,11.5623873315,120,0.385412911051,3.7382974395e-08,30
5248,11.5187021727,120,0.38395673909,3.71010263746e-08,30
5249,11.1471738677,120,0.371572462257,3.47462848571e-08,30
5250,12.5970069065,120,0.419900230215,4.43724655134e-08,30
5251,12.6892767991,120,0.422975893303,4.50248803776e-08,30
5252,13.599427712,120,0.453314257065,5.17154241985e-08,30
5253,13.7367998552,120,0.457893328507,5.27654889512e-08,30
5254,14.6466474747,60,0.244110791245,1.49966857772e-08,60
5255,16.3266542613,60,0.272110904354,1.86343061521e-08,60
5256,16.1559102993,60,0.269265171655,1.82465894597e-08,60
5257,17.3318261599,60,0.288863769331,2.09994288603e-08,60
5258,14.7983753051,60,0.246639588418,1.53090030306e-08,60
5259,15.5870498288,60,0.259784163813,1.69842620452e-08,60
5260,14.7336038007,60,0.245560063344,1.51752833375e-08,60
5261,13.8177957678,120,0.460593192261,5.33895627808e-08,30
5262,14.6371165283,60,0.243951942138,1.4977174677e-08,60
5263,13.6679668685,120,0.455598895616,5.22380143535e-08,30
5264,14.5746320149,60,0.242910533582,1.48495752336e-08,60
5265,14.5972735555,60,0.243287892592,1.48957483947e-08,60
5266,15.5453237518,60,0.259088729196,1.68934510107e-08,60
5267,14.180060113,60,0.236334335217,1.40564281869e-08,60
5268,16.0422736227,60,0.267371227046,1.79908081923e-08,60
5269,14.2569745336,60,0.237616242227,1.4209329394e-08,60
5270,13.266466169,120,0.442215538966,4.92140757443e-08,30
5271,12.519872117,120,0.417329070567,4.38307206555e-08,30
5272,14.2654821189,60,0.237758035314,1.42262927616e-08,60
5273,13.3426847662,120,0.444756158874,4.97811903e-08,30
5274,11.8018122998,120,0.393393743327,3.89471992144e-08,30
5275,14.5065356702,60,0.241775594504,1.47111375018e-08,60
5276,13.6911086842,120,0.456370289473,5.24150569113e-08,30
5277,14.1904477823,60,0.236507463039,1.40770299344e-08,60
5278,16.089604591,60,0.268160076517,1.80971246102e-08,60
5279,15.458290493,60,0.257638174884,1.67048185615e-08,60
5280,14.9372121832,60,0.248953536386,1.55976056026e-08,60
5281,15.2031706559,60,0.253386177598,1.61579840568e-08,60
5282,15.1232746454,60,0.252054577424,1.5988602767e-08,60
5283,16.9767696531,60,0.282946160885,2.01478610162e-08,60
5284,15.8191310308,60,0.263652183847,1.74937969346e-08,60
5285,15.6205778162,60,0.260342963604,1.70574074546e-08,60
5286,14.6485684001,60,0.244142806668,1.50006197019e-08,60
5287,12.2735924953,120,0.409119749842,4.2123284308e-08,30
5288,12.5557401392,120,0.418524671306,4.40822205465e-08,30
5289,12.1817379955,120,0.406057933183,4.14951495899e-08,30
5290,11.86347518,120,0.395449172667,3.93552501861e-08,30
5291,10.8965378025,120,0.36321792675,3.32013608877e-08,30
5292,10.9327945867,120,0.364426486224,3.34226747212e-08,30
5293,10.6897714569,120,0.356325715231,3.19532962665e-08,30
5294,10.6930672075,120,0.356435573584,3.19730022686e-08,30
5295,10.3777790447,120,0.345925968158,3.01153326877e-08,30
5296,10.7349407668,120,0.357831358893,3.2223902177e-08,30
5297,10.4981628709,120,0.349938762365,3.08180700561e-08,30
5298,10.7384929845,120,0.357949766149,3.22452316385e-08,30
5299,11.238327303,120,0.374610910101,3.53168676733e-08,30
5300,11.2759013115,120,0.375863377049,3.55534179312e-08,30
5301,12.312732443,120,0.410424414765,4.23923712874e-08,30
5302,11.6319220172,120,0.387730733906,3.78339590515e-08,30
5303,13.7029104202,120,0.456763680672,5.25054594183e-08,30
5304,13.9364963802,120,0.464549879341,5.4310779774e-08,30
5305,12.6613431327,120,0.42204477109,4.48268666261e-08,30
5306,13.3331750856,120,0.444439169521,4.97102548738e-08,30
5307,15.4991180661,60,0.258318634434,1.6793174755e-08,60
5308,14.199446269,60,0.236657437817,1.40948887266e-08,60
5309,12.8184001695,120,0.427280005652,4.59458696843e-08,30
5310,13.242710064,120,0.441423668798,4.90379794185e-08,30
5311,12.690885546,120,0.4230295182,4.50362976129e-08,30
5312,12.4421729393,120,0.414739097978,4.32883759425e-08,30
5313,11.9760030672,120,0.399200102239,4.01053788073e-08,30
5314,11.3494853303,120,0.378316177676,3.60189593635e-08,30
5315,10.7131855314,120,0.357106184379,3.20934257752e-08,30
5316,10.9936096511,120,0.366453655038,3.3795544696e-08,30
5317,11.3791667189,120,0.379305557296,3.62076006374e-08,30
5318,10.7566022197,120,0.358553407324,3.23540791011e-08,30
5319,10.834723168,120,0.361157438932,3.28257353951e-08,30
5320,11.4847255798,120,0.382824185992,3.68824761747e-08,30
5321,10.7204989207,120,0.357349964023,3.21372580844e-08,30
5322,11.9200949443,120,0.397336498145,3.97318012939e-08,30
5323,11.5396889569,120,0.384656298564,3.72363437994e-08,30
5324,11.311530386,120,0.377051012866,3.57784530086e-08,30
5325,11.6429517018,120,0.388098390061,3.79057433159e-08,30
5326,13.062351607,120,0.435411720235,4.77113346129e-08,30
5327,12.4196176182,120,0.413987253938,4.31315708205e-08,30
5328,12.3310621434,120,0.411035404779,4.25186824616e-08,30
5329,12.1031602473,120,0.403438674911,4.09615509762e-08,30
5330,11.561922347,120,0.385397411567,3.73799677227e-08,30
5331,11.468965648,120,0.382298854935,3.67813215618e-08,30
5332,11.5520008271,120,0.385066694237,3.73158422324e-08,30
5333,11.2908442536,120,0.376361475121,3.56477118909e-08,30
5334,11.277727329,120,0.375924244301,3.55649338925e-08,30
5335,11.414333448,120,0.380477781601,3.64317419045e-08,30
5336,10.8654807315,120,0.36218269105,3.30123710307e-08,30
5337,10.6973658986,120,0.356578863288,3.19987141966e-08,30
5338,11.1681112605,120,0.372270375351,3.48769331885e-08,30
5339,10.829250963,120,0.360975032099,3.27925857173e-08,30
5340,10.8870741131,120,0.362902470437,3.31437148853e-08,30
5341,11.0327113652,120,0.367757045506,3.40363780231e-08,30
5342,10.7800981589,120,0.359336605296,3.24955772637e-08,30
5343,11.0519351455,120,0.368397838182,3.41550936997e-08,30
5344,10.9014941067,120,0.363383136891,3.323157112e-08,30
5345,11.0241097989,120,0.367470326629,3.39833263249e-08,30
5346,12.0017818446,120,0.40005939482,4.02782211734e-08,30
5347,12.193422182,120,0.406447406068,4.15747884043e-08,30
5348,12.0832935376,120,0.402776451253,4.08271888187e-08,30
5349,12.5023896191,120,0.416746320636,4.37083974443e-08,30
5350,12.6934819406,120,0.423116064686,4.50547272111e-08,30
5351,12.3270772698,120,0.410902575659,4.24912064508e-08,30
5352,13.2140268058,120,0.440467560194,4.88257802954e-08,30
5353,13.3016006684,120,0.443386688945,4.94750950021e-08,30
5354,12.3666928606,120,0.412223095352,4.27647537073e-08,30
5355,12.2507207988,120,0.408357359959,4.19664380866e-08,30
5356,12.4324551969,120,0.41441517323,4.3220783085e-08,30
5357,11.2380116887,120,0.374600389625,3.53148840415e-08,30
5358,11.4692490139,120,0.382308300463,3.67831391101e-08,30
5359,11.570278975,120,0.385675965832,3.74340216006e-08,30
5360,11.0110909658,120,0.367036365527,3.39031090518e-08,30
5361,10.8724468418,120,0.362414894728,3.30547145852e-08,30
5362,11.1717174889,120,0.372390582963,3.48994606309e-08,30
5363,11.2320997384,120,0.374403324614,3.52777378043e-08,30
5364,11.0919630202,120,0.369732100672,3.44029474146e-08,30
5365,10.8921965282,120,0.363073217606,3.31749107425e-08,30
5366,11.0050916844,120,0.366836389479,3.38661755843e-08,30
5367,11.1331868795,120,0.371106229317,3.46591433128e-08,30
5368,10.9957001952,120,0.366523339838,3.38083990347e-08,30
5369,10.7876192933,120,0.359587309775,3.25409365654e-08,30
5370,10.9027611636,120,0.36342537212,3.32392964349e-08,30
5371,10.779933949,120,0.359331131633,3.24945872812e-08,30
5372,10.9519830295,120,0.365066100985,3.35400997557e-08,30
5373,10.7785296057,120,0.35928432019,3.2486121444e-08,30
5374,10.7693618057,120,0.358978726857,3.24308820719e-08,30
5375,10.8095405967,120,0.360318019892,3.26733224994e-08,30
5376,10.9657790478,120,0.36552596826,3.36246527115e-08,30
5377,11.2580488478,120,0.375268294927,3.54409278286e-08,30
5378,11.0677319304,120,0.368924397681,3.42528007985e-08,30
5379,11.1862783864,120,0.372875946214,3.4990493838e-08,30
5380,11.1856285233,120,0.372854284109,3.49864284337e-08,30
5381,10.7504511747,120,0.358348372491,3.23170870304e-08,30
5382,10.7430491079,120,0.35810163693,3.22725994307e-08,30
5383,10.7301745578,120,0.357672485261,3.21952943328e-08,30
5384,10.8411389683,120,0.361371298942,3.28646225386e-08,30
5385,11.5480834016,120,0.384936113387,3.7290538002e-08,30
5386,11.1901676886,120,0.373005589621,3.50148294138e-08,30
5387,10.7286336913,120,0.357621123044,3.21860484275e-08,30
5388,10.7286336913,120,0.357621123044,3.21860484275e-08,30
5389,10.7286336913,120,0.357621123044,3.21860484275e-08,30
5390,10.9890971118,120,0.36630323706,3.37678063224e-08,30
5391,10.7301745578,120,0.357672485261,3.21952943328e-08,30
5392,10.7301745578,120,0.357672485261,3.21952943328e-08,30
5393,11.0186597624,120,0.367288658747,3.3949733665e-08,30
5394,11.704331215,120,0.390144373833,3.83064610944e-08,30
5395,12.5740507889,120,0.419135026297,4.42108888147e-08,30
5396,13.447240695,120,0.448241356499,5.05644377597e-08,30
5397,12.4085308858,120,0.413617696192,4.3054599892e-08,30
5398,13.3693372183,120,0.445644573944,4.99802680669e-08,30
5399,14.6714867288,60,0.244524778813,1.50475946772e-08,60
5400,13.8204536414,120,0.460681788048,5.34101038799e-08,30
5401,13.5642892406,120,0.452142974687,5.14485227774e-08,30
5402,14.6332209983,60,0.243887016638,1.49692036713e-08,60
5403,16.0029391959,60,0.266715653265,1.79026921829e-08,60
5404,15.1356954286,60,0.252261590476,1.60148765105e-08,60
5405,13.6720257331,120,0.455734191104,5.22690443543e-08,30
5406,13.2262672693,120,0.440875575644,4.89162791265e-08,30
5407,14.3964111803,60,0.239940186338,1.44886298921e-08,60
5408,12.6447754443,120,0.42149251481,4.47096291981e-08,30
5409,12.874116281,120,0.429137209366,4.63461518744e-08,30
5410,12.2801382322,120,0.409337941075,4.21682265635e-08,30
5411,11.7104794237,120,0.390349314123,3.83467159319e-08,30
5412,12.6494092407,120,0.42164697469,4.4742403727e-08,30
5413,10.9460732882,120,0.364869109608,3.3503912732e-08,30
5414,11.326966515,120,0.377565550501,3.58761688138e-08,30
5415,11.1177314655,120,0.37059104885,3.45629804445e-08,30
5416,11.5144879354,120,0.383816264513,3.70738837458e-08,30
5417,11.1088821112,120,0.370296070373,3.45079803155e-08,30
5418,11.401021559,120,0.380034051966,3.63468149117e-08,30
5419,11.8689240235,120,0.395630800783,3.93914098849e-08,30
5420,12.3952773047,120,0.413175910158,4.29626755718e-08,30
5421,12.3227819255,120,0.410759397515,4.24615996657e-08,30
5422,12.3006086904,120,0.41002028968,4.23089289501e-08,30
5423,13.916963586,120,0.4638987862,5.41586471515e-08,30
5424,13.6616425259,120,0.455388084196,5.21896831468e-08,30
5425,13.3475057642,120,0.444916858807,4.98171708212e-08,30
5426,13.065680391,120,0.435522679702,4.77356550369e-08,30
5427,12.9134982,120,0.430449939999,4.66301312952e-08,30
5428,13.7434938233,120,0.458116460777,5.28169269229e-08,30
5429,12.8488650816,120,0.428295502719,4.61645241507e-08,30
5430,13.1193748039,120,0.437312493464,4.81288078769e-08,30
5431,13.8247522296,120,0.460825074321,5.34433334326e-08,30
5432,12.1466313623,120,0.404887712076,4.1256323918e-08,30
5433,12.6383458593,120,0.421278195311,4.46641730687e-08,30
5434,12.8240897154,120,0.42746965718,4.5986665594e-08,30
5435,12.2946891449,120,0.409822971498,4.22682172468e-08,30
5436,12.2524001974,120,0.408413339915,4.19779448726e-08,30
5437,12.0699578092,120,0.402331926973,4.07371206841e-08,30
5438,12.171438252,120,0.405714608399,4.14250103834e-08,30
5439,11.4223293995,120,0.380744313317,3.64828019992e-08,30
5440,11.8692581149,120,0.395641937165,3.93936275279e-08,30
5441,11.8064145223,120,0.393547150743,3.89775807559e-08,30
5442,11.8669542218,120,0.395565140726,3.93783359403e-08,30
5443,12.4273292729,120,0.414244309096,4.31851504163e-08,30
5444,14.0376384891,120,0.46792128297,5.51019455541e-08,30
5445,14.2716871015,60,0.237861451691,1.42386713264e-08,60
5446,13.5803164947,120,0.452677216489,5.15701754025e-08,30
5447,11.2180134485,120,0.373933781616,3.5189308953e-08,30
5448,12.3325936354,120,0.411086454513,4.25292445796e-08,30
5449,12.8164425827,120,0.427214752758,4.5931837331e-08,30
5450,13.0393650415,120,0.434645501383,4.75435616462e-08,30
5451,13.4904637285,120,0.449682124284,5.08900154611e-08,30
5452,12.5509299237,120,0.41836433079,4.40484504367e-08,30
5453,13.2917249865,120,0.443057499551,4.94016573867e-08,30
5454,12.9883537703,120,0.432945125677,4.71722991521e-08,30
5455,13.3342901505,120,0.444476338351,4.97185698441e-08,30
5456,13.3490666435,120,0.444968888117,4.98288229065e-08,30
5457,13.439057038,120,0.447968567933,5.05029119629e-08,30
5458,12.995409424,120,0.433180314133,4.7223563818e-08,30
5459,12.5278789224,120,0.417595964081,4.38868005049e-08,30
5460,12.7858627207,120,0.426195424023,4.57129133082e-08,30
5461,13.0334219022,120,0.434447396739,4.75002322943e-08,30
5462,11.6477455736,120,0.388258185787,3.79369643821e-08,30
5463,11.8529450363,120,0.395098167877,3.92854169353e-08,30
5464,12.661350601,120,0.422045020033,4.48269195085e-08,30
5465,11.7578513105,120,0.391928377018,3.86575880045e-08,30
5466,13.83271406,120,0.461090468668,5.35049083929e-08,30
5467,13.1802170352,120,0.43934056784,4.85762459815e-08,30
5468,12.5694325009,120,0.418981083362,4.41784185906e-08,30
5469,14.0445957819,120,0.468153192729,5.5156578015e-08,30
5470,13.1823811855,120,0.439412706183,4.85921994255e-08,30
5471,12.9340080035,120,0.431133600116,4.67783690995e-08,30
5472,12.254306062,120,0.408476868732,4.19910052521e-08,30
5473,13.9393540369,120,0.464645134562,5.43330547372e-08,30
5474,14.2063675299,60,0.236772792164,1.41086326678e-08,60
5475,15.5501988846,60,0.25916998141,1.6904048504e-08,60
5476,14.943343065,60,0.24905571775,1.56104121023e-08,60
5477,16.0529788202,60,0.267549647003,1.80148271585e-08,60
5478,16.9822934649,60,0.283038224414,2.01609743587e-08,60
5479,14.5963452408,60,0.243272420679,1.48938538624e-08,60
5480,14.6776373242,60,0.244627288736,1.50602138572e-08,60
5481,15.4447460109,60,0.257412433514,1.66755580176e-08,60
5482,15.0399705384,60,0.25066617564,1.58129466363e-08,60
5483,12.8156587907,120,0.427188626356,4.59262195618e-08,30
5484,12.5090228039,120,0.416967426796,4.37547890218e-08,30
5485,11.9979417381,120,0.39993139127,4.02524503477e-08,30
5486,12.1547237863,120,0.405157459543,4.13113144534e-08,30
5487,12.0505033676,120,0.401683445588,4.06059057695e-08,30
5488,11.2629828782,120,0.375432762607,3.54719998086e-08,30
5489,11.449901675,120,0.381663389166,3.66591457056e-08,30
5490,11.7643367795,120,0.392144559317,3.87002457531e-08,30
5491,11.729744873,120,0.390991495765,3.84729916159e-08,30
5492,11.818882402,120,0.393962746732,3.90599468938e-08,30
5493,12.0576686606,120,0.401922288686,4.0654209098e-08,30
5494,12.8296235261,120,0.427654117536,4.60263621981e-08,30
5495,14.8478348989,60,0.247463914981,1.54115064995e-08,60
5496,14.2351509002,60,0.237252515003,1.41658612858e-08,60
5497,15.1605674357,60,0.252676123929,1.60675532309e-08,60
5498,16.7224008312,60,0.27870668052,1.95486194594e-08,60
5499,20.3336070948,60,0.338893451581,2.8903317207e-08,60
5500,14.8363841315,60,0.247273068859,1.53877447151e-08,60
5501,14.8844000287,60,0.248073333811,1.5487506485e-08,60
5502,13.679419895,120,0.455980663166,5.23255963667e-08,30
5503,13.4760689993,120,0.449202299977,5.07814710581e-08,30
5504,13.6983310637,120,0.456611035458,5.24703718304e-08,30
5505,13.2080161507,120,0.440267205023,4.87813717007e-08,30
5506,13.3890400619,120,0.446301335397,5.01276918353e-08,30
5507,15.465643691,60,0.257760728184,1.67207146341e-08,60
5508,13.8977524013,120,0.463258413378,5.40092275405e-08,30
5509,13.1461217561,120,0.438204058538,4.83252518652e-08,30
5510,12.7839243764,120,0.426130812546,4.56990541497e-08,30
5511,12.1111481256,120,0.40370493752,4.1015636661e-08,30
5512,12.0092583486,120,0.400308611621,4.03284193996e-08,30
5513,12.6899154289,120,0.422997180962,4.50294125433e-08,30
5514,13.4715220265,120,0.449050734217,5.07472083939e-08,30
5515,12.816855249,120,0.427228508301,4.5934795223e-08,30
5516,14.1200534126,60,0.235334223544,1.39377128693e-08,60
5517,12.5722750315,120,0.419075834384,4.41984024218e-08,30
5518,14.2778314052,60,0.237963856753,1.42509341447e-08,60
5519,14.3345429381,60,0.238909048969,1.43643683727e-08,60
5520,13.7309263554,120,0.45769754518,5.27203762851e-08,30
5521,13.1768114243,120,0.439227047477,4.85511461794e-08,30
5522,15.041376837,60,0.25068961395,1.58159039246e-08,60
5523,16.125926463,60,0.26876544105,1.81789244311e-08,60
5524,14.2592247784,60,0.237653746307,1.42138151975e-08,60
5525,14.5930678971,60,0.243217798285,1.48871663256e-08,60
5526,14.0204451689,120,0.467348172296,5.49670503272e-08,30
5527,14.7283137519,60,0.245471895866,1.51643880294e-08,60
5528,14.4888047942,60,0.241480079903,1.46751975708e-08,60
5529,14.0879640474,60,0.23479940079,1.38744349012e-08,60
5530,13.1631088167,120,0.438770293889,4.84502217033e-08,30
5531,12.52289693,120,0.417429897666,4.38519023013e-08,30
5532,12.3745355562,120,0.412484518541,4.28190119156e-08,30
5533,12.2296008878,120,0.407653362928,4.18218648084e-08,30
5534,11.5716436915,120,0.385721456383,3.74428528208e-08,30
5535,10.9752115016,120,0.365840383387,3.36825235457e-08,30
5536,10.9752115016,120,0.365840383387,3.36825235457e-08,30
5537,11.6985847564,120,0.389952825213,3.82688557925e-08,30
5538,12.9832091737,120,0.432773639125,4.71349373139e-08,30
5539,13.9254835525,120,0.464182785083,5.42249793079e-08,30
5540,13.6091558952,120,0.453638529839,5.17894386461e-08,30
5541,14.4549941671,60,0.240916569452,1.46067863102e-08,60
5542,14.6806605916,60,0.244677676527,1.50664186357e-08,60
5543,15.8699676667,60,0.264499461112,1.7606414342e-08,60
5544,15.3784599469,60,0.256307665782,1.65327282025e-08,60
5545,16.8238309908,60,0.28039718318,1.97864839902e-08,60
5546,15.6714570013,60,0.261190950022,1.71687068451e-08,60
5547,16.4751305659,60,0.274585509432,1.89747719258e-08,60
5548,17.4116457113,60,0.290194095189,2.11932947185e-08,60
5549,16.8740823853,60,0.281234706421,1.99048617077e-08,60
5550,16.9925016472,60,0.283208360787,2.01852194654e-08,60
5551,16.895859657,60,0.281597660949,1.99562723014e-08,60
5552,16.7927347635,60,0.279878912725,1.97134071299e-08,60
5553,16.1743718812,60,0.269572864687,1.82883145458e-08,60
5554,15.1365166029,60,0.252275276714,1.60166143046e-08,60
5555,13.7373384013,120,0.457911280045,5.27696263352e-08,30
5556,12.0111053088,120,0.400370176959,4.03408249468e-08,30
5557,11.1341296865,120,0.371137656216,3.46650137371e-08,30
5558,11.1341296865,120,0.371137656216,3.46650137371e-08,30
5559,11.2815468882,120,0.376051562938,3.55890283519e-08,30
5560,12.3426886102,120,0.411422953673,4.25988986009e-08,30
5561,13.4647511194,120,0.448825037315,5.06962092147e-08,30
5562,13.1897041669,120,0.439656805563,4.86462015979e-08,30
5563,14.6509373932,60,0.244182289886,1.50054719491e-08,60
5564,15.024154127,60,0.250402568783,1.5779705539e-08,60
5565,14.4550150253,60,0.240916917089,1.46068284647e-08,60
5566,16.0553393975,60,0.267588989958,1.80201256791e-08,60
5567,14.6180633242,60,0.243634388737,1.49382083361e-08,60
5568,14.9127586073,60,0.248545976789,1.55465780052e-08,60
5569,14.6627681897,60,0.244379469828,1.50297159081e-08,60
5570,17.1579382629,60,0.285965637714,2.05801736993e-08,60
5571,16.0259837051,60,0.267099728419,1.79542896796e-08,60
5572,16.6025702495,60,0.276709504158,1.92694574711e-08,60
5573,14.9234648684,60,0.248724414474,1.55689086116e-08,60
5574,17.9287588599,60,0.298812647666,2.24708389105e-08,60
5575,15.8648172754,60,0.264413621257,1.75949883314e-08,60
5576,14.6399901937,60,0.243999836562,1.49830561106e-08,60
5577,13.771604769,120,0.459053492299,5.30332114018e-08,30
5578,14.050186726,120,0.468339557533,5.52005007778e-08,30
5579,15.0799209139,60,0.251332015231,1.58970654428e-08,60
5580,15.3721932148,60,0.256203220246,1.65192567535e-08,60
5581,13.5846436544,120,0.452821455147,5.16030447306e-08,30
5582,14.185825651,60,0.236430427516,1.40678610504e-08,60
5583,13.9749483417,120,0.465831611389,5.46108892029e-08,30
5584,13.790609119,120,0.459686970632,5.31796804786e-08,30
5585,13.8101140083,120,0.460337133609,5.3330217312e-08,30
5586,14.1041574073,60,0.235069290121,1.39063490717e-08,60
5587,14.7384790143,60,0.245641316905,1.51853277217e-08,60
5588,14.4824414048,60,0.241374023413,1.46623098976e-08,60
5589,14.0469994319,120,0.468233314398,5.51754590791e-08,30
5590,14.274335968,60,0.237905599467,1.42439572943e-08,60
5591,13.8252335282,120,0.460841117606,5.34470546779e-08,30
5592,15.5399936905,60,0.258999894842,1.68818684032e-08,60
5593,16.5928534672,60,0.276547557786,1.92469088741e-08,60
5594,15.6090919549,60,0.260151532581,1.70323319433e-08,60
5595,14.9916889369,60,0.249861482282,1.57115835484e-08,60
5596,16.0759196135,60,0.267931993558,1.80663527638e-08,60
5597,15.6254834475,60,0.260424724124,1.706812287e-08,60
5598,15.8963789269,60,0.264939648782,1.76650653159e-08,60
5599,15.5506297008,60,0.25917716168,1.69049851658e-08,60
5600,14.2215786301,60,0.237026310502,1.4138861749e-08,60
5601,13.6087747378,120,0.453625824594,5.17865377095e-08,30
5602,13.5042062431,120,0.450140208102,5.09937499218e-08,30
5603,13.5405540768,120,0.45135180256,5.12686282467e-08,30
5604,13.2625894824,120,0.442086316081,4.91853175704e-08,30
5605,12.8692093545,120,0.42897364515,4.63108292448e-08,30
5606,12.2413252493,120,0.408044174976,4.19020914164e-08,30
5607,12.5735524288,120,0.419118414294,4.42073843742e-08,30
5608,13.0341390502,120,0.434471301675,4.75054597224e-08,30
5609,12.5415020563,120,0.418050068544,4.3982299645e-08,30
5610,12.6523906469,120,0.421746354896,4.47634973604e-08,30
5611,13.20269275,120,0.440089758333,4.87420576276e-08,30
5612,12.9202870467,120,0.430676234891,4.66791726971e-08,30
5613,12.8301169211,120,0.427670564036,4.60299023821e-08,30
5614,12.7525010608,120,0.425083368692,4.54746706392e-08,30
5615,13.0009473638,120,0.433364912126,4.72638206451e-08,30
5616,13.9880200654,120,0.466267335512,5.47130995721e-08,30
5617,13.8338548393,120,0.461128494642,5.351373382e-08,30
5618,14.5112307804,60,0.241853846341,1.4720661704e-08,60
5619,16.017182723,60,0.266953045383,1.79345751962e-08,60
5620,15.0905334579,60,0.251508890965,1.59194485405e-08,60
5621,16.5476863925,60,0.275794773209,1.91422682366e-08,60
5622,15.3459060541,60,0.255765100902,1.64628076755e-08,60
5623,15.2315858554,60,0.253859764257,1.62184400522e-08,60
5624,14.895280792,60,0.248254679867,1.55101580513e-08,60
5625,13.4147877845,120,0.447159592817,5.03206727972e-08,30
5626,13.9351046754,120,0.464503489181,5.42999333179e-08,30
5627,12.3479794944,120,0.411599316478,4.26354277805e-08,30
5628,12.1691971649,120,0.405639905497,4.14097568849e-08,30
5629,12.4280384811,120,0.414267949369,4.31900795747e-08,30
5630,12.5492756535,120,0.418309188449,4.40368396254e-08,30
5631,12.3471840637,120,0.411572802123,4.26299349897e-08,30
5632,12.3060276419,120,0.410200921397,4.23462149969e-08,30
5633,11.7993435222,120,0.393311450738,3.89309064763e-08,30
5634,12.067427807,120,0.402247593566,4.07200445343e-08,30
5635,12.4285938207,120,0.41428646069,4.31939395078e-08,30
5636,12.533465416,120,0.417782180533,4.39259496687e-08,30
5637,13.5740913871,120,0.452469712904,5.15229075337e-08,30
5638,12.7762951973,120,0.425876506578,4.56445259433e-08,30
5639,13.3524166684,120,0.445080555613,4.98538357027e-08,30
5640,13.7293319998,120,0.457644399994,5.2708133827e-08,30
5641,14.7028699238,60,0.245047832064,1.51120389539e-08,60
5642,15.5546183524,60,0.259243639207,1.69136583508e-08,60
5643,14.7479815249,60,0.245799692081,1.52049152592e-08,60
5644,14.7033690522,60,0.245056150869,1.51130650087e-08,60
5645,15.7839094088,60,0.263065156814,1.74159830578e-08,60
5646,15.6134838995,60,0.260224731658,1.70419180977e-08,60
5647,15.7765175656,60,0.262941959427,1.73996745415e-08,60
5648,15.1428285124,60,0.252380475207,1.60299749082e-08,60
5649,15.4978426955,60,0.258297378259,1.67904111604e-08,60
5650,15.3566484414,60,0.25594414069,1.64858642162e-08,60
5651,13.6096823562,120,0.453656078539,5.17934456023e-08,30
5652,13.0330708793,120,0.434435695977,4.74976737272e-08,30
5653,12.6356227665,120,0.421187425549,4.46449282102e-08,30
5654,12.3679092072,120,0.412263640241,4.27731665182e-08,30
5655,12.3603930737,120,0.412013102455,4.27211947353e-08,30
5656,12.1225191993,120,0.40408397331,4.10926914155e-08,30
5657,12.1225191993,120,0.40408397331,4.10926914155e-08,30
5658,12.1225191993,120,0.40408397331,4.10926914155e-08,30
5659,12.143192987,120,0.404773099566,4.12329701759e-08,30
5660,12.3470720762,120,0.411569069207,4.26291616965e-08,30
5661,13.1541683879,120,0.438472279595,4.83844289397e-08,30
5662,13.1547877215,120,0.438492924051,4.83889851854e-08,30
5663,13.8166639839,120,0.460555466131,5.3380817106e-08,30
5664,14.4567852827,60,0.240946421379,1.46104063827e-08,60
5665,15.2427906838,60,0.254046511396,1.62423104068e-08,60
5666,16.2556147341,60,0.270926912236,1.8472498066e-08,60
5667,13.9294648961,120,0.464315496536,5.42559899561e-08,30
5668,13.9789480552,120,0.465964935175,5.46421536007e-08,30
5669,16.3590823927,60,0.272651373211,1.87084028811e-08,60
5670,18.1844441487,60,0.303074069144,2.31163304948e-08,60
5671,15.94962832,60,0.265827138667,1.77836117476e-08,60
5672,17.6681996119,60,0.294469993531,2.18224460585e-08,60
5673,16.689618581,60,0.278160309683,1.94720491644e-08,60
5674,15.0374074612,60,0.250623457687,1.58075574836e-08,60
5675,16.6180870099,60,0.276968116832,1.93054927684e-08,60
5676,16.7498815888,60,0.279164693146,1.96129227004e-08,60
5677,14.683831059,60,0.24473051765,1.50729268913e-08,60
5678,14.900365245,60,0.248339420751,1.5520748537e-08,60
5679,14.4946587811,60,0.241577646352,1.46870585587e-08,60
5680,15.6996193738,60,0.261660322897,1.72304682964e-08,60
5681,14.1247831834,60,0.235413053057,1.39470518181e-08,60
5682,13.4038963961,120,0.446796546536,5.02389958422e-08,30
5683,13.2353851279,120,0.441179504263,4.89837456974e-08,30
5684,12.3534648931,120,0.411782163104,4.26733164522e-08,30
5685,12.7714355373,120,0.425714517908,4.56098093542e-08,30
5686,12.3649592228,120,0.412165307427,4.27527645044e-08,30
5687,12.8243723405,120,0.427479078016,4.59886925803e-08,30
5688,12.6331391841,120,0.421104639469,4.46273796552e-08,30
5689,14.4250607628,60,0.24041767938,1.45463534762e-08,60
5690,15.4315091808,60,0.257191819681,1.66469868856e-08,60
5691,15.9226719632,60,0.265377866054,1.7723550626e-08,60
5692,15.4102430804,60,0.256837384673,1.66011362099e-08,60
5693,15.9245841551,60,0.265409735919,1.7727807809e-08,60
5694,16.4446367908,60,0.274077279847,1.89045962209e-08,60
5695,18.1610913799,60,0.302684856332,2.30569958584e-08,60
5696,16.5738174038,60,0.276230290063,1.92027723775e-08,60
5697,18.4458275293,60,0.307430458821,2.37856553376e-08,60
5698,16.6370282359,60,0.277283803932,1.93495264885e-08,60
5699,14.6448215238,60,0.24408035873,1.49929468322e-08,60
5700,14.3118270345,60,0.238530450575,1.43188781096e-08,60
5701,15.0027338391,60,0.250045563986,1.57347426239e-08,60
5702,14.2724036379,60,0.237873393964,1.42401011198e-08,60
5703,14.5336747017,60,0.242227911695,1.4766232597e-08,60
5704,14.3763497257,60,0.239605828762,1.44482781035e-08,60
5705,13.7239670944,120,0.457465569815,5.26669491718e-08,30
5706,14.2265605918,60,0.237109343196,1.41487694542e-08,60
5707,14.5419388992,60,0.24236564832,1.47830302424e-08,60
5708,16.6633257043,60,0.277722095071,1.94107448392e-08,60
5709,16.6697290092,60,0.27782881682,1.94256658462e-08,60
5710,17.329852087,60,0.288830868117,2.09946455166e-08,60
5711,16.8773220709,60,0.281288701182,1.99125055824e-08,60
5712,16.1195739757,60,0.268659566262,1.81646048024e-08,60
5713,15.9016567667,60,0.265027612778,1.76767974044e-08,60
5714,16.2185342616,60,0.270308904361,1.83883194323e-08,60
5715,18.4507417673,60,0.307512362788,2.37983307181e-08,60
5716,15.5676477773,60,0.259460796289,1.69420058854e-08,60
5717,15.4412421728,60,0.257354036213,1.66679927488e-08,60
5718,15.866248742,60,0.264437479033,1.7598163631e-08,60
5719,13.786580818,120,0.459552693935,5.31486169532e-08,30
5720,14.691713544,60,0.2448618924,1.50891139491e-08,60
5721,13.8591528508,120,0.461971761695,5.37096342273e-08,30
5722,13.6950600468,120,0.456502001559,5.24453160795e-08,30
5723,13.0536349619,120,0.435121165397,4.76476793043e-08,30
5724,13.0536349619,120,0.435121165397,4.76476793043e-08,30
5725,13.0536349619,120,0.435121165397,4.76476793043e-08,30
5726,13.0536349619,120,0.435121165397,4.76476793043e-08,30
5727,13.0536349619,120,0.435121165397,4.76476793043e-08,30
5728,13.0536349619,120,0.435121165397,4.76476793043e-08,30
5729,13.0536349619,120,0.435121165397,4.76476793043e-08,30
5730,13.0536349619,120,0.435121165397,4.76476793043e-08,30
5731,13.0536349619,120,0.435121165397,4.76476793043e-08,30
5732,13.0536349619,120,0.435121165397,4.76476793043e-08,30
5733,13.0536349619,120,0.435121165397,4.76476793043e-08,30
5734,13.0536349619,120,0.435121165397,4.76476793043e-08,30
5735,13.0536349619,120,0.435121165397,4.76476793043e-08,30
5736,13.0536349619,120,0.435121165397,4.76476793043e-08,30
5737,13.0536349619,120,0.435121165397,4.76476793043e-08,30
5738,13.0274533533,120,0.434248445109,4.74567375704e-08,30
5739,13.0274533533,120,0.434248445109,4.74567375704e-08,30
5740,13.0274533533,120,0.434248445109,4.74567375704e-08,30
5741,13.0274533533,120,0.434248445109,4.74567375704e-08,30
5742,13.0274533533,120,0.434248445109,4.74567375704e-08,30
5743,12.9963726001,120,0.433212420002,4.72305641809e-08,30
5744,12.965521117,120,0.432184037232,4.70065934644e-08,30
5745,12.965521117,120,0.432184037232,4.70065934644e-08,30
5746,12.965521117,120,0.432184037232,4.70065934644e-08,30
5747,12.965521117,120,0.432184037232,4.70065934644e-08,30
5748,12.965521117,120,0.432184037232,4.70065934644e-08,30
5749,12.965521117,120,0.432184037232,4.70065934644e-08,30
5750,12.965521117,120,0.432184037232,4.70065934644e-08,30
5751,12.965521117,120,0.432184037232,4.70065934644e-08,30
5752,12.965521117,120,0.432184037232,4.70065934644e-08,30
5753,12.965521117,120,0.432184037232,4.70065934644e-08,30
5754,12.965521117,120,0.432184037232,4.70065934644e-08,30
5755,12.965521117,120,0.432184037232,4.70065934644e-08,30
5756,12.8974774299,120,0.429915914329,4.6514502331e-08,30
5757,12.8664821501,120,0.428882738336,4.62912032192e-08,30
5758,12.849639884,120,0.428321329468,4.61700918742e-08,30
5759,12.8598662001,120,0.428662206669,4.62436095501e-08,30
5760,12.849639884,120,0.428321329468,4.61700918742e-08,30
5761,12.8397632483,120,0.427992108276,4.60991435933e-08,30
5762,13.3331284988,120,0.444437616626,4.97099074936e-08,30
5763,13.036404729,120,0.434546824301,4.75219765735e-08,30
5764,13.542783112,120,0.451426103734,5.12855092373e-08,30
5765,12.8132925681,120,0.42710975227,4.59092619277e-08,30
5766,13.0663857355,120,0.435546191185,4.77408091489e-08,30
5767,12.8172461352,120,0.427241537841,4.59375970883e-08,30
5768,12.7903594041,120,0.42634531347,4.57450726783e-08,30
5769,12.7594183427,120,0.425313944756,4.55240172622e-08,30
5770,12.7594183427,120,0.425313944756,4.55240172622e-08,30
5771,12.7594183427,120,0.425313944756,4.55240172622e-08,30
5772,12.7594183427,120,0.425313944756,4.55240172622e-08,30
5773,12.7594183427,120,0.425313944756,4.55240172622e-08,30
5774,12.7594183427,120,0.425313944756,4.55240172622e-08,30
5775,12.7594183427,120,0.425313944756,4.55240172622e-08,30
5776,12.7594183427,120,0.425313944756,4.55240172622e-08,30
5777,12.7594183427,120,0.425313944756,4.55240172622e-08,30
5778,12.7594183427,120,0.425313944756,4.55240172622e-08,30
5779,12.7594183427,120,0.425313944756,4.55240172622e-08,30
5780,12.7594183427,120,0.425313944756,4.55240172622e-08,30
5781,12.7594183427,120,0.425313944756,4.55240172622e-08,30
5782,12.7594183427,120,0.425313944756,4.55240172622e-08,30
5783,12.8548819575,120,0.428496065249,4.62077701877e-08,30
5784,12.8070895334,120,0.426902984447,4.58648224816e-08,30
5785,13.2729593076,120,0.442431976921,4.92622622039e-08,30
5786,14.2593700959,60,0.237656168265,1.42141049084e-08,60
5787,15.0824364823,60,0.251373941372,1.59023696472e-08,60
5788,14.4516906115,60,0.240861510192,1.46001105805e-08,60
5789,12.9541724073,120,0.431805746908,4.69243398151e-08,30
5790,13.4150758017,120,0.44716919339,5.03228336029e-08,30
5791,13.409752913,120,0.446991763767,5.02829069257e-08,30
5792,13.0187628216,120,0.433958760719,4.73934425106e-08,30
5793,13.3200683655,120,0.44400227885,4.961257099e-08,30
5794,12.8228898109,120,0.427429660365,4.59780603791e-08,30
5795,12.8228898109,120,0.427429660365,4.59780603791e-08,30
5796,12.9603502201,120,0.432011674003,4.69691066907e-08,30
5797,13.0238190947,120,0.434127303158,4.74302633252e-08,30
5798,12.8460616734,120,0.428202055781,4.61443816892e-08,30
5799,12.8460616734,120,0.428202055781,4.61443816892e-08,30
5800,12.8460616734,120,0.428202055781,4.61443816892e-08,30
5801,12.8460616734,120,0.428202055781,4.61443816892e-08,30
5802,12.8460616734,120,0.428202055781,4.61443816892e-08,30
5803,12.8460616734,120,0.428202055781,4.61443816892e-08,30
5804,12.8460616734,120,0.428202055781,4.61443816892e-08,30
5805,13.3494774523,120,0.444982581743,4.98318898524e-08,30
5806,13.5442067453,120,0.451473558176,5.129629219e-08,30
5807,13.2840405444,120,0.44280135148,4.93445520162e-08,30
5808,13.3200577494,120,0.444001924981,4.96124919079e-08,30
5809,15.0521901209,60,0.250869835348,1.58386522853e-08,60
5810,13.0332634596,120,0.434442115321,4.74990774154e-08,30
5811,15.7519855037,60,0.262533091728,1.73456045579e-08,60
5812,14.7519242646,60,0.24586540441,1.52130461396e-08,60
5813,15.274905127,60,0.254581752116,1.63108230891e-08,60
5814,14.7888024168,60,0.24648004028,1.52892030226e-08,60
5815,15.7135444484,60,0.261892407474,1.7261047632e-08,60
5816,15.2720494643,60,0.254534157738,1.63047250016e-08,60
5817,15.4933743284,60,0.258222905474,1.67807304704e-08,60
5818,15.5120460068,60,0.258534100113,1.68212010865e-08,60
5819,14.4948249392,60,0.241580415653,1.46873952879e-08,60
5820,14.6777162227,60,0.244628603711,1.50603757676e-08,60
5821,13.8287508907,120,0.460958363024,5.34742537241e-08,30
5822,13.135926924,120,0.4378642308,4.82503283544e-08,30
5823,13.6607621168,120,0.455358737226,5.21829567533e-08,30
5824,13.2175961147,120,0.440586537158,4.88521610243e-08,30
5825,13.9061999686,120,0.463539998952,5.40749051017e-08,30
5826,13.8348572617,120,0.461161908724,5.35214894763e-08,30
5827,13.679542339,120,0.455984744632,5.23265331e-08,30
5828,13.8593514898,120,0.461978382994,5.37111738457e-08,30
5829,14.2436304366,60,0.23739384061,1.41827428367e-08,60
5830,14.748977066,60,0.245816284433,1.52069681e-08,60
5831,13.9379023928,120,0.464596746427,5.432173884e-08,30
5832,14.8455757772,60,0.247426262953,1.54068170859e-08,60
5833,14.566286784,60,0.242771446401,1.48325747831e-08,60
5834,13.5222399849,120,0.450741332828,5.11300366657e-08,30
5835,13.9001080752,120,0.463336935841,5.40275382581e-08,30
5836,14.9188616172,60,0.248647693619,1.55593054067e-08,60
5837,14.5199487299,60,0.241999145499,1.47383545568e-08,60
5838,14.6425270995,60,0.244042118325,1.4988249269e-08,60
5839,14.9348337434,60,0.248913895723,1.55926388107e-08,60
5840,15.2581209904,60,0.254302016507,1.62749979663e-08,60
5841,15.4173794196,60,0.25695632366,1.66165154315e-08,60
5842,13.723835045,120,0.457461168167,5.26659356738e-08,30
5843,13.5552085167,120,0.451840283889,5.13796605698e-08,30
5844,13.4655937093,120,0.448853123643,5.07025542928e-08,30
5845,13.3435485293,120,0.444784950977,4.97876358613e-08,30
5846,13.3435485293,120,0.444784950977,4.97876358613e-08,30
5847,13.3435485293,120,0.444784950977,4.97876358613e-08,30
5848,13.3435485293,120,0.444784950977,4.97876358613e-08,30
5849,13.3435485293,120,0.444784950977,4.97876358613e-08,30
5850,13.3435485293,120,0.444784950977,4.97876358613e-08,30
5851,13.3435485293,120,0.444784950977,4.97876358613e-08,30
5852,13.3473185868,120,0.44491061956,4.98157736188e-08,30
5853,14.4891749436,60,0.24148624906,1.46759474027e-08,60
5854,13.3647163571,120,0.445490545236,4.99457245489e-08,30
5855,13.8391571199,120,0.461305237329,5.35547634842e-08,30
5856,15.1999318738,60,0.253332197896,1.61511004118e-08,60
5857,14.2644693577,60,0.237741155962,1.42242728754e-08,60
5858,15.4610876656,60,0.257684794427,1.67108645713e-08,60
5859,15.2287929901,60,0.253813216502,1.62124929675e-08,60
5860,15.0089023271,60,0.250148372119,1.57476842019e-08,60
5861,15.6368808024,60,0.26061468004,1.70930312067e-08,60
5862,15.4352069977,60,0.257253449961,1.66549659994e-08,60
5863,14.8636291728,60,0.24772715288,1.54443116893e-08,60
5864,15.1381900194,60,0.252303166989,1.60201559317e-08,60
5865,14.1816509864,60,0.236360849773,1.40595823697e-08,60
5866,14.6928517984,60,0.244880863306,1.50914521263e-08,60
5867,14.6769680753,60,0.244616134588,1.50588405024e-08,60
5868,13.9460329094,120,0.464867763645,5.43851332596e-08,30
5869,13.4286208711,120,0.447620695703,5.04245058408e-08,30
5870,13.4286208711,120,0.447620695703,5.04245058408e-08,30
5871,13.4286208711,120,0.447620695703,5.04245058408e-08,30
5872,13.4286208711,120,0.447620695703,5.04245058408e-08,30
5873,13.4286208711,120,0.447620695703,5.04245058408e-08,30
5874,13.4147456235,120,0.44715818745,5.03203564945e-08,30
5875,13.4140168922,120,0.447133896406,5.03148895219e-08,30
5876,13.9849019867,120,0.466163399557,5.46887100253e-08,30
5877,13.4035666158,120,0.44678555386,5.02365237811e-08,30
5878,13.37628099,120,0.445876033,5.00321990924e-08,30
5879,13.3647163571,120,0.445490545236,4.99457245489e-08,30
5880,14.6638914766,60,0.244398191277,1.50320187925e-08,60
5881,14.3801097672,60,0.23966849612,1.44558367996e-08,60
5882,15.9333874634,60,0.265556457723,1.77474135321e-08,60
5883,15.126885538,60,0.252114758967,1.59962386819e-08,60
5884,15.2627994904,60,0.254379991506,1.62849800933e-08,60
5885,16.0631357911,60,0.267718929852,1.80376308966e-08,60
5886,17.8454435401,60,0.297424059001,2.2262479241e-08,60
5887,15.6345203976,60,0.260575339961,1.70878711715e-08,60
5888,16.2545843401,60,0.270909739002,1.84701563092e-08,60
5889,16.2296275462,60,0.270493792436,1.84134828186e-08,60
5890,13.3541419715,120,0.445138065717,4.98667200422e-08,30
5891,13.3296453435,120,0.44432151145,4.96839383881e-08,30
5892,13.309954055,120,0.443665135168,4.95372550957e-08,30
5893,13.2952284497,120,0.443174281656,4.94277036216e-08,30
5894,13.2808276673,120,0.442694255577,4.93206859631e-08,30
5895,13.2778136148,120,0.442593787159,4.92983020763e-08,30
5896,13.2778136148,120,0.442593787159,4.92983020763e-08,30
5897,13.2778136148,120,0.442593787159,4.92983020763e-08,30
5898,13.2658486151,120,0.442194953835,4.9209494021e-08,30
5899,13.2471018787,120,0.441570062622,4.90705107403e-08,30
5900,13.646726481,120,0.4548908827,5.20757819547e-08,30
5901,13.704465924,120,0.4568155308,5.25173805468e-08,30
5902,13.7331074764,120,0.457770249215,5.27371265979e-08,30
5903,15.5817679477,60,0.259696132461,1.6972753305e-08,60
5904,15.1092497538,60,0.25182082923,1.59589617732e-08,60
5905,15.0171442169,60,0.250285736948,1.57649841097e-08,60
5906,16.350619383,60,0.27251032305,1.86890511305e-08,60
5907,16.550312121,60,0.27583853535,1.91483435738e-08,60
5908,16.3157670051,60,0.271929450085,1.86094622596e-08,60
5909,15.3801292061,60,0.256335486769,1.65363174965e-08,60
5910,15.3286510768,60,0.255477517947,1.64258068403e-08,60
5911,14.7573254143,60,0.245955423572,1.52241881412e-08,60
5912,16.3074822282,60,0.271791370469,1.8590568131e-08,60
5913,14.9491486639,60,0.249152477732,1.56225439787e-08,60
5914,14.7931766953,60,0.246552944921,1.52982489373e-08,60
5915,13.2471018787,120,0.441570062622,4.90705107403e-08,30
5916,13.2466382933,120,0.441554609778,4.90670763331e-08,30
5917,13.5396104673,120,0.451320348911,5.12614829144e-08,30
5918,13.2471018787,120,0.441570062622,4.90705107403e-08,30
5919,13.2471018787,120,0.441570062622,4.90705107403e-08,30
5920,13.2471018787,120,0.441570062622,4.90705107403e-08,30
5921,13.2471018787,120,0.441570062622,4.90705107403e-08,30
5922,13.2471018787,120,0.441570062622,4.90705107403e-08,30
5923,13.2471018787,120,0.441570062622,4.90705107403e-08,30
5924,13.2471018787,120,0.441570062622,4.90705107403e-08,30
5925,13.2466382933,120,0.441554609778,4.90670763331e-08,30
5926,13.3893248213,120,0.446310827375,5.01298240988e-08,30
5927,13.3158654082,120,0.443862180272,4.95812668532e-08,30
5928,13.7744886645,120,0.45914962215,5.30554249721e-08,30
5929,16.1127761895,60,0.268546269824,1.81492876401e-08,60
5930,15.5487034043,60,0.259145056738,1.69007972971e-08,60
5931,15.2901126483,60,0.254835210804,1.63433169952e-08,60
5932,17.5491226013,60,0.292485376688,2.15292871552e-08,60
5933,15.2545482032,60,0.254242470054,1.62673770678e-08,60
5934,15.8121075422,60,0.263535125704,1.74782663461e-08,60
5935,15.7528681329,60,0.262547802215,1.7347548461e-08,60
5936,15.4117176487,60,0.256861960812,1.66043134059e-08,60
5937,14.8900434495,60,0.248167390825,1.54992528887e-08,60
5938,14.1527993951,60,0.235879989919,1.4002434059e-08,60
5939,15.4341837306,60,0.25723639551,1.66527578122e-08,60
5940,13.8215216741,120,0.460717389136,5.34183591717e-08,30
5941,14.0122622592,120,0.467075408639,5.49029069784e-08,30
5942,13.2808276673,120,0.442694255577,4.93206859631e-08,30
5943,13.2808276673,120,0.442694255577,4.93206859631e-08,30
5944,13.2808276673,120,0.442694255577,4.93206859631e-08,30
5945,13.6521121142,120,0.455070403808,5.21168931184e-08,30
5946,13.2952284497,120,0.443174281656,4.94277036216e-08,30
5947,13.380587835,120,0.4460195945,5.00644226404e-08,30
5948,13.2952284497,120,0.443174281656,4.94277036216e-08,30
5949,13.2808276673,120,0.442694255577,4.93206859631e-08,30
5950,13.2778136148,120,0.442593787159,4.92983020763e-08,30
5951,13.5401376206,120,0.451337920687,5.12654746372e-08,30
5952,13.9287955735,120,0.464293185784,5.42507759892e-08,30
5953,15.7171636403,60,0.261952727339,1.72689997828e-08,60
5954,16.5203330561,60,0.275338884269,1.90790361775e-08,60
5955,14.227421215,60,0.237123686917,1.41504813407e-08,60
5956,15.1591914423,60,0.252653190706,1.6064636738e-08,60
5957,13.7339895886,120,0.457799652953,5.27439016928e-08,30
5958,13.6221189094,120,0.454070630314,5.18881467471e-08,30
5959,14.0008435782,120,0.466694785941,5.48134619872e-08,30
5960,14.1231604521,60,0.235386007535,1.3943847377e-08,60
5961,13.6187777715,120,0.453959259049,5.18626963459e-08,30
5962,13.2658486151,120,0.442194953835,4.9209494021e-08,30
5963,13.2471018787,120,0.441570062622,4.90705107403e-08,30
5964,13.2466382933,120,0.441554609778,4.90670763331e-08,30
5965,13.2423092175,120,0.441410307252,4.90350107814e-08,30
5966,13.2315980898,120,0.44105326966,4.8955718289e-08,30
5967,13.219810987,120,0.440660366234,4.88685347071e-08,30
5968,13.2053102126,120,0.440177007085,4.87613859812e-08,30
5969,13.2053102126,120,0.440177007085,4.87613859812e-08,30
5970,13.1925450292,120,0.439751500973,4.8667159163e-08,30
5971,13.1981397215,120,0.439937990717,4.87084454371e-08,30
5972,13.8337266492,120,0.461124221641,5.35127420653e-08,30
5973,14.0525219203,120,0.468417397343,5.52188513679e-08,30
5974,13.3588548987,120,0.445295163289,4.99019240548e-08,30
5975,13.8241054658,120,0.460803515528,5.34383330675e-08,30
5976,16.0727395142,60,0.267878991903,1.80592057868e-08,60
5977,14.1737222384,60,0.236228703973,1.40438657619e-08,60
5978,15.0856929003,60,0.251428215005,1.59092372847e-08,60
5979,14.6369656487,60,0.243949427479,1.49768659088e-08,60
5980,13.5728935909,120,0.452429786364,5.15138150327e-08,30
5981,14.1933616476,60,0.23655602746,1.40828116801e-08,60
5982,13.6699860367,120,0.455666201222,5.2253449733e-08,30
5983,16.0211567861,60,0.267019279769,1.79434758846e-08,60
5984,15.67576972,60,0.261262828667,1.71781576564e-08,60
5985,15.6632510728,60,0.261054184547,1.71507317078e-08,60
5986,14.2765549174,60,0.237942581957,1.42483860925e-08,60
5987,13.162206795,120,0.4387402265,4.84435816835e-08,30
5988,13.678148577,120,0.455938285899,5.23158708984e-08,30
5989,13.1357248543,120,0.437857495142,4.82488438979e-08,30
5990,13.1097378151,120,0.436991260503,4.80581266987e-08,30
5991,13.0782178837,120,0.435940596125,4.78273108181e-08,30
5992,13.0743002842,120,0.435810009472,4.77986616258e-08,30
5993,13.0697270095,120,0.435657566984,4.77652283757e-08,30
5994,13.0598727736,120,0.435329092453,4.7693228037e-08,30
5995,13.0536349619,120,0.435121165397,4.76476793043e-08,30
5996,13.0248476313,120,0.434161587711,4.74377550891e-08,30
5997,12.9869311693,120,0.432897705644,4.71619662515e-08,30
5998,12.9739227679,120,0.432464092265,4.70675336991e-08,30
5999,12.9557034992,120,0.431856783308,4.69354327238e-08,30
6000,12.9176122286,120,0.430587074287,4.66598472172e-08,30
6001,12.8585964685,120,0.428619882283,4.6234478184e-08,30
6002,12.846739895,120,0.428224663166,4.61492543017e-08,30
6003,12.8349635482,120,0.427832118275,4.60646849042e-08,30
6004,12.8228898109,120,0.427429660365,4.59780603791e-08,30
6005,12.8132925681,120,0.42710975227,4.59092619277e-08,30
6006,12.7958351431,120,0.426527838104,4.57842493253e-08,30
6007,12.7768896318,120,0.425896321059,4.56487733889e-08,30
6008,12.7617707724,120,0.425392359081,4.5540805163e-08,30
6009,12.7539533611,120,0.425131778703,4.54850288645e-08,30
6010,12.7444554427,120,0.424815181422,4.54173083359e-08,30
6011,12.7444554427,120,0.424815181422,4.54173083359e-08,30
6012,12.7444554427,120,0.424815181422,4.54173083359e-08,30
6013,12.7444554427,120,0.424815181422,4.54173083359e-08,30
6014,12.7444554427,120,0.424815181422,4.54173083359e-08,30
6015,12.7444554427,120,0.424815181422,4.54173083359e-08,30
6016,12.7444554427,120,0.424815181422,4.54173083359e-08,30
6017,12.7444554427,120,0.424815181422,4.54173083359e-08,30
6018,12.7444554427,120,0.424815181422,4.54173083359e-08,30
6019,12.7305036114,120,0.42435012038,4.53179227196e-08,30
6020,12.7178221194,120,0.423927403979,4.52276807857e-08,30
6021,12.7091962364,120,0.423639874546,4.51663500992e-08,30
6022,12.6989838251,120,0.423299460836,4.50937928713e-08,30
6023,12.6905796483,120,0.423019321609,4.50341265532e-08,30
6024,12.6673913062,120,0.422246376874,4.48697033805e-08,30
6025,12.6396008654,120,0.421320028848,4.46730439436e-08,30
6026,12.6037981418,120,0.420126604726,4.44203221333e-08,30
6027,12.5683162754,120,0.418943875846,4.41705724311e-08,30
6028,12.5443767109,120,0.418145890364,4.40024644401e-08,30
6029,14.001521142,120,0.466717371399,5.48187674552e-08,30
6030,12.8653114628,120,0.428843715425,4.62827797732e-08,30
6031,13.352077832,120,0.445069261067,4.98513055123e-08,30
6032,13.1875729043,120,0.439585763478,4.8630481844e-08,30
6033,14.2999133378,60,0.238331888964,1.42950488994e-08,60
6034,12.9023115676,120,0.430077052252,4.65493773134e-08,30
6035,13.4970196577,120,0.449900655258,5.09394892841e-08,30
6036,13.1548657553,120,0.438495525176,4.83895592707e-08,30
6037,13.8956731092,120,0.463189103639,5.39930677241e-08,30
6038,13.0586350883,120,0.435287836276,4.76841886825e-08,30
6039,13.1716282627,120,0.439054275422,4.85129580417e-08,30
6040,12.7701243949,120,0.425670813162,4.56004450374e-08,30
6041,12.6673913062,120,0.422246376874,4.48697033805e-08,30
6042,12.9077006364,120,0.430256687879,4.65882711482e-08,30
6043,12.6396008654,120,0.421320028848,4.46730439436e-08,30
6044,12.7968498235,120,0.426561660782,4.57915107849e-08,30
6045,12.9255129025,120,0.430850430085,4.67169408918e-08,30
6046,12.7996307131,120,0.426654357102,4.58114148979e-08,30
6047,12.697433371,120,0.423247779033,4.50827822916e-08,30
6048,12.7588004761,120,0.425293349202,4.55196084265e-08,30
6049,12.6037981418,120,0.420126604726,4.44203221333e-08,30
6050,12.5683162754,120,0.418943875846,4.41705724311e-08,30
6051,13.0857539982,120,0.436191799942,4.78824461493e-08,30
6052,15.2015813304,60,0.25335968884,1.61546059518e-08,60
6053,15.2350863624,60,0.25391810604,1.62258955184e-08,60
6054,13.929289946,120,0.464309664868,5.42546270857e-08,30
6055,12.8213799647,120,0.427379332157,4.5967233535e-08,30
6056,12.5683162754,120,0.418943875846,4.41705724311e-08,30
6057,12.5683162754,120,0.418943875846,4.41705724311e-08,30
6058,12.7137682238,120,0.423792274126,4.51988520959e-08,30
6059,12.6037981418,120,0.420126604726,4.44203221333e-08,30
6060,12.6037981418,120,0.420126604726,4.44203221333e-08,30
6061,12.6037981418,120,0.420126604726,4.44203221333e-08,30
6062,12.6037981418,120,0.420126604726,4.44203221333e-08,30
6063,12.6037981418,120,0.420126604726,4.44203221333e-08,30
6064,12.6037981418,120,0.420126604726,4.44203221333e-08,30
6065,12.6037981418,120,0.420126604726,4.44203221333e-08,30
6066,12.5683162754,120,0.418943875846,4.41705724311e-08,30
6067,12.5443767109,120,0.418145890364,4.40024644401e-08,30
6068,12.5305002907,120,0.417683343023,4.3905168419e-08,30
6069,12.522080418,120,0.4174026806,4.38461840659e-08,30
6070,12.5048038711,120,0.416826795705,4.37252795413e-08,30
6071,12.5648523205,120,0.418828410685,4.4146228075e-08,30
6072,14.0563829111,120,0.468546097036,5.52491987696e-08,30
6073,14.6238403289,60,0.243730672148,1.49500177187e-08,60
6074,14.3098877324,60,0.238498128873,1.43149978574e-08,60
6075,15.59545941,60,0.259924323499,1.70025938094e-08,60
6076,14.0555581608,120,0.468518605361,5.52427155294e-08,30
6077,15.1205874044,60,0.252009790073,1.5982921271e-08,60
6078,16.2577492333,60,0.270962487222,1.84773495738e-08,60
6079,16.6251230861,60,0.277085384768,1.93218440697e-08,60
6080,15.4546275549,60,0.257577125916,1.66969028781e-08,60
6081,14.272827214,60,0.237880453567,1.42409463673e-08,60
6082,15.1655413678,60,0.252759022797,1.60780979587e-08,60
6083,14.3989491049,60,0.239982485082,1.44937387058e-08,60
6084,13.7667302482,120,0.458891008273,5.29956753636e-08,30
6085,13.9160834689,120,0.463869448963,5.41517973177e-08,30
6086,15.282680944,60,0.254711349067,1.63274336353e-08,60
6087,13.9332520342,120,0.464441734474,5.42854961665e-08,30
6088,12.8158695821,120,0.427195652736,4.59277303591e-08,30
6089,12.746914357,120,0.424897145233,4.54348356509e-08,30
6090,13.2264514683,120,0.44088171561,4.8917641626e-08,30
6091,14.0962365934,60,0.234937276556,1.38907340059e-08,60
6092,13.9974321065,120,0.466581070215,5.47867533399e-08,30
6093,13.5064219695,120,0.450214065651,5.10104850737e-08,30
6094,14.6785916231,60,0.244643193719,1.50621722669e-08,60
6095,14.2543804041,60,0.237573006735,1.4204158944e-08,60
6096,15.6869395009,60,0.261448991681,1.72026469951e-08,60
6097,15.0458232712,60,0.250763721186,1.58252560964e-08,60
6098,15.4818146566,60,0.258030244276,1.67556994644e-08,60
6099,15.1396291567,60,0.252327152611,1.60232020422e-08,60
6100,16.290806623,60,0.271513443717,1.85525671121e-08,60
6101,15.0222765802,60,0.250371276337,1.57757618517e-08,60
6102,16.2035619992,60,0.270059366653,1.83543844711e-08,60
6103,16.0314790376,60,0.267191317293,1.79666048933e-08,60
6104,15.0532991614,60,0.250888319357,1.58409863449e-08,60
6105,14.9223368163,60,0.248705613605,1.55665550192e-08,60
6106,14.9774966603,60,0.249624944338,1.56818500615e-08,60
6107,14.2462729724,60,0.237437882873,1.41880058042e-08,60
6108,14.8057963259,60,0.246763272099,1.53243610566e-08,60
6109,14.1198419861,60,0.235330699768,1.39372954799e-08,60
6110,13.606636505,120,0.453554550168,5.17702654181e-08,30
6111,13.6438242317,120,0.454794141058,5.20536343973e-08,30
6112,14.0111758812,120,0.46703919604,5.48943940068e-08,30
6113,14.3981174637,60,0.239968624395,1.44920645222e-08,60
6114,14.3638918482,60,0.23939819747,1.44232485383e-08,60
6115,13.1391954501,120,0.437973181671,4.82743429641e-08,30
6116,13.3686165061,120,0.445620550202,4.99748795544e-08,30
6117,13.0936351143,120,0.43645450381,4.7940139539e-08,30
6118,15.7959343382,60,0.263265572304,1.7442529807e-08,60
6119,14.7059631245,60,0.245099385409,1.51183981867e-08,60
6120,15.2658350839,60,0.254430584731,1.62914585242e-08,60
6121,16.156086782,60,0.269268113033,1.82469881031e-08,60
6122,16.9431622409,60,0.282386037348,2.00681700891e-08,60
6123,16.6049212281,60,0.276748687135,1.92749150947e-08,60
6124,16.7269510771,60,0.278782517951,1.9559259454e-08,60
6125,18.9951949355,60,0.316586582258,2.5223557788e-08,60
6126,17.804436759,60,0.29674061265,2.21602835488e-08,60
6127,13.6698912581,120,0.455663041936,5.22527251542e-08,30
6128,16.1783856652,60,0.269639761086,1.82973924192e-08,60
6129,14.7417643002,60,0.24569607167,1.51920982579e-08,60
6130,14.2497056147,60,0.237495093578,1.41948438335e-08,60
6131,13.287285948,120,0.442909531598,4.93686655449e-08,30
6132,13.424698228,120,0.447489940935,5.0395051074e-08,30
6133,13.0936351143,120,0.43645450381,4.7940139539e-08,30
6134,13.0936351143,120,0.43645450381,4.7940139539e-08,30
6135,13.0936351143,120,0.43645450381,4.7940139539e-08,30
6136,13.0936351143,120,0.43645450381,4.7940139539e-08,30
6137,13.0936351143,120,0.43645450381,4.7940139539e-08,30
6138,13.7730397081,120,0.459101323605,5.3044263621e-08,30
6139,13.4325883919,120,0.447752946396,5.0454306344e-08,30
6140,14.5685602614,60,0.242809337689,1.48372052225e-08,60
6141,14.0291902715,120,0.467639675716,5.50356419307e-08,30
6142,14.5291547088,60,0.24215257848,1.47570493877e-08,60
6143,15.046042187,60,0.250767369783,1.58257166128e-08,60
6144,14.3934833611,60,0.239891389351,1.44827373436e-08,60
6145,14.9298302236,60,0.248830503726,1.55821927609e-08,60
6146,15.9979273406,60,0.266632122343,1.7891480286e-08,60
6147,14.4807367346,60,0.241345612244,1.46588584173e-08,60
6148,15.2849445486,60,0.25474907581,1.63322706911e-08,60
6149,15.7533577349,60,0.262555962249,1.73486268077e-08,60
6150,16.4980536927,60,0.274967561544,1.9027610803e-08,60
6151,16.4995984505,60,0.274993307509,1.90311741842e-08,60
6152,15.7405327816,60,0.262342213027,1.73203909529e-08,60
6153,16.1415564046,60,0.269025940077,1.82141811001e-08,60
6154,14.8523241835,60,0.247538736391,1.5420827333e-08,60
6155,14.0081670356,120,0.466938901187,5.48708198223e-08,30
6156,14.6865878858,60,0.244776464763,1.50785871784e-08,60
6157,13.5292677263,120,0.450975590877,5.11831968009e-08,30
6158,13.428215583,120,0.447607186099,5.04214621709e-08,30
6159,13.1052479391,120,0.43684159797,4.80252140529e-08,30
6160,13.2265692966,120,0.44088564322,4.89185131989e-08,30
6161,13.1510281211,120,0.438367604036,4.83613302726e-08,30
6162,13.2434353474,120,0.441447844914,4.90433510394e-08,30
6163,13.596971399,120,0.453232379965,5.16967443247e-08,30
6164,14.4876200176,60,0.241460333627,1.46727976323e-08,60
6165,14.7257617954,60,0.245429363256,1.51591334555e-08,60
6166,16.6926664521,60,0.278211107535,1.94791618154e-08,60
6167,15.1116375606,60,0.25186062601,1.59640063557e-08,60
6168,15.1056948009,60,0.251761580015,1.59514529049e-08,60
6169,16.5465457065,60,0.275775761775,1.91396292496e-08,60
6170,16.6088988171,60,0.276814980285,1.92841505342e-08,60
6171,17.3106297219,60,0.288510495365,2.09480965996e-08,60
6172,17.2328263746,60,0.287213772909,2.07602155822e-08,60
6173,18.8571665019,60,0.314286108366,2.48583160742e-08,60
6174,16.1299286906,60,0.268832144843,1.81879490563e-08,60
6175,16.7929019049,60,0.279881698416,1.97137995547e-08,60
6176,17.9405326517,60,0.299008877528,2.25003617402e-08,60
6177,17.4872818843,60,0.291454698072,2.13778219486e-08,60
6178,15.2328246785,60,0.253880411308,1.62210783323e-08,60
6179,14.3501753961,60,0.239169589935,1.43957154239e-08,60
6180,14.3096742388,60,0.238494570647,1.4314570721e-08,60
6181,13.8510643436,120,0.461702144785,5.36469602672e-08,30
6182,13.1735101453,120,0.439117004842,4.85268215082e-08,30
6183,13.1052479391,120,0.43684159797,4.80252140529e-08,30
6184,13.0936351143,120,0.43645450381,4.7940139539e-08,30
6185,13.073870575,120,0.435795685832,4.77955197083e-08,30
6186,13.9242606582,120,0.464142021941,5.42154559756e-08,30
6187,13.9141919625,120,0.463806398752,5.41370774423e-08,30
6188,13.7804306468,120,0.459347688225,5.31012085068e-08,30
6189,14.0136685223,120,0.467122284078,5.49139275844e-08,30
6190,14.8037739087,60,0.246729565144,1.532017484e-08,60
6191,15.837036555,60,0.26395060925,1.75334214724e-08,60
6192,15.3756074642,60,0.256260124403,1.65265956056e-08,60
6193,14.6704590136,60,0.244507650227,1.50454866291e-08,60
6194,14.2599544401,60,0.237665907335,1.42152699108e-08,60
6195,15.4743790175,60,0.257906316958,1.67396084031e-08,60
6196,16.4562391502,60,0.274270652503,1.89312815527e-08,60
6197,17.0122087188,60,0.28353681198,2.02320662738e-08,60
6198,17.1837919023,60,0.286396531705,2.06422409764e-08,60
6199,15.9033170475,60,0.265055284124,1.76804888409e-08,60
6200,14.7818138653,60,0.246363564422,1.52747563984e-08,60
6201,15.1658409752,60,0.252764016253,1.60787332363e-08,60
6202,13.8437517834,120,0.461458392781,5.35903302412e-08,30
6203,14.1098435659,60,0.235164059431,1.39175641544e-08,60
6204,14.0311241606,120,0.467704138687,5.50508160302e-08,30
6205,13.3788193087,120,0.445960643624,5.00511893809e-08,30
6206,13.0457174504,120,0.434857248345,4.758989668e-08,30
6207,13.0111636213,120,0.433705454042,4.73381304728e-08,30
6208,13.0136239761,120,0.433787465871,4.73560350376e-08,30
6209,13.1758963548,120,0.43919654516,4.85444031018e-08,30
6210,13.013472814,120,0.433782427134,4.7354934899e-08,30
6211,13.6611051515,120,0.455370171718,5.21855775138e-08,30
6212,13.0111636213,120,0.433705454042,4.73381304728e-08,30
6213,13.6995036708,120,0.456650122361,5.2479355372e-08,30
6214,13.9731258025,120,0.465770860084,5.45966460026e-08,30
6215,14.4185013706,60,0.240308356176,1.45331273905e-08,60
6216,13.1784759673,120,0.439282532245,4.85634132711e-08,30
6217,14.3622944487,60,0.239371574144,1.44200407155e-08,60
6218,15.5045045364,60,0.258408408941,1.68048491814e-08,60
6219,16.8438552158,60,0.280730920264,1.98336129466e-08,60
6220,13.4952337227,120,0.449841124088,5.09260094782e-08,30
6221,13.0028157074,120,0.433427190246,4.72774060248e-08,30
6222,13.1300015155,120,0.437666717183,4.8206808255e-08,30
6223,13.3122997217,120,0.443743324058,4.95547169333e-08,30
6224,12.9896827255,120,0.432989424183,4.71819528895e-08,30
6225,12.9855081704,120,0.432850272346,4.71516315926e-08,30
6226,12.975727188,120,0.432524239601,4.70806269648e-08,30
6227,12.9660811705,120,0.432202705682,4.70106545083e-08,30
6228,12.9557034992,120,0.431856783308,4.69354327238e-08,30
6229,12.9365572881,120,0.431218576269,4.67968108891e-08,30
6230,12.9231378207,120,0.43077126069,4.66997738572e-08,30
6231,12.9174185535,120,0.43058061845,4.66584480759e-08,30
6232,12.9099231251,120,0.430330770837,4.66043159613e-08,30
6233,12.8845377363,120,0.429484591211,4.64212156428e-08,30
6234,12.8622233667,120,0.428740778888,4.62605636738e-08,30
6235,12.8583933128,120,0.428613110427,4.62330172591e-08,30
6236,12.846739895,120,0.428224663166,4.61492543017e-08,30
6237,12.8349635482,120,0.427832118275,4.60646849042e-08,30
6238,12.8228898109,120,0.427429660365,4.59780603791e-08,30
6239,12.8154384805,120,0.427181282685,4.59246405676e-08,30
6240,13.0933735139,120,0.436445783797,4.79382239467e-08,30
6241,15.4835372755,60,0.258058954592,1.6759428393e-08,60
6242,15.5824937876,60,0.259708229794,1.69743346134e-08,60
6243,16.679464842,60,0.2779910807,1.94483633072e-08,60
6244,18.9812633882,60,0.316354389803,2.51865721898e-08,60
6245,15.6344161999,60,0.260573603331,1.70876434048e-08,60
6246,13.4506025209,120,0.448353417363,5.05897232573e-08,30
6247,13.2585186,120,0.441950619999,4.91551278527e-08,30
6248,13.9884446898,120,0.466281489659,5.47164213961e-08,30
6249,14.6983112136,60,0.244971853561,1.51026692558e-08,60
6250,14.5956465266,60,0.243260775444,1.48924279853e-08,60
6251,13.0036416357,120,0.433454721191,4.72834122608e-08,30
6252,12.9982390616,120,0.433274635386,4.72441310989e-08,30
6253,13.019451332,120,0.433981711066,4.73984555433e-08,30
6254,12.8154384805,120,0.427181282685,4.59246405676e-08,30
6255,14.2922396231,60,0.238203993718,1.42797108071e-08,60
6256,13.452955583,120,0.448431852767,5.0607425241e-08,30
6257,13.440817021,120,0.448027234033,5.05161405826e-08,30
6258,13.4945758726,120,0.449819195753,5.09210446347e-08,30
6259,15.2400792719,60,0.254001321199,1.62365325048e-08,60
6260,14.8892034188,60,0.248153390314,1.54975041389e-08,60
6261,14.308582773,60,0.23847637955,1.43123871256e-08,60
6262,15.0677471426,60,0.251129119043,1.58714089258e-08,60
6263,14.1433960666,60,0.235723267777,1.39838333932e-08,60
6264,15.3133295237,60,0.255222158728,1.63929868491e-08,60
6265,15.2183850153,60,0.253639750255,1.61903399896e-08,60
6266,15.4658868797,60,0.257764781329,1.67212404862e-08,60
6267,15.1734504037,60,0.252890840061,1.60948722246e-08,60
6268,15.1693988099,60,0.252823313498,1.6086278111e-08,60
6269,15.1350826907,60,0.252251378179,1.60135798774e-08,60
6270,14.8564514077,60,0.247607523461,1.54293989281e-08,60
6271,15.2152338041,60,0.253587230068,1.61836357436e-08,60
6272,14.5994750071,60,0.243324583451,1.49002416641e-08,60
6273,14.6052804676,60,0.243421341127,1.49120941402e-08,60
6274,14.7056828794,60,0.245094714656,1.51178219827e-08,60
6275,13.8521728817,120,0.461739096058,5.36555476338e-08,30
6276,14.3060353931,60,0.238433923218,1.43072914649e-08,60
6277,14.4903448219,60,0.241505747031,1.46783174156e-08,60
6278,14.2245408664,60,0.237075681106,1.41447523765e-08,60
6279,14.3182864263,60,0.238638107105,1.43318061747e-08,60
6280,14.3280581219,60,0.238800968698,1.43513746945e-08,60
6281,14.3927778202,60,0.239879630337,1.44813175465e-08,60
6282,14.9644833435,60,0.249408055726,1.56546113004e-08,60
6283,14.1777263091,60,0.236295438484,1.40518016552e-08,60
6284,13.7555228747,120,0.458517429158,5.29094238642e-08,30
6285,14.5394666522,60,0.242324444203,1.47780042007e-08,60
6286,14.0359037867,120,0.467863459556,5.50883279399e-08,30
6287,15.2024183736,60,0.253373639559,1.61563850397e-08,60
6288,15.1429030924,60,0.252381718207,1.60301328073e-08,60
6289,15.1074337924,60,0.251790563206,1.59551258293e-08,60
6290,15.9204609013,60,0.265341015022,1.77186286949e-08,60
6291,15.1760745935,60,0.252934576558,1.61004397984e-08,60
6292,13.8596028869,120,0.461986762898,5.37131224154e-08,30
6293,13.1468095919,120,0.438226986398,4.83303089778e-08,30
6294,13.3110554424,120,0.44370184808,4.95454537663e-08,30
6295,13.7779940795,120,0.459266469316,5.30824321374e-08,30
6296,15.3609102348,60,0.25601517058,1.64950158351e-08,60
6297,14.2571790994,60,0.237619651656,1.42097371612e-08,60
6298,14.2539714358,60,0.237566190596,1.42033439008e-08,60
6299,13.4879205989,120,0.449597353298,5.08708303973e-08,30
6300,12.8906869931,120,0.429689566438,4.64655360678e-08,30
6301,13.0979054272,120,0.436596847573,4.7971414701e-08,30
6302,12.9208448169,120,0.430694827229,4.66832030735e-08,30
6303,12.8913263273,120,0.429710877576,4.64701452465e-08,30
6304,12.961625563,120,0.432054185433,4.69783509878e-08,30
6305,12.8583933128,120,0.428613110427,4.62330172591e-08,30
6306,13.5771092058,120,0.452570306859,5.15458194282e-08,30
6307,12.9684139531,120,0.432280465103,4.70275718024e-08,30
6308,14.4601710695,60,0.241002851158,1.46172507139e-08,60
6309,13.5982234144,120,0.453274113813,5.17062652835e-08,30
6310,13.3732313663,120,0.445774378875,5.00093882694e-08,30
6311,13.6802728028,120,0.456009093428,5.23321215417e-08,30
6312,14.3514324996,60,0.23919054166,1.43982377202e-08,60
6313,13.4542856708,120,0.448476189026,5.06174328034e-08,30
6314,13.3299858624,120,0.444332862079,4.96864768704e-08,30
6315,12.846739895,120,0.428224663166,4.61492543017e-08,30
6316,13.0372039163,120,0.434573463875,4.75278033519e-08,30
6317,12.8349635482,120,0.427832118275,4.60646849042e-08,30
6318,12.8228898109,120,0.427429660365,4.59780603791e-08,30
6319,12.8154384805,120,0.427181282685,4.59246405676e-08,30
6320,12.8008422722,120,0.426694742406,4.58200879394e-08,30
6321,12.7812072722,120,0.426040242407,4.56796303967e-08,30
6322,12.7718452668,120,0.42572817556,4.56127358829e-08,30
6323,12.7539533611,120,0.425131778703,4.54850288645e-08,30
6324,12.7444554427,120,0.424815181422,4.54173083359e-08,30
6325,12.7244824452,120,0.424149414841,4.52750646799e-08,30
6326,12.6989838251,120,0.423299460836,4.50937928713e-08,30
6327,12.6922442658,120,0.423074808861,4.50459415399e-08,30
6328,12.6621629789,120,0.422072099296,4.48326720647e-08,30
6329,12.6183385172,120,0.420611283906,4.45228722877e-08,30
6330,12.6037981418,120,0.420126604726,4.44203221333e-08,30
6331,12.570323255,120,0.419010775167,4.41846803696e-08,30
6332,12.5545720742,120,0.418485735806,4.40740189583e-08,30
6333,12.5493721547,120,0.418312405157,4.40375168958e-08,30
6334,12.8778069343,120,0.429260231144,4.63727280049e-08,30
6335,14.8564952716,60,0.247608254526,1.54294900393e-08,60
6336,14.0350175992,120,0.467833919973,5.50813719154e-08,30
6337,14.7546106973,60,0.245910178288,1.52185874567e-08,60
6338,14.0372999251,120,0.467909997503,5.50992876554e-08,30
6339,14.0881994571,60,0.234803324285,1.38748985885e-08,60
6340,14.2857180228,60,0.23809530038,1.42666820137e-08,60
6341,14.5461855852,60,0.24243642642,1.47916656871e-08,60
6342,14.568551665,60,0.242809194417,1.48371877128e-08,60
6343,14.4545288092,60,0.240908813487,1.4605845836e-08,60
6344,12.5438036165,120,0.418126787217,4.39984439949e-08,30
6345,12.533168186,120,0.417772272865,4.39238662934e-08,30
6346,12.5915734647,120,0.419719115492,4.43341955957e-08,30
6347,13.1671688922,120,0.438905629742,4.84801146264e-08,30
6348,13.1526483782,120,0.438421612608,4.83732476097e-08,30
6349,13.0429314836,120,0.434764382788,4.75695728133e-08,30
6350,12.5319259934,120,0.417730866446,4.39151599239e-08,30
6351,13.0454790175,120,0.434849300584,4.75881571221e-08,30
6352,13.1644832043,120,0.438816106809,4.84603398087e-08,30
6353,13.5419777517,120,0.451399258391,5.12794097401e-08,30
6354,14.0743192844,60,0.234571988074,1.38475720137e-08,60
6355,15.1329703312,60,0.252216172186,1.60091102515e-08,60
6356,14.9362484564,60,0.248937474274,1.55955929988e-08,60
6357,13.7639884545,120,0.458799615151,5.29745681387e-08,30
6358,15.433171051,60,0.257219517516,1.66505726165e-08,60
6359,14.5959313117,60,0.243265521861,1.48930091425e-08,60
6360,14.7313890625,60,0.245523151041,1.51707214186e-08,60
6361,14.7362067788,60,0.245603446313,1.518064583e-08,60
6362,15.3116512857,60,0.255194188095,1.63893939236e-08,60
6363,15.1469788156,60,0.252449646926,1.60387630118e-08,60
6364,15.2621717571,60,0.254369529285,1.62836405732e-08,60
6365,15.2541161918,60,0.254235269864,1.6266455691e-08,60
6366,14.8750619671,60,0.247917699452,1.54680797131e-08,60
6367,14.357183171,60,0.239286386183,1.44097788848e-08,60
6368,12.9497614902,120,0.431658716341,4.68923896258e-08,30
6369,12.5333074446,120,0.417776914819,4.39248423931e-08,30
6370,12.731129344,120,0.424370978135,4.53223777829e-08,30
6371,12.6268049692,120,0.420893498973,4.45826388285e-08,30
6372,12.5324273191,120,0.417747577304,4.39186735483e-08,30
6373,12.530911865,120,0.417697062166,4.39080526669e-08,30
6374,12.5229111392,120,0.417430371307,4.38520018154e-08,30
6375,12.5098937637,120,0.416996458789,4.37608822218e-08,30
6376,12.5098937637,120,0.416996458789,4.37608822218e-08,30
6377,12.5098937637,120,0.416996458789,4.37608822218e-08,30
6378,12.5098937637,120,0.416996458789,4.37608822218e-08,30
6379,12.5098937637,120,0.416996458789,4.37608822218e-08,30
6380,12.5072504856,120,0.41690834952,4.37423912639e-08,30
6381,12.504086439,120,0.416802881301,4.37202624264e-08,30
6382,12.5997478266,120,0.41999159422,4.43917771828e-08,30
6383,12.4996142069,120,0.416653806897,4.36889938971e-08,30
6384,13.4868022044,120,0.449560073481,5.08623945084e-08,30
6385,13.3772637907,120,0.445908793022,5.00395514327e-08,30
6386,12.8624693511,120,0.428748978369,4.62623331169e-08,30
6387,12.4970877907,120,0.416569593022,4.36713348834e-08,30
6388,13.3469134203,120,0.444897114011,4.98127492847e-08,30
6389,12.8289234421,120,0.427630781404,4.60213392232e-08,30
6390,12.6442416785,120,0.421474722616,4.47058546798e-08,30
6391,12.4955679499,120,0.416518931663,4.36607132985e-08,30
6392,12.4938820879,120,0.416462736264,4.36489329664e-08,30
6393,12.4928061641,120,0.416426872136,4.36414155422e-08,30
6394,12.4901372474,120,0.416337908246,4.36227707543e-08,30
6395,12.483502959,120,0.4161167653,4.35764415307e-08,30
6396,12.4610761741,120,0.415369205803,4.34200108178e-08,30
6397,12.4305024498,120,0.414350081662,4.32072069044e-08,30
6398,12.4189769435,120,0.413965898116,4.31271209907e-08,30
6399,12.4106556009,120,0.413688520031,4.30693456496e-08,30
6400,12.3934317003,120,0.413114390009,4.29498826023e-08,30
6401,12.3858879305,120,0.412862931017,4.28976121053e-08,30
6402,12.3826803038,120,0.412756010127,4.2875396224e-08,30
6403,12.377680009,120,0.412589333632,4.28407758783e-08,30
6404,12.377680009,120,0.412589333632,4.28407758783e-08,30
6405,12.3719981549,120,0.412399938497,4.28014536196e-08,30
6406,12.7321197258,120,0.42440399086,4.53294295063e-08,30
6407,12.6880322887,120,0.422934409622,4.50160491124e-08,30
6408,13.743082351,120,0.458102745032,5.28137643531e-08,30
6409,13.8870629499,120,0.462902098331,5.39261771348e-08,30
6410,14.1796186333,60,0.236326977221,1.40555529393e-08,60
6411,15.1437449587,60,0.252395749312,1.603191524e-08,60
6412,14.0089257361,120,0.466964191204,5.48767637331e-08,30
6413,13.2210675177,120,0.44070225059,4.88778249659e-08,30
6414,14.307274267,60,0.238454571117,1.43097695376e-08,60
6415,13.6568052925,120,0.455226843085,5.2152731663e-08,30
6416,13.5961084559,120,0.453203615198,5.16901825798e-08,30
6417,12.6814072202,120,0.422713574008,4.49690510377e-08,30
6418,12.627612121,120,0.420920404034,4.45883387834e-08,30
6419,12.6231921151,120,0.420773070502,4.45571299958e-08,30
6420,12.3719981549,120,0.412399938497,4.28014536196e-08,30
6421,12.3506990516,120,0.411689968387,4.26542101661e-08,30
6422,12.3218990266,120,0.410729967553,4.24555153325e-08,30
6423,12.3131037761,120,0.410436792537,4.23949283038e-08,30
6424,12.301870689,120,0.4100623563,4.23176108861e-08,30
6425,12.2908427175,120,0.409694757251,4.22417739274e-08,30
6426,12.2823735742,120,0.409412452473,4.21835796456e-08,30
6427,12.5638074369,120,0.418793581231,4.41388860463e-08,30
6428,12.4687685188,120,0.415625617294,4.34736345624e-08,30
6429,12.7633394611,120,0.425444648705,4.55520016871e-08,30
6430,13.4191554498,120,0.447305181661,5.03534455314e-08,30
6431,12.8082822852,120,0.42694274284,4.58733658585e-08,30
6432,13.5265105115,120,0.450883683718,5.1162337034e-08,30
6433,12.425617956,120,0.414187265199,4.3173257533e-08,30
6434,13.5124259795,120,0.450414199318,5.10558465373e-08,30
6435,13.6666897724,120,0.455556325747,5.22282528656e-08,30
6436,13.5021998353,120,0.450073327844,5.09785981013e-08,30
6437,13.5396590526,120,0.451321968421,5.12618508068e-08,30
6438,13.5350514066,120,0.45116838022,5.12269671702e-08,30
6439,13.9429412185,120,0.464764707282,5.43610226922e-08,30
6440,14.0048390509,120,0.466827968364,5.48447510933e-08,30
6441,13.144561303,120,0.438152043434,4.83137800692e-08,30
6442,12.9130336916,120,0.430434456387,4.66267767127e-08,30
6443,12.2823735742,120,0.409412452473,4.21835796456e-08,30
6444,12.3603125281,120,0.412010417604,4.27206379584e-08,30
6445,12.2908427175,120,0.409694757251,4.22417739274e-08,30
6446,12.2908427175,120,0.409694757251,4.22417739274e-08,30
6447,12.2908427175,120,0.409694757251,4.22417739274e-08,30
6448,12.2908427175,120,0.409694757251,4.22417739274e-08,30
6449,12.2908427175,120,0.409694757251,4.22417739274e-08,30
6450,12.2908427175,120,0.409694757251,4.22417739274e-08,30
6451,12.2908427175,120,0.409694757251,4.22417739274e-08,30
6452,12.2908427175,120,0.409694757251,4.22417739274e-08,30
6453,12.2908427175,120,0.409694757251,4.22417739274e-08,30
6454,12.2908427175,120,0.409694757251,4.22417739274e-08,30
6455,12.2908427175,120,0.409694757251,4.22417739274e-08,30
6456,12.2908427175,120,0.409694757251,4.22417739274e-08,30
6457,12.2908427175,120,0.409694757251,4.22417739274e-08,30
6458,12.7802833568,120,0.426009445226,4.56730265464e-08,30
6459,12.6942783873,120,0.423142612911,4.50603812651e-08,30
6460,13.1760047634,120,0.43920015878,4.85452019321e-08,30
6461,12.6824888629,120,0.422749628763,4.49767225078e-08,30
6462,13.1056350546,120,0.43685450182,4.80280513254e-08,30
6463,13.3043457076,120,0.443478190255,4.94955173703e-08,30
6464,12.9763956573,120,0.432546521909,4.70854779857e-08,30
6465,12.5552740459,120,0.418509134864,4.40789477733e-08,30
6466,12.3858879305,120,0.412862931017,4.28976121053e-08,30
6467,12.3858879305,120,0.412862931017,4.28976121053e-08,30
6468,12.3858879305,120,0.412862931017,4.28976121053e-08,30
6469,12.3858879305,120,0.412862931017,4.28976121053e-08,30
6470,12.3858879305,120,0.412862931017,4.28976121053e-08,30
6471,12.3858879305,120,0.412862931017,4.28976121053e-08,30
6472,12.3858879305,120,0.412862931017,4.28976121053e-08,30
6473,12.3826803038,120,0.412756010127,4.2875396224e-08,30
6474,12.3826803038,120,0.412756010127,4.2875396224e-08,30
6475,12.3826803038,120,0.412756010127,4.2875396224e-08,30
6476,12.3826803038,120,0.412756010127,4.2875396224e-08,30
6477,12.3826803038,120,0.412756010127,4.2875396224e-08,30
6478,12.377680009,120,0.412589333632,4.28407758783e-08,30
6479,12.3719981549,120,0.412399938497,4.28014536196e-08,30
6480,12.3719981549,120,0.412399938497,4.28014536196e-08,30
6481,12.6267227883,120,0.420890759609,4.45820585026e-08,30
6482,12.3956989639,120,0.413189965463,4.29655986066e-08,30
6483,12.5279871384,120,0.417599571281,4.38875586978e-08,30
6484,12.3719981549,120,0.412399938497,4.28014536196e-08,30
6485,12.357324054,120,0.4119108018,4.26999824796e-08,30
6486,12.3396994918,120,0.411323316395,4.25782681312e-08,30
6487,12.3151063249,120,0.410503544162,4.24087192726e-08,30
6488,12.3151063249,120,0.410503544162,4.24087192726e-08,30
6489,12.3151063249,120,0.410503544162,4.24087192726e-08,30
6490,12.3151063249,120,0.410503544162,4.24087192726e-08,30
6491,12.3151063249,120,0.410503544162,4.24087192726e-08,30
6492,12.3151063249,120,0.410503544162,4.24087192726e-08,30
6493,12.3151063249,120,0.410503544162,4.24087192726e-08,30
6494,12.3151063249,120,0.410503544162,4.24087192726e-08,30
6495,12.3151063249,120,0.410503544162,4.24087192726e-08,30
6496,12.3151063249,120,0.410503544162,4.24087192726e-08,30
6497,12.3151063249,120,0.410503544162,4.24087192726e-08,30
6498,12.3151063249,120,0.410503544162,4.24087192726e-08,30
6499,12.3151063249,120,0.410503544162,4.24087192726e-08,30
6500,12.3151063249,120,0.410503544162,4.24087192726e-08,30
6501,12.3151063249,120,0.410503544162,4.24087192726e-08,30
6502,12.3151063249,120,0.410503544162,4.24087192726e-08,30
6503,12.2908427175,120,0.409694757251,4.22417739274e-08,30
6504,12.2823735742,120,0.409412452473,4.21835796456e-08,30
6505,12.2763944923,120,0.409213149743,4.21425195547e-08,30
6506,12.2706377706,120,0.409021259019,4.21030053673e-08,30
6507,12.2614093011,120,0.408713643371,4.20396997435e-08,30
6508,12.2396788407,120,0.40798929469,4.18908208519e-08,30
6509,12.2278238805,120,0.407594129349,4.18097119405e-08,30
6510,12.2132085686,120,0.407106952286,4.17098255176e-08,30
6511,12.197591538,120,0.406586384599,4.16032250028e-08,30
6512,12.1588431822,120,0.40529477274,4.13393210951e-08,30
6513,12.1301012623,120,0.404336708744,4.11441105647e-08,30
6514,12.1301012623,120,0.404336708744,4.11441105647e-08,30
6515,12.1155338209,120,0.403851127362,4.10453472467e-08,30
6516,12.1053078333,120,0.403510261109,4.09760887091e-08,30
6517,12.0939464112,120,0.40313154704,4.08992086867e-08,30
6518,12.087667343,120,0.402922244767,4.08567507089e-08,30
6519,12.087667343,120,0.402922244767,4.08567507089e-08,30
6520,12.087667343,120,0.402922244767,4.08567507089e-08,30
6521,12.087667343,120,0.402922244767,4.08567507089e-08,30
6522,12.087667343,120,0.402922244767,4.08567507089e-08,30
6523,12.087667343,120,0.402922244767,4.08567507089e-08,30
6524,12.087667343,120,0.402922244767,4.08567507089e-08,30
6525,12.0686204205,120,0.402287347351,4.07280935863e-08,30
6526,12.0534608675,120,0.401782028916,4.06258396584e-08,30
6527,12.0473573706,120,0.401578579021,4.05847067576e-08,30
6528,12.0316851459,120,0.401056171529,4.04791833782e-08,30
6529,12.0009613897,120,0.400032046324,4.02727144355e-08,30
6530,11.9946984671,120,0.399823282238,4.02306912891e-08,30
6531,11.9928931486,120,0.399763104953,4.02185819814e-08,30
6532,11.9765856274,120,0.399219520912,4.0109280671e-08,30
6533,11.933567712,120,0.397785590401,3.98216663231e-08,30
6534,11.8862088756,120,0.39620696252,3.95062257647e-08,30
6535,11.8214624909,120,0.394048749696,3.90770025058e-08,30
6536,11.8094609406,120,0.393648698019,3.89976981815e-08,30
6537,11.7936009033,120,0.393120030111,3.88930211563e-08,30
6538,11.7559988196,120,0.39186662732,3.86454076856e-08,30
6539,11.7345136016,120,0.391150453385,3.85042803698e-08,30
6540,11.7281270312,120,0.390937567706,3.84623794634e-08,30
6541,11.7107181354,120,0.39035727118,3.83482793014e-08,30
6542,11.6821332847,120,0.389404442824,3.81612981128e-08,30
6543,11.6291725993,120,0.387639086643,3.78160756664e-08,30
6544,11.6171119693,120,0.387237065642,3.7737678138e-08,30
6545,11.5990394607,120,0.386634648689,3.76203539674e-08,30
6546,11.5612729036,120,0.385375763454,3.73757685091e-08,30
6547,11.5388414545,120,0.384628048484,3.72308745477e-08,30
6548,11.5148320589,120,0.383827735297,3.70760997691e-08,30
6549,11.485887744,120,0.382862924799,3.68899409875e-08,30
6550,11.7773962636,120,0.392579875454,3.87862150307e-08,30
6551,12.2714840584,120,0.409049468615,4.21088131325e-08,30
6552,12.4081915037,120,0.413606383455,4.30522447768e-08,30
6553,11.4532496488,120,0.381774988292,3.66805872526e-08,30
6554,11.4380141885,120,0.381267139615,3.65830648983e-08,30
6555,11.4298184177,120,0.380993947257,3.65306573756e-08,30
6556,11.4151864761,120,0.380506215869,3.64371874189e-08,30
6557,11.3833521626,120,0.379445072088,3.6234241032e-08,30
6558,11.9381476296,120,0.397938254319,3.98522380599e-08,30
6559,12.4365481862,120,0.414551606206,4.32492458977e-08,30
6560,12.5702658475,120,0.419008861585,4.4184276796e-08,30
6561,11.3782275235,120,0.379274250785,3.62016239948e-08,30
6562,11.3736114761,120,0.379120382535,3.6172256588e-08,30
6563,11.3487057347,120,0.378290191158,3.60140112526e-08,30
6564,11.3001483554,120,0.376671611848,3.57064863434e-08,30
6565,11.2842473135,120,0.376141577116,3.56060680393e-08,30
6566,11.2826374342,120,0.376087914473,3.5595909208e-08,30
6567,11.2807858019,120,0.376026193398,3.55842266336e-08,30
6568,11.3470207911,120,0.378234026369,3.60033180375e-08,30
6569,11.8901324211,120,0.396337747371,3.95323114679e-08,30
6570,12.812739227,120,0.427091307566,4.5905296837e-08,30
6571,12.9429811223,120,0.431432704078,4.68432976921e-08,30
6572,12.8271196105,120,0.427570653685,4.60083983231e-08,30
6573,13.6281405668,120,0.454271352225,5.19340311944e-08,30
6574,12.995735112,120,0.4331911704,4.72259308602e-08,30
6575,13.5529508099,120,0.451765026996,5.13625467722e-08,30
6576,14.0326626426,120,0.467755421419,5.50628890943e-08,30
6577,14.5313046952,60,0.242188411587,1.47614171302e-08,60
6578,14.7440602245,60,0.245734337075,1.51968307476e-08,60
6579,15.4719872956,60,0.257866454927,1.67344342512e-08,60
6580,14.0841642761,60,0.234736071268,1.38669515531e-08,60
6581,13.9039053785,120,0.463463512617,5.40570613337e-08,30
6582,15.0056958867,60,0.250094931446,1.57409563791e-08,60
6583,14.3145115574,60,0.238575192623,1.43242503043e-08,60
6584,14.6388521187,60,0.243980868644,1.49807267128e-08,60
6585,14.8205207456,60,0.247008679093,1.53548564815e-08,60
6586,12.8288941856,120,0.427629806188,4.60211293193e-08,30
6587,11.2753134047,120,0.375843780157,3.55497106355e-08,30
6588,11.270010041,120,0.375667001366,3.55162767609e-08,30
6589,11.2656787624,120,0.375522625412,3.5488982849e-08,30
6590,12.6618335982,120,0.422061119939,4.48303396314e-08,30
6591,13.0456953049,120,0.434856510164,4.75897351101e-08,30
6592,14.3570277032,60,0.239283795054,1.44094668119e-08,60
6593,14.1671727055,60,0.236119545092,1.40308897056e-08,60
6594,14.4732699002,60,0.241221165003,1.46437449529e-08,60
6595,15.6990581418,60,0.261650969029,1.72292364043e-08,60
6596,15.2770704844,60,0.254617841406,1.63154478334e-08,60
6597,15.3702685653,60,0.256171142755,1.65151204812e-08,60
6598,16.5557254392,60,0.275928757321,1.91608718003e-08,60
6599,15.4749330497,60,0.257915550829,1.67408070875e-08,60
6600,15.4489953326,60,0.257483255543,1.66847351913e-08,60
6601,16.2663296384,60,0.271105493974,1.84968584221e-08,60
6602,16.4222770013,60,0.273704616688,1.88532219735e-08,60
6603,15.1037960756,60,0.251729934594,1.59474430896e-08,60
6604,14.5221896198,60,0.242036493663,1.47429041015e-08,60
6605,15.9534043209,60,0.265890072015,1.77920331204e-08,60
6606,15.0451649514,60,0.25075274919,1.58238712801e-08,60
6607,15.691300338,60,0.2615216723,1.72122127065e-08,60
6608,15.5811387406,60,0.259685645677,1.69713825799e-08,60
6609,15.4344041824,60,0.257240069706,1.66532335297e-08,60
6610,14.5527208038,60,0.242545346731,1.48049596855e-08,60
6611,14.5171343202,60,0.24195223867,1.47326416237e-08,60
6612,13.3136114799,120,0.443787049329,4.9564483391e-08,30
6613,12.5487299852,120,0.418290999506,4.40330100842e-08,30
6614,12.1105350326,120,0.403684501087,4.10114841623e-08,30
6615,12.4891334128,120,0.416304447095,4.36157590964e-08,30
6616,11.6471758713,120,0.388239195711,3.79332534071e-08,30
6617,11.4283374774,120,0.380944582579,3.65211915699e-08,30
6618,12.0001134384,120,0.40000378128,4.02670235423e-08,30
6619,12.3831220613,120,0.412770735378,4.28784554755e-08,30
6620,13.0376868626,120,0.434589562087,4.75313246292e-08,30
6621,13.7697125948,120,0.458990419828,5.30186392181e-08,30
6622,14.1704996716,60,0.236174994526,1.40374804032e-08,60
6623,14.4104960539,60,0.240174934231,1.45169939538e-08,60
6624,14.1986453221,60,0.236644088702,1.40932986732e-08,60
6625,14.6045995017,60,0.243409991695,1.49107036305e-08,60
6626,15.7692462039,60,0.262820770064,1.73836392953e-08,60
6627,15.9365788913,60,0.265609648188,1.77545237921e-08,60
6628,16.0584223904,60,0.267640373173,1.80270468973e-08,60
6629,15.7203507366,60,0.26200584561,1.72760040422e-08,60
6630,16.9402467729,60,0.282337446214,2.00612642857e-08,60
6631,16.2671641288,60,0.271119402146,1.84987563113e-08,60
6632,16.2978683362,60,0.271631138937,1.85686548734e-08,60
6633,15.8000756739,60,0.263334594565,1.74516770772e-08,60
6634,15.2263668651,60,0.253772781085,1.6207327699e-08,60
6635,17.7131471255,60,0.295219118758,2.19336189411e-08,60
6636,17.1461910481,60,0.285769850801,2.05520028368e-08,60
6637,15.1107454072,60,0.251845756786,1.5962121461e-08,60
6638,15.4639525657,60,0.257732542762,1.67170581063e-08,60
6639,16.5342640009,60,0.275571066681,1.91112269405e-08,60
6640,14.2661128769,60,0.237768547949,1.422755084e-08,60
6641,15.3167933828,60,0.255279889714,1.64004038408e-08,60
6642,15.3140976172,60,0.255234960286,1.63946313853e-08,60
6643,14.9475823614,60,0.249126372691,1.56192704348e-08,60
6644,15.7202380997,60,0.262003968329,1.72757564767e-08,60
6645,16.196290974,60,0.2699381829,1.83379158392e-08,60
6646,14.7694575934,60,0.246157626557,1.52492304162e-08,60
6647,14.3328558986,60,0.238880931643,1.43609874722e-08,60
6648,14.3601218087,60,0.239335363478,1.44156782945e-08,60
6649,16.6012241758,60,0.276687069597,1.92663330081e-08,60
6650,12.361509628,120,0.412050320933,4.27289133715e-08,30
6651,15.1890001169,60,0.253150001949,1.61278770956e-08,60
6652,16.3403638655,60,0.272339397758,1.86656140022e-08,60
6653,17.2946493696,60,0.288244156161,2.09094378735e-08,60
6654,16.2581872119,60,0.270969786865,1.8478345135e-08,60
6655,16.5807778428,60,0.276346297381,1.92189047855e-08,60
6656,14.8205765948,60,0.247009609914,1.53549722073e-08,60
6657,15.412798877,60,0.256879981284,1.66066432803e-08,60
6658,15.9771865663,60,0.266286442772,1.78451189545e-08,60
6659,15.0103794503,60,0.250172990839,1.57507840173e-08,60
6660,15.0577384008,60,0.25096230668,1.58503307815e-08,60
6661,14.9784735563,60,0.249641225938,1.5683895802e-08,60
6662,13.5407541071,120,0.451358470235,5.12701430078e-08,30
6663,12.7137244199,120,0.423790813995,4.51985406408e-08,30
6664,13.4116622116,120,0.447055407054,5.02972266405e-08,30
6665,12.6141644371,120,0.420472147904,4.44934212954e-08,30
6666,13.1182161627,120,0.437273872089,4.8120307234e-08,30
6667,13.7795805803,120,0.459319352678,5.30946574544e-08,30
6668,12.7341225193,120,0.424470750644,4.5343691488e-08,30
6669,14.304095294,60,0.238401588234,1.43034111892e-08,60
6670,13.6875576131,120,0.456251920436,5.23878705877e-08,30
6671,13.5622746314,120,0.452075821046,5.14332413322e-08,30
6672,13.6858605646,120,0.456195352154,5.23748807985e-08,30
6673,18.1465993571,60,0.302443322618,2.30202129156e-08,60
6674,15.4191274775,60,0.256985457959,1.66202836825e-08,60
6675,15.8037747812,60,0.263396246353,1.74598495928e-08,60
6676,16.6394971804,60,0.277324953006,1.9355269876e-08,60
6677,13.8556019573,120,0.461853398577,5.36821155525e-08,30
6678,15.8340807152,60,0.263901345253,1.75268771737e-08,60
6679,15.781449092,60,0.263024151534,1.74105540484e-08,60
6680,13.2485674961,120,0.441618916537,4.90813693532e-08,30
6681,13.1253439307,120,0.437511464356,4.81726136702e-08,30
6682,13.4296959549,120,0.447656531832,5.04325800492e-08,30
6683,12.8760306655,120,0.429201022182,4.63599362692e-08,30
6684,11.5228779976,120,0.384095933252,3.71279313971e-08,30
6685,11.4904460846,120,0.383014869485,3.69192274103e-08,30
6686,11.4690515673,120,0.382301718909,3.6781872655e-08,30
6687,11.4690515673,120,0.382301718909,3.6781872655e-08,30
6688,11.4690515673,120,0.382301718909,3.6781872655e-08,30
6689,11.4690515673,120,0.382301718909,3.6781872655e-08,30
6690,11.4532496488,120,0.381774988292,3.66805872526e-08,30
6691,13.7566971441,120,0.458556571472,5.29184577004e-08,30
6692,17.4556060423,60,0.290926767372,2.13004460336e-08,60
6693,15.7959192123,60,0.263265320205,1.74424964016e-08,60
6694,16.699449652,60,0.278324160867,1.94949960615e-08,60
6695,17.1462675415,60,0.285771125692,2.05521862124e-08,60
6696,14.4908394871,60,0.241513991451,1.4679319597e-08,60
6697,14.1482403425,60,0.235804005709,1.39934142814e-08,60
6698,17.5228095317,60,0.292046825528,2.14647737388e-08,60
6699,16.596092505,60,0.276601541751,1.92544238625e-08,60
6700,16.3376928454,60,0.272294880756,1.8659512283e-08,60
6701,16.626636821,60,0.277110613683,1.93253627782e-08,60
6702,17.4142549441,60,0.290237582401,2.11996470626e-08,60
6703,16.3776151519,60,0.272960252532,1.87508153725e-08,60
6704,16.4640594328,60,0.274400990546,1.8949278757e-08,60
6705,16.4399159519,60,0.273998599198,1.88937437168e-08,60
6706,19.1188779432,60,0.31864796572,2.55531024128e-08,60
6707,17.8091751227,60,0.296819585379,2.21720803225e-08,60
6708,15.6559454649,60,0.260932424415,1.71347366503e-08,60
6709,16.5098900722,60,0.275164834537,1.90549229717e-08,60
6710,13.8161907157,120,0.460539690524,5.33771602159e-08,30
6711,14.7958893281,60,0.246598155469,1.53038599482e-08,60
6712,14.3506815039,60,0.239178025065,1.43967308697e-08,60
6713,15.4334787696,60,0.25722464616,1.66512366074e-08,60
6714,15.299678335,60,0.254994638916,1.6363772561e-08,60
6715,16.8082255294,60,0.280137092157,1.97497938923e-08,60
6716,16.0597247607,60,0.267662079344,1.80299710752e-08,60
6717,14.9905542527,60,0.249842570878,1.57092052959e-08,60
6718,17.6182267108,60,0.293637111847,2.16991750148e-08,60
6719,15.0974401707,60,0.251624002844,1.59340240649e-08,60
6720,16.9111011056,60,0.281851685094,1.99922929237e-08,60
6721,17.75979152,60,0.295996525333,2.20492875364e-08,60
6722,16.154589396,60,0.269243156599,1.82436059081e-08,60
6723,16.2131847351,60,0.270219745584,1.83761910144e-08,60
6724,18.2273372482,60,0.303788954136,2.32255117772e-08,60
6725,16.3013547306,60,0.27168924551,1.85766000324e-08,60
6726,16.2800892696,60,0.27133482116,1.85281645127e-08,60
6727,17.5696491138,60,0.29282748523,2.15796805158e-08,60
6728,16.9307429465,60,0.282179049109,2.00387610374e-08,60
6729,15.6313894513,60,0.260523157521,1.70810278723e-08,60
6730,16.6357368072,60,0.27726228012,1.9346522639e-08,60
6731,17.5392297171,60,0.292320495285,2.15050207898e-08,60
6732,17.9332924515,60,0.298888207525,2.24822046148e-08,60
6733,16.5317928668,60,0.275529881113,1.91055148174e-08,60
6734,16.1227425603,60,0.268712376005,1.81717466465e-08,60
6735,15.6012079205,60,0.260020132008,1.70151304843e-08,60
6736,15.3571753628,60,0.255952922713,1.64869955703e-08,60
6737,15.2968105406,60,0.254946842343,1.63576386363e-08,60
6738,16.3780064673,60,0.272966774456,1.87517114211e-08,60
6739,15.7580706684,60,0.26263451114,1.73590087409e-08,60
6740,16.1367382541,60,0.268945637568,1.82033090917e-08,60
6741,15.6561518684,60,0.260935864473,1.71351884521e-08,60
6742,18.8480438897,60,0.314134064828,2.48342702638e-08,60
6743,18.7520323269,60,0.312533872114,2.4581904116e-08,60
6744,16.6611038626,60,0.277685064377,1.94055688344e-08,60
6745,18.1396509311,60,0.302327515518,2.30025871756e-08,60
6746,17.0179237316,60,0.283632062194,2.02456619147e-08,60
6747,18.4295899724,60,0.307159832874,2.37437975312e-08,60
6748,18.624869629,60,0.310414493816,2.42496412024e-08,60
6749,17.5727284388,60,0.292878807314,2.15872454561e-08,60
6750,18.1243024625,60,0.302071707708,2.29636773725e-08,60
6751,18.6732692488,60,0.311221154147,2.43758378874e-08,60
6752,17.7987232576,60,0.296645387627,2.21460632173e-08,60
6753,18.1427825982,60,0.302379709969,2.30105302902e-08,60
6754,18.8138065694,60,0.313563442823,2.47441297032e-08,60
6755,18.7950230041,60,0.313250383401,2.46947456557e-08,60
6756,20.0633178028,60,0.334388630047,2.81400159424e-08,60
6757,19.8725380043,60,0.331208966738,2.76073999338e-08,60
6758,21.6354499639,60,0.360590832731,3.27228180888e-08,60
6759,18.3874297196,60,0.306457161993,2.36352873045e-08,60
6760,18.5766247445,60,0.309610412409,2.41241739203e-08,60
6761,17.159073023,60,0.285984550383,2.05828959766e-08,60
6762,17.2619014814,60,0.287698358023,2.08303276662e-08,60
6763,16.3999409347,60,0.273332348911,1.88019720225e-08,60
6764,15.8671613184,60,0.264452688639,1.76001880705e-08,60
6765,14.0566619763,120,0.468555399209,5.52513925461e-08,30
6766,13.1993576759,120,0.439978589196,4.87174357044e-08,30
6767,13.2018367848,120,0.44006122616,4.87357376815e-08,30
6768,13.334782702,120,0.444492756734,4.97222429917e-08,30
6769,13.169700218,120,0.438990007267,4.84987565623e-08,30
6770,12.5091888351,120,0.416972961171,4.3755950537e-08,30
6771,12.504086439,120,0.416802881301,4.37202624264e-08,30
6772,12.6936608157,120,0.42312202719,4.50559970322e-08,30
6773,12.4985916997,120,0.416619723325,4.36818463994e-08,30
6774,12.4939148173,120,0.416463827243,4.36491616549e-08,30
6775,12.4920321367,120,0.416401071225,4.36360078537e-08,30
6776,12.483502959,120,0.4161167653,4.35764415307e-08,30
6777,12.483502959,120,0.4161167653,4.35764415307e-08,30
6778,12.4610761741,120,0.415369205803,4.34200108178e-08,30
6779,12.4610761741,120,0.415369205803,4.34200108178e-08,30
6780,12.4610761741,120,0.415369205803,4.34200108178e-08,30
6781,12.4610761741,120,0.415369205803,4.34200108178e-08,30
6782,12.4610761741,120,0.415369205803,4.34200108178e-08,30
6783,12.4610761741,120,0.415369205803,4.34200108178e-08,30
6784,12.4610761741,120,0.415369205803,4.34200108178e-08,30
6785,12.4610761741,120,0.415369205803,4.34200108178e-08,30
6786,12.4610761741,120,0.415369205803,4.34200108178e-08,30
6787,12.4610761741,120,0.415369205803,4.34200108178e-08,30
6788,12.4610761741,120,0.415369205803,4.34200108178e-08,30
6789,12.4610761741,120,0.415369205803,4.34200108178e-08,30
6790,12.4610761741,120,0.415369205803,4.34200108178e-08,30
6791,12.4336394425,120,0.414454648083,4.32290174134e-08,30
6792,12.416638928,120,0.413887964267,4.31108841646e-08,30
6793,12.3826803038,120,0.412756010127,4.2875396224e-08,30
6794,12.3686973388,120,0.412289911294,4.27786180392e-08,30
6795,12.3439921951,120,0.411466406504,4.26078973233e-08,30
6796,12.3342574606,120,0.411141915353,4.25407208359e-08,30
6797,12.3151063249,120,0.410503544162,4.24087192726e-08,30
6798,12.2908427175,120,0.409694757251,4.22417739274e-08,30
6799,12.2801001139,120,0.409336670463,4.21679647781e-08,30
6800,12.2624639235,120,0.40874879745,4.20469318507e-08,30
6801,12.2361551592,120,0.407871838639,4.18667044244e-08,30
6802,12.2181760657,120,0.407272535524,4.17437618209e-08,30
6803,12.197591538,120,0.406586384599,4.16032250028e-08,30
6804,12.1537933211,120,0.405126444036,4.13049897898e-08,30
6805,12.1052399203,120,0.403507997343,4.09756289439e-08,30
6806,12.0651292007,120,0.402170973356,4.07045332856e-08,30
6807,12.0349620399,120,0.401165401329,4.05012358265e-08,30
6808,12.0086074758,120,0.400286915859,4.03240481118e-08,30
6809,11.9840347632,120,0.39946782544,4.01591901203e-08,30
6810,11.9443031663,120,0.398143438877,3.98933458041e-08,30
6811,11.8588275201,120,0.395294250668,3.93244204353e-08,30
6812,11.7345136016,120,0.391150453385,3.85042803698e-08,30
6813,11.7281270312,120,0.390937567706,3.84623794634e-08,30
6814,11.6898662438,120,0.389662208127,3.82118363871e-08,30
6815,11.6271599366,120,0.387571997887,3.78029871311e-08,30
6816,11.6027787847,120,0.386759292823,3.76446141433e-08,30
6817,11.569997993,120,0.385666599767,3.74322034669e-08,30
6818,11.5458295699,120,0.384860985662,3.72759834834e-08,30
6819,11.5419446937,120,0.384731489789,3.72509028746e-08,30
6820,11.5228779976,120,0.384095933252,3.71279313971e-08,30
6821,11.4904460846,120,0.383014869485,3.69192274103e-08,30
6822,11.4690515673,120,0.382301718909,3.6781872655e-08,30
6823,11.456693186,120,0.381889772865,3.67026473592e-08,30
6824,11.4492310577,120,0.381641035256,3.6654851601e-08,30
6825,11.4380141885,120,0.381267139615,3.65830648983e-08,30
6826,11.4169859957,120,0.380566199858,3.64486764303e-08,30
6827,11.3826421797,120,0.37942140599,3.62297212931e-08,30
6828,11.3601925384,120,0.378673084612,3.60869526513e-08,30
6829,11.3173948801,120,0.377246496004,3.5815561501e-08,30
6830,11.2995455435,120,0.376651518117,3.57026768852e-08,30
6831,11.2790013347,120,0.375966711155,3.55729696402e-08,30
6832,11.270010041,120,0.375667001366,3.55162767609e-08,30
6833,11.2656787624,120,0.375522625412,3.5488982849e-08,30
6834,11.2532820902,120,0.375109403008,3.54109221769e-08,30
6835,11.2404882552,120,0.37468294184,3.53304507265e-08,30
6836,11.2186421714,120,0.373954739046,3.51932534916e-08,30
6837,11.2017731733,120,0.373392439111,3.50874958477e-08,30
6838,11.1868694169,120,0.37289564723,3.49941914027e-08,30
6839,11.1740055472,120,0.372466851574,3.49137574798e-08,30
6840,11.1584311725,120,0.371947705749,3.48164994297e-08,30
6841,11.1091354729,120,0.370304515765,3.45095543896e-08,30
6842,11.0622427534,120,0.368741425115,3.42188330331e-08,30
6843,11.0312067594,120,0.36770689198,3.4027095112e-08,30
6844,10.9794002459,120,0.365980008198,3.37082386589e-08,30
6845,11.6399648039,120,0.387998826796,3.78862970334e-08,30
6846,11.7178898401,120,0.390596328005,3.83952630552e-08,30
6847,11.5751455173,120,0.385838183912,3.74655182594e-08,30
6848,11.9638051299,120,0.398793504331,4.00237232239e-08,30
6849,12.3306456763,120,0.411021522544,4.25158104735e-08,30
6850,12.4852817132,120,0.416176057105,4.35888606888e-08,30
6851,12.7154827102,120,0.423849423673,4.52110432954e-08,30
6852,12.9116044873,120,0.430386816244,4.66164560551e-08,30
6853,13.7693736893,120,0.458979122977,5.30160294194e-08,30
6854,13.3461499831,120,0.444871666105,4.98070509159e-08,30
6855,12.8232168166,120,0.427440560553,4.59804054476e-08,30
6856,13.0018304683,120,0.433394348943,4.72702417635e-08,30
6857,12.9754836907,120,0.432516123024,4.7078859989e-08,30
6858,13.704122257,120,0.456804075233,5.25147466223e-08,30
6859,13.9805661489,120,0.466018871631,5.46548042294e-08,30
6860,14.3250224253,60,0.238750373756,1.43452940654e-08,60
6861,14.2278552454,60,0.237130920757,1.41513447204e-08,60
6862,13.6859228978,120,0.456197429928,5.23753578898e-08,30
6863,13.9329073774,120,0.464430245913,5.42828105573e-08,30
6864,12.155689844,120,0.405189661467,4.13178815627e-08,30
6865,12.6356363262,120,0.421187877539,4.46450240303e-08,30
6866,13.1369528473,120,0.437898428243,4.82578654043e-08,30
6867,11.9365304104,120,0.397884347013,3.98414415042e-08,30
6868,12.0646812834,120,0.402156042779,4.07015110342e-08,30
6869,12.2456206934,120,0.408187356447,4.19315032109e-08,30
6870,12.2203715345,120,0.407345717816,4.17587649373e-08,30
6871,12.2292539123,120,0.407641797076,4.18194917206e-08,30
6872,12.2185322125,120,0.407284407082,4.17461954282e-08,30
6873,12.0913865586,120,0.403046218621,4.08818967421e-08,30
6874,12.080887094,120,0.402696236466,4.08109285923e-08,30
6875,12.0378941173,120,0.401263137242,4.05209728598e-08,30
6876,12.4322183153,120,0.414407277178,4.3219136088e-08,30
6877,13.018766723,120,0.433958890765,4.73934709158e-08,30
6878,12.7516352283,120,0.425054507608,4.54684958331e-08,30
6879,12.817041288,120,0.427234709601,4.59361287366e-08,30
6880,12.4220469296,120,0.414068230988,4.31484457794e-08,30
6881,12.4907786788,120,0.416359289294,4.36272513672e-08,30
6882,12.5981770854,120,0.419939236178,4.43807097154e-08,30
6883,11.9288961184,120,0.397629870612,3.97904947178e-08,30
6884,12.0271456916,120,0.400904856386,4.0448644225e-08,30
6885,12.2923682825,120,0.409745609416,4.22522608517e-08,30
6886,12.685270763,120,0.422842358766,4.49964559328e-08,30
6887,11.8563195907,120,0.395210653023,3.93077893745e-08,30
6888,12.231253594,120,0.407708453132,4.18331691713e-08,30
6889,13.2374119186,120,0.441247063953,4.89987490238e-08,30
6890,12.9311208027,120,0.431037360091,4.67574871781e-08,30
6891,13.0826803532,120,0.436089345107,4.78599550711e-08,30
6892,13.3738743844,120,0.445795812812,5.00141975356e-08,30
6893,13.213901501,120,0.440463383368,4.88248542983e-08,30
6894,13.1505172215,120,0.43835057405,4.83575728014e-08,30
6895,12.8473492707,120,0.428244975691,4.6153632518e-08,30
6896,13.5452075704,120,0.451506919014,5.13038733671e-08,30
6897,13.3424462291,120,0.444748207638,4.97794103653e-08,30
6898,13.2067646477,120,0.440225488258,4.87721277479e-08,30
6899,12.5990622483,120,0.419968741609,4.43869464175e-08,30
6900,12.6063254661,120,0.420210848869,4.44381383205e-08,30
6901,13.6040829504,120,0.453469431679,5.17508358113e-08,30
6902,12.5267311538,120,0.417557705127,4.38787593057e-08,30
6903,12.9342653522,120,0.431142178408,4.67802306221e-08,30
6904,13.2192145793,120,0.440640485977,4.88641254288e-08,30
6905,12.7078001678,120,0.423593338925,4.51564278572e-08,30
6906,12.9954078661,120,0.433180262203,4.72235524954e-08,30
6907,12.3249674956,120,0.410832249853,4.24766629905e-08,30
6908,13.4593745227,120,0.448645817424,5.06557303898e-08,30
6909,12.9853615451,120,0.432845384837,4.71505667776e-08,30
6910,12.9937235251,120,0.433124117502,4.72113119544e-08,30
6911,13.0709687255,120,0.435698957516,4.7774304872e-08,30
6912,13.1835820569,120,0.439452735232,4.86010530071e-08,30
6913,12.7059307108,120,0.423531023692,4.51431428214e-08,30
6914,12.9052677217,120,0.430175590722,4.65707103739e-08,30
6915,13.1811146824,120,0.439370489412,4.85828628398e-08,30
6916,13.3097000463,120,0.443656668211,4.95353643641e-08,30
6917,12.8761902495,120,0.42920634165,4.63610854357e-08,30
6918,13.2980470473,120,0.443268234909,4.94486632576e-08,30
6919,13.9511216297,120,0.465037387656,5.44248293116e-08,30
6920,12.995583906,120,0.433186130198,4.72248319142e-08,30
6921,12.6900672599,120,0.423002241997,4.50304900768e-08,30
6922,12.6457139679,120,0.421523798931,4.47162663425e-08,30
6923,12.470198786,120,0.415673292866,4.34836086794e-08,30
6924,11.8467819697,120,0.394892732323,3.92445738037e-08,30
6925,12.3268174116,120,0.410893913719,4.24894150168e-08,30
6926,11.7241681094,120,0.390805603647,3.84364172869e-08,30
6927,11.4204712634,120,0.380682375445,3.64709332293e-08,30
6928,10.9794002459,120,0.365980008198,3.37082386589e-08,30
6929,10.961568497,120,0.365385616565,3.35988358263e-08,30
6930,12.2546585374,120,0.408488617913,4.19934208944e-08,30
6931,12.1877084562,120,0.406256948539,4.15358344036e-08,30
6932,13.5591112822,120,0.451970376072,5.14092509127e-08,30
6933,12.6678327542,120,0.422261091808,4.48728307786e-08,30
6934,11.66152276,120,0.388717425333,3.80267626585e-08,30
6935,11.9030189758,120,0.396767299193,3.96180483356e-08,30
6936,11.7422786581,120,0.391409288603,3.85552559531e-08,30
6937,12.8864270281,120,0.429547567603,4.64348303571e-08,30
6938,12.8807532202,120,0.429358440672,4.63939494663e-08,30
6939,12.3219497046,120,0.410731656819,4.24558645587e-08,30
6940,12.3656163624,120,0.412187212079,4.27573088428e-08,30
6941,12.8429471698,120,0.428098238994,4.61220091635e-08,30
6942,12.2673476076,120,0.408911586919,4.20804299834e-08,30
6943,11.9526979764,120,0.398423265879,3.99494419603e-08,30
6944,12.7027783208,120,0.423425944026,4.51207452275e-08,30
6945,13.4987115331,120,0.449957051103,5.0952260795e-08,30
6946,14.2085971701,60,0.236809952834,1.41130616174e-08,60
6947,14.0732652102,120,0.469108840339,5.53819916267e-08,30
6948,12.5520054014,120,0.418400180045,4.40559997026e-08,30
6949,14.3124831901,60,0.238541386501,1.43201910974e-08,60
6950,13.156362808,120,0.438545426932,4.8400573574e-08,30
6951,13.9548115773,120,0.46516038591,5.44536228857e-08,30
6952,13.5537319889,120,0.451791066296,5.13684679181e-08,30
6953,14.0341134019,120,0.467803780062,5.50742749774e-08,30
6954,13.260452918,120,0.442015097266,4.91694716248e-08,30
6955,13.3757962466,120,0.445859874888,5.0028572922e-08,30
6956,13.2071033182,120,0.440236777274,4.87746291768e-08,30
6957,15.0590586139,60,0.250984310232,1.58531103134e-08,60
6958,14.2810398123,60,0.238017330205,1.42573395903e-08,60
6959,14.572126705,60,0.242868778417,1.48444705297e-08,60
6960,14.0597269244,120,0.468657564146,5.52754894639e-08,30
6961,14.3962261858,60,0.239937103096,1.44882575354e-08,60
6962,15.0099595338,60,0.25016599223,1.57499027709e-08,60
6963,15.0106071436,60,0.250176785727,1.57512618701e-08,60
6964,14.6554508423,60,0.244257514039,1.50147187113e-08,60
6965,14.7586240672,60,0.245977067787,1.52268677332e-08,60
6966,15.3700798074,60,0.25616799679,1.65147148487e-08,60
6967,15.9838182038,60,0.266396970064,1.78599359462e-08,60
6968,14.6018586361,60,0.243364310602,1.49051075306e-08,60
6969,15.2407714647,60,0.254012857745,1.62380074401e-08,60
6970,15.2590579662,60,0.254317632771,1.62769968688e-08,60
6971,14.2998532444,60,0.238330887406,1.42949287536e-08,60
6972,14.6157199389,60,0.243595332314,1.4933419306e-08,60
6973,14.2161362643,60,0.236935604405,1.41280423968e-08,60
6974,13.1819539081,120,0.439398463603,4.85890494617e-08,30
6975,13.9559448816,120,0.465198162721,5.44624678683e-08,30
6976,15.040069642,60,0.250667827367,1.58131550311e-08,60
6977,14.7270915386,60,0.245451525644,1.51618713329e-08,60
6978,14.7515646261,60,0.245859410434,1.5212304388e-08,60
6979,13.6913397642,120,0.45637799214,5.24168262601e-08,30
6980,13.5003101779,120,0.450010339263,5.09643300048e-08,30
6981,14.9034385696,60,0.248390642826,1.55271517648e-08,60
6982,13.9145671037,120,0.463818903456,5.41399966658e-08,30
6983,14.9473733865,60,0.249122889775,1.56188337069e-08,60
6984,14.2723224126,60,0.237872040211,1.42399390375e-08,60
6985,13.7730903189,120,0.459103010629,5.30446534571e-08,30
6986,15.9329101442,60,0.265548502403,1.77463502235e-08,60
6987,15.9479054275,60,0.265798423791,1.77797699531e-08,60
6988,14.8831354433,60,0.248052257388,1.54848749456e-08,60
6989,16.0132399402,60,0.266887332337,1.79257467484e-08,60
6990,14.4248299686,60,0.240413832809,1.45458880101e-08,60
6991,15.2829265898,60,0.254715443163,1.63279585167e-08,60
6992,15.2295237995,60,0.253825396658,1.62140490365e-08,60
6993,14.2452100353,60,0.237420167255,1.41858887039e-08,60
6994,15.4982620783,60,0.258304367971,1.67913198939e-08,60
6995,14.3271787704,60,0.238786312839,1.43496131835e-08,60
6996,14.6537858914,60,0.244229764856,1.5011307373e-08,60
6997,15.117263743,60,0.251954395716,1.59758956206e-08,60
6998,14.1179590986,60,0.235299318311,1.39335786381e-08,60
6999,12.2891340455,120,0.409637801517,4.22300298472e-08,30
7000,11.7991337118,120,0.393304457061,3.89295219869e-08,30
7001,11.3173948801,120,0.377246496004,3.5815561501e-08,30
7002,11.2995455435,120,0.376651518117,3.57026768852e-08,30
7003,11.3429612024,120,0.378098706748,3.59775610538e-08,30
7004,15.6248626487,60,0.260414377479,1.70667666677e-08,60
7005,13.860444045,120,0.4620148015,5.37196424575e-08,30
7006,13.4570560564,120,0.448568535214,5.06382803236e-08,30
7007,14.5940871483,60,0.243234785804,1.48892459831e-08,60
7008,13.5444918794,120,0.451483062647,5.12984520031e-08,30
7009,14.5682390802,60,0.24280398467,1.48365510222e-08,60
7010,13.0015885098,120,0.433386283659,4.72684824217e-08,30
7011,14.0377016708,120,0.467923389027,5.51024415697e-08,30
7012,13.8054611014,120,0.460182036715,5.32942873073e-08,30
7013,12.7456762854,120,0.424855876181,4.54260101667e-08,30
7014,12.657135759,120,0.421904525299,4.4797079574e-08,30
7015,12.5313766761,120,0.417712555871,4.39113101046e-08,30
7016,12.2053228995,120,0.40684409665,4.16559815671e-08,30
7017,13.2340517309,120,0.441135057698,4.89738764738e-08,30
7018,13.0946329006,120,0.436487763352,4.79474462701e-08,30
7019,14.2293223863,60,0.237155373105,1.41542633734e-08,60
7020,12.8693893754,120,0.428979645847,4.63121248916e-08,30
7021,13.0194076855,120,0.433980256184,4.73981377461e-08,30
7022,13.6185982458,120,0.45395327486,5.18613290244e-08,30
7023,13.6008678826,120,0.453362262753,5.17263780387e-08,30
7024,12.8558886892,120,0.428529622974,4.62150080062e-08,30
7025,12.3242970153,120,0.41080990051,4.2472041641e-08,30
7026,11.7331793068,120,0.391105976892,3.84955244652e-08,30
7027,11.8771732337,120,0.395905774458,3.94461850177e-08,30
7028,11.4175834661,120,0.380586115536,3.64524913728e-08,30
7029,11.3124194424,120,0.377080648079,3.57840774133e-08,30
7030,11.2790013347,120,0.375966711155,3.55729696402e-08,30
7031,11.2657549513,120,0.375525165044,3.54894628695e-08,30
7032,11.2532820902,120,0.375109403008,3.54109221769e-08,30
7033,11.2350568586,120,0.374501895286,3.52963156738e-08,30
7034,11.2017731733,120,0.373392439111,3.50874958477e-08,30
7035,11.325589488,120,0.377519649601,3.58674463635e-08,30
7036,11.1868694169,120,0.37289564723,3.49941914027e-08,30
7037,11.5288954185,120,0.38429651395,3.71667190554e-08,30
7038,11.7946701703,120,0.393155672343,3.89000739483e-08,30
7039,12.1454919674,120,0.404849732247,4.12485843172e-08,30
7040,11.8990716876,120,0.39663572292,3.95917763582e-08,30
7041,11.9214782375,120,0.397382607916,3.97410233542e-08,30
7042,11.8123527325,120,0.393745091082,3.90167993135e-08,30
7043,11.2017731733,120,0.373392439111,3.50874958477e-08,30
7044,11.765982026,120,0.392199400865,3.87110709948e-08,30
7045,11.7383539395,120,0.391278464651,3.85294869784e-08,30
7046,11.2017731733,120,0.373392439111,3.50874958477e-08,30
7047,11.5478447188,120,0.384928157293,3.72889965308e-08,30
7048,11.5300239922,120,0.384334133075,3.71739959774e-08,30
7049,11.5467269338,120,0.384890897792,3.72817780297e-08,30
7050,12.5013676903,120,0.416712256343,4.37012524033e-08,30
7051,12.2372805594,120,0.40790935198,4.18744060209e-08,30
7052,12.8575929444,120,0.428586431481,4.62272619065e-08,30
7053,12.8489242259,120,0.428297474197,4.61649491494e-08,30
7054,12.126876233,120,0.404229207767,4.11222355086e-08,30
7055,11.9901642007,120,0.399672140024,4.02002808216e-08,30
7056,11.7199496322,120,0.390664987741,3.84087626206e-08,30
7057,12.5444789367,120,0.418149297891,4.40031816071e-08,30
7058,12.0178186719,120,0.40059395573,4.03859329175e-08,30
7059,12.5484058792,120,0.418280195975,4.40307355631e-08,30
7060,11.947900512,120,0.398263350401,3.99173793146e-08,30
7061,12.4903422788,120,0.416344742627,4.36242029423e-08,30
7062,12.6104089528,120,0.420346965093,4.44669321096e-08,30
7063,13.2926278526,120,0.443087595085,4.94083690201e-08,30
7064,12.8728631732,120,0.429095439105,4.63371300669e-08,30
7065,12.7357191986,120,0.424523973287,4.5355063119e-08,30
7066,11.7513656905,120,0.391712189682,3.8614952786e-08,30
7067,12.2781551354,120,0.409271837847,4.21546083252e-08,30
7068,12.2109206001,120,0.407030686668,4.16941995126e-08,30
7069,12.431128397,120,0.414370946565,4.32115584755e-08,30
7070,11.5837102298,120,0.386123674328,3.75209819434e-08,30
7071,11.5662505476,120,0.385541684922,3.74079593106e-08,30
7072,11.6328836636,120,0.387762788787,3.78402150074e-08,30
7073,11.332634099,120,0.377754469968,3.59120799414e-08,30
7074,11.3646782984,120,0.378822609948,3.61154573392e-08,30
7075,12.2791317113,120,0.409304390376,4.21613143507e-08,30
7076,11.3173948801,120,0.377246496004,3.5815561501e-08,30
7077,11.7022182282,120,0.390073940942,3.8292631387e-08,30
7078,11.8208801784,120,0.39402933928,3.90731528187e-08,30
7079,11.8882926845,120,0.396276422815,3.95200789015e-08,30
7080,11.7152316899,120,0.390507722996,3.83778454478e-08,30
7081,11.3558068311,120,0.378526894371,3.60590946271e-08,30
7082,11.7522815114,120,0.391742717046,3.86209717901e-08,30
7083,11.2995455435,120,0.376651518117,3.57026768852e-08,30
7084,11.6562073669,120,0.388540245562,3.79921048986e-08,30
7085,11.7035016779,120,0.390116722597,3.83010313944e-08,30
7086,11.8210548376,120,0.394035161254,3.90743074767e-08,30
7087,11.95007621,120,0.398335873666,3.99319184493e-08,30
7088,11.8648435416,120,0.39549478472,3.9364329367e-08,30
7089,11.9853801138,120,0.399512670459,4.01682073208e-08,30
7090,11.595173272,120,0.386505775734,3.75952789349e-08,30
7091,11.3887166499,120,0.379623888331,3.6268400377e-08,30
7092,11.4037962952,120,0.380126543174,3.63645089574e-08,30
7093,11.5290056552,120,0.384300188507,3.71674298184e-08,30
7094,11.332634099,120,0.377754469968,3.59120799414e-08,30
7095,11.332634099,120,0.377754469968,3.59120799414e-08,30
7096,11.332634099,120,0.377754469968,3.59120799414e-08,30
7097,11.332634099,120,0.377754469968,3.59120799414e-08,30
7098,12.0447682931,120,0.401492276437,4.05672646486e-08,30
7099,11.3996148769,120,0.379987162564,3.63378463718e-08,30
7100,11.3996148769,120,0.379987162564,3.63378463718e-08,30
7101,11.3996148769,120,0.379987162564,3.63378463718e-08,30
7102,11.332634099,120,0.377754469968,3.59120799414e-08,30
7103,11.3173948801,120,0.377246496004,3.5815561501e-08,30
7104,11.3053385,120,0.376844616668,3.57392937687e-08,30
7105,11.2963576509,120,0.37654525503,3.5682534439e-08,30
7106,11.2597792004,120,0.375325973347,3.54518231472e-08,30
7107,11.3758001367,120,0.379193337889,3.61861794146e-08,30
7108,11.2033212911,120,0.373444043035,3.50971949063e-08,30
7109,11.2311134959,120,0.374370449864,3.52715429025e-08,30
7110,11.3676116805,120,0.378920389349,3.61341035522e-08,30
7111,11.3905492367,120,0.379684974555,3.62800733932e-08,30
7112,11.1955953898,120,0.373186512994,3.50488049765e-08,30
7113,11.1663581068,120,0.372211936893,3.48659841881e-08,30
7114,11.1663581068,120,0.372211936893,3.48659841881e-08,30
7115,11.1663581068,120,0.372211936893,3.48659841881e-08,30
7116,11.1663581068,120,0.372211936893,3.48659841881e-08,30
7117,11.1663581068,120,0.372211936893,3.48659841881e-08,30
7118,11.1663581068,120,0.372211936893,3.48659841881e-08,30
7119,11.1663581068,120,0.372211936893,3.48659841881e-08,30
7120,11.1663581068,120,0.372211936893,3.48659841881e-08,30
7121,11.1663581068,120,0.372211936893,3.48659841881e-08,30
7122,11.7316285514,120,0.391054285045,3.84853493548e-08,30
7123,11.9246196674,120,0.397487322246,3.97619704355e-08,30
7124,12.335526044,120,0.411184201467,4.25494719469e-08,30
7125,12.1129308912,120,0.40376436304,4.10277125843e-08,30
7126,11.350198675,120,0.378339955833,3.60234872766e-08,30
7127,11.6572658877,120,0.38857552959,3.79990054727e-08,30
7128,11.4447196264,120,0.381490654212,3.66259704885e-08,30
7129,12.9595628895,120,0.431985429651,4.69634001953e-08,30
7130,12.3714316591,120,0.412381055304,4.27975340769e-08,30
7131,12.7665439961,120,0.425551466537,4.55748783501e-08,30
7132,12.6122288019,120,0.420407626731,4.4479767371e-08,30
7133,13.3492184847,120,0.444973949488,4.98299564851e-08,30
7134,13.4389995647,120,0.447966652155,5.05024800034e-08,30
7135,12.3902807916,120,0.413009359718,4.29280462038e-08,30
7136,12.0103271215,120,0.400344237384,4.03355978346e-08,30
7137,12.0548824658,120,0.401829415528,4.06354231353e-08,30
7138,11.5869986574,120,0.38623328858,3.75422881642e-08,30
7139,11.2033212911,120,0.373444043035,3.50971949063e-08,30
7140,11.3002253871,120,0.376674179571,3.57069731583e-08,30
7141,11.1955953898,120,0.373186512994,3.50488049765e-08,30
7142,11.1818422812,120,0.37272807604,3.49627472133e-08,30
7143,11.1818422812,120,0.37272807604,3.49627472133e-08,30
7144,11.1818422812,120,0.37272807604,3.49627472133e-08,30
7145,11.1818422812,120,0.37272807604,3.49627472133e-08,30
7146,11.1818422812,120,0.37272807604,3.49627472133e-08,30
7147,11.1426961609,120,0.371423205364,3.47183760026e-08,30
7148,11.0947166907,120,0.369823889689,3.44200311609e-08,30
7149,11.0580443249,120,0.368601477497,3.4192863966e-08,30
7150,11.0360286325,120,0.367867621082,3.40568489179e-08,30
7151,11.0230792773,120,0.367435975911,3.39769731748e-08,30
7152,11.3420745134,120,0.378069150448,3.59719364801e-08,30
7153,11.6175261437,120,0.387250871456,3.77403690409e-08,30
7154,12.756501582,120,0.425216719402,4.55032063629e-08,30
7155,13.2974389884,120,0.443247966279,4.94441412384e-08,30
7156,13.5152269094,120,0.450507563648,5.10770150039e-08,30
7157,13.7861285357,120,0.459537617856,5.31451298249e-08,30
7158,12.4661890268,120,0.415539634225,4.3455649098e-08,30
7159,12.6005430555,120,0.420018101851,4.43973809043e-08,30
7160,12.4094682799,120,0.413648942664,4.30611051996e-08,30
7161,11.7458379018,120,0.391527930059,3.85786327359e-08,30
7162,11.9721949907,120,0.399073166358,4.00798778008e-08,30
7163,11.3106272369,120,0.377020907897,3.57727399026e-08,30
7164,11.047125707,120,0.368237523568,3.41253738223e-08,30
7165,11.3619151978,120,0.378730506592,3.60978979308e-08,30
7166,10.9977281191,120,0.366590937304,3.38208706708e-08,30
7167,10.9977281191,120,0.366590937304,3.38208706708e-08,30
7168,10.9977281191,120,0.366590937304,3.38208706708e-08,30
7169,10.9977281191,120,0.366590937304,3.38208706708e-08,30
7170,11.3082354551,120,0.376941181836,3.57576122635e-08,30
7171,11.0230792773,120,0.367435975911,3.39769731748e-08,30
7172,11.1816242703,120,0.372720809009,3.49613838981e-08,30
7173,11.3809145439,120,0.379363818129,3.62187243709e-08,30
7174,11.2485277805,120,0.374950926017,3.53810075393e-08,30
7175,11.0855107552,120,0.369517025173,3.43629342322e-08,30
7176,11.3920006824,120,0.379733356079,3.62893199907e-08,30
7177,11.2887531962,120,0.376291773206,3.56345092446e-08,30
7178,12.5917299183,120,0.419724330611,4.43352973303e-08,30
7179,12.8539986296,120,0.428466620986,4.62014200386e-08,30
7180,11.3247505976,120,0.377491686588,3.58621331317e-08,30
7181,11.7039891391,120,0.390132971302,3.83042220042e-08,30
7182,12.3767793688,120,0.412559312294,4.28345416375e-08,30
7183,12.0182964499,120,0.400609881665,4.03891441317e-08,30
7184,11.868424501,120,0.395614150034,3.93880942549e-08,30
7185,11.322434141,120,0.377414471366,3.58474635669e-08,30
7186,11.2644923721,120,0.375483079071,3.54815085429e-08,30
7187,11.1818422812,120,0.37272807604,3.49627472133e-08,30
7188,11.2159981807,120,0.373866606024,3.51766668732e-08,30
7189,11.1955953898,120,0.373186512994,3.50488049765e-08,30
7190,11.1955953898,120,0.373186512994,3.50488049765e-08,30
7191,11.2065889033,120,0.373552963443,3.51176711108e-08,30
7192,11.205381824,120,0.373512727466,3.51101063589e-08,30
7193,11.205381824,120,0.373512727466,3.51101063589e-08,30
7194,11.205381824,120,0.373512727466,3.51101063589e-08,30
7195,11.205381824,120,0.373512727466,3.51101063589e-08,30
7196,11.3246004692,120,0.377486682306,3.58611823133e-08,30
7197,11.2413652466,120,0.374712174885,3.53359639584e-08,30
7198,11.2413652466,120,0.374712174885,3.53359639584e-08,30
7199,11.3516735885,120,0.378389119617,3.60328501048e-08,30
7200,11.5070240559,120,0.38356746853,3.70258355276e-08,30
7201,12.1910587683,120,0.40636862561,4.15586733379e-08,30
7202,12.240519039,120,0.408017301299,4.18965722777e-08,30
7203,12.830957653,120,0.427698588432,4.60359350746e-08,30
7204,12.4618601692,120,0.415395338973,4.34254745749e-08,30
7205,12.9236085684,120,0.430786952281,4.67031761597e-08,30
7206,11.8406846567,120,0.394689488555,3.92041873302e-08,30
7207,12.271916998,120,0.409063899933,4.21117843936e-08,30
7208,11.7485178335,120,0.391617261116,3.85962389547e-08,30
7209,12.3881279406,120,0.412937598019,4.29131297287e-08,30
7210,11.3749502568,120,0.379165008562,3.61807727171e-08,30
7211,11.3053385,120,0.376844616668,3.57392937687e-08,30
7212,11.3053385,120,0.376844616668,3.57392937687e-08,30
7213,11.3053385,120,0.376844616668,3.57392937687e-08,30
7214,11.3053385,120,0.376844616668,3.57392937687e-08,30
7215,11.3053385,120,0.376844616668,3.57392937687e-08,30
7216,21.3186588114,60,0.355310980189,3.17715638811e-08,60
7217,155.97972384,10,0.433277010666,4.72446490999e-08,360
7218,346.84082332,5,0.481723365722,5.84005260544e-08,720
7219,342.572189232,5,0.475794707267,5.69718796691e-08,720
7220,277.302087338,5,0.38514178797,3.73303979401e-08,720
7221,244.839644073,5,0.340055061212,2.91017979517e-08,720
7222,260.923590611,5,0.362393875848,3.30508805655e-08,720
7223,226.283765017,5,0.314283006969,2.48578254695e-08,720
7224,232.20138388,5,0.322501922056,2.6174955358e-08,720
7225,213.513895934,5,0.296547077686,2.21313869912e-08,720
7226,188.450352954,5,0.261736601324,1.72405157089e-08,720
7227,137.74914912,10,0.382636525332,3.68463254108e-08,360
7228,111.834401572,10,0.310651115477,2.42866251543e-08,360
7229,122.996102294,10,0.341655839707,2.93764310111e-08,360
7230,136.970392595,10,0.380473312765,3.6430886104e-08,360
7231,125.488306926,10,0.348578630351,3.05789700308e-08,360
7232,118.095229224,10,0.328042303401,2.70820191256e-08,360
7233,108.619753975,10,0.301721538819,2.29104681217e-08,360
7234,107.704243645,10,0.29917845457,2.25258902583e-08,360
7235,98.9795550919,10,0.274943208589,1.90242405287e-08,360
7236,99.1903703082,10,0.275528806412,1.9105365776e-08,360
7237,99.9747359657,10,0.277707599905,1.94087186796e-08,360
7238,90.8216095697,10,0.252282248805,1.6017499614e-08,360
7239,84.3524405405,10,0.234312334835,1.3816932576e-08,360
7240,69.9740569704,10,0.194372380473,9.50802778173e-09,360
7241,59.5204720671,30,0.496003933893,6.19143869369e-08,120
7242,54.9932478008,30,0.458277065007,5.28539660144e-08,120
7243,54.6615189949,30,0.455512658291,5.22182406433e-08,120
7244,54.7111575206,30,0.455926312672,5.23131232391e-08,120
7245,47.9959806033,30,0.399966505028,4.02595189442e-08,120
7246,45.3207778121,30,0.377673148434,3.58966195759e-08,120
7247,41.6510276906,30,0.347091897422,3.03186797809e-08,120
7248,39.6233707857,30,0.330194756547,2.74385830262e-08,120
7249,38.3668294867,30,0.319723579056,2.57259053154e-08,120
7250,36.9082218463,30,0.307568515386,2.38070227921e-08,120
7251,34.64336554,30,0.288694712833,2.09748563702e-08,120
7252,32.5364594825,30,0.271137162355,1.85011799854e-08,120
7253,32.2129850067,30,0.268441541723,1.81351346242e-08,120
7254,31.8716079157,30,0.265596732631,1.77527971681e-08,120
7255,30.8189347628,30,0.256824456356,1.6599464963e-08,120
7256,30.0843541682,30,0.250702951401,1.58175868779e-08,120
7257,28.8481996263,30,0.240401663553,1.45444154812e-08,120
7258,27.8815511166,60,0.46469251861,5.43441369638e-08,60
7259,26.790966179,60,0.446516102983,5.01759479926e-08,60
7260,24.8756688045,60,0.414594480076,4.3258192231e-08,60
7261,24.2192477551,60,0.403654129251,4.10053132679e-08,60
7262,23.5196005443,60,0.391993342404,3.86704046999e-08,60
7263,24.2483486914,60,0.404139144857,4.1103913351e-08,60
7264,23.2132917307,60,0.386888195512,3.76697114103e-08,60
7265,22.1853694818,60,0.36975615803,3.44074245532e-08,60
7266,21.7566698054,60,0.362611163424,3.30905263718e-08,60
7267,21.2916216033,60,0.354860360054,3.16910269511e-08,60
7268,21.5684792704,60,0.359474654507,3.25205502304e-08,60
7269,21.9489904333,60,0.365816507222,3.36781271845e-08,60
7270,21.6443602299,60,0.360739337165,3.27497765346e-08,60
7271,20.7737694231,60,0.346229490384,3.0168203439e-08,60
7272,20.0761755319,60,0.334602925531,2.81760949838e-08,60
7273,20.1270686779,60,0.335451144631,2.83191289667e-08,60
7274,20.180388725,60,0.336339812083,2.84693721451e-08,60
7275,20.1001841971,60,0.335003069952,2.82435256475e-08,60
7276,19.3314631878,60,0.32219105313,2.61245180863e-08,60
7277,19.2299786736,60,0.32049964456,2.58509459412e-08,60
7278,18.9350813269,60,0.315584688781,2.50641617069e-08,60
7279,18.376255136,60,0.306270918933,2.36065683108e-08,60
7280,18.0680568904,60,0.301134281507,2.28213710919e-08,60
7281,17.6554661024,60,0.294257768374,2.17910024258e-08,60
7282,17.4902474574,60,0.291504124291,2.13850732607e-08,60
7283,16.9020591143,60,0.281700985239,1.99709197664e-08,60
7284,16.9671650916,60,0.28278608486,2.01250702692e-08,60
7285,16.4195402509,60,0.273659004182,1.8846938769e-08,60
7286,15.7978418362,60,0.263297363937,1.74467427391e-08,60
7287,16.0771779913,60,0.267952966522,1.80691812411e-08,60
7288,15.891027039,60,0.26485045065,1.7653172603e-08,60
7289,15.2551487657,60,0.254252479428,1.62686579668e-08,60
7290,15.5300263014,60,0.258833771691,1.68602192069e-08,60
7291,14.9483903639,60,0.249139839398,1.56209591025e-08,60
7292,14.8035116216,60,0.246725193694,1.53196319719e-08,60
7293,14.7907179306,60,0.24651196551,1.52931639351e-08,60
7294,14.5827627481,60,0.243046045801,1.48661480859e-08,60
7295,14.0571300873,120,0.468571002911,5.52550725406e-08,30
7296,14.1299063946,60,0.23549843991,1.39571711452e-08,60
7297,14.3154221027,60,0.238590368379,1.43260726919e-08,60
7298,14.0391714815,120,0.467972382718,5.51139811225e-08,30
7299,13.8617394184,120,0.462057980615,5.37296840189e-08,30
7300,13.8680845999,120,0.462269486664,5.37788845723e-08,30
7301,14.2794781338,60,0.23799130223,1.42542215871e-08,60
7302,14.4590271957,60,0.240983786595,1.46149382062e-08,60
7303,14.4711469349,60,0.241185782248,1.46394493262e-08,60
7304,14.5265348288,60,0.242108913813,1.47517279201e-08,60
7305,14.6649219258,60,0.24441536543,1.50341315026e-08,60
7306,14.4237450823,60,0.240395751372,1.45437001104e-08,60
7307,13.9904169963,120,0.46634723321,5.47318520125e-08,30
7308,13.671359446,120,0.455711981533,5.22639499604e-08,30
7309,13.5357951573,120,0.451193171909,5.12325971653e-08,30
7310,13.3920731871,120,0.44640243957,5.01504060533e-08,30
7311,13.6064606457,120,0.45354868819,5.17689272144e-08,30
7312,13.3580665554,120,0.445268885181,4.98960345255e-08,30
7313,13.3939210694,120,0.446464035648,5.01642468442e-08,30
7314,13.3269422386,120,0.444231407955,4.96637897233e-08,30
7315,13.0052537401,120,0.433508458004,4.7295136749e-08,30
7316,13.1893902372,120,0.439646341241,4.86438859577e-08,30
7317,13.3231072419,120,0.444103574731,4.96352110647e-08,30
7318,13.0351862408,120,0.434506208025,4.75130934088e-08,30
7319,12.9321890178,120,0.431072967259,4.67652125895e-08,30
7320,12.8669293349,120,0.428897644497,4.62944210504e-08,30
7321,13.0487914776,120,0.43495971592,4.76123270101e-08,30
7322,13.1504394166,120,0.438347980553,4.8357000589e-08,30
7323,13.0495561486,120,0.434985204952,4.76179074243e-08,30
7324,12.9656336189,120,0.432187787296,4.7007409221e-08,30
7325,12.8144989734,120,0.42714996578,4.5917907291e-08,30
7326,12.7884060009,120,0.426280200029,4.57311009444e-08,30
7327,12.8213306445,120,0.42737768815,4.59668798899e-08,30
7328,12.7805162597,120,0.426017208656,4.56746912165e-08,30
7329,12.7689380563,120,0.425631268543,4.5591972911e-08,30
7330,12.8061421733,120,0.426871405777,4.58580373497e-08,30
7331,12.7899965737,120,0.426333219124,4.57424773694e-08,30
7332,12.8953936004,120,0.429846453346,4.64994729639e-08,30
7333,12.8231880954,120,0.427439603181,4.59801994759e-08,30
7334,12.7629955795,120,0.425433185985,4.55495471126e-08,30
7335,12.7498720024,120,0.424995733414,4.54559224364e-08,30
7336,12.7498720024,120,0.424995733414,4.54559224364e-08,30
7337,12.7498720024,120,0.424995733414,4.54559224364e-08,30
7338,12.7181154813,120,0.423937182711,4.52297673432e-08,30
7339,12.7601738583,120,0.425339128609,4.55294085931e-08,30
7340,12.733298629,120,0.424443287632,4.53378242565e-08,30
7341,12.6896379952,120,0.422987933172,4.50274436508e-08,30
7342,12.6436340647,120,0.421454468822,4.47015581403e-08,30
7343,12.6266216982,120,0.42088738994,4.4581344654e-08,30
7344,12.5829840839,120,0.419432802796,4.42737308079e-08,30
7345,12.5635757904,120,0.418785859679,4.41372584304e-08,30
7346,12.5414119408,120,0.418047064692,4.39816675874e-08,30
7347,12.5071181408,120,0.416903938026,4.37414655531e-08,30
7348,12.489104023,120,0.416303467433,4.36155538204e-08,30
7349,12.4811023302,120,0.416036744341,4.35596832856e-08,30
7350,12.4764068941,120,0.415880229805,4.35269148281e-08,30
7351,12.4587733755,120,0.415292445852,4.34039643227e-08,30
7352,12.4385781028,120,0.414619270093,4.32633654953e-08,30
7353,12.4265053849,120,0.414216846162,4.31794245605e-08,30
7354,12.4114032211,120,0.413713440705,4.30745348167e-08,30
7355,12.3786029085,120,0.412620096951,4.28471646696e-08,30
7356,12.3562983504,120,0.411876611679,4.26928942605e-08,30
7357,12.3166493118,120,0.410554977059,4.24193469028e-08,30
7358,12.2541200208,120,0.408470667359,4.19897302721e-08,30
7359,12.2474641528,120,0.408248805092,4.1944128923e-08,30
7360,12.2403748023,120,0.40801249341,4.18955849037e-08,30
7361,12.2332948836,120,0.407776496119,4.1847133519e-08,30
7362,12.2160291758,120,0.407200972526,4.1729093283e-08,30
7363,12.803789911,120,0.426792997033,4.58411922725e-08,30
7364,14.4887748213,60,0.241479580355,1.46751368539e-08,60
7365,14.1394204356,60,0.23565700726,1.39759729405e-08,60
7366,12.4483459658,120,0.414944865526,4.33313405565e-08,30
7367,12.212514662,120,0.407083822067,4.17050860751e-08,30
7368,12.202512523,120,0.406750417434,4.16368005077e-08,30
7369,12.1820484602,120,0.406068282006,4.14972647137e-08,30
7370,12.1681407983,120,0.405604693275,4.14025679164e-08,30
7371,12.1599680595,120,0.40533226865,4.13469704767e-08,30
7372,12.1405257763,120,0.404684192545,4.12148588046e-08,30
7373,12.1178325679,120,0.403927752264,4.10609242447e-08,30
7374,12.1107279598,120,0.403690931994,4.10127908418e-08,30
7375,12.0929929101,120,0.403099763668,4.08927598561e-08,30
7376,12.0797162362,120,0.402657207873,4.08030183324e-08,30
7377,12.0568868024,120,0.401896226747,4.06489369685e-08,30
7378,12.0143186928,120,0.400477289759,4.0362412952e-08,30
7379,12.0109064989,120,0.400363549965,4.03394895018e-08,30
7380,12.0030289827,120,0.400100966089,4.02865924492e-08,30
7381,11.998662915,120,0.399955430501,4.02572895127e-08,30
7382,11.9845703497,120,0.399485678323,4.01627797628e-08,30
7383,11.9680140887,120,0.398933802957,4.00518894856e-08,30
7384,11.9575328579,120,0.398584428596,3.9981767697e-08,30
7385,11.9540152,120,0.398467173333,3.99582475451e-08,30
7386,11.9456977879,120,0.398189926262,3.99026622736e-08,30
7387,11.9373589463,120,0.397911964877,3.98469726274e-08,30
7388,11.9274379759,120,0.397581265862,3.97807676374e-08,30
7389,11.9009519742,120,0.396698399139,3.96042899001e-08,30
7390,11.8800009195,120,0.396000030649,3.94649697387e-08,30
7391,11.8620582705,120,0.395401942352,3.934584999e-08,30
7392,11.8508916472,120,0.395029721573,3.92718066028e-08,30
7393,11.8256030352,120,0.394186767841,3.91043812498e-08,30
7394,11.785799872,120,0.392859995734,3.884158558e-08,30
7395,11.7308353264,120,0.391027844214,3.84801452168e-08,30
7396,11.6812710926,120,0.389375703086,3.81556653818e-08,30
7397,11.6731726976,120,0.389105756586,3.81027785794e-08,30
7398,11.6659748557,120,0.388865828523,3.80558036521e-08,30
7399,11.6556146742,120,0.388520489141,3.79882413662e-08,30
7400,11.639762229,120,0.387992074301,3.78849783449e-08,30
7401,11.61933677,120,0.387311225666,3.77521338571e-08,30
7402,11.5934860625,120,0.386449535418,3.758433878e-08,30
7403,11.5772404681,120,0.385908015603,3.74790810294e-08,30
7404,11.5772404681,120,0.385908015603,3.74790810294e-08,30
7405,11.5772404681,120,0.385908015603,3.74790810294e-08,30
7406,11.5772404681,120,0.385908015603,3.74790810294e-08,30
7407,11.5772404681,120,0.385908015603,3.74790810294e-08,30
7408,11.5772404681,120,0.385908015603,3.74790810294e-08,30
7409,11.5772404681,120,0.385908015603,3.74790810294e-08,30
7410,11.5772404681,120,0.385908015603,3.74790810294e-08,30
7411,11.5700572102,120,0.385668573675,3.74325866368e-08,30
7412,11.5681198605,120,0.385603995349,3.74200518773e-08,30
7413,11.5634557919,120,0.385448526397,3.73898837074e-08,30
7414,11.5617461969,120,0.385391539898,3.73788287367e-08,30
7415,11.5559050857,120,0.385196836191,3.73410699519e-08,30
7416,11.5444994038,120,0.384816646793,3.7267395033e-08,30
7417,11.5368173603,120,0.384560578675,3.72178139315e-08,30
7418,11.5196651811,120,0.383988839371,3.71072302149e-08,30
7419,11.5062960788,120,0.383543202626,3.70211508918e-08,30
7420,11.4960975306,120,0.383203251019,3.69555529505e-08,30
7421,11.4861845223,120,0.382872817409,3.68918473747e-08,30
7422,11.4779485528,120,0.382598285094,3.68389610232e-08,30
7423,11.4591294896,120,0.381970982987,3.67182588973e-08,30
7424,11.4524986223,120,0.381749954077,3.66757768819e-08,30
7425,11.4453865648,120,0.381512885494,3.66302393532e-08,30
7426,11.4287857895,120,0.380959526318,3.65240569413e-08,30
7427,11.4264844568,120,0.380882815228,3.6509349247e-08,30
7428,11.4256396002,120,0.380854653339,3.65039505566e-08,30
7429,11.4238436818,120,0.380794789394,3.64924758443e-08,30
7430,11.4056891504,120,0.380189638347,3.637658186e-08,30
7431,11.3558986583,120,0.378529955277,3.60596778033e-08,30
7432,11.332634099,120,0.377754469968,3.59120799414e-08,30
7433,11.3187186809,120,0.377290622696,3.58239407157e-08,30
7434,11.3084273685,120,0.37694757895,3.57588259673e-08,30
7435,11.2968894723,120,0.37656298241,3.56858943151e-08,30
7436,11.2758115092,120,0.375860383638,3.5552851632e-08,30
7437,11.2413652466,120,0.374712174885,3.53359639584e-08,30
7438,11.205381824,120,0.373512727466,3.51101063589e-08,30
7439,11.1955953898,120,0.373186512994,3.50488049765e-08,30
7440,11.1818422812,120,0.37272807604,3.49627472133e-08,30
7441,11.1508231047,120,0.37169410349,3.47690382804e-08,30
7442,11.1308174149,120,0.371027247163,3.46443919436e-08,30
7443,11.1189053801,120,0.370630179336,3.45702797985e-08,30
7444,11.1026210197,120,0.370087367323,3.44690931017e-08,30
7445,11.0849139235,120,0.369497130783,3.43592342066e-08,30
7446,11.0566517176,120,0.368555057253,3.41842522742e-08,30
7447,11.0367387425,120,0.367891291418,3.40612318152e-08,30
7448,11.0354408069,120,0.367848026897,3.40532209911e-08,30
7449,11.0305590525,120,0.36768530175,3.40230993683e-08,30
7450,11.0155546719,120,0.367185155731,3.3930602093e-08,30
7451,10.9977281191,120,0.366590937304,3.38208706708e-08,30
7452,10.9954433811,120,0.36651477937,3.38068198045e-08,30
7453,10.9900706977,120,0.366335689923,3.3773789947e-08,30
7454,10.979780371,120,0.365992679033,3.37105727695e-08,30
7455,10.96681301,120,0.365560433667,3.36309939407e-08,30
7456,10.9523371331,120,0.365077904435,3.35422686522e-08,30
7457,10.9142734065,120,0.363809113551,3.33095283467e-08,30
7458,10.8904228172,120,0.363014093908,3.31641070611e-08,30
7459,10.8639661727,120,0.362132205757,3.30031683652e-08,30
7460,10.8458772209,120,0.361529240697,3.28933565886e-08,30
7461,10.8049603126,120,0.360165343754,3.26456392889e-08,30
7462,10.7682734302,120,0.358942447675,3.242432733e-08,30
7463,10.7300603518,120,0.357668678393,3.21946089987e-08,30
7464,10.7236045338,120,0.35745348446,3.21558804167e-08,30
7465,10.7185791364,120,0.357285971214,3.21257490905e-08,30
7466,10.7152321454,120,0.357174404847,3.21056890054e-08,30
7467,10.7096242755,120,0.35698747585,3.20720924558e-08,30
7468,10.7035211511,120,0.356784038371,3.20355488403e-08,30
7469,10.7000560889,120,0.356668536297,3.20148103935e-08,30
7470,10.6964196479,120,0.356547321597,3.19930534635e-08,30
7471,10.6813175703,120,0.356043919009,3.19027764344e-08,30
7472,10.658167112,120,0.355272237068,3.17646355139e-08,30
7473,10.6310406068,120,0.354368020225,3.16031505199e-08,30
7474,10.6092716417,120,0.353642388056,3.14738567777e-08,30
7475,10.6016839594,120,0.353389465313,3.14288530801e-08,30
7476,10.5813922216,120,0.352713074052,3.1308657888e-08,30
7477,10.5630745177,120,0.352102483923,3.12003533644e-08,30
7478,10.5345725874,120,0.351152419579,3.10322071387e-08,30
7479,10.5123640308,120,0.350412134361,3.09015033877e-08,30
7480,10.4954070098,120,0.349846900328,3.0801892145e-08,30
7481,10.4704815215,120,0.349016050715,3.06557633595e-08,30
7482,10.4515656501,120,0.34838552167,3.05450985975e-08,30
7483,10.4273595342,120,0.347578651141,3.04037758501e-08,30
7484,10.4166809672,120,0.347222698906,3.03415352585e-08,30
7485,10.3967367832,120,0.346557892773,3.02254603103e-08,30
7486,10.3639226136,120,0.34546408712,3.00349662725e-08,30
7487,10.3548501361,120,0.345161671203,2.99824046511e-08,30
7488,10.332753476,120,0.344425115868,2.98545796968e-08,30
7489,10.3016190939,120,0.343387303129,2.96749366776e-08,30
7490,10.2911074461,120,0.343036914871,2.96144076809e-08,30
7491,10.2629620883,120,0.342098736275,2.94526431054e-08,30
7492,10.2359692776,120,0.341198975922,2.92979189379e-08,30
7493,10.2177299974,120,0.340590999912,2.91936011452e-08,30
7494,10.2008220265,120,0.340027400884,2.9097063821e-08,30
7495,10.1849086354,120,0.339496954515,2.90063511733e-08,30
7496,10.1746019774,120,0.339153399248,2.8947674697e-08,30
7497,10.1632080515,120,0.338773601716,2.88828774723e-08,30
7498,10.1446824273,120,0.338156080908,2.87776772909e-08,30
7499,10.1131027891,120,0.337103426302,2.85987906382e-08,30
7500,10.1072099589,120,0.336906998631,2.85654717412e-08,30
7501,10.0673317371,120,0.335577724571,2.83405050152e-08,30
7502,10.0673317371,120,0.335577724571,2.83405050152e-08,30
7503,10.0673317371,120,0.335577724571,2.83405050152e-08,30
7504,10.0673317371,120,0.335577724571,2.83405050152e-08,30
7505,10.0673317371,120,0.335577724571,2.83405050152e-08,30
7506,10.0673317371,120,0.335577724571,2.83405050152e-08,30
7507,10.0526627209,120,0.335088757365,2.82579758085e-08,30
7508,9.94072941863,120,0.331357647288,2.76321915614e-08,30
7509,9.94072941863,120,0.331357647288,2.76321915614e-08,30
7510,9.94072941863,120,0.331357647288,2.76321915614e-08,30
7511,9.94072941863,120,0.331357647288,2.76321915614e-08,30
7512,9.94072941863,120,0.331357647288,2.76321915614e-08,30
7513,9.94072941863,120,0.331357647288,2.76321915614e-08,30
7514,9.94072941863,120,0.331357647288,2.76321915614e-08,30
7515,9.94072941863,120,0.331357647288,2.76321915614e-08,30
7516,9.94072941863,120,0.331357647288,2.76321915614e-08,30
7517,9.94072941863,120,0.331357647288,2.76321915614e-08,30
7518,9.94072941863,120,0.331357647288,2.76321915614e-08,30
7519,9.94072941863,120,0.331357647288,2.76321915614e-08,30
7520,9.94072941863,120,0.331357647288,2.76321915614e-08,30
7521,9.94072941863,120,0.331357647288,2.76321915614e-08,30
7522,9.94072941863,120,0.331357647288,2.76321915614e-08,30
7523,9.94072941863,120,0.331357647288,2.76321915614e-08,30
7524,9.94072941863,120,0.331357647288,2.76321915614e-08,30
7525,9.94072941863,120,0.331357647288,2.76321915614e-08,30
7526,9.94072941863,120,0.331357647288,2.76321915614e-08,30
7527,9.94072941863,120,0.331357647288,2.76321915614e-08,30
7528,9.94072941863,120,0.331357647288,2.76321915614e-08,30
7529,9.94072941863,120,0.331357647288,2.76321915614e-08,30
7530,9.94072941863,120,0.331357647288,2.76321915614e-08,30
7531,9.94072941863,120,0.331357647288,2.76321915614e-08,30
7532,9.94072941863,120,0.331357647288,2.76321915614e-08,30
7533,9.94072941863,120,0.331357647288,2.76321915614e-08,30
7534,9.94072941863,120,0.331357647288,2.76321915614e-08,30
7535,9.94072941863,120,0.331357647288,2.76321915614e-08,30
7536,9.94072941863,120,0.331357647288,2.76321915614e-08,30
7537,9.94072941863,120,0.331357647288,2.76321915614e-08,30
7538,9.94072941863,120,0.331357647288,2.76321915614e-08,30
7539,9.94072941863,120,0.331357647288,2.76321915614e-08,30
7540,9.94072941863,120,0.331357647288,2.76321915614e-08,30
7541,9.94072941863,120,0.331357647288,2.76321915614e-08,30
7542,9.94072941863,120,0.331357647288,2.76321915614e-08,30
7543,9.94072941863,120,0.331357647288,2.76321915614e-08,30
7544,9.94072941863,120,0.331357647288,2.76321915614e-08,30
7545,9.94072941863,120,0.331357647288,2.76321915614e-08,30
7546,9.94072941863,120,0.331357647288,2.76321915614e-08,30
7547,9.94072941863,120,0.331357647288,2.76321915614e-08,30
7548,9.94072941863,120,0.331357647288,2.76321915614e-08,30
7549,9.94072941863,120,0.331357647288,2.76321915614e-08,30
7550,9.94072941863,120,0.331357647288,2.76321915614e-08,30
7551,9.94072941863,120,0.331357647288,2.76321915614e-08,30
7552,9.94072941863,120,0.331357647288,2.76321915614e-08,30
7553,9.94072941863,120,0.331357647288,2.76321915614e-08,30
7554,9.94072941863,120,0.331357647288,2.76321915614e-08,30
7555,9.94072941863,120,0.331357647288,2.76321915614e-08,30
7556,9.94072941863,120,0.331357647288,2.76321915614e-08,30
7557,9.94072941863,120,0.331357647288,2.76321915614e-08,30
7558,9.94072941863,120,0.331357647288,2.76321915614e-08,30
7559,9.94072941863,120,0.331357647288,2.76321915614e-08,30
7560,9.94072941863,120,0.331357647288,2.76321915614e-08,30
7561,9.92849571773,120,0.330949857258,2.75642215075e-08,30
7562,9.92849571773,120,0.330949857258,2.75642215075e-08,30
7563,9.91565258124,120,0.330521752708,2.74929555068e-08,30
7564,9.8829918044,120,0.329433060147,2.73121378692e-08,30
7565,9.8200309139,120,0.327334363797,2.69652552452e-08,30
7566,9.79227479609,120,0.32640915987,2.68130371784e-08,30
7567,9.74121246527,120,0.324707082176,2.65341302877e-08,30
7568,9.69520472556,120,0.323173490852,2.62840808193e-08,30
7569,9.65714179802,120,0.321904726601,2.60781057557e-08,30
7570,9.61423962424,120,0.320474654141,2.58469147307e-08,30
7571,9.57410100094,120,0.319136700031,2.56315479493e-08,30
7572,9.50769689428,120,0.316923229809,2.52772300799e-08,30
7573,9.43885094265,120,0.314628364755,2.49124867793e-08,30
7574,9.43173436718,120,0.314391145573,2.48749345905e-08,30
7575,9.42362344271,120,0.314120781424,2.48321700351e-08,30
7576,9.40317448001,120,0.313439149334,2.47245169279e-08,30
7577,9.38737158748,120,0.312912386249,2.46414831471e-08,30
7578,9.36752945109,120,0.312250981703,2.45374235756e-08,30
7579,9.36277421855,120,0.312092473952,2.45125180676e-08,30
7580,9.33604392443,120,0.311201464148,2.43727536173e-08,30
7581,9.29207899682,120,0.309735966561,2.41437437036e-08,30
7582,9.27263362132,120,0.309087787377,2.40427990341e-08,30
7583,9.25145713462,120,0.308381904487,2.39331083777e-08,30
7584,9.19762300969,120,0.306587433656,2.36553857913e-08,30
7585,9.12737139935,120,0.304245713312,2.32954053043e-08,30
7586,9.08588926502,120,0.302862975501,2.3084140271e-08,30
7587,9.06814900096,120,0.302271633365,2.29940843749e-08,30
7588,9.03061015157,120,0.301020338386,2.28041040688e-08,30
7589,8.96932089823,120,0.298977363274,2.2495619107e-08,30
7590,8.92761445072,120,0.297587148357,2.22869007277e-08,30
7591,8.85987832727,120,0.295329277576,2.19499907285e-08,30
7592,8.74435953034,120,0.291478651011,2.13813359267e-08,30
7593,8.6452711608,120,0.28817570536,2.08995081123e-08,30
7594,8.50116555374,120,0.283372185125,2.02085788509e-08,30
7595,8.44080566034,120,0.281360188678,1.9922628108e-08,30
7596,8.3618505712,120,0.278728352373,1.95516597259e-08,30
7597,8.28192933751,120,0.27606431125,1.91797025266e-08,30
7598,8.26575563446,120,0.275525187815,1.91048639472e-08,30
7599,8.24032176256,120,0.274677392085,1.89874728444e-08,30
7600,8.185254746,120,0.272841824867,1.87345482892e-08,30
7601,8.1366084891,120,0.27122028297,1.85125252777e-08,30
7602,8.08580523694,120,0.269526841231,1.82820704486e-08,30
7603,8.00978177543,120,0.266992725848,1.79399072588e-08,30
7604,7.97763964649,120,0.26592132155,1.77962154911e-08,30
7605,7.92159104079,120,0.264053034693,1.75470317225e-08,30
7606,7.83547209612,120,0.261182403204,1.71675832578e-08,30
7607,7.68742288398,120,0.256247429466,1.65249582155e-08,30
7608,7.58829367255,120,0.252943122418,1.61015277827e-08,30
7609,7.55354410358,120,0.251784803453,1.5954395885e-08,30
7610,7.77026542827,120,0.259008847609,1.68830355238e-08,30
7611,7.62526188646,120,0.254175396215,1.62587949336e-08,30
7612,7.63947535107,120,0.254649178369,1.63194641116e-08,30
7613,7.52875492899,120,0.250958497633,1.58498496399e-08,30
7614,7.54675645038,120,0.251558548346,1.59257353652e-08,30
7615,7.52258544177,120,0.250752848059,1.58238837584e-08,30
7616,7.49633457403,120,0.249877819134,1.57136381765e-08,30
7617,7.46048925905,120,0.248682975302,1.55637212725e-08,30
7618,7.44589915807,120,0.248196638602,1.55029064341e-08,30
7619,7.42013427465,120,0.247337809155,1.53958033166e-08,30
7620,7.37751069629,120,0.24591702321,1.52194346887e-08,30
7621,7.36962303789,120,0.245654101263,1.51869083981e-08,30
7622,7.35288429104,120,0.245096143035,1.51179981924e-08,30
7623,7.32015319865,120,0.244005106622,1.49837033442e-08,30
7624,7.27704423755,120,0.242568141252,1.48077425698e-08,30
7625,7.22310496615,120,0.240770165538,1.4589038748e-08,30
7626,7.18390006304,120,0.239463335435,1.44310984626e-08,30
7627,7.12237615958,120,0.237412538653,1.41849770984e-08,30
7628,7.11565646393,120,0.237188548798,1.41582237335e-08,30
7629,7.10076269961,120,0.236692089987,1.40990166699e-08,30
7630,7.41588369816,120,0.247196123272,1.53781695936e-08,30
7631,7.17128619145,120,0.239042873048,1.43804651825e-08,30
7632,7.38325543676,120,0.246108514559,1.52431461401e-08,30
7633,7.45349757578,120,0.248449919193,1.55345635011e-08,30
7634,7.56305927725,120,0.252101975908,1.59946165978e-08,30
7635,7.56806344657,120,0.252268781552,1.60157895773e-08,30
7636,7.60035918539,120,0.25334530618,1.61527718825e-08,30
7637,7.47098856887,120,0.249032952296,1.56075584285e-08,30
7638,7.64458995198,120,0.254819665066,1.63413230699e-08,30
7639,7.67682081232,120,0.255894027077,1.64794090161e-08,30
7640,7.50354773355,120,0.250118257785,1.57438928322e-08,30
7641,7.32766958575,120,0.244255652858,1.50144898954e-08,30
7642,7.15087778657,120,0.238362592886,1.42987323539e-08,30
7643,7.0787378512,120,0.235957928373,1.40116888361e-08,30
7644,7.07313370244,120,0.235771123415,1.39895118585e-08,30
7645,7.06908702214,120,0.235636234071,1.39735090822e-08,30
7646,7.06375132717,120,0.235458377572,1.3952422839e-08,30
7647,7.05204166853,120,0.235068055618,1.39062030093e-08,30
7648,7.02852948357,120,0.234284316119,1.38136283576e-08,30
7649,7.02351795441,120,0.234117265147,1.3793936409e-08,30
7650,7.01931925643,120,0.233977308548,1.37774491552e-08,30
7651,7.00845958371,120,0.233615319457,1.37348516198e-08,30
7652,6.98159230925,120,0.232719743642,1.36297470103e-08,30
7653,6.95955894201,120,0.231985298067,1.35438538983e-08,30
7654,6.95062900602,120,0.231687633534,1.35091194689e-08,30
7655,6.94533864125,120,0.231511288042,1.34885627765e-08,30
7656,6.93011245465,120,0.231003748488,1.34294859599e-08,30
7657,6.91014139937,120,0.230338046646,1.33521958553e-08,30
7658,6.8981155505,120,0.229937185017,1.33057621407e-08,30
7659,6.87894696457,120,0.229298232152,1.32319163865e-08,30
7660,7.14787738729,120,0.238262579576,1.42867358111e-08,30
7661,6.87426520177,120,0.229142173392,1.32139114176e-08,30
7662,6.8637835017,120,0.22879278339,1.3173645685e-08,30
7663,7.0559126062,120,0.235197086873,1.39214737129e-08,30
7664,7.0470368166,120,0.23490122722,1.38864714782e-08,30
7665,6.84562891816,120,0.228187630605,1.31040497365e-08,30
7666,6.8432610178,120,0.228108700593,1.3094985933e-08,30
7667,6.83806723128,120,0.227935574376,1.30751162388e-08,30
7668,6.86923533255,120,0.228974511085,1.31945813718e-08,30
7669,6.93036489756,120,0.231012163252,1.34304643684e-08,30
7670,6.83003944106,120,0.227667981369,1.30444342717e-08,30
7671,6.82892720049,120,0.227630906683,1.30401861651e-08,30
7672,6.82652141966,120,0.227550713989,1.30309998601e-08,30
7673,6.82237867732,120,0.227412622577,1.30151886757e-08,30
7674,6.82086469546,120,0.227362156515,1.30094128096e-08,30
7675,6.81730121607,120,0.227243373869,1.29958231353e-08,30
7676,6.9514503529,120,0.231715011763,1.3512312368e-08,30
7677,7.17131359036,120,0.239043786345,1.43805750679e-08,30
7678,6.87784522213,120,0.229261507404,1.32276782388e-08,30
7679,7.7897169341,120,0.259657231137,1.69676688001e-08,30
7680,7.85158055094,120,0.261719351698,1.72382433278e-08,30
7681,7.74046078882,120,0.258015359627,1.67537663925e-08,30
7682,7.87030064704,120,0.262343354901,1.73205417311e-08,30
7683,7.71484747767,120,0.257161582589,1.66430728662e-08,30
7684,8.02619855908,120,0.267539951969,1.80135215976e-08,30
7685,8.44064475367,120,0.281354825122,1.99218685471e-08,30
7686,7.9646101334,120,0.265487004447,1.77381314771e-08,30
7687,7.81203761517,120,0.260401253839,1.70650465441e-08,30
7688,7.75832830495,120,0.258610943498,1.6831202012e-08,30
7689,7.40387774663,120,0.246795924888,1.53284168971e-08,30
7690,6.81061004977,120,0.227020334992,1.29703249105e-08,30
7691,6.9044786925,120,0.23014928975,1.3330321168e-08,30
7692,6.91929917104,120,0.230643305701,1.33876097139e-08,30
7693,6.79723890877,120,0.226574630292,1.29194461205e-08,30
7694,6.7922623824,120,0.22640874608,1.29005353748e-08,30
7695,6.78291835834,120,0.226097278611,1.2865065603e-08,30
7696,6.76863731155,120,0.225621243718,1.28109493123e-08,30
7697,6.76247912028,120,0.225415970676,1.27876487914e-08,30
7698,6.75996373809,120,0.225332124603,1.27781375334e-08,30
7699,6.81512485016,120,0.227170828339,1.29875268459e-08,30
7700,6.75563035683,120,0.225187678561,1.27617602876e-08,30
7701,7.11704143018,120,0.237234714339,1.41637356832e-08,30
7702,7.19160791325,120,0.239720263775,1.44620823062e-08,30
7703,7.36515576053,120,0.245505192018,1.51685021461e-08,30
7704,7.54333627482,120,0.251444542494,1.59113036107e-08,30
7705,7.1052182467,120,0.236840608223,1.41167157661e-08,30
7706,7.47403535709,120,0.249134511903,1.56202910464e-08,30
7707,7.59078093559,120,0.253026031186,1.6112084912e-08,30
7708,7.80535918507,120,0.260178639502,1.70358815525e-08,30
7709,8.37053118993,120,0.279017706331,1.95922748021e-08,30
7710,7.98124076408,120,0.266041358803,1.781228559e-08,30
7711,7.91530316597,120,0.263843438866,1.75191863695e-08,30
7712,8.11673124482,120,0.270557708161,1.8422185792e-08,30
7713,7.55483987747,120,0.251827995916,1.59598701531e-08,30
7714,7.92765989438,120,0.264255329813,1.7573928127e-08,30
7715,7.88866870317,120,0.262955623439,1.74014829676e-08,30
7716,7.51969056311,120,0.250656352104,1.58117072508e-08,30
7717,7.192257309,120,0.2397419103,1.44646942503e-08,30
7718,7.34955142917,120,0.244985047639,1.51042961462e-08,30
7719,7.35608774535,120,0.245202924845,1.5131174074e-08,30
7720,7.27037615863,120,0.242345871954,1.47806178322e-08,30
7721,7.29634438987,120,0.243211479662,1.488639282e-08,30
7722,7.42453558755,120,0.247484519585,1.54140730249e-08,30
7723,7.27302301743,120,0.242434100581,1.47913818776e-08,30
7724,7.28907590313,120,0.242969196771,1.48567484807e-08,30
7725,7.36669300155,120,0.245556433385,1.51748346876e-08,30
7726,7.76034936919,120,0.258678312306,1.6839972296e-08,30
7727,7.6972042596,120,0.25657347532,1.65670372472e-08,30
7728,7.44200194192,120,0.248066731397,1.54866821032e-08,30
7729,7.24694639176,120,0.241564879725,1.46855062691e-08,30
7730,7.63171529984,120,0.254390509995,1.62863268732e-08,30
7731,7.61000627447,120,0.253666875816,1.6193803134e-08,30
7732,7.65214930136,120,0.255071643379,1.6373657269e-08,30
7733,7.36068548044,120,0.245356182681,1.51500946942e-08,30
7734,7.62009701572,120,0.254003233857,1.62367770315e-08,30
7735,7.99618456594,120,0.266539485531,1.78790502624e-08,30
7736,7.58109535834,120,0.252703178611,1.60709942036e-08,30
7737,7.64853459481,120,0.25495115316,1.63581918135e-08,30
7738,7.3130560806,120,0.24376853602,1.49546630883e-08,30
7739,7.10535738025,120,0.236845246008,1.41172686353e-08,30
7740,7.11178916834,120,0.237059638945,1.41428381799e-08,30
7741,7.01754688916,120,0.233918229639,1.37704924643e-08,30
7742,6.95194043174,120,0.231731347725,1.35142176774e-08,30
7743,6.7458891085,120,0.224862970283,1.27249833056e-08,30
7744,6.74416411253,120,0.224805470418,1.27184763091e-08,30
7745,6.73740855286,120,0.224580285095,1.26930091373e-08,30
7746,6.72283201421,120,0.224094400474,1.26381453157e-08,30
7747,6.71730555908,120,0.223910185303,1.26173756652e-08,30
7748,6.71440519326,120,0.223813506442,1.26064822782e-08,30
7749,6.71249026746,120,0.223749675582,1.25992926507e-08,30
7750,6.70954837188,120,0.223651612396,1.25882512401e-08,30
7751,7.06415449986,120,0.235471816662,1.39540155894e-08,30
7752,7.16424783256,120,0.238808261085,1.43522512184e-08,30
7753,7.75428943504,120,0.258476314501,1.68136824283e-08,30
7754,7.19501198506,120,0.239833732835,1.44757764949e-08,30
7755,7.30339133786,120,0.243446377929,1.4915161828e-08,30
7756,7.63487600404,120,0.254495866801,1.62998197563e-08,30
7757,7.49371984205,120,0.249790661402,1.57026782104e-08,30
7758,7.72696972214,120,0.257565657405,1.66954160663e-08,30
7759,7.873010987,120,0.262433699567,1.73324733312e-08,30
7760,7.49116461023,120,0.249705487008,1.56919713404e-08,30
7761,6.97457916673,120,0.232485972224,1.36023780823e-08,30
7762,6.70325135948,120,0.223441711983,1.25646338004e-08,30
7763,6.69341727303,120,0.223113909101,1.25277946452e-08,30
7764,6.6883727992,120,0.222945759973,1.25089186911e-08,30
7765,6.67683804839,120,0.22256126828,1.24658101966e-08,30
7766,6.67058939909,120,0.22235297997,1.24424883709e-08,30
7767,6.66940144037,120,0.222313381346,1.24380570244e-08,30
7768,6.66670174113,120,0.222223391371,1.24279894892e-08,30
7769,6.66291359823,120,0.222097119941,1.24138698761e-08,30
7770,6.65988754752,120,0.221996251584,1.24025965889e-08,30
7771,6.65471842018,120,0.221823947339,1.23833513026e-08,30
7772,6.64868529768,120,0.221622843256,1.23609081563e-08,30
7773,6.64688678286,120,0.221562892762,1.23542216405e-08,30
7774,6.64890212293,120,0.221630070764,1.23617143911e-08,30
7775,6.64230296539,120,0.221410098846,1.23371881112e-08,30
7776,6.69363517547,120,0.223121172516,1.25286103366e-08,30
7777,7.17163950501,120,0.239054650167,1.43818822054e-08,30
7778,7.17291553934,120,0.239097184645,1.43870005352e-08,30
7779,6.97003712922,120,0.232334570974,1.35846673666e-08,30
7780,7.20579522042,120,0.240193174014,1.45191989872e-08,30
7781,6.91916633823,120,0.230638877941,1.33870957033e-08,30
7782,6.93031971804,120,0.231010657268,1.34302892607e-08,30
7783,6.90257343752,120,0.230085781251,1.33229653175e-08,30
7784,7.05056655735,120,0.235018885245,1.39003859563e-08,30
7785,6.67186552233,120,0.222395517411,1.24472494696e-08,30
7786,6.63628859337,120,0.221209619779,1.2314856445e-08,30
7787,6.63517303873,120,0.221172434624,1.23107165586e-08,30
7788,6.6317175731,120,0.221057252437,1.22978975467e-08,30
7789,6.6281685319,120,0.220938951063,1.22847383415e-08,30
7790,6.62354026291,120,0.22078467543,1.2267588137e-08,30
7791,6.61740037825,120,0.220580012608,1.22448550781e-08,30
7792,6.60850356918,120,0.220283452306,1.22119518536e-08,30
7793,6.59454354361,120,0.21981811812,1.2160412471e-08,30
7794,6.57981939999,120,0.219327313333,1.21061701213e-08,30
7795,6.5757063417,120,0.21919021139,1.20910396694e-08,30
7796,6.57506404174,120,0.219168801391,1.20886777345e-08,30
7797,6.57339609522,120,0.219113203174,1.20825452587e-08,30
7798,6.61185985769,120,0.22039532859,1.22243592743e-08,30
7799,7.53670172243,120,0.251223390748,1.58833271424e-08,30
7800,7.26492937015,120,0.242164312338,1.47584795713e-08,30
7801,7.10136096347,120,0.236712032116,1.4101392552e-08,30
7802,7.3819809907,120,0.246066033023,1.52378842631e-08,30
7803,7.98008415202,120,0.266002805067,1.78071233822e-08,30
7804,6.90782076848,120,0.230260692283,1.33432292326e-08,30
7805,7.12299001789,120,0.237433000596,1.41874223333e-08,30
7806,6.88733017681,120,0.22957767256,1.3264186894e-08,30
7807,6.74975539071,120,0.224991846357,1.27395736655e-08,30
7808,6.87014745839,120,0.22900491528,1.3198085668e-08,30
7809,6.71322854541,120,0.223774284847,1.26020642872e-08,30
7810,6.57065415371,120,0.219021805124,1.20724674474e-08,30
7811,6.56440670871,120,0.218813556957,1.2049521111e-08,30
7812,6.55968274173,120,0.218656091391,1.2032184873e-08,30
7813,6.556324337,120,0.218544144567,1.20198676303e-08,30
7814,6.55468257388,120,0.218489419129,1.20138486161e-08,30
7815,6.55030487627,120,0.218343495876,1.1997806517e-08,30
7816,6.54601216736,120,0.218200405579,1.19820862671e-08,30
7817,6.54120749784,120,0.218040249928,1.19645033982e-08,30
7818,6.53850758659,120,0.217950252886,1.19546286371e-08,30
7819,6.57605116212,120,0.219201705404,1.20923077755e-08,30
7820,6.57472726235,120,0.219157575412,1.20874393852e-08,30
7821,6.63562967804,120,0.221187655935,1.23124110888e-08,30
7822,6.87809962673,120,0.229269987558,1.3228656814e-08,30
7823,7.34478387944,120,0.244826129315,1.50847066168e-08,30
7824,7.19596487217,120,0.239865495739,1.44796110109e-08,30
7825,7.07721115648,120,0.235907038549,1.40056455936e-08,30
7826,7.36777330192,120,0.245592443397,1.51792856893e-08,30
7827,7.77068161974,120,0.259022720658,1.68848441527e-08,30
7828,7.33617330335,120,0.244539110112,1.50493585712e-08,30
7829,7.56005344015,120,0.252001781338,1.598190543e-08,30
7830,7.32363243563,120,0.244121081188,1.49979501072e-08,30
7831,7.22017594988,120,0.240672531663,1.45772092458e-08,30
7832,7.49481687982,120,0.249827229327,1.57072761117e-08,30
7833,7.30469116208,120,0.243489705403,1.49204713651e-08,30
7834,6.616187956,120,0.220539598533,1.22403685505e-08,30
7835,6.66212754047,120,0.222070918016,1.24109409943e-08,30
7836,6.53679095457,120,0.217893031819,1.19483522799e-08,30
7837,6.60573340996,120,0.220191113665,1.22017159627e-08,30
7838,6.53630702224,120,0.217876900741,1.19465832223e-08,30
7839,6.53060975497,120,0.217686991832,1.1925766203e-08,30
7840,6.51682670574,120,0.217227556858,1.18754799445e-08,30
7841,6.50602055484,120,0.216867351828,1.18361289421e-08,30
7842,6.53677460944,120,0.217892486981,1.19482925267e-08,30
7843,6.56993837195,120,0.218997945732,1.20698373345e-08,30
7844,6.80160277966,120,0.226720092655,1.29360401797e-08,30
7845,6.83742514158,120,0.227914171386,1.30726608656e-08,30
7846,6.93880078272,120,0.231293359424,1.34631803398e-08,30
7847,6.91151780089,120,0.230383926696,1.33575155186e-08,30
7848,7.03644748909,120,0.234548249636,1.38447694362e-08,30
7849,7.78472299838,120,0.259490766613,1.69459200546e-08,30
7850,7.43716669643,120,0.247905556548,1.54665645101e-08,30
7851,7.34241040055,120,0.244747013352,1.50749588969e-08,30
7852,7.24765410466,120,0.241588470155,1.46883746854e-08,30
7853,7.15289780878,120,0.238429926959,1.43068118757e-08,30
7854,7.0581415129,120,0.235271383763,1.39302704678e-08,30
7855,6.96338521702,120,0.232112840567,1.35587504617e-08,30
7856,7.7985988093,120,0.259953293643,1.70063841052e-08,30
7857,7.77037856293,120,0.259012618764,1.68835271596e-08,30
7858,7.38967475178,120,0.246322491726,1.52696637368e-08,30
7859,7.49386402536,120,0.249795467512,1.57032824726e-08,30
7860,6.97322640146,120,0.232440880049,1.35971020535e-08,30
7861,6.81645961491,120,0.227215320497,1.29926146443e-08,30
7862,6.49299353459,120,0.21643311782,1.17887773781e-08,30
7863,6.60182105934,120,0.220060701978,1.21872669224e-08,30
7864,6.49197307643,120,0.216399102548,1.17850721506e-08,30
7865,6.57539481184,120,0.219179827061,1.20898940493e-08,30
7866,6.71373266683,120,0.223791088894,1.26039570305e-08,30
7867,6.74124599736,120,0.224708199912,1.270747244e-08,30
7868,6.83051422554,120,0.227683807518,1.30462478806e-08,30
7869,7.03973802684,120,0.234657934228,1.38577212528e-08,30
7870,7.32193879781,120,0.244064626594,1.49910141615e-08,30
7871,7.30599156489,120,0.243533052163,1.49257842112e-08,30
7872,7.384679044,120,0.246155968133,1.52490249413e-08,30
7873,7.61054165298,120,0.253684721766,1.61960817442e-08,30
7874,7.6775606353,120,0.255918687843,1.64825854437e-08,30
7875,8.16971743218,120,0.272323914406,1.86634916647e-08,30
7876,9.59708859842,120,0.319902953281,2.57547793747e-08,30
7877,8.84294833687,120,0.294764944562,2.18661841415e-08,30
7878,9.6376195399,120,0.321253984663,2.59727766765e-08,30
7879,8.71460680578,120,0.290486893526,2.12360832665e-08,30
7880,8.22982880213,120,0.274327626738,1.89391475587e-08,30
7881,7.99701751053,120,0.266567250351,1.78827752975e-08,30
7882,7.7929903723,120,0.259766345743,1.69819322928e-08,30
7883,7.84637666006,120,0.261545888669,1.72154004851e-08,30
7884,7.55134176562,120,0.251711392187,1.59450938014e-08,30
7885,7.83473737313,120,0.261157912438,1.71643638406e-08,30
7886,7.33226037444,120,0.244408679148,1.50333089597e-08,30
7887,7.09684495006,120,0.236561498335,1.40834630792e-08,30
7888,7.39315591787,120,0.246438530596,1.52840537493e-08,30
7889,7.99271334869,120,0.26642377829,1.78635307115e-08,30
7890,7.43605448475,120,0.247868482825,1.54619388756e-08,30
7891,7.84887267233,120,0.261629089078,1.72263550154e-08,30
7892,7.95258598068,120,0.265086199356,1.76846134769e-08,30
7893,7.5807965732,120,0.252693219107,1.60697274527e-08,30
7894,7.62432622374,120,0.254144207458,1.62548050864e-08,30
7895,7.24878825615,120,0.241626275205,1.46929720752e-08,30
7896,7.62802183563,120,0.254267394521,1.6270566744e-08,30
7897,7.44466603395,120,0.248155534465,1.54977719502e-08,30
7898,8.60696302178,120,0.286898767393,2.07147024706e-08,30
7899,9.36384242297,120,0.312128080766,2.45181116819e-08,30
7900,8.74956318487,120,0.291652106162,2.14067910078e-08,30
7901,8.38672713532,120,0.279557571177,1.96681654209e-08,30
7902,8.91209960071,120,0.29706998669,2.22095054797e-08,30
7903,8.67115748628,120,0.289038582876,2.10248532699e-08,30
7904,8.20741123509,120,0.273580374503,1.88361098482e-08,30
7905,7.53307816624,120,0.251102605541,1.58680577859e-08,30
7906,7.55833371079,120,0.251944457026,1.59746352628e-08,30
7907,7.36683303762,120,0.245561101254,1.51754116207e-08,30
7908,7.02309629824,120,0.234103209941,1.37922802236e-08,30
7909,6.58775295269,120,0.21959176509,1.21353815131e-08,30
7910,6.48835202735,120,0.216278400912,1.17719290205e-08,30
7911,6.48031334056,120,0.216010444685,1.17427776339e-08,30
7912,6.47491503476,120,0.215830501159,1.1723221573e-08,30
7913,6.47067841424,120,0.215689280475,1.17078852815e-08,30
7914,6.53853047724,120,0.217951015908,1.19547123411e-08,30
7915,6.56252046667,120,0.218750682222,1.20425973938e-08,30
7916,6.6005428071,120,0.22001809357,1.21825479538e-08,30
7917,7.15381021253,120,0.238460340418,1.43104619828e-08,30
7918,6.94125311687,120,0.231375103896,1.34726984259e-08,30
7919,7.19325337017,120,0.239775112339,1.44687009807e-08,30
7920,7.28277524243,120,0.242759174748,1.48310753019e-08,30
7921,7.26241069861,120,0.24208035662,1.47482481383e-08,30
7922,8.08005158821,120,0.26933505294,1.82560616137e-08,30
7923,7.94545821772,120,0.264848607257,1.76529268673e-08,30
7924,8.95782880379,120,0.29859429346,2.24380102502e-08,30
7925,7.96173390507,120,0.265391130169,1.77253223871e-08,30
7926,8.49492618657,120,0.283164206219,2.01789258647e-08,30
7927,7.870421401,120,0.262347380033,1.73210732331e-08,30
7928,7.68496329351,120,0.256165443117,1.65143855884e-08,30
7929,7.62598112023,120,0.254199370674,1.62618622187e-08,30
7930,7.33956880631,120,0.244652293544,1.50632928023e-08,30
7931,7.31013007493,120,0.243671002498,1.49426985485e-08,30
7932,7.06547554888,120,0.235515851629,1.39592350852e-08,30
7933,6.75057764336,120,0.225019254779,1.27426777147e-08,30
7934,7.03057190883,120,0.234352396961,1.38216577478e-08,30
7935,6.83989639706,120,0.227996546569,1.30821122958e-08,30
7936,6.7259670412,120,0.224198901373,1.2649935039e-08,30
7937,6.91712325014,120,0.230570775005,1.33791910002e-08,30
7938,6.8652078084,120,0.22884026028,1.31791135901e-08,30
7939,6.92842729293,120,0.230947576431,1.34229555885e-08,30
7940,6.87195659541,120,0.229065219847,1.32050375681e-08,30
7941,7.26729310714,120,0.242243103571,1.4768084851e-08,30
7942,7.26283654028,120,0.242094551343,1.47499777576e-08,30
7943,6.79325134415,120,0.226441711472,1.29042923159e-08,30
7944,7.85014209273,120,0.261671403091,1.72319276003e-08,30
7945,8.10960101167,120,0.270320033722,1.83898336589e-08,30
7946,8.6155866208,120,0.287186220693,2.07562327474e-08,30
7947,6.77641735043,120,0.225880578348,1.28404166808e-08,30
7948,7.19053859135,120,0.239684619712,1.4457781885e-08,30
7949,7.26421423425,120,0.242140474475,1.47555741613e-08,30
7950,7.42569452423,120,0.247523150808,1.54188855357e-08,30
7951,7.31324401816,120,0.243774800605,1.49554317353e-08,30
7952,6.79469063454,120,0.226489687818,1.2909760976e-08,30
7953,6.51816269776,120,0.217272089925,1.18803495454e-08,30
7954,6.55444571088,120,0.218481523696,1.20129803559e-08,30
7955,6.46523219196,120,0.215507739732,1.16881850561e-08,30
7956,6.45235672877,120,0.215078557626,1.16416775399e-08,30
7957,6.43334693561,120,0.214444897854,1.15731816745e-08,30
7958,6.43042038152,120,0.214347346051,1.15626547004e-08,30
7959,6.42577895727,120,0.214192631909,1.15459690673e-08,30
7960,6.41727107703,120,0.213909035901,1.15154150466e-08,30
7961,6.41312187412,120,0.213770729137,1.150052886e-08,30
7962,6.41006123932,120,0.213668707977,1.14895543237e-08,30
7963,6.40325719263,120,0.213441906421,1.14651757816e-08,30
7964,6.40204387454,120,0.213401462485,1.14608312467e-08,30
7965,6.40035150713,120,0.213345050238,1.14547727522e-08,30
7966,6.91561911359,120,0.23052063712,1.33733729913e-08,30
7967,7.44730228285,120,0.248243409428,1.55087498014e-08,30
7968,7.93402970911,120,0.26446765697,1.76021805093e-08,30
7969,8.42571890315,120,0.280857296772,1.98514739425e-08,30
7970,7.37436521503,120,0.245812173834,1.52064595151e-08,30
7971,7.07688928846,120,0.235896309615,1.40043716831e-08,30
7972,7.33582998518,120,0.244527666173,1.50479500446e-08,30
7973,7.61395525662,120,0.253798508554,1.62106140614e-08,30
7974,7.63018092477,120,0.254339364159,1.62797787196e-08,30
7975,8.02837662606,120,0.267612554202,1.80232995715e-08,30
7976,8.00000964942,120,0.266666988314,1.78961597267e-08,30
7977,8.29669883476,120,0.276556627825,1.92481713917e-08,30
7978,7.90459054778,120,0.263486351593,1.74717973183e-08,30
7979,7.27035874328,120,0.242345291443,1.47805470217e-08,30
7980,6.6024903268,120,0.220083010893,1.2189738045e-08,30
7981,6.89632468812,120,0.229877489604,1.32988542554e-08,30
7982,7.07344754763,120,0.235781584921,1.39907533558e-08,30
7983,6.83958726791,120,0.227986242264,1.30809298302e-08,30
7984,6.74977533969,120,0.224992511323,1.27396489695e-08,30
7985,7.03669571242,120,0.234556523747,1.38457462517e-08,30
7986,7.2603413872,120,0.242011379573,1.47398447661e-08,30
7987,8.02757940715,120,0.267585980238,1.80197203169e-08,30
7988,8.11512034382,120,0.270504011461,1.84148741362e-08,30
7989,7.99891479926,120,0.266630493309,1.78912616645e-08,30
7990,7.90658692641,120,0.263552897547,1.7480623766e-08,30
7991,7.96543341104,120,0.265514447035,1.77417987405e-08,30
7992,8.36424216101,120,0.278808072034,1.95628453448e-08,30
7993,8.77960491739,120,0.292653497246,2.15540443316e-08,30
7994,9.26156089155,120,0.308718696385,2.39854128637e-08,30
7995,9.46577123961,120,0.315525707987,2.5054793914e-08,30
7996,9.65604162844,120,0.321868054281,2.60721643074e-08,30
7997,9.93752896104,120,0.331250965368,2.76144018365e-08,30
7998,11.2947344141,120,0.376491147138,3.56722803301e-08,30
7999,9.96979228797,120,0.332326409599,2.77939995484e-08,30
8000,10.0867362457,120,0.336224541524,2.84498614123e-08,30
8001,8.58906656215,120,0.286302218738,2.06286478619e-08,30
8002,8.43646468818,120,0.281215489606,1.99021415955e-08,30
8003,9.05288867146,120,0.301762955715,2.29167583296e-08,30
8004,7.85188278662,120,0.261729426221,1.72395704777e-08,30
8005,7.62626648021,120,0.254208882674,1.62630792611e-08,30
8006,6.53482531087,120,0.217827510362,1.19411675092e-08,30
8007,6.39624845961,120,0.213208281987,1.14400909298e-08,30
8008,6.39002279405,120,0.213000759802,1.14178317824e-08,30
8009,6.37798361183,120,0.212599453728,1.13748485665e-08,30
8010,6.42097280076,120,0.214032426692,1.15287039287e-08,30
8011,6.49390411319,120,0.21646347044,1.17920841305e-08,30
8012,6.51009465201,120,0.217003155067,1.18509572499e-08,30
8013,6.3711884406,120,0.21237294802,1.135062371e-08,30
8014,6.36703236331,120,0.21223441211,1.1335819978e-08,30
8015,6.36229583482,120,0.212076527827,1.13189604868e-08,30
8016,6.35485839135,120,0.211828613045,1.12925125109e-08,30
8017,6.78648297262,120,0.226216099087,1.28785910634e-08,30
8018,7.18235433444,120,0.239411811148,1.4424888977e-08,30
8019,6.48907649974,120,0.216302549991,1.17745580128e-08,30
8020,6.7360456313,120,0.224534854377,1.2687874277e-08,30
8021,6.76380698228,120,0.225460232743,1.27926711802e-08,30
8022,7.39182182478,120,0.246394060826,1.52785382398e-08,30
8023,7.35592896262,120,0.245197632087,1.51305208618e-08,30
8024,6.91051351231,120,0.23035045041,1.33536339326e-08,30
8025,6.70476651053,120,0.223492217018,1.25703144675e-08,30
8026,6.86362553864,120,0.228787517955,1.31730393356e-08,30
8027,6.43844194442,120,0.214614731481,1.15915201265e-08,30
8028,6.35120089855,120,0.211706696618,1.12795176037e-08,30
8029,6.34453812511,120,0.21148460417,1.12558642973e-08,30
8030,6.3419109975,120,0.21139703325,1.12465446371e-08,30
8031,6.33843957988,120,0.211281319329,1.12342358021e-08,30
8032,6.33727741879,120,0.211242580626,1.12301165565e-08,30
8033,6.3343741745,120,0.211145805817,1.12198293932e-08,30
8034,6.32676463641,120,0.210892154547,1.11928886303e-08,30
8035,6.44694835959,120,0.214898278653,1.16221695972e-08,30
8036,6.43852395813,120,0.214617465271,1.1591815437e-08,30
8037,6.6922676806,120,0.223075589353,1.25234917247e-08,30
8038,6.41455019703,120,0.213818339901,1.15056521989e-08,30
8039,6.99583947106,120,0.233194649035,1.3685431541e-08,30
8040,7.13338352867,120,0.237779450956,1.42288556941e-08,30
8041,7.33066061879,120,0.24435535396,1.50267497279e-08,30
8042,7.8176682438,120,0.26058894146,1.70896551219e-08,30
8043,8.09582277368,120,0.269860759123,1.83273979711e-08,30
8044,8.68757809911,120,0.289585936637,2.11045584e-08,30
8045,9.44338996787,120,0.314779665596,2.49364527463e-08,30
8046,8.90367637964,120,0.296789212655,2.21675429398e-08,30
8047,7.39689984904,120,0.246563328301,1.52995375115e-08,30
8048,7.73018853517,120,0.257672951172,1.6709328536e-08,30
8049,7.1786539452,120,0.23928846484,1.44100292385e-08,30
8050,7.78482352014,120,0.259494117338,1.69463576924e-08,30
8051,7.19205153535,120,0.239735051178,1.44638665796e-08,30
8052,7.61201663763,120,0.253733887921,1.62023602164e-08,30
8053,7.42516991776,120,0.247505663925,1.54167070024e-08,30
8054,7.32139666124,120,0.244046555375,1.49887942915e-08,30
8055,7.29983725547,120,0.243327908516,1.49006488947e-08,30
8056,7.19252866704,120,0.239750955568,1.44657857532e-08,30
8057,7.2760080708,120,0.24253360236,1.48035259682e-08,30
8058,7.13582159311,120,0.23786071977,1.42385836992e-08,30
8059,7.91864951513,120,0.263954983838,1.75340026579e-08,30
8060,8.18359116946,120,0.272786372315,1.87269338193e-08,30
8061,8.48096889543,120,0.282698963181,2.0112671782e-08,30
8062,8.33775847993,120,0.277925282664,1.94391578849e-08,30
8063,8.60492724727,120,0.286830908242,2.0704904479e-08,30
8064,8.29206458992,120,0.276402152997,1.92266746907e-08,30
8065,8.69208597601,120,0.2897361992,2.11264658713e-08,30
8066,8.14913043425,120,0.271637681142,1.8569549332e-08,30
8067,9.02533504052,120,0.300844501351,2.27774704205e-08,30
8068,9.38958750552,120,0.312986250184,2.46531179164e-08,30
8069,8.96239763809,120,0.298746587936,2.2460904569e-08,30
8070,8.85400042591,120,0.29513334753,2.19208758631e-08,30
8071,9.27272648568,120,0.309090882856,2.40432806083e-08,30
8072,8.83302072456,120,0.294434024152,2.18171151799e-08,30
8073,8.96265859122,120,0.298755286374,2.24622125513e-08,30
8074,8.93702012482,120,0.297900670827,2.23338861234e-08,30
8075,7.81234545731,120,0.260411515244,1.70663915054e-08,30
8076,6.89935339828,120,0.229978446609,1.33105379337e-08,30
8077,6.51966026469,120,0.217322008823,1.18858092626e-08,30
8078,6.32058560888,120,0.210686186963,1.11710362625e-08,30
8079,6.3141168031,120,0.210470560103,1.11481819608e-08,30
8080,6.30859888851,120,0.210286629617,1.11287056543e-08,30
8081,7.05416235173,120,0.235138745058,1.39145679869e-08,30
8082,6.53265492286,120,0.217755164095,1.19332368724e-08,30
8083,6.34663302848,120,0.211554434283,1.12632986732e-08,30
8084,6.5059164097,120,0.216863880323,1.18357500114e-08,30
8085,6.75018714158,120,0.225006238053,1.27412035018e-08,30
8086,6.98119178772,120,0.232706392924,1.36281832264e-08,30
8087,6.90029106053,120,0.230009702018,1.33141561386e-08,30
8088,7.11801730523,120,0.237267243508,1.4167620158e-08,30
8089,7.22668632268,120,0.240889544089,1.46035093952e-08,30
8090,7.0580458884,120,0.23526819628,1.39298930126e-08,30
8091,7.5733840695,120,0.25244613565,1.60383168544e-08,30
8092,7.57345677827,120,0.252448559276,1.60386248097e-08,30
8093,7.9302294623,120,0.264340982077,1.75853223394e-08,30
8094,8.05566473113,120,0.268522157704,1.81460286251e-08,30
8095,7.67470617401,120,0.255823539134,1.6470331511e-08,30
8096,7.49477883551,120,0.249825961184,1.57071166492e-08,30
8097,7.46782934777,120,0.248927644926,1.55943614326e-08,30
8098,8.13736288785,120,0.271245429595,1.8515958274e-08,30
8099,7.81434130788,120,0.260478043596,1.70751126553e-08,30
8100,7.66994635446,120,0.255664878482,1.64499081895e-08,30
8101,7.30184844034,120,0.243394948011,1.49088606086e-08,30
8102,7.08369747716,120,0.236123249239,1.40313299308e-08,30
8103,7.45447756746,120,0.248482585582,1.55386487627e-08,30
8104,7.01975073362,120,0.233991691121,1.37791430054e-08,30
8105,6.92028187572,120,0.230676062524,1.33914127005e-08,30
8106,7.03009132453,120,0.234336377484,1.3819768216e-08,30
8107,6.96057406663,120,0.232019135554,1.35478052126e-08,30
8108,6.93952705327,120,0.231317568442,1.34659988163e-08,30
8109,6.96568544195,120,0.232189514732,1.35677097038e-08,30
8110,7.03984615064,120,0.234661538355,1.38581469394e-08,30
8111,7.12009047146,120,0.237336349049,1.41758741725e-08,30
8112,7.16910885542,120,0.238970295181,1.43717341541e-08,30
8113,7.39942098657,120,0.246647366219,1.53099685873e-08,30
8114,7.71207156899,120,0.2570690523,1.66310982059e-08,30
8115,7.93002965059,120,0.264334321686,1.75844361838e-08,30
8116,7.9014241905,120,0.26338080635,1.74578026979e-08,30
8117,8.00997277669,120,0.266999092556,1.79407628591e-08,30
8118,8.45404029459,120,0.281801343153,1.99851518562e-08,30
8119,8.12896543095,120,0.270965514365,1.84777624272e-08,30
8120,8.58070073224,120,0.286023357741,2.05884824463e-08,30
8121,8.46820478672,120,0.282273492891,2.00521770092e-08,30
8122,8.51586499006,120,0.283862166335,2.02785249156e-08,30
8123,7.98935145852,120,0.266311715284,1.78485063773e-08,30
8124,7.94030591389,120,0.264676863796,1.7630039892e-08,30
8125,7.44939105054,120,0.248313035018,1.55174505946e-08,30
8126,7.78003235449,120,0.259334411816,1.6925504857e-08,30
8127,7.08406197716,120,0.236135399239,1.40327739652e-08,30
8128,7.02767498958,120,0.234255832986,1.3810269776e-08,30
8129,6.87065682913,120,0.229021894304,1.32000428219e-08,30
8130,7.300898017,120,0.243363267233,1.49049797264e-08,30
8131,6.98099254195,120,0.232699751398,1.36274053309e-08,30
8132,7.21728857511,120,0.240576285837,1.45655526184e-08,30
8133,7.2720585245,120,0.242401950817,1.47874590969e-08,30
8134,7.22306981434,120,0.240768993811,1.45888967509e-08,30
8135,7.56042031705,120,0.252014010568,1.59834566185e-08,30
8136,7.2349898303,120,0.241166327677,1.46370877216e-08,30
8137,7.21621068526,120,0.240540356175,1.4561202262e-08,30
8138,7.74702003721,120,0.25823400124,1.67821726281e-08,30
8139,7.39142384393,120,0.246380794798,1.52768930698e-08,30
8140,7.88961113539,120,0.262987037846,1.7405641007e-08,30
8141,8.32294720538,120,0.277431573513,1.93701554127e-08,30
8142,8.45487524857,120,0.281829174952,1.99890996742e-08,30
8143,7.72657242785,120,0.257552414262,1.66936992684e-08,30
8144,7.44316413071,120,0.248105471024,1.5491519472e-08,30
8145,7.74989608597,120,0.258329869532,1.67946355637e-08,30
8146,7.41255453881,120,0.247085151294,1.53643654706e-08,30
8147,7.26053890228,120,0.242017963409,1.47406467618e-08,30
8148,7.15819952104,120,0.238606650701,1.43280280911e-08,30
8149,6.92434126556,120,0.230811375519,1.34071279299e-08,30
8150,6.80670560481,120,0.226890186827,1.2955457695e-08,30
8151,6.82047174194,120,0.227349058065,1.30079138948e-08,30
8152,6.63536532112,120,0.221178844037,1.23114300798e-08,30
8153,6.59224453556,120,0.219741484519,1.21519351555e-08,30
8154,6.60465233237,120,0.220155077746,1.21977224857e-08,30
8155,6.59833104823,120,0.219944368274,1.21743848845e-08,30
8156,6.59833104823,120,0.219944368274,1.21743848845e-08,30
8157,6.77328644598,120,0.225776214866,1.28285541203e-08,30
8158,6.8285498663,120,0.227618328877,1.3038745127e-08,30
8159,6.933464762,120,0.231115492067,1.34424816086e-08,30
8160,7.47772737899,120,0.2492575793,1.56357270721e-08,30
8161,7.41681879931,120,0.24722729331,1.53820480392e-08,30
8162,7.98115136859,120,0.266038378953,1.78118865721e-08,30
8163,7.73606424221,120,0.257868808074,1.6734739671e-08,30
8164,7.51033739032,120,0.250344579677,1.57723977461e-08,30
8165,7.84597827139,120,0.261532609046,1.72136523543e-08,30
8166,7.78091121678,120,0.259363707226,1.69293290129e-08,30
8167,7.62955944889,120,0.254318648296,1.62771268617e-08,30
8168,7.88757238499,120,0.2629190795,1.73966466036e-08,30
8169,7.74019944136,120,0.258006648045,1.67526350696e-08,30
8170,7.47044406304,120,0.249014802101,1.56052834693e-08,30
8171,7.41205241807,120,0.247068413936,1.53622840005e-08,30
8172,7.08280944849,120,0.236093648283,1.40278121515e-08,30
8173,6.94286275409,120,0.23142875847,1.3478947635e-08,30
8174,6.94618837517,120,0.231539612506,1.34918635199e-08,30
8175,6.99780097791,120,0.233260032597,1.36931069118e-08,30
8176,7.08104697125,120,0.236034899042,1.40208316944e-08,30
8177,6.99145471018,120,0.233048490339,1.36682817651e-08,30
8178,6.97334606574,120,0.232444868858,1.35975687245e-08,30
8179,7.00481472418,120,0.233493824139,1.37205692838e-08,30
8180,6.92930938426,120,0.230976979475,1.34263736879e-08,30
8181,7.24451677927,120,0.241483892642,1.4675660989e-08,30
8182,7.08396687697,120,0.236132229232,1.4032397201e-08,30
8183,7.32540114201,120,0.244180038067,1.50051951931e-08,30
8184,7.25182366528,120,0.241727455509,1.47052799308e-08,30
8185,7.74590184059,120,0.25819672802,1.67773283359e-08,30
8186,8.03557346877,120,0.267852448959,1.80556271506e-08,30
8187,8.44528106802,120,0.281509368934,1.99437601003e-08,30
8188,8.50737222902,120,0.283579074301,2.02380980676e-08,30
8189,8.17819201898,120,0.272606400633,1.87022316616e-08,30
8190,8.43573522816,120,0.281191174272,1.98987000618e-08,30
8191,7.75622233651,120,0.25854074455,1.68220657218e-08,30
8192,7.65704003083,120,0.255234667694,1.63945937969e-08,30
8193,7.89618394076,120,0.263206131359,1.74346542356e-08,30
8194,7.58190882852,120,0.252730294284,1.60744433031e-08,30
8195,7.24674163327,120,0.241558054442,1.4684676419e-08,30
8196,7.26025412862,120,0.242008470954,1.47394904659e-08,30
8197,7.38941206052,120,0.246313735351,1.52685781312e-08,30
8198,7.48036052977,120,0.249345350992,1.56467407059e-08,30
8199,7.1491283721,120,0.23830427907,1.4291737031e-08,30
8200,6.94867362511,120,0.23162245417,1.35015196506e-08,30
8201,7.15494505636,120,0.238498168545,1.43150026198e-08,30
8202,7.24746302528,120,0.241582100843,1.4687600198e-08,30
8203,7.19013741116,120,0.239671247039,1.44561686501e-08,30
8204,7.04877954782,120,0.234959318261,1.38933405724e-08,30
8205,7.31820314855,120,0.243940104952,1.49757212489e-08,30
8206,7.33976936962,120,0.244658978987,1.50641160619e-08,30
8207,7.46783931655,120,0.248927977218,1.55944030663e-08,30
8208,7.63750481998,120,0.254583493999,1.63110462917e-08,30
8209,8.23503265092,120,0.274501088364,1.89631061663e-08,30
8210,8.70417646694,120,0.290139215565,2.11852795997e-08,30
8211,8.68482029135,120,0.289494009712,2.10911615531e-08,30
8212,8.53375518979,120,0.284458506326,2.03638169991e-08,30
8213,8.06320952097,120,0.268773650699,1.81800350268e-08,30
8214,8.37392304362,120,0.279130768121,1.96081561344e-08,30
8215,8.17871087304,120,0.272623695768,1.87046048112e-08,30
8216,8.29558974694,120,0.276519658231,1.92430256136e-08,30
8217,7.8612385409,120,0.262041284697,1.7280677886e-08,30
8218,8.00083447542,120,0.266694482514,1.7899850217e-08,30
8219,7.66740391963,120,0.255580130654,1.64390043616e-08,30
8220,7.74815989396,120,0.258271996465,1.67871114768e-08,30
8221,7.18978613753,120,0.239659537918,1.44547561745e-08,30
8222,7.39355068478,120,0.246451689493,1.52856860156e-08,30
8223,7.3082393947,120,0.243607979823,1.49349700373e-08,30
8224,7.02815837709,120,0.234271945903,1.38121696765e-08,30
8225,6.94339306254,120,0.231446435418,1.34810068066e-08,30
8226,7.20134584465,120,0.240044861488,1.45012741293e-08,30
8227,7.5453494347,120,0.251511647823,1.59197975373e-08,30
8228,7.33842383784,120,0.244614127928,1.5058593439e-08,30
8229,7.51821508372,120,0.250607169457,1.58055028574e-08,30
8230,7.53644251789,120,0.251214750596,1.58822346327e-08,30
8231,7.26921930518,120,0.242307310173,1.47759144584e-08,30
8232,8.09806097597,120,0.269935365866,1.83375330977e-08,30
8233,7.5967333731,120,0.25322444577,1.61373639399e-08,30
8234,7.75295927455,120,0.258431975818,1.68079145297e-08,30
8235,7.91172583021,120,0.26372419434,1.75033542913e-08,30
8236,8.6971026019,120,0.289903420063,2.1150859132e-08,30
8237,8.21358536482,120,0.273786178827,1.8864459915e-08,30
8238,8.34248532459,120,0.278082844153,1.94612050396e-08,30
8239,7.88182316055,120,0.262727438685,1.73712951343e-08,30
8240,7.90135507738,120,0.263378502579,1.74574972952e-08,30
8241,7.66923028839,120,0.255641009613,1.64468368066e-08,30
8242,7.21959224432,120,0.240653074811,1.45748523907e-08,30
8243,7.21374431083,120,0.240458143694,1.45512504351e-08,30
8244,7.20024707655,120,0.240008235885,1.44968493115e-08,30
8245,6.79331607211,120,0.22644386907,1.29045382283e-08,30
8246,6.79114273968,120,0.226371424656,1.28962826533e-08,30
8247,6.79114273968,120,0.226371424656,1.28962826533e-08,30
8248,6.79114273968,120,0.226371424656,1.28962826533e-08,30
8249,6.79114273968,120,0.226371424656,1.28962826533e-08,30
8250,6.79114273968,120,0.226371424656,1.28962826533e-08,30
8251,6.98056340377,120,0.232685446792,1.36257299645e-08,30
8252,6.79114273968,120,0.226371424656,1.28962826533e-08,30
8253,6.86048190193,120,0.228682730064,1.31609752256e-08,30
8254,7.20606430283,120,0.240202143428,1.45202833738e-08,30
8255,7.28623617475,120,0.242874539158,1.48451747468e-08,30
8256,8.07054335326,120,0.269018111775,1.8213121098e-08,30
8257,8.85003829421,120,0.295001276474,2.19012612347e-08,30
8258,8.18999512852,120,0.272999837617,1.87562543068e-08,30
8259,9.05314748908,120,0.301771582969,2.29180687059e-08,30
8260,7.23879518915,120,0.241293172972,1.46524889925e-08,30
8261,7.18040791787,120,0.239346930596,1.44170717525e-08,30
8262,7.08730729629,120,0.236243576543,1.40456341749e-08,30
8263,6.99741511702,120,0.233247170567,1.36915968692e-08,30
8264,6.82244514519,120,0.227414838173,1.30154422812e-08,30
8265,6.94991082701,120,0.231663694234,1.35063279331e-08,30
8266,6.83573416046,120,0.227857805349,1.30661955987e-08,30
8267,6.89711171241,120,0.229903723747,1.33018898197e-08,30
8268,6.84777932132,120,0.228259310711,1.31122837252e-08,30
8269,6.84777932132,120,0.228259310711,1.31122837252e-08,30
8270,6.84777932132,120,0.228259310711,1.31122837252e-08,30
8271,6.84777932132,120,0.228259310711,1.31122837252e-08,30
8272,6.84777932132,120,0.228259310711,1.31122837252e-08,30
8273,6.84777932132,120,0.228259310711,1.31122837252e-08,30
8274,6.84777932132,120,0.228259310711,1.31122837252e-08,30
8275,6.84777932132,120,0.228259310711,1.31122837252e-08,30
8276,6.84777932132,120,0.228259310711,1.31122837252e-08,30
8277,6.87397376538,120,0.229132458846,1.32127910264e-08,30
8278,6.95158692356,120,0.231719564119,1.35128433086e-08,30
8279,6.98843683215,120,0.232947894405,1.36564844192e-08,30
8280,6.98350042323,120,0.232783347441,1.3637198223e-08,30
8281,7.37195427541,120,0.24573180918,1.51965180865e-08,30
8282,7.51508409735,120,0.250502803245,1.57923410872e-08,30
8283,8.04993778126,120,0.268331259375,1.81202369718e-08,30
8284,7.5631682823,120,0.25210560941,1.59950776564e-08,30
8285,7.37782680497,120,0.245927560166,1.52207389494e-08,30
8286,7.17481646698,120,0.239160548899,1.43946270772e-08,30
8287,7.05560664234,120,0.235186888078,1.39202663919e-08,30
8288,6.92483546342,120,0.230827848781,1.34090417611e-08,30
8289,6.91494577912,120,0.230498192637,1.33707689397e-08,30
8290,6.91494577912,120,0.230498192637,1.33707689397e-08,30
8291,6.91494577912,120,0.230498192637,1.33707689397e-08,30
8292,6.91494577912,120,0.230498192637,1.33707689397e-08,30
8293,6.91494577912,120,0.230498192637,1.33707689397e-08,30
8294,6.91927634334,120,0.230642544778,1.3387521379e-08,30
8295,6.91927634334,120,0.230642544778,1.3387521379e-08,30
8296,6.91927634334,120,0.230642544778,1.3387521379e-08,30
8297,6.91927634334,120,0.230642544778,1.3387521379e-08,30
8298,6.91927634334,120,0.230642544778,1.3387521379e-08,30
8299,6.91927634334,120,0.230642544778,1.3387521379e-08,30
8300,6.91927634334,120,0.230642544778,1.3387521379e-08,30
8301,6.91927634334,120,0.230642544778,1.3387521379e-08,30
8302,6.97951538434,120,0.232650512811,1.36216389028e-08,30
8303,7.11133148883,120,0.237044382961,1.41410179125e-08,30
8304,7.02918522121,120,0.23430617404,1.3816206006e-08,30
8305,7.40064300107,120,0.246688100036,1.5315025888e-08,30
8306,8.0453565404,120,0.268178551347,1.8099618291e-08,30
8307,8.49972851682,120,0.283324283894,2.02017473125e-08,30
8308,8.65419940882,120,0.288473313627,2.09426975832e-08,30
8309,8.47496143317,120,0.282498714439,2.00841884035e-08,30
8310,7.57687937079,120,0.252562645693,1.60531244187e-08,30
8311,7.29127549054,120,0.243042516351,1.48657163246e-08,30
8312,7.10042217769,120,0.236680739256,1.40976644464e-08,30
8313,6.99872414921,120,0.233290804974,1.36967200231e-08,30
8314,6.9492273915,120,0.23164091305,1.35036717119e-08,30
8315,6.9492273915,120,0.23164091305,1.35036717119e-08,30
8316,6.9492273915,120,0.23164091305,1.35036717119e-08,30
8317,6.9492273915,120,0.23164091305,1.35036717119e-08,30
8318,6.9492273915,120,0.23164091305,1.35036717119e-08,30
8319,6.9492273915,120,0.23164091305,1.35036717119e-08,30
8320,6.9492273915,120,0.23164091305,1.35036717119e-08,30
8321,6.9492273915,120,0.23164091305,1.35036717119e-08,30
8322,6.9492273915,120,0.23164091305,1.35036717119e-08,30
8323,6.9492273915,120,0.23164091305,1.35036717119e-08,30
8324,6.9492273915,120,0.23164091305,1.35036717119e-08,30
8325,6.9492273915,120,0.23164091305,1.35036717119e-08,30
8326,6.9492273915,120,0.23164091305,1.35036717119e-08,30
8327,7.12631656287,120,0.237543885429,1.42006769128e-08,30
8328,7.03204687418,120,0.234401562473,1.38274577325e-08,30
8329,7.3035202245,120,0.24345067415,1.49156882634e-08,30
8330,8.3488723633,120,0.278295745443,1.94910155929e-08,30
8331,8.55451475863,120,0.285150491954,2.04630132483e-08,30
8332,7.98276789675,120,0.266092263225,1.78191026568e-08,30
8333,8.21286713529,120,0.273762237843,1.88611608881e-08,30
8334,8.3974725456,120,0.27991575152,1.97185969882e-08,30
8335,8.10086480383,120,0.270028826794,1.83502334681e-08,30
8336,7.67407572326,120,0.255802524109,1.64676256598e-08,30
8337,7.59135432997,120,0.253045144332,1.61145191616e-08,30
8338,7.29562612717,120,0.243187537572,1.48834620882e-08,30
8339,7.26649794695,120,0.242216598232,1.47648532899e-08,30
8340,7.38853174103,120,0.246284391368,1.52649403786e-08,30
8341,6.99369767323,120,0.233123255774,1.36770531495e-08,30
8342,6.99369767323,120,0.233123255774,1.36770531495e-08,30
8343,6.99369767323,120,0.233123255774,1.36770531495e-08,30
8344,6.99369767323,120,0.233123255774,1.36770531495e-08,30
8345,7.10212721422,120,0.236737573807,1.41044358519e-08,30
8346,7.13327813903,120,0.237775937968,1.42284352589e-08,30
8347,7.081470363,120,0.2360490121,1.40225084188e-08,30
8348,7.15517865226,120,0.238505955075,1.43159373524e-08,30
8349,7.18124678562,120,0.239374892854,1.44204405647e-08,30
8350,7.22593078059,120,0.240864359353,1.46004559932e-08,30
8351,7.35004749328,120,0.245001583109,1.51063351691e-08,30
8352,7.5079615292,120,0.250265384307,1.57624202718e-08,30
8353,7.95910796414,120,0.265303598805,1.77136319753e-08,30
8354,8.67928549623,120,0.289309516541,2.1064287523e-08,30
8355,8.47480280674,120,0.282493426891,2.00834365763e-08,30
8356,10.3410417987,120,0.344701393289,2.99024940562e-08,30
8357,9.10770150145,120,0.303590050048,2.31951081906e-08,30
8358,9.07952951829,120,0.302650983943,2.30518356939e-08,30
8359,8.55536959589,120,0.28517898653,2.04671031168e-08,30
8360,7.82630243454,120,0.260876747818,1.7127425163e-08,30
8361,7.36456220912,120,0.245485406971,1.51660574122e-08,30
8362,7.08802567309,120,0.236267522436,1.40484816792e-08,30
8363,7.08802567309,120,0.236267522436,1.40484816792e-08,30
8364,7.08802567309,120,0.236267522436,1.40484816792e-08,30
8365,7.08802567309,120,0.236267522436,1.40484816792e-08,30
8366,7.08802567309,120,0.236267522436,1.40484816792e-08,30
8367,7.08802567309,120,0.236267522436,1.40484816792e-08,30
8368,7.08802567309,120,0.236267522436,1.40484816792e-08,30
8369,7.08802567309,120,0.236267522436,1.40484816792e-08,30
8370,7.08802567309,120,0.236267522436,1.40484816792e-08,30
8371,7.08802567309,120,0.236267522436,1.40484816792e-08,30
8372,7.08802567309,120,0.236267522436,1.40484816792e-08,30
8373,7.08802567309,120,0.236267522436,1.40484816792e-08,30
8374,7.19488004483,120,0.239829334828,1.44752455939e-08,30
8375,7.27509695093,120,0.242503231698,1.47998187315e-08,30
8376,8.10577024987,120,0.270192341662,1.83724640168e-08,30
8377,8.1163673506,120,0.270545578353,1.84205339999e-08,30
8378,7.9280622434,120,0.264268741447,1.75757120159e-08,30
8379,10.246992848,120,0.341566428268,2.93610573808e-08,30
8380,9.69017100597,120,0.323005700199,2.62567946816e-08,30
8381,9.28408486883,120,0.309469495628,2.41022190559e-08,30
8382,8.64007828267,120,0.288002609422,2.08744086095e-08,30
8383,8.56451762087,120,0.285483920696,2.05108963558e-08,30
8384,8.08735275905,120,0.269578425302,1.8289069038e-08,30
8385,7.90766446389,120,0.263588815463,1.74853887325e-08,30
8386,8.11563388756,120,0.270521129585,1.84172048823e-08,30
8387,7.63894228257,120,0.254631409419,1.63171867069e-08,30
8388,7.20690098302,120,0.240230032767,1.45236554055e-08,30
8389,7.20690098302,120,0.240230032767,1.45236554055e-08,30
8390,7.20690098302,120,0.240230032767,1.45236554055e-08,30
8391,7.20690098302,120,0.240230032767,1.45236554055e-08,30
8392,7.20690098302,120,0.240230032767,1.45236554055e-08,30
8393,7.29036105827,120,0.243012035276,1.48619878032e-08,30
8394,7.20924637509,120,0.240308212503,1.45331100127e-08,30
8395,7.42109168683,120,0.247369722894,1.53997765817e-08,30
8396,8.54755002944,120,0.284918334315,2.04297065482e-08,30
8397,8.08899602416,120,0.269633200805,1.82965020864e-08,30
8398,8.38680244448,120,0.279560081483,1.96685186456e-08,30
8399,8.59316793002,120,0.286438931001,2.06483533498e-08,30
8400,8.38500105582,120,0.279500035194,1.966007041e-08,30
8401,8.49798435337,120,0.283266145112,2.0193457275e-08,30
8402,9.48464699987,120,0.316154899996,2.5154817421e-08,30
8403,8.66758301397,120,0.288919433799,2.1007522881e-08,30
8404,9.35697689768,120,0.311899229923,2.44821717336e-08,30
8405,10.1307395635,120,0.337691318783,2.86986275026e-08,30
8406,9.53170400363,120,0.317723466788,2.54050421811e-08,30
8407,9.97783674172,120,0.332594558057,2.78388706434e-08,30
8408,10.1768607353,120,0.339228691176,2.89605288696e-08,30
8409,8.94057611674,120,0.298019203891,2.23516627241e-08,30
8410,9.12218409782,120,0.304072803261,2.32689341664e-08,30
8411,8.54039322254,120,0.284679774085,2.03955095552e-08,30
8412,8.11083018152,120,0.270361006051,1.83954087648e-08,30
8413,8.04896484298,120,0.268298828099,1.81158571101e-08,30
8414,8.17797291115,120,0.272599097038,1.87012295451e-08,30
8415,8.11174875178,120,0.270391625059,1.83995756458e-08,30
8416,7.86882678021,120,0.262294226007,1.73140551221e-08,30
8417,7.72699724315,120,0.257566574772,1.66955349941e-08,30
8418,7.98201736116,120,0.266067245372,1.78157521292e-08,30
8419,8.19925682563,120,0.273308560854,1.87986995016e-08,30
8420,8.0787984985,120,0.269293283283,1.82503995931e-08,30
8421,8.35376815518,120,0.278458938506,1.95138814197e-08,30
8422,8.34830266468,120,0.278276755489,1.94883556827e-08,30
8423,8.31646023043,120,0.277215341014,1.9339972656e-08,30
8424,8.04190985044,120,0.268063661681,1.80841135935e-08,30
8425,8.416485435,120,0.2805495145,1.98079886282e-08,30
8426,9.21373157136,120,0.307124385712,2.37383176371e-08,30
8427,9.7640919387,120,0.32546973129,2.66589196551e-08,30
8428,10.0893264539,120,0.336310881798,2.8464474767e-08,30
8429,8.94206102413,120,0.298068700804,2.23590879514e-08,30
8430,9.28496618374,120,0.309498872791,2.41067951996e-08,30
8431,9.32689172358,120,0.310896390786,2.43249914169e-08,30
8432,9.32789341979,120,0.31092978066,2.43302166432e-08,30
8433,8.84501172387,120,0.294833724129,2.18763897114e-08,30
8434,8.26696257651,120,0.275565419217,1.91104436299e-08,30
8435,8.24518413511,120,0.27483947117,1.90098873589e-08,30
8436,7.91038546078,120,0.263679515359,1.74974241127e-08,30
8437,7.77926879542,120,0.259308959847,1.69221827658e-08,30
8438,7.4521544994,120,0.24840514998,1.55289655317e-08,30
8439,7.34058992527,120,0.244686330842,1.50674844611e-08,30
8440,7.35468313033,120,0.245156104344,1.51253961535e-08,30
8441,7.46006144653,120,0.248668714884,1.5561936359e-08,30
8442,7.41209657241,120,0.247069885747,1.53624670304e-08,30
8443,7.42427326709,120,0.24747577557,1.54129838375e-08,30
8444,7.5807321056,120,0.252691070187,1.60694541378e-08,30
8445,7.71204324591,120,0.257068108197,1.66309760486e-08,30
8446,7.84195999825,120,0.261398666608,1.71960251211e-08,30
8447,7.96667333933,120,0.265555777978,1.77473226761e-08,30
8448,8.00887986746,120,0.266962662249,1.79358673898e-08,30
8449,8.6494058378,120,0.288313527927,2.091950364e-08,30
8450,8.76581866954,120,0.292193955651,2.14864066419e-08,30
8451,8.54396081735,120,0.284798693912,2.04125528248e-08,30
8452,9.04611573811,120,0.30153719127,2.28824807369e-08,30
8453,8.86513726955,120,0.295504575652,2.19760560962e-08,30
8454,8.13213669944,120,0.271071223315,1.84921823128e-08,30
8455,9.01040563002,120,0.300346854334,2.27021772704e-08,30
8456,8.58626915571,120,0.286208971857,2.06152128013e-08,30
8457,8.37935141081,120,0.279311713694,1.96335862155e-08,30
8458,8.06411798238,120,0.268803932746,1.81841318546e-08,30
8459,7.65741364192,120,0.255247121397,1.63961937236e-08,30
8460,7.75779741765,120,0.258593247255,1.6828898638e-08,30
8461,7.32348567742,120,0.244116189247,1.49973490256e-08,30
8462,7.30288071277,120,0.243429357092,1.49130762792e-08,30
8463,7.30288071277,120,0.243429357092,1.49130762792e-08,30
8464,7.30288071277,120,0.243429357092,1.49130762792e-08,30
8465,7.30288071277,120,0.243429357092,1.49130762792e-08,30
8466,7.30288071277,120,0.243429357092,1.49130762792e-08,30
8467,7.30288071277,120,0.243429357092,1.49130762792e-08,30
8468,7.30288071277,120,0.243429357092,1.49130762792e-08,30
8469,7.30288071277,120,0.243429357092,1.49130762792e-08,30
8470,7.30288071277,120,0.243429357092,1.49130762792e-08,30
8471,7.28790300272,120,0.242930100091,1.48519676046e-08,30
8472,7.28242519221,120,0.242747506407,1.48296496101e-08,30
8473,7.27105959192,120,0.242368653064,1.47833967919e-08,30
8474,8.13181293597,120,0.271060431199,1.84907098895e-08,30
8475,8.15311654105,120,0.271770551368,1.85877201812e-08,30
8476,7.95069074645,120,0.265023024882,1.76761854031e-08,30
8477,8.88776033922,120,0.296258677974,2.20883612293e-08,30
8478,8.6534408619,120,0.28844802873,2.09390264586e-08,30
8479,9.02812942712,120,0.300937647571,2.27915771348e-08,30
8480,8.52148449382,120,0.284049483127,2.03052967928e-08,30
8481,8.06801660392,120,0.268933886797,1.82017184487e-08,30
8482,7.62855314068,120,0.254285104689,1.62728333697e-08,30
8483,7.5827931918,120,0.25275977306,1.60781934079e-08,30
8484,7.64971769903,120,0.254990589968,1.63632528987e-08,30
8485,7.42976164619,120,0.24765872154,1.54357802952e-08,30
8486,7.95983787841,120,0.26532792928,1.77168810896e-08,30
8487,7.38398884473,120,0.246132961491,1.52461746145e-08,30
8488,7.5720677946,120,0.25240225982,1.60327423321e-08,30
8489,7.50169949053,120,0.250056649684,1.57361378455e-08,30
8490,7.47439783334,120,0.249146594445,1.56218061909e-08,30
8491,7.73973425856,120,0.257991141952,1.67506214772e-08,30
8492,8.16757621297,120,0.272252540432,1.86537098356e-08,30
8493,8.46493807609,120,0.282164602536,2.0036709262e-08,30
8494,8.64191602453,120,0.288063867484,2.08832895137e-08,30
8495,8.76066732622,120,0.292022244207,2.14611605493e-08,30
8496,8.91762842219,120,0.29725428074,2.22370703601e-08,30
8497,8.22373558022,120,0.274124519341,1.89111135105e-08,30
8498,8.16149517805,120,0.272049839268,1.86259435484e-08,30
8499,8.76726363317,120,0.292242121106,2.14934908941e-08,30
8500,8.63314197075,120,0.287771399025,2.08409058367e-08,30
8501,8.44139972969,120,0.28137999099,1.99254325415e-08,30
8502,8.33546490864,120,0.277848830288,1.94284646123e-08,30
8503,9.85332658798,120,0.328444219599,2.71484213549e-08,30
8504,9.37777119877,120,0.312592373292,2.459110763e-08,30
8505,8.98398619627,120,0.299466206542,2.25692422203e-08,30
8506,9.05048797781,120,0.301682932594,2.2904605563e-08,30
8507,9.38651959321,120,0.31288398644,2.46370104468e-08,30
8508,9.04591783485,120,0.301530594495,2.28814795408e-08,30
8509,9.47162773131,120,0.315720924377,2.50858064075e-08,30
8510,8.37174231087,120,0.279058077029,1.95979447722e-08,30
8511,8.04039562293,120,0.268013187431,1.80773040458e-08,30
8512,7.9445813777,120,0.264819379257,1.76490308204e-08,30
8513,8.46162691983,120,0.282054230661,2.0021037157e-08,30
8514,8.35176845756,120,0.278392281919,1.95045401999e-08,30
8515,7.9773584863,120,0.265911949543,1.77949611103e-08,30
8516,7.87190675814,120,0.262396891938,1.73276117413e-08,30
8517,7.98627976807,120,0.266209325602,1.78347844758e-08,30
8518,8.03249504755,120,0.267749834918,1.80417956104e-08,30
8519,8.69466890989,120,0.289822296996,2.1139023587e-08,30
8520,8.0567114085,120,0.26855704695,1.81507443803e-08,30
8521,8.13152065399,120,0.271050688466,1.84893806892e-08,30
8522,7.86470852426,120,0.262156950809,1.7295936779e-08,30
8523,8.28406656137,120,0.276135552046,1.91896027818e-08,30
8524,8.22696153297,120,0.274232051099,1.89259530743e-08,30
8525,8.63987017555,120,0.287995672518,2.08734030489e-08,30
8526,8.78565449652,120,0.292855149884,2.15837581562e-08,30
8527,9.4658509013,120,0.315528363377,2.50552156261e-08,30
8528,9.50164586775,120,0.316721528925,2.52450657147e-08,30
8529,9.24774540953,120,0.308258180318,2.39139080944e-08,30
8530,8.59314942066,120,0.286438314022,2.06482643984e-08,30
8531,8.94761749095,120,0.298253916365,2.23868838096e-08,30
8532,9.04813535064,120,0.301604511688,2.28926992451e-08,30
8533,8.74629578401,120,0.2915431928,2.13908058652e-08,30
8534,8.71880921104,120,0.290626973701,2.12565693647e-08,30
8535,8.56444087011,120,0.285481362337,2.05105287414e-08,30
8536,8.87899702393,120,0.295966567464,2.20448245366e-08,30
8537,8.60836360376,120,0.286945453459,2.07214446861e-08,30
8538,8.75051596523,120,0.291683865508,2.14114534304e-08,30
8539,8.69709618012,120,0.289903206004,2.11508278972e-08,30
8540,9.00007463249,120,0.30000248775,2.26501481628e-08,30
8541,9.21740846576,120,0.307246948859,2.37572677666e-08,30
8542,9.77729409412,120,0.325909803137,2.67310601356e-08,30
8543,9.49040772907,120,0.316346924302,2.51853834712e-08,30
8544,9.49564643519,120,0.31652154784,2.52131958143e-08,30
8545,9.35127473032,120,0.311709157677,2.44523418205e-08,30
8546,9.43764747305,120,0.314588249102,2.49061344152e-08,30
8547,9.68532389782,120,0.322844129927,2.62305334953e-08,30
8548,9.8280962873,120,0.327603209577,2.70095675629e-08,30
8549,9.71055601498,120,0.323685200499,2.63673826139e-08,30
8550,9.46404266028,120,0.315468088676,2.50456440532e-08,30
8551,9.8363977603,120,0.327879925343,2.70552150382e-08,30
8552,10.2884212862,120,0.342947376208,2.95989499368e-08,30
8553,9.39652576699,120,0.313217525566,2.46895653056e-08,30
8554,9.68326085264,120,0.322775361755,2.62193600925e-08,30
8555,9.13050049609,120,0.304350016536,2.33113805656e-08,30
8556,9.2420279178,120,0.30806759726,2.38843473098e-08,30
8557,9.29943684786,120,0.309981228262,2.41819948643e-08,30
8558,8.92308019552,120,0.297436006517,2.22642678432e-08,30
8559,8.8749875236,120,0.295832917453,2.20249194113e-08,30
8560,8.57783054182,120,0.285927684727,2.05747113141e-08,30
8561,9.11132447736,120,0.303710815912,2.3213565544e-08,30
8562,8.71685978534,120,0.290561992845,2.12470649773e-08,30
8563,8.92450634863,120,0.297483544954,2.2271385294e-08,30
8564,8.87283859274,120,0.295761286425,2.20142547655e-08,30
8565,8.54130469158,120,0.284710156386,2.03998631879e-08,30
8566,8.55955441626,120,0.285318480542,2.04871307958e-08,30
8567,9.24000300018,120,0.308000100006,2.38738823906e-08,30
8568,8.58898854493,120,0.286299618164,2.06282731105e-08,30
8569,8.64062226509,120,0.28802074217,2.08770372127e-08,30
8570,9.16709841198,120,0.305569947066,2.34986337809e-08,30
8571,9.39017014254,120,0.313005671418,2.46561775321e-08,30
8572,10.1699426762,120,0.338998089206,2.89211684896e-08,30
8573,10.2981108773,120,0.343270362578,2.9654728519e-08,30
8574,8.77571344475,120,0.292523781492,2.15349413342e-08,30
8575,8.88033675559,120,0.296011225186,2.20514776253e-08,30
8576,8.6195372146,120,0.287317907153,2.07752722506e-08,30
8577,9.06931028707,120,0.302310342902,2.2999974093e-08,30
8578,8.87594931485,120,0.295864977162,2.20296933949e-08,30
8579,8.7874147118,120,0.292913823727,2.15924076806e-08,30
8580,8.68579470228,120,0.289526490076,2.10958945494e-08,30
8581,8.51904504382,120,0.283968168127,2.02936728401e-08,30
8582,8.2323228893,120,0.274410762977,1.89506284883e-08,30
8583,8.12665508164,120,0.270888502721,1.84672607171e-08,30
8584,8.27328801332,120,0.275776267111,1.91396993931e-08,30
8585,8.21422867296,120,0.273807622432,1.88674150523e-08,30
8586,8.20071690232,120,0.273357230077,1.88053952271e-08,30
8587,8.61158515453,120,0.287052838484,2.0736956967e-08,30
8588,8.78954092649,120,0.29298469755,2.16028580008e-08,30
8589,8.49199867268,120,0.283066622423,2.01650201743e-08,30
8590,9.25408934809,120,0.308469644936,2.39467291536e-08,30
8591,8.55622890088,120,0.285207630029,2.04712147725e-08,30
8592,8.43035451596,120,0.281011817199,1.98733234873e-08,30
8593,8.72607322961,120,0.290869107654,2.12920036615e-08,30
8594,9.55086691085,120,0.318362230362,2.55072954281e-08,30
8595,8.63091512199,120,0.287697170733,2.0830155739e-08,30
8596,9.9418881352,120,0.331396271173,2.76386336932e-08,30
8597,9.05117363397,120,0.301705787799,2.29080761557e-08,30
8598,9.11129122043,120,0.303709707348,2.32133960822e-08,30
8599,8.74936816923,120,0.291645605641,2.1405836763e-08,30
8600,9.1120471964,120,0.303734906547,2.32172483348e-08,30
8601,9.0092289514,120,0.300307631713,2.26962482538e-08,30
8602,8.67961511018,120,0.289320503673,2.10658874738e-08,30
8603,8.98255059987,120,0.299418353329,2.25620298908e-08,30
8604,8.57038123149,120,0.285679374383,2.05389911265e-08,30
8605,8.70549813149,120,0.29018327105,2.11917137429e-08,30
8606,8.19623774739,120,0.273207924913,1.8784858175e-08,30
8607,8.25986128624,120,0.275328709541,1.90776261303e-08,30
8608,8.48383599932,120,0.282794533311,2.01262727909e-08,30
8609,8.98843673992,120,0.299614557997,2.25916087456e-08,30
8610,8.88242090245,120,0.296080696748,2.2061829465e-08,30
8611,9.39743144209,120,0.313247714736,2.4694324895e-08,30
8612,9.03071039427,120,0.301023679809,2.28046103375e-08,30
8613,8.71012056409,120,0.290337352136,2.12142244077e-08,30
8614,9.15914530841,120,0.305304843614,2.34578780279e-08,30
8615,8.61228829185,120,0.287076276395,2.0740343457e-08,30
8616,9.20838041403,120,0.306946013801,2.37107521315e-08,30
8617,9.49739786846,120,0.316579928949,2.52224976144e-08,30
8618,10.1958514512,120,0.339861715041,2.90687143587e-08,30
8619,9.30481960334,120,0.310160653445,2.42099972991e-08,30
8620,10.2102460473,120,0.340341534911,2.9150851251e-08,30
8621,10.4598983607,120,0.348663278689,3.05938233411e-08,30
8622,9.84829558157,120,0.328276519386,2.71207050275e-08,30
8623,9.48207644129,120,0.31606921471,2.51411841947e-08,30
8624,9.41306446235,120,0.313768815412,2.47765533181e-08,30
8625,9.79669959483,120,0.326556653161,2.68372744677e-08,30
8626,8.81199981303,120,0.293733327101,2.17133975609e-08,30
8627,8.86761865032,120,0.295587288344,2.19883601571e-08,30
8628,9.07659672402,120,0.302553224134,2.30369460737e-08,30
8629,8.82513374862,120,0.294171124954,2.17781717093e-08,30
8630,8.63575856709,120,0.287858618903,2.08535409821e-08,30
8631,8.27390508315,120,0.275796836105,1.91425545993e-08,30
8632,8.08835160419,120,0.26961172014,1.82935869751e-08,30
8633,8.37287531727,120,0.279095843909,1.96032497848e-08,30
8634,8.24265399596,120,0.274755133199,1.89982222996e-08,30
8635,8.90170118068,120,0.296723372689,2.21577086985e-08,30
8636,8.64145650439,120,0.288048550146,2.08810687014e-08,30
8637,9.04146896491,120,0.30138229883,2.28589784091e-08,30
8638,8.77916536976,120,0.292638845659,2.15518861953e-08,30
8639,8.469563695,120,0.282318789833,2.00586131444e-08,30
8640,9.01580546404,120,0.300526848801,2.27293957391e-08,30
8641,9.75849250944,120,0.325283083648,2.66283521566e-08,30
8642,10.537582547,120,0.351252751566,3.10499428434e-08,30
8643,10.4942143548,120,0.349807145161,3.07948921413e-08,30
8644,9.57652029428,120,0.319217343143,2.56445033313e-08,30
8645,9.63355209927,120,0.321118403309,2.59508583109e-08,30
8646,10.0250975716,120,0.334169919052,2.81032173337e-08,30
8647,10.0988019549,120,0.33662673183,2.8517965317e-08,30
8648,9.20169811434,120,0.306723270478,2.36763519752e-08,30
8649,8.99777498919,120,0.299925832973,2.26385747906e-08,30
8650,8.05470583427,120,0.268490194476,1.81417088986e-08,30
8651,7.92013152708,120,0.264004384236,1.75405664117e-08,30
8652,7.91592164252,120,0.263864054751,1.75219242632e-08,30
8653,7.91592164252,120,0.263864054751,1.75219242632e-08,30
8654,7.90498271901,120,0.263499423967,1.74735310214e-08,30
8655,7.90498271901,120,0.263499423967,1.74735310214e-08,30
8656,7.90498271901,120,0.263499423967,1.74735310214e-08,30
8657,7.90498271901,120,0.263499423967,1.74735310214e-08,30
8658,7.9780278477,120,0.26593426159,1.77979475023e-08,30
8659,7.98344909017,120,0.266114969672,1.7822143901e-08,30
8660,8.34567516212,120,0.278189172071,1.94760902801e-08,30
8661,8.10791104459,120,0.270263701486,1.83821699094e-08,30
8662,8.52410888767,120,0.284136962922,2.0317805717e-08,30
8663,8.76434894188,120,0.292144964729,2.14792021764e-08,30
8664,8.75549198948,120,0.291849732983,2.14358118123e-08,30
8665,9.14378318557,120,0.304792772852,2.33792548413e-08,30
8666,10.4829190304,120,0.349430634348,3.07286363762e-08,30
8667,10.3521401517,120,0.34507133839,2.99667132187e-08,30
8668,11.9007335337,120,0.396691117791,3.96028360503e-08,30
8669,10.2335692061,120,0.341118973537,2.92841813318e-08,30
8670,8.97244816569,120,0.299081605523,2.25113086073e-08,30
8671,9.35132932232,120,0.311710977411,2.4452627323e-08,30
8672,10.0815719673,120,0.33605239891,2.84207369483e-08,30
8673,9.87491332381,120,0.32916377746,2.72675055548e-08,30
8674,10.1445011908,120,0.338150039693,2.8776649064e-08,30
8675,10.2393140624,120,0.341310468747,2.93170692971e-08,30
8676,10.0751544542,120,0.335838481807,2.83845655256e-08,30
8677,10.1969387639,120,0.339897958797,2.90749146191e-08,30
8678,9.93753513632,120,0.331251171211,2.76144361563e-08,30
8679,9.76561168788,120,0.325520389596,2.66672190493e-08,30
8680,10.5914772428,120,0.353049241425,3.13683662779e-08,30
8681,10.0310661727,120,0.334368872424,2.81366906894e-08,30
8682,10.7401226705,120,0.358004089016,3.22550195279e-08,30
8683,10.4057955151,120,0.346859850504,3.02781544645e-08,30
8684,10.396855549,120,0.346561851634,3.02261508678e-08,30
8685,10.7602572565,120,0.358675241882,3.23760703279e-08,30
8686,8.82812320614,120,0.294270773538,2.17929286405e-08,30
8687,10.7719512792,120,0.35906504264,3.24464798402e-08,30
8688,11.1917589121,120,0.373058630403,3.50247882242e-08,30
8689,11.2291957717,120,0.374306525723,3.52594986261e-08,30
8690,10.9245213523,120,0.364150711745,3.33721096081e-08,30
8691,12.6272381606,120,0.420907938687,4.45856978997e-08,30
8692,12.7902668163,120,0.426342227211,4.57444103952e-08,30
8693,12.9339965443,120,0.431133218143,4.67782862106e-08,30
8694,11.4362713036,120,0.381209043454,3.65719169472e-08,30
8695,12.8973351666,120,0.42991117222,4.65134761972e-08,30
8696,11.0518306778,120,0.368394355928,3.41544480056e-08,30
8697,10.5307265463,120,0.351024218211,3.10095523316e-08,30
8698,10.3649868577,120,0.345499561922,3.00411350132e-08,30
8699,10.1098100303,120,0.336993667675,2.8580170519e-08,30
8700,9.52426877346,120,0.317475625782,2.53654231029e-08,30
8701,9.26763108902,120,0.308921036301,2.40168641294e-08,30
8702,8.29298857195,120,0.276432952398,1.92309597735e-08,30
8703,8.07982381867,120,0.269327460622,1.82550323836e-08,30
8704,8.07982381867,120,0.269327460622,1.82550323836e-08,30
8705,8.07170947571,120,0.269056982524,1.82183847495e-08,30
8706,8.05795417775,120,0.268598472592,1.81563444138e-08,30
8707,8.5827078004,120,0.286090260013,2.05981150676e-08,30
8708,8.68253018174,120,0.289417672725,2.10800399174e-08,30
8709,8.17332287607,120,0.272444095869,1.86799683717e-08,30
8710,8.26796979145,120,0.275598993048,1.91151005996e-08,30
8711,8.19582638782,120,0.273194212927,1.87829726423e-08,30
8712,8.78843938752,120,0.292947979584,2.15974436342e-08,30
8713,8.52087865911,120,0.284029288637,2.03024096864e-08,30
8714,9.4550849071,120,0.315169496903,2.49982548918e-08,30
8715,10.2684410478,120,0.342281368261,2.948409853e-08,30
8716,10.4878997959,120,0.349596659863,3.07578436019e-08,30
8717,10.9741650038,120,0.365805500128,3.36761005249e-08,30
8718,10.2473722545,120,0.341579075151,2.93632316738e-08,30
8719,10.3936550962,120,0.346455169874,3.02075447654e-08,30
8720,10.163210776,120,0.338773692532,2.88828929578e-08,30
8721,9.98489440798,120,0.332829813599,2.78782673484e-08,30
8722,8.19873224276,120,0.273291074759,1.87962941225e-08,30
8723,8.04886419159,120,0.268295473053,1.81154040395e-08,30
8724,8.04411284482,120,0.268137094827,1.80940228459e-08,30
8725,8.39297472151,120,0.27976582405,1.96974794369e-08,30
8726,8.3439576255,120,0.27813192085,1.94680747618e-08,30
8727,8.15957541583,120,0.271985847194,1.86171821202e-08,30
8728,8.50400613556,120,0.283466871185,2.02220861075e-08,30
8729,9.22657067805,120,0.307552355935,2.38045212467e-08,30
8730,8.4674312464,120,0.282247708213,2.00485137867e-08,30
8731,8.28198384743,120,0.276066128248,1.9179955001e-08,30
8732,8.184044476,120,0.272801482533,1.87290085263e-08,30
8733,8.15893879033,120,0.271964626344,1.8614277138e-08,30
8734,8.65082822832,120,0.288360940944,2.09263846098e-08,30
8735,8.42151989427,120,0.280717329809,1.98316926643e-08,30
8736,8.34285381697,120,0.278095127232,1.94629243028e-08,30
8737,8.47637640795,120,0.282545880265,2.00908954529e-08,30
8738,8.7857197932,120,0.29285732644,2.15840789867e-08,30
8739,9.21787732914,120,0.307262577638,2.37596847575e-08,30
8740,9.52778931855,120,0.317592977285,2.53841786888e-08,30
8741,9.41069697279,120,0.313689899093,2.47640917323e-08,30
8742,9.96152129985,120,0.332050709995,2.77479026033e-08,30
8743,9.78231546469,120,0.326077182156,2.67585239768e-08,30
8744,9.48747661189,120,0.316249220396,2.51698288371e-08,30
8745,9.98363521008,120,0.332787840336,2.78712363192e-08,30
8746,8.61986865936,120,0.287328955312,2.07768700133e-08,30
8747,8.90473124083,120,0.296824374694,2.21727958409e-08,30
8748,8.31787130552,120,0.277262376851,1.93465361381e-08,30
8749,8.2792946587,120,0.275976488623,1.9167501428e-08,30
8750,8.2792946587,120,0.275976488623,1.9167501428e-08,30
8751,8.2792946587,120,0.275976488623,1.9167501428e-08,30
8752,8.2792946587,120,0.275976488623,1.9167501428e-08,30
8753,8.2792946587,120,0.275976488623,1.9167501428e-08,30
8754,8.2792946587,120,0.275976488623,1.9167501428e-08,30
8755,8.2792946587,120,0.275976488623,1.9167501428e-08,30
8756,8.2792946587,120,0.275976488623,1.9167501428e-08,30
8757,8.2792946587,120,0.275976488623,1.9167501428e-08,30
8758,8.2792946587,120,0.275976488623,1.9167501428e-08,30
8759,8.29360999622,120,0.276453666541,1.92338419753e-08,30
8760,8.2752763415,120,0.275842544717,1.91489002276e-08,30
8761,8.72149724458,120,0.290716574819,2.1269678306e-08,30
8762,9.48486922782,120,0.316162307594,2.51559962037e-08,30
8763,9.61893857166,120,0.320631285722,2.58721861984e-08,30
8764,8.97318047505,120,0.299106015835,2.25149833936e-08,30
8765,9.42739482252,120,0.314246494084,2.48520499221e-08,30
8766,9.59541138747,120,0.319847046249,2.57457782233e-08,30
8767,9.28439360589,120,0.309479786863,2.41038220943e-08,30
8768,9.52468414083,120,0.317489471361,2.5367635598e-08,30
8769,9.16901647081,120,0.30563388236,2.35084681855e-08,30
8770,9.53515801057,120,0.317838600352,2.54234575853e-08,30
8771,8.91813150851,120,0.297271050284,2.22395794311e-08,30
8772,9.04678584734,120,0.301559528245,2.28858709941e-08,30
8773,8.85670573919,120,0.29522352464,2.19342736254e-08,30
8774,9.29588958198,120,0.309862986066,2.41635499614e-08,30
8775,8.68420649741,120,0.289473549914,2.10881804506e-08,30
8776,8.5767122788,120,0.285890409293,2.05693471515e-08,30
8777,8.27355128621,120,0.275785042874,1.9140917541e-08,30
8778,8.79606446648,120,0.293202148883,2.16349369016e-08,30
8779,8.41426982945,120,0.280475660982,1.97975612561e-08,30
8780,8.55000109309,120,0.285000036436,2.04414249214e-08,30
8781,8.4702106665,120,0.28234035555,2.00616777289e-08,30
8782,8.39837428538,120,0.279945809513,1.97228320715e-08,30
8783,8.63285225171,120,0.287761741724,2.0839507063e-08,30
8784,9.02542867867,120,0.300847622622,2.2777943057e-08,30
8785,9.0822539077,120,0.302741796923,2.30656715648e-08,30
8786,9.0306705093,120,0.30102235031,2.28044089005e-08,30
8787,10.1070628585,120,0.336902095285,2.85646402631e-08,30
8788,9.55578521189,120,0.31852617373,2.55335725944e-08,30
8789,10.2684769319,120,0.342282564398,2.94843046008e-08,30
8790,9.59167208668,120,0.319722402889,2.57257160401e-08,30
8791,10.6865880007,120,0.356219600024,3.19342674645e-08,30
8792,10.4070602629,120,0.346902008763,3.0285515085e-08,30
8793,10.3453505984,120,0.344845019946,2.99274181795e-08,30
8794,9.58011807962,120,0.319337269321,2.56637756237e-08,30
8795,9.30097844559,120,0.310032614853,2.41900129839e-08,30
8796,9.36790418151,120,0.312263472717,2.4539386762e-08,30
8797,9.51499280525,120,0.317166426842,2.53160388853e-08,30
8798,9.08345370023,120,0.302781790008,2.30717660538e-08,30
8799,8.91915568134,120,0.297305189378,2.22446877838e-08,30
8800,8.57903100394,120,0.285967700131,2.05804705535e-08,30
8801,8.65429137426,120,0.288476379142,2.09431426885e-08,30
8802,8.84486860308,120,0.294828953436,2.18756817552e-08,30
8803,9.32015699702,120,0.310671899901,2.42898751049e-08,30
8804,9.25212817178,120,0.308404272393,2.39365803902e-08,30
8805,9.19879452062,120,0.306626484021,2.36614121979e-08,30
8806,8.71604304023,120,0.290534768008,2.12430835841e-08,30
8807,8.31826432096,120,0.277275477365,1.93483644104e-08,30
8808,8.31782756123,120,0.277260918708,1.9346332649e-08,30
8809,8.35292700163,120,0.278430900054,1.9509951853e-08,30
8810,8.69032739715,120,0.289677579905,2.11179181422e-08,30
8811,9.03881849214,120,0.301293949738,2.28455783257e-08,30
8812,9.74758772489,120,0.32491959083,2.65688728467e-08,30
8813,9.02769937871,120,0.300923312624,2.2789405866e-08,30
8814,9.66428929481,120,0.322142976494,2.61167221824e-08,30
8815,9.23949226577,120,0.307983075526,2.38712432408e-08,30
8816,8.85289214625,120,0.295096404875,2.19153884135e-08,30
8817,8.31545944379,120,0.27718198146,1.93353182668e-08,30
8818,8.31038800221,120,0.277012933407,1.93117409681e-08,30
8819,8.30887233402,120,0.276962411134,1.93046973686e-08,30
8820,8.30767215605,120,0.276922405202,1.92991208239e-08,30
8821,8.30237064829,120,0.276745688276,1.92744973696e-08,30
8822,8.29290836156,120,0.276430278719,1.92305877689e-08,30
8823,8.28608601817,120,0.276202867272,1.91989598522e-08,30
8824,8.27863788151,120,0.27595459605,1.9164460522e-08,30
8825,8.27863788151,120,0.27595459605,1.9164460522e-08,30
8826,8.27355128621,120,0.275785042874,1.9140917541e-08,30
8827,8.27355128621,120,0.275785042874,1.9140917541e-08,30
8828,8.27355128621,120,0.275785042874,1.9140917541e-08,30
8829,8.64490203108,120,0.288163401036,2.08977234453e-08,30
8830,8.72967996607,120,0.290989332202,2.13096084912e-08,30
8831,8.89073044624,120,0.296357681541,2.21031266496e-08,30
8832,8.61029922625,120,0.287009974208,2.07307643212e-08,30
8833,9.29527091061,120,0.309842363687,2.41603337444e-08,30
8834,10.6669821921,120,0.35556607307,3.18172005743e-08,30
8835,9.71997123464,120,0.323999041155,2.64185382946e-08,30
8836,9.62569501681,120,0.32085650056,2.59085447629e-08,30
8837,9.44611506747,120,0.314870502249,2.49508467557e-08,30
8838,9.43062903967,120,0.314354301322,2.4869104626e-08,30
8839,9.37349392512,120,0.312449797504,2.45686803588e-08,30
8840,9.65609689973,120,0.321869896658,2.60724627829e-08,30
8841,9.14611378032,120,0.304870459344,2.33911743086e-08,30
8842,9.93727167373,120,0.331242389124,2.76129719552e-08,30
8843,9.22496928499,120,0.307498976166,2.37962587864e-08,30
8844,8.9555552142,120,0.29851850714,2.24266216975e-08,30
8845,8.95963292211,120,0.298654430737,2.2447049249e-08,30
8846,8.69730514629,120,0.289910171543,2.11518442964e-08,30
8847,8.67534430893,120,0.289178143631,2.10451616506e-08,30
8848,8.94312043754,120,0.298104014585,2.23643862649e-08,30
8849,8.59797365512,120,0.286599121837,2.06714549715e-08,30
8850,8.60281013601,120,0.286760337867,2.06947174796e-08,30
8851,8.8461954093,120,0.29487318031,2.18822453275e-08,30
8852,9.39005108017,120,0.313001702672,2.46555522817e-08,30
8853,9.19555760188,120,0.306518586729,2.36447629309e-08,30
8854,9.70527737016,120,0.323509245672,2.63387238601e-08,30
8855,9.40578222418,120,0.313526074139,2.47382323291e-08,30
8856,8.85132361766,120,0.295044120589,2.19076232973e-08,30
8857,10.1330293437,120,0.337767644791,2.8711602069e-08,30
8858,9.5252669183,120,0.317508897277,2.53707399821e-08,30
8859,10.0467409146,120,0.334891363819,2.82246932886e-08,30
8860,10.0367309785,120,0.334557699284,2.8168478715e-08,30
8861,10.3244433952,120,0.344148113175,2.98065781249e-08,30
8862,9.77087042444,120,0.325695680815,2.66959471295e-08,30
8863,9.88169135635,120,0.329389711878,2.73049506367e-08,30
8864,10.0865190223,120,0.336217300744,2.84486360588e-08,30
8865,9.5839364607,120,0.31946454869,2.56842375018e-08,30
8866,9.43796556832,120,0.314598852277,2.49078133626e-08,30
8867,9.72212218788,120,0.324070739596,2.64302320181e-08,30
8868,9.15787328968,120,0.305262442989,2.34513628374e-08,30
8869,9.25720903642,120,0.308573634547,2.39628774575e-08,30
8870,8.76890557165,120,0.292296852388,2.15015422761e-08,30
8871,8.31587253574,120,0.277195751191,1.93372393784e-08,30
8872,8.63757858561,120,0.287919286187,2.08623318324e-08,30
8873,8.33753320622,120,0.277917773541,1.94381074654e-08,30
8874,8.51150048815,120,0.283716682938,2.02577441774e-08,30
8875,8.44125196959,120,0.281375065653,1.99247349894e-08,30
8876,8.47217909932,120,0.282405969977,2.00710032711e-08,30
8877,8.56114390106,120,0.285371463369,2.04947403056e-08,30
8878,8.53592613114,120,0.284530871038,2.03741792077e-08,30
8879,8.42235871655,120,0.280745290552,1.98356435175e-08,30
8880,8.37207470359,120,0.279069156786,1.95995010417e-08,30
8881,8.99548343429,120,0.29984944781,2.26270450666e-08,30
8882,8.72415805081,120,0.29080526836,2.12826584456e-08,30
8883,8.97672432882,120,0.299224144294,2.25327709696e-08,30
8884,9.32924499068,120,0.310974833023,2.43372678376e-08,30
8885,9.53271442056,120,0.317757147352,2.54104286357e-08,30
8886,9.29125645763,120,0.309708548588,2.41394694617e-08,30
8887,9.30997423102,120,0.310332474367,2.42368281446e-08,30
8888,8.98457815518,120,0.299485938506,2.25722165134e-08,30
8889,9.18300789361,120,0.30610026312,2.3580268225e-08,30
8890,9.29232758147,120,0.309744252716,2.41450355231e-08,30
8891,8.76638919499,120,0.292212973166,2.14892036289e-08,30
8892,8.72736169697,120,0.290912056566,2.12982919601e-08,30
8893,8.59399327799,120,0.2864664426,2.06523199649e-08,30
8894,8.38410311403,120,0.279470103801,1.9655859879e-08,30
8895,8.4196479842,120,0.280654932807,1.98228773864e-08,30
8896,8.3904581473,120,0.279681938243,1.96856689076e-08,30
8897,8.46596398284,120,0.282198799428,2.00415662476e-08,30
8898,8.39442473942,120,0.279814157981,1.97042861214e-08,30
8899,8.63408829456,120,0.287802943152,2.08454750483e-08,30
8900,8.52805641474,120,0.284268547158,2.03366284844e-08,30
8901,8.65414685949,120,0.288471561983,2.09424432509e-08,30
8902,8.98657572848,120,0.299552524283,2.2582254752e-08,30
8903,9.1177555528,120,0.303925185093,2.32463469201e-08,30
8904,8.60519174817,120,0.286839724939,2.0706177366e-08,30
8905,8.93735253363,120,0.297911751121,2.23355475539e-08,30
8906,9.04818162347,120,0.301606054116,2.28929333956e-08,30
8907,8.90310369049,120,0.296770123016,2.21646913754e-08,30
8908,9.28449773082,120,0.309483257694,2.41043627484e-08,30
8909,9.19672672571,120,0.306557557524,2.36507757067e-08,30
8910,8.98336478564,120,0.299445492855,2.25661201581e-08,30
8911,9.06220310386,120,0.302073436795,2.29639402658e-08,30
8912,9.03524320211,120,0.301174773404,2.2827508837e-08,30
8913,8.96210590817,120,0.298736863606,2.24594423685e-08,30
8914,8.49313121564,120,0.283104373855,2.01703991847e-08,30
8915,8.7891127194,120,0.29297042398,2.16007531647e-08,30
8916,8.80266655099,120,0.293422218366,2.16674262693e-08,30
8917,8.48108125508,120,0.282702708503,2.01132047088e-08,30
8918,8.45482808603,120,0.281827602868,1.99888766705e-08,30
8919,8.46759480565,120,0.282253160188,2.00492883195e-08,30
8920,8.46678146208,120,0.282226048736,2.0045436889e-08,30
8921,8.50312081348,120,0.283437360449,2.02178758266e-08,30
8922,8.46955916014,120,0.282318638671,2.00585916645e-08,30
8923,8.59118137222,120,0.286372712407,2.06388075324e-08,30
8924,8.71775703078,120,0.290591901026,2.12514392162e-08,30
8925,8.83318564983,120,0.294439521661,2.18179299017e-08,30
8926,8.58197457682,120,0.286065819227,2.05945958103e-08,30
8927,8.47427342943,120,0.282475780981,2.00809276369e-08,30
8928,8.4703542543,120,0.28234514181,2.00623579095e-08,30
8929,8.55017956102,120,0.285005985367,2.0442278296e-08,30
8930,8.56988162589,120,0.285662720863,2.05365965782e-08,30
8931,8.67965380269,120,0.289321793423,2.10660752918e-08,30
8932,8.6258293034,120,0.287527643447,2.08056143829e-08,30
8933,8.94638123042,120,0.298212707681,2.23806980046e-08,30
8934,8.84505787541,120,0.294835262514,2.18766180055e-08,30
8935,8.86971024712,120,0.295657008237,2.19987341278e-08,30
8936,8.98353968202,120,0.299451322734,2.25669988424e-08,30
8937,8.46955916014,120,0.282318638671,2.00585916645e-08,30
8938,8.46678146208,120,0.282226048736,2.0045436889e-08,30
8939,8.45482808603,120,0.281827602868,1.99888766705e-08,30
8940,8.43673329062,120,0.281224443021,1.99034089152e-08,30
8941,8.43673329062,120,0.281224443021,1.99034089152e-08,30
8942,8.42868563755,120,0.280956187918,1.98654559943e-08,30
8943,8.42868563755,120,0.280956187918,1.98654559943e-08,30
8944,8.42868563755,120,0.280956187918,1.98654559943e-08,30
8945,8.42868563755,120,0.280956187918,1.98654559943e-08,30
8946,8.42868563755,120,0.280956187918,1.98654559943e-08,30
8947,8.42511164903,120,0.280837054968,1.9848612595e-08,30
8948,8.42511164903,120,0.280837054968,1.9848612595e-08,30
8949,8.4202085788,120,0.280673619293,1.98255171566e-08,30
8950,8.41230304342,120,0.280410101447,1.9788307211e-08,30
8951,8.41230304342,120,0.280410101447,1.9788307211e-08,30
8952,8.39442473942,120,0.279814157981,1.97042861214e-08,30
8953,8.3880072552,120,0.27960024184,1.96741700352e-08,30
8954,8.68041723335,120,0.289347241112,2.10697812449e-08,30
8955,9.45588503036,120,0.315196167679,2.50024859552e-08,30
8956,9.36986241042,120,0.312328747014,2.45496470631e-08,30
8957,9.64241704892,120,0.321413901631,2.59986410808e-08,30
8958,9.30712088187,120,0.310237362729,2.42219740679e-08,30
8959,9.89033798453,120,0.329677932818,2.73527560257e-08,30
8960,9.14551082032,120,0.304850360677,2.33880902714e-08,30
8961,10.6298512655,120,0.354328375517,3.15960797486e-08,30
8962,9.87954227898,120,0.329318075966,2.72930753274e-08,30
8963,9.78749770794,120,0.326249923598,2.67868824797e-08,30
8964,10.0186050367,120,0.333953501222,2.80668282544e-08,30
8965,9.83927310468,120,0.327975770156,2.70710347382e-08,30
8966,10.2316529298,120,0.34105509766,2.92732152011e-08,30
8967,9.59480453378,120,0.319826817793,2.57425217863e-08,30
8968,9.23215705179,120,0.307738568393,2.3833355624e-08,30
8969,9.24633434994,120,0.308211144998,2.39066108834e-08,30
8970,10.2988114518,120,0.34329371506,2.96587634439e-08,30
8971,9.24065970166,120,0.308021990055,2.38772760196e-08,30
8972,9.07920541935,120,0.302640180645,2.30501900267e-08,30
8973,9.52254544995,120,0.317418181665,2.53562446817e-08,30
8974,10.1736694719,120,0.339122315729,2.89423688125e-08,30
8975,9.75021349602,120,0.325007116534,2.6583188835e-08,30
8976,9.49643195096,120,0.316547731699,2.52173674486e-08,30
8977,9.42258859061,120,0.314086286354,2.48267164615e-08,30
8978,9.24978117961,120,0.30832603932,2.39244379209e-08,30
8979,9.35465622027,120,0.311821874009,2.44700293124e-08,30
8980,9.69096781958,120,0.323032260653,2.62611130019e-08,30
8981,9.72692678178,120,0.324230892726,2.64563616854e-08,30
8982,10.2931515445,120,0.343105051483,2.96261733289e-08,30
8983,10.1389769699,120,0.337965898996,2.87453167628e-08,30
8984,10.5258237474,120,0.350860791581,3.09806847681e-08,30
8985,10.1039882255,120,0.336799607517,2.85472638148e-08,30
8986,9.83411467848,120,0.327803822616,2.70426571684e-08,30
8987,9.77927045481,120,0.325975681827,2.6741867943e-08,30
8988,9.68256622908,120,0.322752207636,2.62155985638e-08,30
8989,9.87212815588,120,0.329070938529,2.72521264077e-08,30
8990,8.9694664995,120,0.29898221665,2.24963494671e-08,30
8991,9.51829073958,120,0.317276357986,2.53335912061e-08,30
8992,9.24661109365,120,0.308220369788,2.39080419593e-08,30
8993,8.91566777041,120,0.29718892568,2.22272932407e-08,30
8994,9.61472812592,120,0.320490937531,2.58495413725e-08,30
8995,10.0570955283,120,0.33523651761,2.82829024939e-08,30
8996,9.61905792599,120,0.3206352642,2.58728282602e-08,30
8997,9.48251289938,120,0.316083763313,2.51434987354e-08,30
8998,9.37283203932,120,0.312427734644,2.45652107696e-08,30
8999,9.48470761674,120,0.316156920558,2.51551389535e-08,30
9000,9.26811108699,120,0.308937036233,2.40193520024e-08,30
9001,9.7280415278,120,0.324268050927,2.64624260497e-08,30
9002,10.8424859851,120,0.361416199504,3.28727899371e-08,30
9003,11.2513489082,120,0.375044963608,3.5398756859e-08,30
9004,12.8862828022,120,0.429542760073,4.64337909584e-08,30
9005,11.8554882391,120,0.395182941303,3.93022771332e-08,30
9006,12.6364572124,120,0.421215240413,4.46508250322e-08,30
9007,11.2062437529,120,0.373541458429,3.5115507974e-08,30
9008,10.5225454959,120,0.350751516529,3.09613900003e-08,30
9009,10.5280480702,120,0.350934935673,3.09937798617e-08,30
9010,10.0992587989,120,0.336641959963,2.85205455352e-08,30
9011,9.91774459605,120,0.330591486535,2.75045577159e-08,30
9012,10.0401911701,120,0.334673039003,2.81879043893e-08,30
9013,10.4083560556,120,0.346945201853,3.02930573095e-08,30
9014,9.01634430474,120,0.300544810158,2.27321127209e-08,30
9015,8.99406485379,120,0.299802161793,2.26199090957e-08,30
9016,8.9095034571,120,0.29698344857,2.21965678623e-08,30
9017,8.9095034571,120,0.29698344857,2.21965678623e-08,30
9018,9.2872555719,120,0.30957518573,2.41186846593e-08,30
9019,9.73523465462,120,0.324507821821,2.6501574312e-08,30
9020,9.9569452633,120,0.331898175443,2.7722415281e-08,30
9021,9.62735010439,120,0.320911670146,2.59174552046e-08,30
9022,9.60967824286,120,0.320322608095,2.58223949199e-08,30
9023,9.5164975759,120,0.317216585863,2.53240468461e-08,30
9024,9.08484971876,120,0.302828323959,2.30788583095e-08,30
9025,9.12287778695,120,0.304095926232,2.32724732356e-08,30
9026,9.58130824999,120,0.319376941666,2.56701526145e-08,30
9027,10.1478295389,120,0.33826098463,2.87955350428e-08,30
9028,10.2848510563,120,0.342828368544,2.95784109798e-08,30
9029,10.2719576587,120,0.342398588623,2.95042966993e-08,30
9030,9.79004224239,120,0.326334741413,2.68008122925e-08,30
9031,10.1089545207,120,0.336965150691,2.85753337172e-08,30
9032,9.78944024747,120,0.326314674916,2.67975164014e-08,30
9033,9.27733747534,120,0.309244582511,2.40671982516e-08,30
9034,9.56230048674,120,0.318743349558,2.55684027946e-08,30
9035,9.53432333563,120,0.317810777854,2.5419006816e-08,30
9036,9.04504458212,120,0.301501486071,2.28770620012e-08,30
9037,9.04504458212,120,0.301501486071,2.28770620012e-08,30
9038,9.04504458212,120,0.301501486071,2.28770620012e-08,30
9039,9.04504458212,120,0.301501486071,2.28770620012e-08,30
9040,9.04504458212,120,0.301501486071,2.28770620012e-08,30
9041,9.04504458212,120,0.301501486071,2.28770620012e-08,30
9042,9.14811877409,120,0.30493729247,2.34014309707e-08,30
9043,9.06517331155,120,0.302172443718,2.29789959535e-08,30
9044,9.25641945111,120,0.308547315037,2.39587898477e-08,30
9045,9.18878861464,120,0.306292953821,2.36099652171e-08,30
9046,9.44852331813,120,0.314950777271,2.49635706221e-08,30
9047,9.53684061352,120,0.317894687117,2.54324309781e-08,30
9048,10.4622314214,120,0.348741047379,3.06074726528e-08,30
9049,9.57432409169,120,0.31914413639,2.56327424694e-08,30
9050,10.02700213,120,0.334233404333,2.81138963926e-08,30
9051,10.0496451989,120,0.334988173296,2.82410138812e-08,30
9052,10.4281084787,120,0.347603615957,3.04081435058e-08,30
9053,10.2802580167,120,0.342675267223,2.95519984478e-08,30
9054,9.65109825942,120,0.321703275314,2.60454760756e-08,30
9055,10.0554636718,120,0.335182122392,2.82737249149e-08,30
9056,10.0156070708,120,0.333853569027,2.80500333408e-08,30
9057,9.78722716256,120,0.326240905419,2.67854016176e-08,30
9058,9.58639766232,120,0.319546588744,2.56974308705e-08,30
9059,9.52914647194,120,0.317638215731,2.5391410729e-08,30
9060,9.35231381975,120,0.311743793992,2.44577762842e-08,30
9061,9.25227127467,120,0.308409042489,2.39373208513e-08,30
9062,9.23047809476,120,0.307682603159,2.38246877599e-08,30
9063,9.15885478191,120,0.305295159397,2.34563898919e-08,30
9064,9.18999937363,120,0.306333312454,2.36161875522e-08,30
9065,9.50846316337,120,0.316948772112,2.52813046609e-08,30
9066,9.61374965013,120,0.320458321671,2.58442803057e-08,30
9067,9.32562927246,120,0.310854309082,2.43184067936e-08,30
9068,9.48078613162,120,0.316026204387,2.51343422954e-08,30
9069,9.71920197087,120,0.323973399029,2.64143567966e-08,30
9070,9.18830400039,120,0.306276800013,2.36074749163e-08,30
9071,9.20884514956,120,0.306961504985,2.37131454964e-08,30
9072,9.20627923226,120,0.306875974409,2.36999326575e-08,30
9073,9.27166472634,120,0.309055490878,2.40377748455e-08,30
9074,9.70347549384,120,0.323449183128,2.63289447027e-08,30
9075,9.7760033281,120,0.325866777603,2.67240027092e-08,30
9076,10.1316162161,120,0.337720540536,2.87035945269e-08,30
9077,9.97357708448,120,0.332452569483,2.78151062268e-08,30
9078,9.96028929697,120,0.332009643232,2.77410395186e-08,30
9079,9.783409581,120,0.3261136527,2.67645099982e-08,30
9080,9.33317677668,120,0.311105892556,2.43577859166e-08,30
9081,9.76237991598,120,0.325412663866,2.66495717966e-08,30
9082,9.23108495707,120,0.307702831902,2.38278205944e-08,30
9083,9.23108495707,120,0.307702831902,2.38278205944e-08,30
9084,9.23108495707,120,0.307702831902,2.38278205944e-08,30
9085,9.23108495707,120,0.307702831902,2.38278205944e-08,30
9086,9.23108495707,120,0.307702831902,2.38278205944e-08,30
9087,9.23108495707,120,0.307702831902,2.38278205944e-08,30
9088,9.23108495707,120,0.307702831902,2.38278205944e-08,30
9089,9.23108495707,120,0.307702831902,2.38278205944e-08,30
9090,9.23108495707,120,0.307702831902,2.38278205944e-08,30
9091,9.23108495707,120,0.307702831902,2.38278205944e-08,30
9092,9.23108495707,120,0.307702831902,2.38278205944e-08,30
9093,9.23108495707,120,0.307702831902,2.38278205944e-08,30
9094,9.23108495707,120,0.307702831902,2.38278205944e-08,30
9095,9.23108495707,120,0.307702831902,2.38278205944e-08,30
9096,9.20627923226,120,0.306875974409,2.36999326575e-08,30
9097,9.18830400039,120,0.306276800013,2.36074749163e-08,30
9098,9.18699570701,120,0.306233190234,2.36007526084e-08,30
9099,9.18487091932,120,0.306162363977,2.35898370075e-08,30
9100,9.17837447833,120,0.305945815944,2.35564787189e-08,30
9101,9.17042157096,120,0.305680719032,2.35156738184e-08,30
9102,9.16480454363,120,0.305493484788,2.34868752013e-08,30
9103,9.15885478191,120,0.305295159397,2.34563898919e-08,30
9104,9.1569371834,120,0.305231239447,2.34465687449e-08,30
9105,9.15630279331,120,0.30521009311,2.34433201138e-08,30
9106,9.14950895735,120,0.304983631912,2.34085438538e-08,30
9107,9.14950895735,120,0.304983631912,2.34085438538e-08,30
9108,9.14950895735,120,0.304983631912,2.34085438538e-08,30
9109,9.14950895735,120,0.304983631912,2.34085438538e-08,30
9110,9.14950895735,120,0.304983631912,2.34085438538e-08,30
9111,9.14950895735,120,0.304983631912,2.34085438538e-08,30
9112,9.14950895735,120,0.304983631912,2.34085438538e-08,30
9113,9.14950895735,120,0.304983631912,2.34085438538e-08,30
9114,9.14950895735,120,0.304983631912,2.34085438538e-08,30
9115,9.14950895735,120,0.304983631912,2.34085438538e-08,30
9116,9.13307689218,120,0.304435896406,2.33245381846e-08,30
9117,9.12086105831,120,0.304028701944,2.3262185018e-08,30
9118,9.10519481213,120,0.303506493738,2.31823420874e-08,30
9119,9.08981906363,120,0.302993968788,2.31041131406e-08,30
9120,9.0876175732,120,0.302920585773,2.30929231874e-08,30
9121,9.08412366144,120,0.302804122048,2.30751695518e-08,30
9122,9.08243889474,120,0.302747963158,2.3066611176e-08,30
9123,9.07826775546,120,0.302608925182,2.30454292103e-08,30
9124,9.06777885977,120,0.302259295326,2.29922072809e-08,30
9125,9.06309732533,120,0.302103244178,2.29684724665e-08,30
9126,9.05654211666,120,0.301884737222,2.2935258947e-08,30
9127,9.04504458212,120,0.301501486071,2.28770620012e-08,30
9128,9.03477631171,120,0.30115921039,2.28251497041e-08,30
9129,9.0238294441,120,0.300794314803,2.27698716295e-08,30
9130,9.00156854402,120,0.300052284801,2.26576681284e-08,30
9131,8.99621128631,120,0.299873709544,2.26307068613e-08,30
9132,8.99050583905,120,0.299683527968,2.26020109233e-08,30
9133,8.98567798092,120,0.299522599364,2.25777430999e-08,30
9134,8.9762762035,120,0.299209206783,2.25305213175e-08,30
9135,8.96066480633,120,0.298688826878,2.24522200165e-08,30
9136,8.95342639698,120,0.298447546566,2.24159609394e-08,30
9137,8.95342639698,120,0.298447546566,2.24159609394e-08,30
9138,8.94412036824,120,0.298137345608,2.23693876705e-08,30
9139,8.94140236544,120,0.298046745515,2.23557941996e-08,30
9140,8.93443487161,120,0.29781449572,2.2320966739e-08,30
9141,8.92816762715,120,0.297605587572,2.2289662713e-08,30
9142,8.92118688678,120,0.297372896226,2.2254820733e-08,30
9143,9.14580439896,120,0.304860146632,2.33895918505e-08,30
9144,9.02445614487,120,0.300815204829,2.27730344533e-08,30
9145,8.9095034571,120,0.29698344857,2.21965678623e-08,30
9146,9.05196760801,120,0.3017322536,2.29120953506e-08,30
9147,9.05048984289,120,0.301682994763,2.29046150032e-08,30
9148,9.191380018,120,0.306379333933,2.36232839631e-08,30
9149,9.7016779256,120,0.323389264187,2.63191907355e-08,30
9150,9.62316326036,120,0.320772108679,2.58949175913e-08,30
9151,9.53796632994,120,0.317932210998,2.54384353555e-08,30
9152,9.61345738336,120,0.320448579445,2.58427089502e-08,30
9153,9.66791582073,120,0.322263860691,2.61363264673e-08,30
9154,9.08392562708,120,0.302797520903,2.3074163483e-08,30
9155,9.14118920101,120,0.3047063067,2.33659918794e-08,30
9156,9.03833760358,120,0.301277920119,2.28431475024e-08,30
9157,8.9095034571,120,0.29698344857,2.21965678623e-08,30
9158,9.15059467283,120,0.305019822428,2.34140996768e-08,30
9159,9.34861020496,120,0.311620340165,2.44384090457e-08,30
9160,9.55237219204,120,0.318412406401,2.55153363061e-08,30
9161,9.42329485047,120,0.314109828349,2.48304383199e-08,30
9162,10.020124248,120,0.3340041416,2.80753409518e-08,30
9163,9.71092837703,120,0.323697612568,2.63694048258e-08,30
9164,9.98837793244,120,0.332945931081,2.78977230508e-08,30
9165,9.79215562584,120,0.326405187528,2.68123845626e-08,30
9166,9.83560575047,120,0.327853525016,2.70508583348e-08,30
9167,9.7635795161,120,0.325452650537,2.66561215916e-08,30
9168,9.77779357301,120,0.325926452434,2.67337913496e-08,30
9169,9.42364257075,120,0.314121419025,2.48322708437e-08,30
9170,9.82411667508,120,0.327470555836,2.69876984562e-08,30
9171,10.3462777973,120,0.344875926575,2.99327828912e-08,30
9172,11.585341914,120,0.386178063799,3.75315531165e-08,30
9173,10.1954080389,120,0.339846934631,2.90661860471e-08,30
9174,10.4411897922,120,0.348039659741,3.04844810223e-08,30
9175,10.6908996432,120,0.356363321439,3.19600412511e-08,30
9176,10.0103452259,120,0.333678174197,2.80205680964e-08,30
9177,10.3674863809,120,0.345582879362,3.00556256381e-08,30
9178,10.612646598,120,0.353754886599,3.14938845027e-08,30
9179,10.7353530624,120,0.357845102079,3.22263774635e-08,30
9180,10.3236504141,120,0.344121680469,2.98019996413e-08,30
9181,10.3727127122,120,0.345757090408,3.008593583e-08,30
9182,9.68214455225,120,0.322738151742,2.62133152291e-08,30
9183,9.80204233201,120,0.3267347444,2.68665544514e-08,30
9184,9.98402234829,120,0.332800744943,2.78733979026e-08,30
9185,9.64863812012,120,0.321621270671,2.60321993829e-08,30
9186,9.96363526212,120,0.332121175404,2.77596807728e-08,30
9187,10.4067755993,120,0.346892519975,3.02838583122e-08,30
9188,10.474471266,120,0.349149042201,3.06791303781e-08,30
9189,10.7417840949,120,0.358059469831,3.22649995671e-08,30
9190,10.9766801565,120,0.36588933855,3.36915386454e-08,30
9191,9.91717258207,120,0.330572419402,2.7501385112e-08,30
9192,9.55508573213,120,0.318502857738,2.55298346361e-08,30
9193,9.12086105831,120,0.304028701944,2.3262185018e-08,30
9194,9.10519481213,120,0.303506493738,2.31823420874e-08,30
9195,9.08981906363,120,0.302993968788,2.31041131406e-08,30
9196,9.0876175732,120,0.302920585773,2.30929231874e-08,30
9197,9.08412366144,120,0.302804122048,2.30751695518e-08,30
9198,9.08243889474,120,0.302747963158,2.3066611176e-08,30
9199,9.07826775546,120,0.302608925182,2.30454292103e-08,30
9200,9.06777885977,120,0.302259295326,2.29922072809e-08,30
9201,9.06309732533,120,0.302103244178,2.29684724665e-08,30
9202,9.06309732533,120,0.302103244178,2.29684724665e-08,30
9203,9.06309732533,120,0.302103244178,2.29684724665e-08,30
9204,9.06309732533,120,0.302103244178,2.29684724665e-08,30
9205,9.06309732533,120,0.302103244178,2.29684724665e-08,30
9206,9.05654211666,120,0.301884737222,2.2935258947e-08,30
9207,9.05654211666,120,0.301884737222,2.2935258947e-08,30
9208,9.05654211666,120,0.301884737222,2.2935258947e-08,30
9209,9.05654211666,120,0.301884737222,2.2935258947e-08,30
9210,9.05654211666,120,0.301884737222,2.2935258947e-08,30
9211,9.05654211666,120,0.301884737222,2.2935258947e-08,30
9212,9.04504458212,120,0.301501486071,2.28770620012e-08,30
9213,9.03477631171,120,0.30115921039,2.28251497041e-08,30
9214,9.0238294441,120,0.300794314803,2.27698716295e-08,30
9215,9.00156854402,120,0.300052284801,2.26576681284e-08,30
9216,8.99332673514,120,0.299777557838,2.26161965382e-08,30
9217,8.9762762035,120,0.299209206783,2.25305213175e-08,30
9218,8.96066480633,120,0.298688826878,2.24522200165e-08,30
9219,8.95342639698,120,0.298447546566,2.24159609394e-08,30
9220,8.94412036824,120,0.298137345608,2.23693876705e-08,30
9221,8.94317646163,120,0.298105882054,2.23646664687e-08,30
9222,14.1235073699,60,0.235391789499,1.39445324119e-08,60
9223,51.9568135802,30,0.432973446502,4.71784708446e-08,120
9224,73.2501015177,10,0.203472504216,1.04191621137e-08,360
9225,70.2283030921,10,0.1950786197,9.57724688914e-09,360
9226,60.5791606753,30,0.504826338961,6.41365133534e-08,120
9227,47.8890324929,30,0.399075270774,4.00803005051e-08,120
9228,40.9017317675,30,0.340847764729,2.92376346937e-08,120
9229,35.7213621742,30,0.297678018119,2.23005136445e-08,120
9230,31.770901929,30,0.264757516075,1.76407859732e-08,120
9231,26.5251796024,60,0.442086326706,4.91853199347e-08,60
9232,22.2838381542,60,0.371397302571,3.4713533701e-08,60
9233,19.9255702972,60,0.332092838286,2.77549439729e-08,60
9234,18.5368194685,60,0.308946991142,2.40208999833e-08,60
9235,16.7505189895,60,0.279175316492,1.96144154309e-08,60
9236,15.6856353976,60,0.261427256626,1.71997868965e-08,60
9237,14.4629946757,60,0.241049911261,1.46229598288e-08,60
9238,13.4916361211,120,0.449721204036,5.08988610678e-08,30
9239,12.4940726286,120,0.41646908762,4.36502643316e-08,30
9240,11.8748875318,120,0.395829584395,3.94310040412e-08,30
9241,11.7308029413,120,0.391026764712,3.84799327545e-08,30
9242,11.5052752183,120,0.383509173943,3.70145820093e-08,30
9243,11.2911824178,120,0.376372747261,3.56498472424e-08,30
9244,11.1332365732,120,0.371107885772,3.46594527198e-08,30
9245,10.7772722282,120,0.359242407608,3.24785425003e-08,30
9246,10.7021884843,120,0.356739616144,3.20275720158e-08,30
9247,10.7522289905,120,0.358407633018,3.23277765499e-08,30
9248,10.7289358711,120,0.357631195704,3.21878615401e-08,30
9249,10.4889992527,120,0.349633308425,3.07642926898e-08,30
9250,10.2595122719,120,0.341983742398,2.94328458713e-08,30
9251,10.2003036099,120,0.34001012033,2.90941064089e-08,30
9252,9.66953075731,120,0.32231769191,2.61450588634e-08,30
9253,9.38218543677,120,0.312739514559,2.46142637825e-08,30
9254,9.45369816141,120,0.315123272047,2.49909226087e-08,30
9255,9.43840619533,120,0.314613539844,2.49101391417e-08,30
9256,9.16164008716,120,0.305388002905,2.3470658737e-08,30
9257,9.52692375998,120,0.317564125333,2.53795668119e-08,30
9258,9.74805122265,120,0.324935040755,2.65713996064e-08,30
9259,9.57603808845,120,0.319201269615,2.56419208447e-08,30
9260,9.39876178345,120,0.313292059448,2.47013170625e-08,30
9261,9.20349620718,120,0.306783206906,2.36856060146e-08,30
9262,9.17703654693,120,0.305901218231,2.35496115649e-08,30
9263,8.9762762035,120,0.299209206783,2.25305213175e-08,30
9264,9.02789850479,120,0.30092995016,2.27904112196e-08,30
9265,9.10601189181,120,0.303533729727,2.31865029364e-08,30
9266,9.12519722295,120,0.304173240765,2.32843085085e-08,30
9267,8.95679462196,120,0.298559820732,2.24328296102e-08,30
9268,8.98734519899,120,0.2995781733,2.25861221034e-08,30
9269,8.97476977697,120,0.299158992566,2.25229596681e-08,30
9270,8.94412036824,120,0.298137345608,2.23693876705e-08,30
9271,8.94317646163,120,0.298105882054,2.23646664687e-08,30
9272,8.93857442939,120,0.29795248098,2.23416553081e-08,30
9273,8.92816762715,120,0.297605587572,2.2289662713e-08,30
9274,8.92118688678,120,0.297372896226,2.2254820733e-08,30
9275,8.90856179243,120,0.296952059748,2.21918761038e-08,30
9276,8.89815848343,120,0.296605282781,2.2140075567e-08,30
9277,8.89138488389,120,0.29637949613,2.21063807468e-08,30
9278,8.88716248803,120,0.296238749601,2.20853897025e-08,30
9279,8.88389595526,120,0.296129865175,2.20691574369e-08,30
9280,8.88287871588,120,0.296095957196,2.20641037238e-08,30
9281,8.87683566478,120,0.295894522159,2.20340933732e-08,30
9282,8.85888474792,120,0.295296158264,2.19450678991e-08,30
9283,8.84918274461,120,0.294972758154,2.18970269684e-08,30
9284,8.84414720312,120,0.294804906771,2.18721134778e-08,30
9285,8.83046825604,120,0.294348941868,2.1804508065e-08,30
9286,8.821304839,120,0.294043494633,2.17592782705e-08,30
9287,8.81112021682,120,0.293704007227,2.17090630014e-08,30
9288,8.79551964679,120,0.293183988226,2.16322568907e-08,30
9289,8.78243507308,120,0.292747835769,2.15679427094e-08,30
9290,8.77488716726,120,0.292496238909,2.15308862794e-08,30
9291,8.75665283709,120,0.291888427903,2.14414963267e-08,30
9292,8.74181853537,120,0.291393951179,2.13689114665e-08,30
9293,8.73127680677,120,0.291042560226,2.13174051487e-08,30
9294,8.72583710125,120,0.290861236708,2.12908513499e-08,30
9295,8.7230972748,120,0.29076990916,2.12774832159e-08,30
9296,8.7168055953,120,0.29056018651,2.12468008052e-08,30
9297,8.70963205824,120,0.290321068608,2.1211844881e-08,30
9298,8.70013124229,120,0.290004374743,2.11655926595e-08,30
9299,8.689574788,120,0.289652492933,2.1114260547e-08,30
9300,8.68175224702,120,0.289391741567,2.10762626405e-08,30
9301,8.67334692289,120,0.289111564096,2.10354720126e-08,30
9302,8.67092762135,120,0.289030920712,2.10237385831e-08,30
9303,8.65908726601,120,0.2886362422,2.09663609674e-08,30
9304,8.63501384998,120,0.287833794999,2.08499444667e-08,30
9305,8.61965977852,120,0.287321992617,2.07758630751e-08,30
9306,8.6030830849,120,0.286769436163,2.06960306993e-08,30
9307,8.59686602484,120,0.286562200828,2.06661293318e-08,30
9308,8.580233362,120,0.286007778733,2.05862396966e-08,30
9309,8.55684994439,120,0.28522833148,2.0474186637e-08,30
9310,8.52966864097,120,0.284322288032,2.0344318477e-08,30
9311,8.52017784875,120,0.284005928292,2.02990702294e-08,30
9312,8.49949807204,120,0.283316602401,2.02006519072e-08,30
9313,8.47922093574,120,0.282640697858,2.01043820412e-08,30
9314,8.47688238088,120,0.282562746029,2.00932940611e-08,30
9315,8.51844129161,120,0.283948043054,2.02907964812e-08,30
9316,8.47400589955,120,0.282466863318,2.0079659761e-08,30
9317,8.46955916014,120,0.282318638671,2.00585916645e-08,30
9318,8.4671432026,120,0.282238106753,2.00471497953e-08,30
9319,8.46207445342,120,0.282069148447,2.00231550295e-08,30
9320,8.46122052613,120,0.282040684204,2.00191140686e-08,30
9321,8.4516489842,120,0.281721632807,1.99738474525e-08,30
9322,8.42670639842,120,0.280890213281,1.98561274055e-08,30
9323,8.4202085788,120,0.280673619293,1.98255171566e-08,30
9324,8.41861922343,120,0.280620640781,1.98180335371e-08,30
9325,8.41014537367,120,0.280338179122,1.97781575157e-08,30
9326,8.39520057629,120,0.27984001921,1.97079285432e-08,30
9327,8.39394163668,120,0.279798054556,1.97020182064e-08,30
9328,8.3880072552,120,0.27960024184,1.96741700352e-08,30
9329,8.37725679917,120,0.279241893306,1.96237717093e-08,30
9330,8.37430047246,120,0.279143349082,1.96099237289e-08,30
9331,8.37150023699,120,0.2790500079,1.95968114162e-08,30
9332,8.36327523653,120,0.278775841218,1.95583225918e-08,30
9333,8.3548108514,120,0.278493695047,1.95187530704e-08,30
9334,8.34408813767,120,0.278136271256,1.9468683787e-08,30
9335,8.32103573632,120,0.277367857877,1.93612592368e-08,30
9336,8.32002131268,120,0.277334043756,1.93565388336e-08,30
9337,8.3165656747,120,0.277218855823,1.93404630816e-08,30
9338,8.31121921942,120,0.277040640647,1.93156043387e-08,30
9339,8.29811710768,120,0.276603903589,1.92547526824e-08,30
9340,8.27262573249,120,0.275754191083,1.91366352308e-08,30
9341,8.26133899588,120,0.275377966529,1.908445281e-08,30
9342,8.24020608836,120,0.274673536279,1.89869397717e-08,30
9343,8.23453971672,120,0.274484657224,1.89608360396e-08,30
9344,8.22363244126,120,0.274121081375,1.89106391615e-08,30
9345,8.21711206574,120,0.273903735525,1.88806632144e-08,30
9346,8.21423519046,120,0.273807839682,1.88674449926e-08,30
9347,8.21118498056,120,0.273706166019,1.8853435415e-08,30
9348,8.1972915942,120,0.27324305314,1.87896890831e-08,30
9349,8.16183048148,120,0.272061016049,1.86274740207e-08,30
9350,8.15343338462,120,0.271781112821,1.85891649082e-08,30
9351,8.15072550311,120,0.271690850104,1.85768194595e-08,30
9352,8.14330656766,120,0.271443552255,1.85430169468e-08,30
9353,8.1232844819,120,0.270776149397,1.84519449851e-08,30
9354,8.10300946718,120,0.270100315573,1.8359951019e-08,30
9355,8.09675513481,120,0.269891837827,1.83316195896e-08,30
9356,8.08974094509,120,0.269658031503,1.82998721152e-08,30
9357,8.07739604607,120,0.269246534869,1.82440637263e-08,30
9358,8.07577661805,120,0.269192553935,1.82367489961e-08,30
9359,8.06943548144,120,0.268981182715,1.8208121083e-08,30
9360,8.04674046837,120,0.268224682279,1.81058456651e-08,30
9361,8.02138807107,120,0.267379602369,1.79919353233e-08,30
9362,8.00996072307,120,0.266998690769,1.79407088636e-08,30
9363,7.98632671969,120,0.266210890656,1.7834994179e-08,30
9364,7.9765298225,120,0.265884327417,1.77912643291e-08,30
9365,7.95312157789,120,0.265104052596,1.76869956325e-08,30
9366,7.94645358944,120,0.264881786315,1.76573501049e-08,30
9367,7.94453283165,120,0.264817761055,1.76488151292e-08,30
9368,7.93894893855,120,0.264631631285,1.76240145611e-08,30
9369,7.93367905955,120,0.264455968652,1.76006246642e-08,30
9370,7.9307080849,120,0.264356936163,1.75874450994e-08,30
9371,7.9307080849,120,0.264356936163,1.75874450994e-08,30
9372,7.9307080849,120,0.264356936163,1.75874450994e-08,30
9373,7.9307080849,120,0.264356936163,1.75874450994e-08,30
9374,7.9307080849,120,0.264356936163,1.75874450994e-08,30
9375,7.9307080849,120,0.264356936163,1.75874450994e-08,30
9376,8.04011553556,120,0.268003851185,1.80760446211e-08,30
9377,8.37492919927,120,0.279164306642,1.96128683922e-08,30
9378,8.33499369022,120,0.277833123007,1.94262680241e-08,30
9379,8.35092475784,120,0.278364158595,1.95005996827e-08,30
9380,8.3482359888,120,0.27827453296,1.94880443863e-08,30
9381,8.07986125392,120,0.269328708464,1.82552015415e-08,30
9382,7.93367905955,120,0.264455968652,1.76006246642e-08,30
9383,8.09658729739,120,0.269886243246,1.83308596062e-08,30
9384,7.93950542401,120,0.2646501808,1.76264853798e-08,30
9385,8.14325512675,120,0.271441837558,1.85427826767e-08,30
9386,8.12300504317,120,0.270766834772,1.84506755234e-08,30
9387,8.3427589422,120,0.27809196474,1.94624816413e-08,30
9388,8.38652093034,120,0.279550697678,1.9667198268e-08,30
9389,8.41221984144,120,0.280407328048,1.97879157799e-08,30
9390,8.23373787063,120,0.274457929021,1.89571435607e-08,30
9391,9.01618576397,120,0.300539525466,2.27313132983e-08,30
9392,8.98727855462,120,0.299575951821,2.25857871363e-08,30
9393,9.26489851549,120,0.308829950516,2.40027034077e-08,30
9394,8.68857346478,120,0.289619115493,2.11093947205e-08,30
9395,8.95794086831,120,0.298598028944,2.24385716631e-08,30
9396,8.89014132773,120,0.296338044258,2.21001975473e-08,30
9397,8.32880805605,120,0.277626935202,1.93974451592e-08,30
9398,8.56326554439,120,0.285442184813,2.05048996762e-08,30
9399,7.9307080849,120,0.264356936163,1.75874450994e-08,30
9400,7.92099169742,120,0.264033056581,1.75443766248e-08,30
9401,7.90349353546,120,0.263449784515,1.74669481243e-08,30
9402,7.89850076676,120,0.263283358892,1.74448867698e-08,30
9403,8.71982651787,120,0.290660883929,2.12615300684e-08,30
9404,8.45277207112,120,0.281759069037,1.99791562053e-08,30
9405,8.36518128758,120,0.278839376253,1.95672385747e-08,30
9406,7.94555213438,120,0.264851737813,1.76533441909e-08,30
9407,8.43651926231,120,0.281217308744,1.99023990838e-08,30
9408,8.55783807275,120,0.285261269092,2.04789155484e-08,30
9409,8.60588327728,120,0.286862775909,2.0709505473e-08,30
9410,9.18388027732,120,0.306129342577,2.35847486783e-08,30
9411,9.33709767591,120,0.311236589197,2.43782557925e-08,30
9412,9.4961282567,120,0.316537608557,2.52157545802e-08,30
9413,9.7146584051,120,0.323821946837,2.63896660215e-08,30
9414,9.75332324342,120,0.325110774781,2.66001485016e-08,30
9415,10.0045348741,120,0.333484495804,2.79880493162e-08,30
9416,9.26877357299,120,0.3089591191,2.4022785939e-08,30
9417,9.54960872752,120,0.318320290917,2.55005754643e-08,30
9418,9.90890499159,120,0.330296833053,2.7455550392e-08,30
9419,9.52543141055,120,0.317514380352,2.53716162465e-08,30
9420,9.33337322836,120,0.311112440945,2.43588113292e-08,30
9421,9.2165095063,120,0.307216983543,2.37526339741e-08,30
9422,9.25052191857,120,0.308350730619,2.39282698976e-08,30
9423,8.62504004089,120,0.287501334696,2.08018071339e-08,30
9424,7.93167128354,120,0.264389042785,1.75917174119e-08,30
9425,8.31146849322,120,0.277048949774,1.93167630006e-08,30
9426,8.34315368999,120,0.278105123,1.94643234669e-08,30
9427,8.75610507243,120,0.291870169081,2.1438813903e-08,30
9428,8.38615308737,120,0.279538436246,1.96654730515e-08,30
9429,8.19905621695,120,0.273301873898,1.87977796289e-08,30
9430,9.15154394578,120,0.305051464859,2.34189578363e-08,30
9431,9.23230658106,120,0.307743552702,2.38341276675e-08,30
9432,8.76459564339,120,0.292153188113,2.14804113994e-08,30
9433,9.21845953547,120,0.307281984516,2.37626862025e-08,30
9434,8.7737780984,120,0.292459269947,2.15254439925e-08,30
9435,8.12130608644,120,0.270710202881,1.84429582756e-08,30
9436,8.49413284496,120,0.283137761499,2.01751570188e-08,30
9437,9.29198126525,120,0.309732708842,2.41432358316e-08,30
9438,9.6158862808,120,0.320529542693,2.58557692294e-08,30
9439,9.28599006468,120,0.309533002156,2.41121121493e-08,30
9440,9.67530120798,120,0.322510040266,2.61762731576e-08,30
9441,8.6924578131,120,0.28974859377,2.11282734401e-08,30
9442,8.85347644851,120,0.295115881617,2.19182813966e-08,30
9443,8.12216141079,120,0.270738713693,1.84468432522e-08,30
9444,7.93367905955,120,0.264455968652,1.76006246642e-08,30
9445,7.9307080849,120,0.264356936163,1.75874450994e-08,30
9446,7.92099169742,120,0.264033056581,1.75443766248e-08,30
9447,7.90349353546,120,0.263449784515,1.74669481243e-08,30
9448,8.16334359082,120,0.272111453027,1.86343812991e-08,30
9449,8.46912863306,120,0.282304287769,2.00565524681e-08,30
9450,8.8830047373,120,0.29610015791,2.20647297752e-08,30
9451,9.08785906873,120,0.302928635624,2.30941505524e-08,30
9452,10.0482590498,120,0.334941968326,2.82332238437e-08,30
9453,10.3869159009,120,0.346230530029,3.01683846152e-08,30
9454,10.9672285425,120,0.365574284749,3.36335425452e-08,30
9455,9.60546890024,120,0.320182296675,2.57997778253e-08,30
9456,9.86957177285,120,0.328985725762,2.72380143841e-08,30
9457,9.89364943124,120,0.329788314375,2.7371075391e-08,30
9458,10.860622615,120,0.362020753832,3.29828569952e-08,30
9459,10.7369306241,120,0.35789768747,3.22358495014e-08,30
9460,9.95351804908,120,0.331783934969,2.77033342673e-08,30
9461,8.43976818341,120,0.281325606114,1.99177309459e-08,30
9462,7.99591947615,120,0.266530649205,1.78778648283e-08,30
9463,7.94463891784,120,0.264821297261,1.76492864743e-08,30
9464,7.96270995968,120,0.265423665323,1.77296686622e-08,30
9465,7.89850076676,120,0.263283358892,1.74448867698e-08,30
9466,7.8904607653,120,0.263015358843,1.74093900256e-08,30
9467,7.88204069461,120,0.26273468982,1.73722540242e-08,30
9468,7.86670483522,120,0.262223494507,1.73047184014e-08,30
9469,7.84790437066,120,0.261596812355,1.72221049071e-08,30
9470,7.84790437066,120,0.261596812355,1.72221049071e-08,30
9471,7.84790437066,120,0.261596812355,1.72221049071e-08,30
9472,7.84790437066,120,0.261596812355,1.72221049071e-08,30
9473,7.84790437066,120,0.261596812355,1.72221049071e-08,30
9474,7.84790437066,120,0.261596812355,1.72221049071e-08,30
9475,7.84790437066,120,0.261596812355,1.72221049071e-08,30
9476,7.84790437066,120,0.261596812355,1.72221049071e-08,30
9477,7.84790437066,120,0.261596812355,1.72221049071e-08,30
9478,7.84790437066,120,0.261596812355,1.72221049071e-08,30
9479,7.82920232673,120,0.260973410891,1.71401200182e-08,30
9480,7.82730168215,120,0.260910056072,1.71317990372e-08,30
9481,7.82406752194,120,0.260802250731,1.71176445972e-08,30
9482,7.81988926517,120,0.260662975506,1.70993669387e-08,30
9483,7.81846269635,120,0.260615423212,1.70931286922e-08,30
9484,7.81521922274,120,0.260507307425,1.70789495334e-08,30
9485,7.80641522603,120,0.260213840868,1.70404916686e-08,30
9486,7.80052971557,120,0.260017657186,1.70148065923e-08,30
9487,7.79298859531,120,0.25976628651,1.69819245483e-08,30
9488,7.7877679302,120,0.25959226434,1.6959179168e-08,30
9489,7.76740829602,120,0.258913609867,1.68706219975e-08,30
9490,7.71864699949,120,0.257288233316,1.66594701548e-08,30
9491,7.69660559964,120,0.256553519988,1.65644603022e-08,30
9492,7.69490038105,120,0.256496679368,1.65571212496e-08,30
9493,7.68538123562,120,0.256179374521,1.65161818871e-08,30
9494,7.66726691112,120,0.255575563704,1.64384168711e-08,30
9495,7.65770112497,120,0.255256704166,1.63974248746e-08,30
9496,7.86162331029,120,0.262054110343,1.72823695377e-08,30
9497,7.6503700908,120,0.25501233636,1.63660440362e-08,30
9498,8.06371054323,120,0.268790351441,1.81822943964e-08,30
9499,7.86519181188,120,0.262173060396,1.72980625206e-08,30
9500,8.24769229543,120,0.274923076514,1.90214546195e-08,30
9501,8.37207709439,120,0.27906923648,1.95995122357e-08,30
9502,8.19523007227,120,0.273174335742,1.87802395021e-08,30
9503,8.73782078372,120,0.291260692791,2.1349371352e-08,30
9504,8.57543865492,120,0.285847955164,2.05632385948e-08,30
9505,9.3260180764,120,0.310867269213,2.43204346009e-08,30
9506,9.19312370259,120,0.306437456753,2.36322478974e-08,30
9507,9.10494610576,120,0.303498203525,2.31810756636e-08,30
9508,8.95830889503,120,0.298610296501,2.24404154269e-08,30
9509,8.39832346323,120,0.279944115441,1.97225933697e-08,30
9510,8.56037464198,120,0.285345821399,2.04910573732e-08,30
9511,8.78223801872,120,0.292741267291,2.15669748664e-08,30
9512,8.93352962062,120,0.297784320687,2.23164437772e-08,30
9513,8.9559179636,120,0.298530598787,2.24284385381e-08,30
9514,9.00048622489,120,0.300016207496,2.26522198883e-08,30
9515,8.83064753201,120,0.294354917734,2.18053934233e-08,30
9516,9.53762708932,120,0.317920902977,2.54366258299e-08,30
9517,9.16554040322,120,0.305518013441,2.34906469645e-08,30
9518,8.48324533794,120,0.282774844598,2.01234704269e-08,30
9519,8.548016093,120,0.284933869767,2.04319345085e-08,30
9520,8.88405491473,120,0.296135163824,2.20699472104e-08,30
9521,8.58528285288,120,0.286176095096,2.06104769435e-08,30
9522,8.9377424093,120,0.297924746977,2.23374962912e-08,30
9523,8.71428525666,120,0.290476175222,2.12345161693e-08,30
9524,8.64595111922,120,0.288198370641,2.09027957722e-08,30
9525,8.93606030778,120,0.297868676926,2.23290891569e-08,30
9526,7.72246063546,120,0.257415354515,1.66759364733e-08,30
9527,7.64220548239,120,0.254740182746,1.6331130421e-08,30
9528,7.64220548239,120,0.254740182746,1.6331130421e-08,30
9529,7.65021394788,120,0.255007131596,1.63653759859e-08,30
9530,7.63720381731,120,0.254573460577,1.63097606436e-08,30
9531,7.63156669017,120,0.254385556339,1.62856926037e-08,30
9532,7.62191026112,120,0.254063675371,1.62445052177e-08,30
9533,7.7829405873,120,0.25943135291,1.69381609762e-08,30
9534,7.87540540499,120,0.2625135135,1.73430175808e-08,30
9535,7.73372982881,120,0.257790994294,1.67246415371e-08,30
9536,7.81387413964,120,0.260462471321,1.70730710983e-08,30
9537,8.02150966146,120,0.267383655382,1.79924807807e-08,30
9538,8.33173947002,120,0.277724649001,1.94111018428e-08,30
9539,8.37763079368,120,0.279254359789,1.96255239169e-08,30
9540,7.73576476886,120,0.257858825629,1.67334440479e-08,30
9541,7.93566808487,120,0.264522269496,1.76094509543e-08,30
9542,7.81742102148,120,0.260580700716,1.70885742683e-08,30
9543,7.66382920227,120,0.255460973409,1.64236794625e-08,30
9544,7.66382920227,120,0.255460973409,1.64236794625e-08,30
9545,7.66382920227,120,0.255460973409,1.64236794625e-08,30
9546,7.66190355555,120,0.255396785185,1.64154271306e-08,30
9547,7.6503700908,120,0.25501233636,1.63660440362e-08,30
9548,7.64220548239,120,0.254740182746,1.6331130421e-08,30
9549,7.63720381731,120,0.254573460577,1.63097606436e-08,30
9550,7.63156669017,120,0.254385556339,1.62856926037e-08,30
9551,7.62191026112,120,0.254063675371,1.62445052177e-08,30
9552,8.1716137812,120,0.27238712604,1.86721569832e-08,30
9553,8.21347644565,120,0.273782548188,1.88639596006e-08,30
9554,8.08790822333,120,0.269596940778,1.82915814234e-08,30
9555,7.69627599555,120,0.256542533185,1.65630415996e-08,30
9556,7.65370166629,120,0.255123388876,1.63803012767e-08,30
9557,7.97177465483,120,0.265725821828,1.77700583085e-08,30
9558,7.61213002245,120,0.253737667415,1.62028429046e-08,30
9559,7.81173641784,120,0.260391213928,1.70637306653e-08,30
9560,7.61076673022,120,0.253692224341,1.61970397373e-08,30
9561,7.60732822507,120,0.253577607502,1.61824075655e-08,30
9562,7.60330833713,120,0.253443611238,1.61653097682e-08,30
9563,7.59854087021,120,0.253284695674,1.61450440064e-08,30
9564,7.59635023687,120,0.253211674562,1.61357362264e-08,30
9565,7.59512369649,120,0.253170789883,1.61305259521e-08,30
9566,7.68888055004,120,0.256296018335,1.65312256356e-08,30
9567,7.59357398653,120,0.253119132884,1.61239440747e-08,30
9568,7.65059147028,120,0.255019715676,1.63669912214e-08,30
9569,7.59266946367,120,0.253088982122,1.61201030356e-08,30
9570,7.93788374384,120,0.264596124795,1.76192855352e-08,30
9571,8.27459299405,120,0.275819766468,1.91457378409e-08,30
9572,7.74746971735,120,0.258248990578,1.6784120946e-08,30
9573,7.94886229228,120,0.264962076409,1.76680562028e-08,30
9574,8.15795780407,120,0.271931926802,1.8609801249e-08,30
9575,7.81305427022,120,0.260435142341,1.70694885081e-08,30
9576,7.59079278081,120,0.253026426027,1.6112135197e-08,30
9577,7.89225433934,120,0.263075144645,1.74173055529e-08,30
9578,7.98720089814,120,0.266240029938,1.78388988079e-08,30
9579,8.77141331064,120,0.292380443688,2.15138420928e-08,30
9580,8.23916444034,120,0.274638814678,1.89821397805e-08,30
9581,9.05416662177,120,0.301805554059,2.2923228871e-08,30
9582,8.54457456718,120,0.284819152239,2.04154855748e-08,30
9583,8.67659594821,120,0.28921986494,2.10512346894e-08,30
9584,8.71338549521,120,0.290446183174,2.1230131412e-08,30
9585,8.04894522812,120,0.268298174271,1.81157688156e-08,30
9586,8.01915282065,120,0.267305094022,1.79819094082e-08,30
9587,7.58709688283,120,0.252903229428,1.60964492699e-08,30
9588,7.58626636675,120,0.252875545558,1.60929254904e-08,30
9589,7.58389900276,120,0.252796633425,1.60828831676e-08,30
9590,7.57249142741,120,0.252416380914,1.60345363429e-08,30
9591,7.55718980708,120,0.251906326903,1.59698003184e-08,30
9592,7.55494434077,120,0.251831478026,1.59603115211e-08,30
9593,7.54266872758,120,0.251422290919,1.5908487595e-08,30
9594,7.51698493118,120,0.250566164373,1.58003309945e-08,30
9595,7.50636850456,120,0.250212283485,1.57557321022e-08,30
9596,8.13042382708,120,0.271014127569,1.84843931147e-08,30
9597,7.78767075551,120,0.259589025184,1.6958755942e-08,30
9598,8.26368708338,120,0.275456236113,1.90953029478e-08,30
9599,8.84562672429,120,0.294854224143,2.18794319814e-08,30
9600,8.68028605467,120,0.289342868489,2.10691444356e-08,30
9601,9.24770513744,120,0.308256837915,2.39136998143e-08,30
9602,9.64073504785,120,0.321357834928,2.59895715855e-08,30
9603,8.92422537721,120,0.29747417924,2.22699829702e-08,30
9604,10.0650832072,120,0.335502773572,2.83278467736e-08,30
9605,9.75665159692,120,0.325221719897,2.66183063749e-08,30
9606,9.30188155246,120,0.310062718415,2.41947108181e-08,30
9607,10.15563074,120,0.338521024668,2.88398255202e-08,30
9608,9.82078891206,120,0.327359630402,2.6969418247e-08,30
9609,9.61618617602,120,0.320539539201,2.58573820069e-08,30
9610,9.9052191664,120,0.330173972213,2.74351288543e-08,30
9611,10.1445671216,120,0.338152237387,2.87770231138e-08,30
9612,9.3025005849,120,0.31008335283,2.41979312008e-08,30
9613,10.0535373927,120,0.33511791309,2.82628934168e-08,30
9614,8.97625960054,120,0.299208653351,2.25304379705e-08,30
9615,8.25852006344,120,0.275284002115,1.90714310457e-08,30
9616,7.82954221083,120,0.260984740361,1.71416082364e-08,30
9617,8.39143654179,120,0.279714551393,1.9690260188e-08,30
9618,8.73196966082,120,0.291065655361,2.13207884881e-08,30
9619,8.11436270501,120,0.270478756834,1.84114358207e-08,30
9620,8.68290899953,120,0.289430299984,2.1081879397e-08,30
9621,8.26147537217,120,0.275382512406,1.90850828987e-08,30
9622,8.44162256508,120,0.281387418836,1.99264845354e-08,30
9623,8.66573245145,120,0.288857748382,2.09985534637e-08,30
9624,9.11539746779,120,0.30384658226,2.32343242741e-08,30
9625,10.2238519325,120,0.340795064417,2.92285942158e-08,30
9626,10.2963803619,120,0.34321267873,2.9644762875e-08,30
9627,10.1285257198,120,0.337617523994,2.86860860029e-08,30
9628,10.2221497529,120,0.340738325096,2.92188624286e-08,30
9629,9.06573842245,120,0.302191280748,2.29818610032e-08,30
9630,10.835726239,120,0.361190874632,3.28318136431e-08,30
9631,10.5135980876,120,0.350453269588,3.09087589297e-08,30
9632,10.660013321,120,0.355333777367,3.1775641015e-08,30
9633,11.4384942912,120,0.381283143039,3.65861360603e-08,30
9634,10.1767119627,120,0.33922373209,2.89596821446e-08,30
9635,8.99778329853,120,0.299926109951,2.26386166035e-08,30
9636,9.13386931739,120,0.30446231058,2.33285858356e-08,30
9637,10.7423695658,120,0.358078985526,3.226851681e-08,30
9638,8.95527451204,120,0.298509150401,2.24252158433e-08,30
9639,9.16344320341,120,0.30544810678,2.34798982379e-08,30
9640,8.8330799986,120,0.294435999953,2.18174079887e-08,30
9641,8.87171380082,120,0.295723793361,2.20086737136e-08,30
9642,9.02695246338,120,0.300898415446,2.27856350155e-08,30
9643,9.11216719124,120,0.303738906375,2.3217859826e-08,30
9644,9.04234514042,120,0.301411504681,2.28634089829e-08,30
9645,9.37651015845,120,0.312550338615,2.45844944823e-08,30
9646,9.43584252106,120,0.314528084035,2.48966087196e-08,30
9647,9.22632102681,120,0.307544034227,2.38032330654e-08,30
9648,9.71286916894,120,0.323762305631,2.63799460716e-08,30
9649,9.7569389849,120,0.325231299497,2.66198745141e-08,30
9650,10.4144662168,120,0.347148873894,3.0328634454e-08,30
9651,11.5194760888,120,0.383982536294,3.71060120138e-08,30
9652,13.6755263065,120,0.455850876885,5.22958136211e-08,30
9653,10.7051055761,120,0.356836852537,3.20450338837e-08,30
9654,11.0506052368,120,0.368353507895,3.41468742485e-08,30
9655,11.3789951321,120,0.379299837738,3.62065086949e-08,30
9656,11.0530980456,120,0.36843660152,3.41622817717e-08,30
9657,11.0818111198,120,0.369393703992,3.43400017544e-08,30
9658,11.1479453252,120,0.371598177507,3.47510943648e-08,30
9659,10.3639394972,120,0.345464649908,3.00350641312e-08,30
9660,10.4982758404,120,0.349942528013,3.08187333186e-08,30
9661,9.29865525217,120,0.309955175072,2.41779301561e-08,30
9662,10.078939104,120,0.335964636801,2.84058943931e-08,30
9663,9.96142706408,120,0.332047568803,2.77473776167e-08,30
9664,9.13431309989,120,0.30447710333,2.33308527981e-08,30
9665,9.95455904897,120,0.331818634966,2.77091293392e-08,30
9666,9.54989507268,120,0.318329835756,2.55021047575e-08,30
9667,10.1045565275,120,0.336818550918,2.85504752049e-08,30
9668,9.65171706885,120,0.321723902295,2.6048816152e-08,30
9669,9.84007665655,120,0.328002555218,2.70754565828e-08,30
9670,10.0714915953,120,0.33571638651,2.83639306539e-08,30
9671,9.1261582007,120,0.304205273357,2.32892129243e-08,30
9672,9.202173894,120,0.3067391298,2.36788004402e-08,30
9673,8.84920959311,120,0.294973653104,2.18971598401e-08,30
9674,9.41621876034,120,0.313873958678,2.47931612414e-08,30
9675,9.96256928391,120,0.332085642797,2.77537412475e-08,30
9676,10.2058082005,120,0.340193606682,2.91255161319e-08,30
9677,10.2809466635,120,0.342698222116,2.95559577981e-08,30
9678,9.44424128409,120,0.314808042803,2.49409489629e-08,30
9679,9.99707588006,120,0.333235862669,2.79463312608e-08,30
9680,10.5720628785,120,0.35240209595,3.1253474139e-08,30
9681,10.290322118,120,0.343010737265,2.96098880231e-08,30
9682,9.78284893509,120,0.326094964503,2.67614425639e-08,30
9683,10.0857452598,120,0.336191508661,2.8444271492e-08,30
9684,9.87458184238,120,0.329152728079,2.72656749524e-08,30
9685,9.88140540758,120,0.329380180253,2.73033704003e-08,30
9686,9.2690094138,120,0.30896698046,2.40240084579e-08,30
9687,9.2959597223,120,0.309865324077,2.41639146054e-08,30
9688,8.70383616606,120,0.290127872202,2.11836231011e-08,30
9689,8.90035812935,120,0.296678604312,2.21510230786e-08,30
9690,9.19515088913,120,0.306505029638,2.36426713962e-08,30
9691,9.01032634634,120,0.300344211545,2.27017777536e-08,30
9692,9.66222799429,120,0.322074266476,2.61055824762e-08,30
9693,9.48107991699,120,0.316035997233,2.51359000179e-08,30
9694,9.56847166803,120,0.318949055601,2.5601415387e-08,30
9695,9.72567567616,120,0.324189189205,2.64495563347e-08,30
9696,10.0327256127,120,0.334424187088,2.81460007686e-08,30
9697,10.1176650753,120,0.337255502509,2.86245997892e-08,30
9698,10.0713654327,120,0.335712181089,2.8363220045e-08,30
9699,10.168660715,120,0.338955357166,2.89138776954e-08,30
9700,10.6662533628,120,0.355541778761,3.18128528565e-08,30
9701,11.1708876625,120,0.372362922084,3.48942762146e-08,30
9702,10.0083808853,120,0.333612696176,2.8009572164e-08,30
9703,9.7278267928,120,0.324260893093,2.64612578092e-08,30
9704,9.95502103549,120,0.331834034516,2.77117013348e-08,30
9705,9.90168687085,120,0.330056229028,2.74155650864e-08,30
9706,10.1490516092,120,0.338301720306,2.88024709667e-08,30
9707,10.0441654162,120,0.334805513873,2.82102242513e-08,30
9708,9.18558018832,120,0.306186006277,2.35934804307e-08,30
9709,9.37076946162,120,0.312358982054,2.45544003591e-08,30
9710,9.51796834767,120,0.317265611589,2.53318750982e-08,30
9711,9.11200332277,120,0.303733444092,2.32170247577e-08,30
9712,8.50829085628,120,0.283609695209,2.0242468929e-08,30
9713,9.13581999353,120,0.304527333118,2.33385512453e-08,30
9714,8.94958481283,120,0.298319493761,2.23967293463e-08,30
9715,8.84068591955,120,0.294689530652,2.18549968986e-08,30
9716,9.24570198835,120,0.308190066278,2.39033410242e-08,30
9717,8.55420519857,120,0.285140173286,2.04615322953e-08,30
9718,8.05895611294,120,0.268631870431,1.81608598555e-08,30
9719,8.6944419797,120,0.289814732657,2.11379201476e-08,30
9720,8.96387108364,120,0.298795702788,2.24682904587e-08,30
9721,9.22858358053,120,0.307619452684,2.38149089429e-08,30
9722,9.39946928179,120,0.313315642726,2.47050360201e-08,30
9723,9.1359808003,120,0.304532693343,2.3339372853e-08,30
9724,10.1049570481,120,0.336831901602,2.85527385952e-08,30
9725,9.2967148134,120,0.30989049378,2.4167840332e-08,30
9726,8.82199211695,120,0.294066403898,2.17626689831e-08,30
9727,8.31121688323,120,0.277040562774,1.93155934799e-08,30
9728,9.13971185565,120,0.304657061855,2.33584399407e-08,30
9729,8.3595903642,120,0.27865301214,1.95410915328e-08,30
9730,8.07070789973,120,0.269023596658,1.82138637829e-08,30
9731,7.80066650322,120,0.260022216774,1.70154033302e-08,30
9732,7.60330833713,120,0.253443611238,1.61653097682e-08,30
9733,7.59854087021,120,0.253284695674,1.61450440064e-08,30
9734,7.59635023687,120,0.253211674562,1.61357362264e-08,30
9735,7.65135623895,120,0.255045207965,1.63702635403e-08,30
9736,7.59512369649,120,0.253170789883,1.61305259521e-08,30
9737,7.59357398653,120,0.253119132884,1.61239440747e-08,30
9738,8.00106085641,120,0.266702028547,1.79008631721e-08,30
9739,7.90877590205,120,0.263625863402,1.74903042911e-08,30
9740,7.59266946367,120,0.253088982122,1.61201030356e-08,30
9741,7.59047229604,120,0.253015743201,1.61107747107e-08,30
9742,7.58626636675,120,0.252875545558,1.60929254904e-08,30
9743,7.58389900276,120,0.252796633425,1.60828831676e-08,30
9744,8.26040062978,120,0.275346687659,1.90801176323e-08,30
9745,9.84904066263,120,0.328301355421,2.71248088621e-08,30
9746,8.58102722116,120,0.286034240705,2.05900492273e-08,30
9747,8.95414182072,120,0.298471394024,2.24195433782e-08,30
9748,9.27901511845,120,0.309300503948,2.40759032966e-08,30
9749,9.66286172568,120,0.322095390856,2.61090070424e-08,30
9750,9.29151372457,120,0.309717124152,2.41408062828e-08,30
9751,9.62449455575,120,0.320816485192,2.59020828379e-08,30
9752,8.82738646106,120,0.294246215369,2.17892913639e-08,30
9753,8.9292882784,120,0.297642942613,2.22952585994e-08,30
9754,7.57249142741,120,0.252416380914,1.60345363429e-08,30
9755,7.55718980708,120,0.251906326903,1.59698003184e-08,30
9756,7.55494434077,120,0.251831478026,1.59603115211e-08,30
9757,7.54266872758,120,0.251422290919,1.5908487595e-08,30
9758,7.51888564526,120,0.250629521509,1.58083224189e-08,30
9759,7.51527523574,120,0.250509174525,1.57931444211e-08,30
9760,7.50636850456,120,0.250212283485,1.57557321022e-08,30
9761,7.49591413721,120,0.249863804574,1.57118756067e-08,30
9762,7.49403815142,120,0.249801271714,1.57040122383e-08,30
9763,7.48710667883,120,0.249570222628,1.56749753992e-08,30
9764,7.47846669911,120,0.249282223304,1.56388190219e-08,30
9765,7.77433703215,120,0.259144567738,1.69007335146e-08,30
9766,8.5853752499,120,0.286179174997,2.06109205764e-08,30
9767,9.31300511389,120,0.310433503796,2.42526114202e-08,30
9768,10.2902688574,120,0.343008961913,2.96095815147e-08,30
9769,10.2292696681,120,0.340975655603,2.92595795532e-08,30
9770,11.7339103026,120,0.391130343422,3.85003212805e-08,30
9771,10.8033372666,120,0.360111242221,3.26358324237e-08,30
9772,11.9476428313,120,0.398254761043,3.99156575344e-08,30
9773,10.9928245527,120,0.366427485089,3.37907179132e-08,30
9774,12.7772506847,120,0.425908356158,4.56513533373e-08,30
9775,10.4696681727,120,0.34898893909,3.06510008549e-08,30
9776,11.001728259,120,0.366724275298,3.38454780831e-08,30
9777,8.50218420364,120,0.283406140121,2.02134221163e-08,30
9778,10.9424551447,120,0.364748504822,3.34817674514e-08,30
9779,10.9617100594,120,0.365390335315,3.35997036521e-08,30
9780,11.3291178124,120,0.377637260414,3.58897978181e-08,30
9781,9.67012717754,120,0.322337572585,2.61482842366e-08,30
9782,9.63914931759,120,0.321304977253,2.59810226397e-08,30
9783,9.30395306456,120,0.310131768819,2.42054882542e-08,30
9784,9.12895061526,120,0.304298353842,2.3303467134e-08,30
9785,9.59890643366,120,0.319963547789,2.57645369963e-08,30
9786,8.67412856035,120,0.289137618678,2.10392635948e-08,30
9787,8.34654468268,120,0.278218156089,1.94801488476e-08,30
9788,8.38707943245,120,0.279569314415,1.96698178375e-08,30
9789,8.51827662466,120,0.283942554155,2.02900120205e-08,30
9790,8.62823805691,120,0.28760793523,2.0817235896e-08,30
9791,8.90490349538,120,0.296830116513,2.21736536775e-08,30
9792,9.21903938905,120,0.307301312968,2.37656757068e-08,30
9793,8.60595552839,120,0.28686518428,2.07098532098e-08,30
9794,8.77541072887,120,0.292513690962,2.15334556757e-08,30
9795,9.57294789387,120,0.319098263129,2.56253741813e-08,30
9796,9.30980656246,120,0.310326885415,2.42359551631e-08,30
9797,9.69532272553,120,0.323177424184,2.62847206283e-08,30
9798,9.81267985256,120,0.327089328419,2.69248991498e-08,30
9799,9.40832898186,120,0.313610966062,2.47516306433e-08,30
9800,9.64513645299,120,0.321504548433,2.60133076897e-08,30
9801,9.50740944883,120,0.316913648294,2.5275701694e-08,30
9802,9.10360899508,120,0.303453633169,2.31742676304e-08,30
9803,10.335549089,120,0.344518302965,2.9870736695e-08,30
9804,9.59443934113,120,0.319814644704,2.57405622256e-08,30
9805,8.74752122169,120,0.291584040723,2.13968003882e-08,30
9806,8.56415580987,120,0.285471860329,2.05091634126e-08,30
9807,8.16771335172,120,0.272257111724,1.86543362559e-08,30
9808,8.05701995181,120,0.268567331727,1.81521346245e-08,30
9809,8.35247317141,120,0.27841577238,1.95078318859e-08,30
9810,8.39900273659,120,0.279966757886,1.97257839051e-08,30
9811,8.38336684516,120,0.279445561505,1.96524077835e-08,30
9812,9.40514258331,120,0.313504752777,2.47348677931e-08,30
9813,8.78631709336,120,0.292877236445,2.15870138884e-08,30
9814,8.63446691613,120,0.287815563871,2.08473033177e-08,30
9815,8.46816331085,120,0.282272110362,2.00519805852e-08,30
9816,9.02400552418,120,0.300800184139,2.27707602455e-08,30
9817,9.48337031977,120,0.316112343992,2.51480459526e-08,30
9818,9.75521703754,120,0.325173901251,2.66104793589e-08,30
9819,10.4863592038,120,0.349545306795,3.07488080828e-08,30
9820,9.9564473877,120,0.33188157959,2.7719642951e-08,30
9821,9.88384714809,120,0.329461571603,2.73168656431e-08,30
9822,11.110187479,120,0.370339582632,3.45160906278e-08,30
9823,10.2588263484,120,0.341960878279,2.94289104001e-08,30
9824,9.80778074214,120,0.326926024738,2.6898020636e-08,30
9825,9.44207483739,120,0.314735827913,2.49295076967e-08,30
9826,10.3300763673,120,0.344335878911,2.98391116802e-08,30
9827,10.1431938432,120,0.338106461442,2.87692325027e-08,30
9828,9.52340641799,120,0.3174468806,2.536082999e-08,30
9829,9.90812682036,120,0.330270894012,2.74512382544e-08,30
9830,10.5625740244,120,0.352085800812,3.11973968012e-08,30
9831,9.95694372636,120,0.331898124212,2.77224067226e-08,30
9832,9.88950859638,120,0.329650286546,2.73481687e-08,30
9833,11.0288439885,120,0.367628132949,3.4012520166e-08,30
9834,11.2294542386,120,0.374315141287,3.5261121809e-08,30
9835,11.1641462423,120,0.372138208076,3.48521728462e-08,30
9836,10.3999617911,120,0.346665393036,3.02442147461e-08,30
9837,11.22370215,120,0.374123405001,3.52250072935e-08,30
9838,11.3714977938,120,0.37904992646,3.61588132673e-08,30
9839,9.9720217308,120,0.33240072436,2.78064315148e-08,30
9840,10.1545226497,120,0.338484088323,2.88335323829e-08,30
9841,11.8769008446,120,0.39589669482,3.94443757339e-08,30
9842,12.057919921,120,0.401930664032,4.06559034386e-08,30
9843,16.5953049043,60,0.276588415072,1.92525963916e-08,60
9844,12.9579834602,120,0.431932782008,4.69519536904e-08,30
9845,12.9864412243,120,0.432881374143,4.71584078533e-08,30
9846,12.2068447371,120,0.406894824571,4.16663700826e-08,30
9847,12.3151324553,120,0.410504415177,4.24088992401e-08,30
9848,11.8825643088,120,0.39608547696,3.94820025651e-08,30
9849,12.1052712175,120,0.403509040583,4.09758408229e-08,30
9850,11.5329794877,120,0.384432649588,3.71930560688e-08,30
9851,10.9056764389,120,0.363522547964,3.32570744371e-08,30
9852,10.5015990481,120,0.350053301603,3.08382476204e-08,30
9853,10.270937308,120,0.342364576932,2.94984354533e-08,30
9854,10.3946076477,120,0.346486921591,3.02130819051e-08,30
9855,9.25950144687,120,0.308650048229,2.39747470291e-08,30
9856,10.1628517771,120,0.338761725903,2.88808525114e-08,30
9857,9.59807199932,120,0.319935733311,2.57600577611e-08,30
9858,10.3621653069,120,0.345405510231,3.00247816785e-08,30
9859,10.3753518419,120,0.345845061396,3.0101247309e-08,30
9860,10.9609204667,120,0.365364015558,3.3594863326e-08,30
9861,9.97553268149,120,0.33251775605,2.78260151456e-08,30
9862,11.4649778884,120,0.382165929612,3.67557482754e-08,30
9863,9.81646151214,120,0.327215383738,2.6945656053e-08,30
9864,10.0118671813,120,0.333728906044,2.80290891407e-08,30
9865,11.1162407593,120,0.370541358644,3.45537124037e-08,30
9866,14.1997888434,60,0.23666314739,1.40955688385e-08,60
9867,14.9037204518,60,0.248395340864,1.55277391286e-08,60
9868,15.7537637938,60,0.262562729896,1.73495211763e-08,60
9869,15.3030397048,60,0.255050661747,1.63709636579e-08,60
9870,17.6596296911,60,0.294327161519,2.18012813353e-08,60
9871,19.4348100467,60,0.323913500779,2.6404590393e-08,60
9872,17.4238738624,60,0.290397897706,2.12230731571e-08,60
9873,19.2485689299,60,0.320809482165,2.59009520294e-08,60
9874,19.1184879015,60,0.318641465025,2.55520598124e-08,60
9875,18.2327825484,60,0.303879709139,2.32393907956e-08,60
9876,16.5992728292,60,0.276654547154,1.92618040549e-08,60
9877,14.3616163214,60,0.239360272023,1.44186790401e-08,60
9878,13.9952092445,120,0.466506974818,5.4769353903e-08,30
9879,13.489740059,120,0.449658001965,5.08845558167e-08,30
9880,13.5581102621,120,0.451937008736,5.14016604752e-08,30
9881,11.4118440058,120,0.380394800194,3.64158522642e-08,30
9882,12.9036323324,120,0.430121077748,4.65589079978e-08,30
9883,12.757480612,120,0.425249353733,4.5510191148e-08,30
9884,12.7610676881,120,0.425368922937,4.55357873413e-08,30
9885,11.7191386843,120,0.390637956145,3.84034475079e-08,30
9886,12.5873428038,120,0.41957809346,4.43044087799e-08,30
9887,13.7053668643,120,0.456845562143,5.25242858258e-08,30
9888,13.6387155361,120,0.454623851204,5.20146605167e-08,30
9889,13.7461419318,120,0.458204731061,5.28372825079e-08,30
9890,14.447638412,60,0.240793973534,1.45919240967e-08,60
9891,13.3817195795,120,0.446057319318,5.00728920043e-08,30
9892,13.839380506,120,0.461312683533,5.35564924173e-08,30
9893,12.6610448356,120,0.422034827852,4.48247544382e-08,30
9894,13.5882507963,120,0.452941693212,5.16304527693e-08,30
9895,13.3062549173,120,0.443541830577,4.95097238714e-08,30
9896,14.2425233649,60,0.237375389416,1.4180538244e-08,60
9897,13.9927867468,120,0.466426224895,5.47503949653e-08,30
9898,14.2615839222,60,0.237693065369,1.42185188483e-08,60
9899,13.548490204,120,0.451616340132,5.13287430079e-08,30
9900,13.4814437112,120,0.44938145704,5.08219858705e-08,30
9901,13.5234831699,120,0.450782772331,5.11394385135e-08,30
9902,14.0957060871,60,0.234928434785,1.3889688481e-08,60
9903,14.0730870929,120,0.469102903096,5.53805897592e-08,30
9904,13.5456593757,120,0.451521979189,5.13072959424e-08,30
9905,14.5166468211,60,0.241944113685,1.47316521682e-08,60
9906,13.2743120679,120,0.44247706893,4.92723041887e-08,30
9907,12.1806072259,120,0.406020240862,4.14874463743e-08,30
9908,11.6436227323,120,0.388120757742,3.79101127647e-08,30
9909,11.8738506665,120,0.395795022216,3.94241184421e-08,30
9910,11.2039939828,120,0.373466466093,3.51014097818e-08,30
9911,10.9617794623,120,0.365392648744,3.36001291191e-08,30
9912,12.0440115,120,0.401467050001,4.05621669894e-08,30
9913,10.9124861641,120,0.363749538802,3.32986201851e-08,30
9914,10.6452305111,120,0.354841017036,3.16875721645e-08,30
9915,9.94526656062,120,0.331508885354,2.76574210556e-08,30
9916,10.3449466502,120,0.344831555007,2.99250811123e-08,30
9917,10.1177111187,120,0.337257037289,2.8624860319e-08,30
9918,9.89322185345,120,0.329774061782,2.73687096287e-08,30
9919,9.65015445755,120,0.321671815252,2.60403822373e-08,30
9920,9.81315707928,120,0.327105235976,2.69275181273e-08,30
9921,9.75402596627,120,0.325134198876,2.66039816988e-08,30
9922,9.89753176349,120,0.32991772545,2.73925607809e-08,30
9923,9.76589638295,120,0.325529879432,2.6668773921e-08,30
9924,9.54316297229,120,0.31810543241,2.54661625371e-08,30
9925,9.18808848546,120,0.306269616182,2.36063674859e-08,30
9926,9.04855427684,120,0.301618475895,2.28948191456e-08,30
9927,8.97665547148,120,0.299221849049,2.25324252888e-08,30
9928,8.83883121689,120,0.29462770723,2.1845827866e-08,30
9929,8.89683385085,120,0.296561128362,2.21334842521e-08,30
9930,9.06099051397,120,0.302033017132,2.29577951864e-08,30
9931,9.41111022089,120,0.31370367403,2.4766266691e-08,30
9932,9.1823435345,120,0.306078117817,2.35768564454e-08,30
9933,9.28924186378,120,0.309641395459,2.41290024265e-08,30
9934,9.2012056512,120,0.30670685504,2.36738177867e-08,30
9935,9.15539895911,120,0.305179965304,2.34386920823e-08,30
9936,9.12401088765,120,0.304133696255,2.32782546774e-08,30
9937,8.89372816506,120,0.296457605502,2.21180343402e-08,30
9938,9.0814845985,120,0.302716153283,2.30617641907e-08,30
9939,8.9314587845,120,0.297715292817,2.23060988534e-08,30
9940,8.81093718473,120,0.293697906158,2.17081610925e-08,30
9941,8.88367320357,120,0.296122440119,2.20680507421e-08,30
9942,8.85365109074,120,0.295121703025,2.1919146118e-08,30
9943,8.9548645676,120,0.298495485587,2.24231627779e-08,30
9944,8.86971107091,120,0.295657035697,2.19987382141e-08,30
9945,8.78228899316,120,0.292742966439,2.1567225228e-08,30
9946,8.6155583511,120,0.28718527837,2.07560965358e-08,30
9947,8.71150037905,120,0.290383345968,2.12209462487e-08,30
9948,8.65464410647,120,0.288488136882,2.09448499274e-08,30
9949,8.71974008119,120,0.290658002706,2.12611085539e-08,30
9950,8.70590381164,120,0.290196793721,2.11936888758e-08,30
9951,8.80608018186,120,0.293536006062,2.16842345708e-08,30
9952,8.93151536169,120,0.297717178723,2.23063814546e-08,30
9953,8.83389506495,120,0.294463168832,2.18214345469e-08,30
9954,8.90823710567,120,0.296941236856,2.21902584966e-08,30
9955,8.80204595561,120,0.293401531854,2.16643712335e-08,30
9956,8.74264068809,120,0.29142135627,2.13729310729e-08,30
9957,8.63269836832,120,0.287756612277,2.08387641277e-08,30
9958,8.67475747756,120,0.289158582585,2.10423146066e-08,30
9959,8.71908002123,120,0.290636000708,2.12578898627e-08,30
9960,8.69421999585,120,0.289807333195,2.11368407875e-08,30
9961,8.74612310306,120,0.291537436769,2.13899612223e-08,30
9962,8.69332153713,120,0.289777384571,2.11324724605e-08,30
9963,8.76483412356,120,0.292161137452,2.14815803574e-08,30
9964,8.62629730601,120,0.287543243534,2.08078721011e-08,30
9965,8.87717724126,120,0.295905908042,2.2035789129e-08,30
9966,8.89855663899,120,0.296618554633,2.21420569638e-08,30
9967,8.89500525393,120,0.296500175131,2.21243868445e-08,30
9968,9.15960371669,120,0.30532012389,2.34602261847e-08,30
9969,9.04546877818,120,0.301515625939,2.28792078363e-08,30
9970,8.99615954983,120,0.299871984994,2.26304465674e-08,30
9971,9.21501728369,120,0.30716724279,2.37449431345e-08,30
9972,9.27605048579,120,0.30920168286,2.40605213178e-08,30
9973,9.468233526,120,0.3156077842,2.50678303798e-08,30
9974,9.7280490722,120,0.324268302407,2.64624670946e-08,30
9975,9.8324026398,120,0.32774675466,2.70332421785e-08,30
9976,9.79922483411,120,0.326640827804,2.68511116327e-08,30
9977,9.14485455802,120,0.304828485267,2.33847338331e-08,30
9978,8.86623030446,120,0.295541010149,2.19814755446e-08,30
9979,9.09976359516,120,0.303325453172,2.31546939633e-08,30
9980,8.78218949524,120,0.292739649841,2.1566736544e-08,30
9981,8.54673026187,120,0.284891008729,2.04257880434e-08,30
9982,8.58030079968,120,0.286010026656,2.05865632994e-08,30
9983,8.5753526265,120,0.28584508755,2.05628260179e-08,30
9984,8.624880168,120,0.2874960056,2.08010359805e-08,30
9985,8.64372208213,120,0.288124069404,2.08920191438e-08,30
9986,8.60683496925,120,0.286894498975,2.07140860975e-08,30
9987,8.61880969313,120,0.287293656438,2.07717653758e-08,30
9988,8.45411829091,120,0.28180394303,1.99855206209e-08,30
9989,8.60470170972,120,0.286823390324,2.07038191305e-08,30
9990,8.63779784521,120,0.28792659484,2.08633910006e-08,30
9991,8.55790336829,120,0.28526344561,2.04792280542e-08,30
9992,8.59953358976,120,0.286651119659,2.06789565166e-08,30
9993,8.44726784274,120,0.281575594758,1.99531448488e-08,30
9994,8.35139452081,120,0.27837981736,1.95027936714e-08,30
9995,8.27806240901,120,0.275935413634,1.91617962585e-08,30
9996,8.2514231875,120,0.275047439583,1.90386674453e-08,30
9997,8.2514231875,120,0.275047439583,1.90386674453e-08,30
9998,8.2514231875,120,0.275047439583,1.90386674453e-08,30
9999,8.2514231875,120,0.275047439583,1.90386674453e-08,30
