make strategy_modeling_report_paper \
	PAPER_LEVEL0_INTERVAL=240 \
	PAPER_LEVEL1_INTERVAL=200 \
	PAPER_LEVEL2_INTERVAL=150 \
	PAPER_LEVEL3_INTERVAL=120 \
	PAPER_LEVEL4_INTERVAL=100 \
	PAPER_LEVEL5_INTERVAL=80 \
	PAPER_LEVEL6_INTERVAL=70 \
	PAPER_LEVEL7_INTERVAL=70 \
	PAPER_THRESHOLD_LOW_INTERVAL=200 \
	PAPER_THRESHOLD_MEDIUM_INTERVAL=120 \
	PAPER_THRESHOLD_HIGH_INTERVAL=70
make[1]: Entering directory '/home/z3tm4n/adaptive_scrubbing'
mkdir -p results/paper/tables results/paper/figures
python3 model/analyze_upsets_window.py \
	--input data/upsets.xlsx \
	--start-index 0 \
	--window-size 43824 \
	--total-cycles 50000 \
	--event-count 400 \
	--paired-event-count 100 \
	--cluster-event-count 10 \
	--codeword-count 16 \
	--control-quantization linear_max \
	--summary-csv results/paper/tables/upsets_window_summary.csv \
	--level-csv results/paper/tables/control_level_distribution.csv \
	--md-output results/paper/tables/upsets_window_summary.md
Usable series length: 43824
Window size: 43824
Window mean: 7.07276729
Window CV^2: 6.24295992
Eta theory 1+CV^2: 7.24295992
Control level changes: 44
Summary CSV: results/paper/tables/upsets_window_summary.csv
Level CSV: results/paper/tables/control_level_distribution.csv
Markdown summary: results/paper/tables/upsets_window_summary.md
cat results/paper/tables/upsets_window_summary.md
# Статистика публикационного окна ν(t)

Источник: `data/upsets.xlsx`

## Параметры окна

- Начальный индекс: 0
- Размер окна: 43824
- Модельных тактов: 50000
- Часов ряда на один модельный такт: 0.876480
- Модельных тактов на один час ряда: 1.140927
- Режим квантования управляющего уровня: `linear_max`

## Статистика ν(t)

- Минимум: 2.47950109
- Максимум: 1193.96355
- Среднее: 7.07276729
- Стандартное отклонение: 17.6719569
- CV²: 6.24295992
- η_theory = 1 + CV²: 7.24295992
- Сумма значений окна: 309956.954

## Параметры инжекции

- Одиночных событий: 400
- Накопительных пар: 100
- Мгновенных кластерных событий: 10
- Строк инжекции без кластеров: 600
- Строк инжекции с кластерами: 610
- Число кодовых слов в имитационной памяти: 16
- Плотность строк инжекции без кластеров на кодовое слово: 37.500000
- Плотность строк инжекции с кластерами на кодовое слово: 38.125000

## Распределение управляющих уровней

| Уровень | Число точек | Доля |
|---:|---:|---:|
| 0 | 43714 | 0.997490 |
| 1 | 73 | 0.001666 |
| 2 | 16 | 0.000365 |
| 3 | 11 | 0.000251 |
| 4 | 6 | 0.000137 |
| 5 | 1 | 0.000023 |
| 6 | 2 | 0.000046 |
| 7 | 1 | 0.000023 |


## Пороги управляющих уровней

| Граница | Значение ν(t) |
|---|---:|
| level 0 → 1 | 85.2831107 |
| level 1 → 2 | 255.849332 |
| level 2 → 3 | 426.415553 |
| level 3 → 4 | 596.981775 |
| level 4 → 5 | 767.547996 |
| level 5 → 6 | 938.114218 |
| level 6 → 7 | 1108.68044 |
Число изменений управляющего уровня: 44

## Методическое пояснение

Модельная шкала времени является нормированной событийной шкалой RTL-симуляции. Временной ряд ν(t), заданный с часовым шагом, масштабируется на заданное число модельных тактов. Поэтому один модельный такт не следует интерпретировать как физический такт аппаратного контроллера.

Режим `linear_max` соответствует прежней линейной нормировке по максимуму выбранного окна. Режим `percentile_tail` задаёт пороги по перцентилям окна и предназначен для публикационного анализа тяжёлого хвоста распределения ν(t).
python3 model/plot_control_quantization.py \
	--input data/upsets.xlsx \
	--start-index 0 \
	--window-size 43824 \
	--total-cycles 50000 \
	--output-dir results/paper/figures \
	--control-quantization linear_max
Control level distribution figure: results/paper/figures/control_level_distribution.png
Upsets histogram figure: results/paper/figures/upsets_window_histogram.png
Thresholds CSV: results/paper/tables/control_level_thresholds.csv
Quantization summary: results/paper/tables/control_quantization_summary.md
cat results/paper/tables/control_quantization_summary.md
# Диагностика квантования ν(t) → ctrl_level

Источник: `data/upsets.xlsx`

## Параметры

- Начальный индекс: 0
- Размер окна: 43824
- Модельных тактов: 50000
- Режим квантования: `linear_max`
- Максимум окна: 1193.96355
- Среднее окна: 7.07276729
- CV² окна: 6.24295992
- η_theory = 1 + CV²: 7.24295992
- Число изменений уровня: 44

## Распределение уровней

| Уровень | Число точек | Доля |
|---:|---:|---:|
| 0 | 43714 | 0.997490 |
| 1 | 73 | 0.001666 |
| 2 | 16 | 0.000365 |
| 3 | 11 | 0.000251 |
| 4 | 6 | 0.000137 |
| 5 | 1 | 0.000023 |
| 6 | 2 | 0.000046 |
| 7 | 1 | 0.000023 |

## Пороги уровней

| Граница | Значение ν(t) |
|---|---:|
| level 0 → 1 | 85.2831107 |
| level 1 → 2 | 255.849332 |
| level 2 → 3 | 426.415553 |
| level 3 → 4 | 596.981775 |
| level 4 → 5 | 767.547996 |
| level 5 → 6 | 938.114218 |
| level 6 → 7 | 1108.68044 |

## Пояснение

Режим `linear_max` использует прежние пороги, пропорциональные максимуму окна. Режим `percentile_tail` задаёт пороги по перцентилям окна и лучше использует управляющие уровни при тяжёлом хвосте распределения ν(t).
python3 model/scrub_risk_policy.py \
	--input data/upsets.xlsx \
	--start-index 0 \
	--window-size 43824 \
	--target-pmission 0.01 \
	--intervals-seconds 1,2,5,10,30,60,120,300,600,1200,1800,3600 \
	--output-dir results/paper/tables
Series count: 43824
Mean ν(t): 7.07276729
CV^2: 6.24295992
Eta theory 1+CV^2: 7.24295992
Target E*: 0.0100503358535
Summary: results/paper/tables/risk_policy_summary.md
Schedule: results/paper/tables/risk_policy_schedule.csv
Interval usage: results/paper/tables/risk_policy_interval_usage.csv
Boundaries: results/paper/tables/risk_policy_boundaries.csv
cat results/paper/tables/risk_policy_summary.md
# Расчётно-рисковая политика скраббинга

## Назначение

Этот отчёт строит расчётную политику скраббинга по вероятностной постановке статьи 3. На этом шаге политика только рассчитывается; подключение к RTL выполняется следующим шагом.

## Входные параметры

- Источник ряда: `data/upsets.xlsx`
- Начальный индекс: 0
- Размер окна: 43824
- Целевая вероятность Pм*: 0.01
- Целевая мера риска E*: 0.0100503358535
- alpha: 2.51664139054e-07
- Допустимые интервалы, с: 1, 2, 5, 10, 30, 60, 120, 300, 600, 1200, 1800, 3600

## Статистика ν(t)

- Число точек: 43824
- Минимум: 2.47950109
- Максимум: 1193.96355
- Среднее: 7.07276729
- Стандартное отклонение: 17.6719569
- CV²: 6.24295992
- η_theory = 1 + CV²: 7.24295992

## Сравнение расчётных стратегий

| Стратегия | c | E | Pм | N циклов | Pmax за цикл | Средний τ, с | Диапазон τ, с | Отклонение от практической нижней границы |
|---|---:|---:|---:|---:|---:|---:|---:|---:|
| `adaptive_current_continuous` | 0.128842 | 0.0100503 | 0.01 | 2405711 | 4.1777e-09 | 96.566 | 0.388–187.067 | -5.428 % |
| `adaptive_current_discrete` | 0.12706 | 0.0100502 | 0.00999985 | 2543790 | 2.76821e-08 | 87.020 | 1.000–120.000 | +0.000 % |
| `adaptive_delayed_1h_discrete` | 0.120903 | 0.0100502 | 0.00999989 | 2653530 | 1.58576e-06 | 84.755 | 1.000–120.000 | +4.314 % |
| `fixed_continuous_at_target` |  | 0.0100503 | 0.01 | 17424471 | 2.26939e-06 | 9.054 | 9.054–9.054 | +584.981 % |
| `fixed_allowed_5s` |  | 0.00555003 | 0.00553466 | 31553280 | 6.92052e-07 | 5.000 | 5.000–5.000 | +1140.404 % |

## Контрольная интерпретация

Практической нижней границей для дальнейшего сопоставления принята стратегия `adaptive_current_discrete`: она использует тот же класс τ = c / ν̂(t), но с ограничениями Tmin/Tmax и дискретным множеством допустимых интервалов.

Дальнейшее подключение к RTL должно исполнять именно рассчитанную дискретную интервальную политику, а не статистическую нарезку ряда по перцентилям.

## Ограничение текущего шага

В текущей версии используется редкособытийное квадратичное ядро q(λ) ≈ αλ². Оно является тем приближением, из которого следует шкала η = 1 + CV². Для финальной сверки при необходимости можно добавить точное пуассоновское q(λ), но сначала нужно убедиться, что базовые контрольные числа совпадают со статьёй 3.
make strategy_modeling_report \
	SERIES_SEED_COUNT=30 \
	SERIES_TOTAL_CYCLES=50000 \
	SERIES_WINDOW_SIZE=43824 \
	SERIES_EVENT_COUNT=400 \
	SERIES_PAIRED_EVENT_COUNT=100 \
	SERIES_PAIR_GAP_MIN=60 \
	SERIES_PAIR_GAP_MAX=300 \
	PAPER_CLUSTER_EVENT_COUNT=10 \
	PAPER_CLUSTER_BIT_COUNT=2 \
	CONTROL_QUANTIZATION=linear_max \
	CONTROL_SOURCE=risk_policy \
	CONTROL_POLICY_SCHEDULE=results/paper/tables/risk_policy_schedule.csv \
	CONTROL_POLICY_LEVEL_MAP_OUTPUT=results/paper/tables/risk_policy_level_map.csv \
	SAFE_INTERVAL=1 \
	LEVEL0_INTERVAL=240 \
	LEVEL1_INTERVAL=200 \
	LEVEL2_INTERVAL=150 \
	LEVEL3_INTERVAL=120 \
	LEVEL4_INTERVAL=100 \
	LEVEL5_INTERVAL=80 \
	LEVEL6_INTERVAL=70 \
	LEVEL7_INTERVAL=70 \
	THRESHOLD_LOW_TO_MEDIUM=2 \
	THRESHOLD_MEDIUM_TO_LOW=1 \
	THRESHOLD_MEDIUM_TO_HIGH=4 \
	THRESHOLD_HIGH_TO_MEDIUM=3 \
	THRESHOLD_LOW_INTERVAL=200 \
	THRESHOLD_MEDIUM_INTERVAL=120 \
	THRESHOLD_HIGH_INTERVAL=70 \
	NO_CLUSTER_SERIES_OUTPUT=results/paper/tables/strategy_comparison_series_no_clusters.csv \
	NO_CLUSTER_SUMMARY_CSV=results/paper/tables/strategy_series_summary_no_clusters.csv \
	NO_CLUSTER_SUMMARY_MD=results/paper/tables/strategy_series_summary_no_clusters.md \
	NO_CLUSTER_FIGURE_DIR=results/paper/figures/series_no_clusters \
	WITH_CLUSTER_SERIES_OUTPUT=results/paper/tables/strategy_comparison_series_with_clusters.csv \
	WITH_CLUSTER_SUMMARY_CSV=results/paper/tables/strategy_series_summary_with_clusters.csv \
	WITH_CLUSTER_SUMMARY_MD=results/paper/tables/strategy_series_summary_with_clusters.md \
	WITH_CLUSTER_FIGURE_DIR=results/paper/figures/series_with_clusters \
	SCENARIO_COMPARISON_CSV=results/paper/tables/strategy_scenario_comparison.csv \
	SCENARIO_COMPARISON_MD=results/paper/tables/strategy_scenario_comparison.md
make[2]: Entering directory '/home/z3tm4n/adaptive_scrubbing'
make strategy_series_report \
	SERIES_CLUSTER_EVENT_COUNT=0 \
	SERIES_CLUSTER_BIT_COUNT=2 \
	SERIES_OUTPUT=results/paper/tables/strategy_comparison_series_no_clusters.csv \
	SERIES_SUMMARY_CSV=results/paper/tables/strategy_series_summary_no_clusters.csv \
	SERIES_SUMMARY_MD=results/paper/tables/strategy_series_summary_no_clusters.md \
	SERIES_FIGURE_DIR=results/paper/figures/series_no_clusters
make[3]: Entering directory '/home/z3tm4n/adaptive_scrubbing'
mkdir -p results/logs results/tables results/figures
python3 model/run_strategy_series.py \
	--scenario upsets \
	--seed-start 1 \
	--seed-count 30 \
	--total-cycles 50000 \
	--window-size 43824 \
	--event-count 400 \
	--paired-event-count 100 \
	--pair-gap-min 60 \
	--pair-gap-max 300 \
	--cluster-event-count 0 \
	--cluster-bit-count 2 \
	--control-quantization linear_max \
	--control-source risk_policy \
	--control-policy-schedule results/paper/tables/risk_policy_schedule.csv \
	--control-policy-level-map-output results/paper/tables/risk_policy_level_map.csv \
	--safe-interval 1 \
	--level-intervals 240,200,150,120,100,80,70,70 \
	--threshold-levels 2,1,4,3 \
	--threshold-intervals 200,120,70 \
	--output results/paper/tables/strategy_comparison_series_no_clusters.csv
make[4]: Entering directory '/home/z3tm4n/adaptive_scrubbing'
mkdir -p results/logs results/tables results/figures
python3 model/generate_fault_events.py \
	--scenario upsets \
	--input data/upsets.xlsx \
	--output tb/fault_events.csv \
	--control-output tb/control_levels.csv \
	--start-index 0 \
	--window-size 43824 \
	--total-cycles 50000 \
	--event-count 400 \
	--paired-event-count 100 \
	--pair-gap-min 60 \
	--pair-gap-max 300 \
	--cluster-event-count 0 \
	--cluster-bit-count 2 \
	--seed 1 \
	--control-quantization linear_max \
	--control-source risk_policy \
	--control-policy-schedule results/paper/tables/risk_policy_schedule.csv \
	--control-policy-level-map-output results/paper/tables/risk_policy_level_map.csv
Generated fault events: tb/fault_events.csv
Generated control levels: tb/control_levels.csv
Control level changes: 1295
Generated 600 fault injections
Scenario: upsets
Paired events: 100
Addresses with repeated injections: 16
Input: data/upsets.xlsx
Start index: 0
Window size: 43824
Total cycles: 50000
Single events: 400
Paired events: 100
Cluster events: 0
Cluster bit count: 2
Seed: 1
Control source: risk_policy
Control policy schedule: results/paper/tables/risk_policy_schedule.csv
Control policy level map: results/paper/tables/risk_policy_level_map.csv
iverilog -g2012 -o results/logs/strategy_comparison.out rtl/secded_32_39_encoder.v rtl/secded_32_39_decoder.v rtl/protected_memory_model.v rtl/interval_selector.v rtl/adaptive_scrub_controller.v tb/tb_strategy_comparison.v
rm -f results/tables/strategy_comparison.csv
echo "strategy,total_cycles,scrub_cycles,reads,writes,corrected,uncorrectable_detections,unique_uncorrectable_words,interval_switches,safe_entries,safe_cycles,scrub_active_cycles,memory_busy_cycles,scrub_per_mille,busy_per_mille,safe_per_mille" > results/tables/strategy_comparison.csv
vvp results/logs/strategy_comparison.out \
	+STRATEGY=0 \
	+TOTAL_RUN_CYCLES=50000 \
	+FIXED_INTERVAL=80 \
	+SAFE_INTERVAL=1 \
	+LEVEL0_INTERVAL=240 \
	+LEVEL1_INTERVAL=200 \
	+LEVEL2_INTERVAL=150 \
	+LEVEL3_INTERVAL=120 \
	+LEVEL4_INTERVAL=100 \
	+LEVEL5_INTERVAL=80 \
	+LEVEL6_INTERVAL=70 \
	+LEVEL7_INTERVAL=70 \
	+THRESHOLD_LOW_TO_MEDIUM=2 \
	+THRESHOLD_MEDIUM_TO_LOW=1 \
	+THRESHOLD_MEDIUM_TO_HIGH=4 \
	+THRESHOLD_HIGH_TO_MEDIUM=3 \
	+THRESHOLD_LOW_INTERVAL=200 \
	+THRESHOLD_MEDIUM_INTERVAL=120 \
	+THRESHOLD_HIGH_INTERVAL=70 \
	+TRACE_EXECUTION=0 \
	+TRACE_OUTPUT=results/tables/strategy_execution_trace.csv
VCD info: dumpfile results/logs/strategy_comparison.vcd opened for output.
Total run cycles: 50000
Fixed interval: 80
Safe interval: 1
Level intervals: L0=240 L1=200 L2=150 L3=120 L4=100 L5=80 L6=70 L7=70
Threshold levels: low_to_medium=2 medium_to_low=1 medium_to_high=4 high_to_medium=3
Threshold intervals: low=200 medium=120 high=70
Loaded fault events: 600
Loaded control level events: 1295
STRATEGY RESULT: fixed
  total_cycle_count         = 50000
  scrub_cycle_count         = 632
  memory_read_count         = 10112
  memory_write_count        = 523
  corrected_error_count     = 523
  uncorrectable_detections  = 482
  unique_uncorrectable_words = 4
  interval_switch_count     = 0
  memory_busy_cycle_count   = 10635
  busy_per_mille            = 212
Strategy comparison run passed for strategy fixed.
tb/tb_strategy_comparison.v:1002: $finish called at 500376000 (1ps)
vvp results/logs/strategy_comparison.out \
	+STRATEGY=1 \
	+TOTAL_RUN_CYCLES=50000 \
	+FIXED_INTERVAL=80 \
	+SAFE_INTERVAL=1 \
	+LEVEL0_INTERVAL=240 \
	+LEVEL1_INTERVAL=200 \
	+LEVEL2_INTERVAL=150 \
	+LEVEL3_INTERVAL=120 \
	+LEVEL4_INTERVAL=100 \
	+LEVEL5_INTERVAL=80 \
	+LEVEL6_INTERVAL=70 \
	+LEVEL7_INTERVAL=70 \
	+THRESHOLD_LOW_TO_MEDIUM=2 \
	+THRESHOLD_MEDIUM_TO_LOW=1 \
	+THRESHOLD_MEDIUM_TO_HIGH=4 \
	+THRESHOLD_HIGH_TO_MEDIUM=3 \
	+THRESHOLD_LOW_INTERVAL=200 \
	+THRESHOLD_MEDIUM_INTERVAL=120 \
	+THRESHOLD_HIGH_INTERVAL=70 \
	+TRACE_EXECUTION=0 \
	+TRACE_OUTPUT=results/tables/strategy_execution_trace.csv
VCD info: dumpfile results/logs/strategy_comparison.vcd opened for output.
Total run cycles: 50000
Fixed interval: 80
Safe interval: 1
Level intervals: L0=240 L1=200 L2=150 L3=120 L4=100 L5=80 L6=70 L7=70
Threshold levels: low_to_medium=2 medium_to_low=1 medium_to_high=4 high_to_medium=3
Threshold intervals: low=200 medium=120 high=70
Loaded fault events: 600
Loaded control level events: 1295
STRATEGY RESULT: table
  total_cycle_count         = 50000
  scrub_cycle_count         = 246
  memory_read_count         = 3936
  memory_write_count        = 426
  corrected_error_count     = 426
  uncorrectable_detections  = 694
  unique_uncorrectable_words = 4
  interval_switch_count     = 1295
  memory_busy_cycle_count   = 4362
  busy_per_mille            = 87
Strategy comparison run passed for strategy table.
tb/tb_strategy_comparison.v:1002: $finish called at 500376000 (1ps)
vvp results/logs/strategy_comparison.out \
	+STRATEGY=2 \
	+TOTAL_RUN_CYCLES=50000 \
	+FIXED_INTERVAL=80 \
	+SAFE_INTERVAL=1 \
	+LEVEL0_INTERVAL=240 \
	+LEVEL1_INTERVAL=200 \
	+LEVEL2_INTERVAL=150 \
	+LEVEL3_INTERVAL=120 \
	+LEVEL4_INTERVAL=100 \
	+LEVEL5_INTERVAL=80 \
	+LEVEL6_INTERVAL=70 \
	+LEVEL7_INTERVAL=70 \
	+THRESHOLD_LOW_TO_MEDIUM=2 \
	+THRESHOLD_MEDIUM_TO_LOW=1 \
	+THRESHOLD_MEDIUM_TO_HIGH=4 \
	+THRESHOLD_HIGH_TO_MEDIUM=3 \
	+THRESHOLD_LOW_INTERVAL=200 \
	+THRESHOLD_MEDIUM_INTERVAL=120 \
	+THRESHOLD_HIGH_INTERVAL=70 \
	+TRACE_EXECUTION=0 \
	+TRACE_OUTPUT=results/tables/strategy_execution_trace.csv
VCD info: dumpfile results/logs/strategy_comparison.vcd opened for output.
Total run cycles: 50000
Fixed interval: 80
Safe interval: 1
Level intervals: L0=240 L1=200 L2=150 L3=120 L4=100 L5=80 L6=70 L7=70
Threshold levels: low_to_medium=2 medium_to_low=1 medium_to_high=4 high_to_medium=3
Threshold intervals: low=200 medium=120 high=70
Loaded fault events: 600
Loaded control level events: 1295
STRATEGY RESULT: threshold
  total_cycle_count         = 50000
  scrub_cycle_count         = 284
  memory_read_count         = 4544
  memory_write_count        = 469
  corrected_error_count     = 469
  uncorrectable_detections  = 583
  unique_uncorrectable_words = 4
  interval_switch_count     = 776
  memory_busy_cycle_count   = 5013
  busy_per_mille            = 100
Strategy comparison run passed for strategy threshold.
tb/tb_strategy_comparison.v:1002: $finish called at 500376000 (1ps)
cat results/tables/strategy_comparison.csv
strategy,total_cycles,scrub_cycles,reads,writes,corrected,uncorrectable_detections,unique_uncorrectable_words,interval_switches,safe_entries,safe_cycles,scrub_active_cycles,memory_busy_cycles,scrub_per_mille,busy_per_mille,safe_per_mille
fixed,50000,632,10112,523,523,482,4,0,0,0,41603,10635,832,212,0
table,50000,246,3936,426,426,694,4,1295,0,0,16416,4362,328,87,0
threshold,50000,284,4544,469,469,583,4,776,0,0,18929,5013,378,100,0
make[4]: Leaving directory '/home/z3tm4n/adaptive_scrubbing'
make[4]: Entering directory '/home/z3tm4n/adaptive_scrubbing'
mkdir -p results/logs results/tables results/figures
python3 model/generate_fault_events.py \
	--scenario upsets \
	--input data/upsets.xlsx \
	--output tb/fault_events.csv \
	--control-output tb/control_levels.csv \
	--start-index 0 \
	--window-size 43824 \
	--total-cycles 50000 \
	--event-count 400 \
	--paired-event-count 100 \
	--pair-gap-min 60 \
	--pair-gap-max 300 \
	--cluster-event-count 0 \
	--cluster-bit-count 2 \
	--seed 2 \
	--control-quantization linear_max \
	--control-source risk_policy \
	--control-policy-schedule results/paper/tables/risk_policy_schedule.csv \
	--control-policy-level-map-output results/paper/tables/risk_policy_level_map.csv
Generated fault events: tb/fault_events.csv
Generated control levels: tb/control_levels.csv
Control level changes: 1295
Generated 600 fault injections
Scenario: upsets
Paired events: 100
Addresses with repeated injections: 16
Input: data/upsets.xlsx
Start index: 0
Window size: 43824
Total cycles: 50000
Single events: 400
Paired events: 100
Cluster events: 0
Cluster bit count: 2
Seed: 2
Control source: risk_policy
Control policy schedule: results/paper/tables/risk_policy_schedule.csv
Control policy level map: results/paper/tables/risk_policy_level_map.csv
iverilog -g2012 -o results/logs/strategy_comparison.out rtl/secded_32_39_encoder.v rtl/secded_32_39_decoder.v rtl/protected_memory_model.v rtl/interval_selector.v rtl/adaptive_scrub_controller.v tb/tb_strategy_comparison.v
rm -f results/tables/strategy_comparison.csv
echo "strategy,total_cycles,scrub_cycles,reads,writes,corrected,uncorrectable_detections,unique_uncorrectable_words,interval_switches,safe_entries,safe_cycles,scrub_active_cycles,memory_busy_cycles,scrub_per_mille,busy_per_mille,safe_per_mille" > results/tables/strategy_comparison.csv
vvp results/logs/strategy_comparison.out \
	+STRATEGY=0 \
	+TOTAL_RUN_CYCLES=50000 \
	+FIXED_INTERVAL=80 \
	+SAFE_INTERVAL=1 \
	+LEVEL0_INTERVAL=240 \
	+LEVEL1_INTERVAL=200 \
	+LEVEL2_INTERVAL=150 \
	+LEVEL3_INTERVAL=120 \
	+LEVEL4_INTERVAL=100 \
	+LEVEL5_INTERVAL=80 \
	+LEVEL6_INTERVAL=70 \
	+LEVEL7_INTERVAL=70 \
	+THRESHOLD_LOW_TO_MEDIUM=2 \
	+THRESHOLD_MEDIUM_TO_LOW=1 \
	+THRESHOLD_MEDIUM_TO_HIGH=4 \
	+THRESHOLD_HIGH_TO_MEDIUM=3 \
	+THRESHOLD_LOW_INTERVAL=200 \
	+THRESHOLD_MEDIUM_INTERVAL=120 \
	+THRESHOLD_HIGH_INTERVAL=70 \
	+TRACE_EXECUTION=0 \
	+TRACE_OUTPUT=results/tables/strategy_execution_trace.csv
VCD info: dumpfile results/logs/strategy_comparison.vcd opened for output.
Total run cycles: 50000
Fixed interval: 80
Safe interval: 1
Level intervals: L0=240 L1=200 L2=150 L3=120 L4=100 L5=80 L6=70 L7=70
Threshold levels: low_to_medium=2 medium_to_low=1 medium_to_high=4 high_to_medium=3
Threshold intervals: low=200 medium=120 high=70
Loaded fault events: 600
Loaded control level events: 1295
STRATEGY RESULT: fixed
  total_cycle_count         = 50000
  scrub_cycle_count         = 632
  memory_read_count         = 10112
  memory_write_count        = 507
  corrected_error_count     = 507
  uncorrectable_detections  = 562
  unique_uncorrectable_words = 5
  interval_switch_count     = 0
  memory_busy_cycle_count   = 10619
  busy_per_mille            = 212
Strategy comparison run passed for strategy fixed.
tb/tb_strategy_comparison.v:1002: $finish called at 500376000 (1ps)
vvp results/logs/strategy_comparison.out \
	+STRATEGY=1 \
	+TOTAL_RUN_CYCLES=50000 \
	+FIXED_INTERVAL=80 \
	+SAFE_INTERVAL=1 \
	+LEVEL0_INTERVAL=240 \
	+LEVEL1_INTERVAL=200 \
	+LEVEL2_INTERVAL=150 \
	+LEVEL3_INTERVAL=120 \
	+LEVEL4_INTERVAL=100 \
	+LEVEL5_INTERVAL=80 \
	+LEVEL6_INTERVAL=70 \
	+LEVEL7_INTERVAL=70 \
	+THRESHOLD_LOW_TO_MEDIUM=2 \
	+THRESHOLD_MEDIUM_TO_LOW=1 \
	+THRESHOLD_MEDIUM_TO_HIGH=4 \
	+THRESHOLD_HIGH_TO_MEDIUM=3 \
	+THRESHOLD_LOW_INTERVAL=200 \
	+THRESHOLD_MEDIUM_INTERVAL=120 \
	+THRESHOLD_HIGH_INTERVAL=70 \
	+TRACE_EXECUTION=0 \
	+TRACE_OUTPUT=results/tables/strategy_execution_trace.csv
VCD info: dumpfile results/logs/strategy_comparison.vcd opened for output.
Total run cycles: 50000
Fixed interval: 80
Safe interval: 1
Level intervals: L0=240 L1=200 L2=150 L3=120 L4=100 L5=80 L6=70 L7=70
Threshold levels: low_to_medium=2 medium_to_low=1 medium_to_high=4 high_to_medium=3
Threshold intervals: low=200 medium=120 high=70
Loaded fault events: 600
Loaded control level events: 1295
STRATEGY RESULT: table
  total_cycle_count         = 50000
  scrub_cycle_count         = 246
  memory_read_count         = 3936
  memory_write_count        = 432
  corrected_error_count     = 432
  uncorrectable_detections  = 647
  unique_uncorrectable_words = 4
  interval_switch_count     = 1295
  memory_busy_cycle_count   = 4368
  busy_per_mille            = 87
Strategy comparison run passed for strategy table.
tb/tb_strategy_comparison.v:1002: $finish called at 500376000 (1ps)
vvp results/logs/strategy_comparison.out \
	+STRATEGY=2 \
	+TOTAL_RUN_CYCLES=50000 \
	+FIXED_INTERVAL=80 \
	+SAFE_INTERVAL=1 \
	+LEVEL0_INTERVAL=240 \
	+LEVEL1_INTERVAL=200 \
	+LEVEL2_INTERVAL=150 \
	+LEVEL3_INTERVAL=120 \
	+LEVEL4_INTERVAL=100 \
	+LEVEL5_INTERVAL=80 \
	+LEVEL6_INTERVAL=70 \
	+LEVEL7_INTERVAL=70 \
	+THRESHOLD_LOW_TO_MEDIUM=2 \
	+THRESHOLD_MEDIUM_TO_LOW=1 \
	+THRESHOLD_MEDIUM_TO_HIGH=4 \
	+THRESHOLD_HIGH_TO_MEDIUM=3 \
	+THRESHOLD_LOW_INTERVAL=200 \
	+THRESHOLD_MEDIUM_INTERVAL=120 \
	+THRESHOLD_HIGH_INTERVAL=70 \
	+TRACE_EXECUTION=0 \
	+TRACE_OUTPUT=results/tables/strategy_execution_trace.csv
VCD info: dumpfile results/logs/strategy_comparison.vcd opened for output.
Total run cycles: 50000
Fixed interval: 80
Safe interval: 1
Level intervals: L0=240 L1=200 L2=150 L3=120 L4=100 L5=80 L6=70 L7=70
Threshold levels: low_to_medium=2 medium_to_low=1 medium_to_high=4 high_to_medium=3
Threshold intervals: low=200 medium=120 high=70
Loaded fault events: 600
Loaded control level events: 1295
STRATEGY RESULT: threshold
  total_cycle_count         = 50000
  scrub_cycle_count         = 284
  memory_read_count         = 4544
  memory_write_count        = 440
  corrected_error_count     = 440
  uncorrectable_detections  = 613
  unique_uncorrectable_words = 5
  interval_switch_count     = 776
  memory_busy_cycle_count   = 4984
  busy_per_mille            = 99
Strategy comparison run passed for strategy threshold.
tb/tb_strategy_comparison.v:1002: $finish called at 500376000 (1ps)
cat results/tables/strategy_comparison.csv
strategy,total_cycles,scrub_cycles,reads,writes,corrected,uncorrectable_detections,unique_uncorrectable_words,interval_switches,safe_entries,safe_cycles,scrub_active_cycles,memory_busy_cycles,scrub_per_mille,busy_per_mille,safe_per_mille
fixed,50000,632,10112,507,507,562,5,0,0,0,41587,10619,831,212,0
table,50000,246,3936,432,432,647,4,1295,0,0,16422,4368,328,87,0
threshold,50000,284,4544,440,440,613,5,776,0,0,18900,4984,378,99,0
make[4]: Leaving directory '/home/z3tm4n/adaptive_scrubbing'
make[4]: Entering directory '/home/z3tm4n/adaptive_scrubbing'
mkdir -p results/logs results/tables results/figures
python3 model/generate_fault_events.py \
	--scenario upsets \
	--input data/upsets.xlsx \
	--output tb/fault_events.csv \
	--control-output tb/control_levels.csv \
	--start-index 0 \
	--window-size 43824 \
	--total-cycles 50000 \
	--event-count 400 \
	--paired-event-count 100 \
	--pair-gap-min 60 \
	--pair-gap-max 300 \
	--cluster-event-count 0 \
	--cluster-bit-count 2 \
	--seed 3 \
	--control-quantization linear_max \
	--control-source risk_policy \
	--control-policy-schedule results/paper/tables/risk_policy_schedule.csv \
	--control-policy-level-map-output results/paper/tables/risk_policy_level_map.csv
Generated fault events: tb/fault_events.csv
Generated control levels: tb/control_levels.csv
Control level changes: 1295
Generated 600 fault injections
Scenario: upsets
Paired events: 100
Addresses with repeated injections: 16
Input: data/upsets.xlsx
Start index: 0
Window size: 43824
Total cycles: 50000
Single events: 400
Paired events: 100
Cluster events: 0
Cluster bit count: 2
Seed: 3
Control source: risk_policy
Control policy schedule: results/paper/tables/risk_policy_schedule.csv
Control policy level map: results/paper/tables/risk_policy_level_map.csv
iverilog -g2012 -o results/logs/strategy_comparison.out rtl/secded_32_39_encoder.v rtl/secded_32_39_decoder.v rtl/protected_memory_model.v rtl/interval_selector.v rtl/adaptive_scrub_controller.v tb/tb_strategy_comparison.v
rm -f results/tables/strategy_comparison.csv
echo "strategy,total_cycles,scrub_cycles,reads,writes,corrected,uncorrectable_detections,unique_uncorrectable_words,interval_switches,safe_entries,safe_cycles,scrub_active_cycles,memory_busy_cycles,scrub_per_mille,busy_per_mille,safe_per_mille" > results/tables/strategy_comparison.csv
vvp results/logs/strategy_comparison.out \
	+STRATEGY=0 \
	+TOTAL_RUN_CYCLES=50000 \
	+FIXED_INTERVAL=80 \
	+SAFE_INTERVAL=1 \
	+LEVEL0_INTERVAL=240 \
	+LEVEL1_INTERVAL=200 \
	+LEVEL2_INTERVAL=150 \
	+LEVEL3_INTERVAL=120 \
	+LEVEL4_INTERVAL=100 \
	+LEVEL5_INTERVAL=80 \
	+LEVEL6_INTERVAL=70 \
	+LEVEL7_INTERVAL=70 \
	+THRESHOLD_LOW_TO_MEDIUM=2 \
	+THRESHOLD_MEDIUM_TO_LOW=1 \
	+THRESHOLD_MEDIUM_TO_HIGH=4 \
	+THRESHOLD_HIGH_TO_MEDIUM=3 \
	+THRESHOLD_LOW_INTERVAL=200 \
	+THRESHOLD_MEDIUM_INTERVAL=120 \
	+THRESHOLD_HIGH_INTERVAL=70 \
	+TRACE_EXECUTION=0 \
	+TRACE_OUTPUT=results/tables/strategy_execution_trace.csv
VCD info: dumpfile results/logs/strategy_comparison.vcd opened for output.
Total run cycles: 50000
Fixed interval: 80
Safe interval: 1
Level intervals: L0=240 L1=200 L2=150 L3=120 L4=100 L5=80 L6=70 L7=70
Threshold levels: low_to_medium=2 medium_to_low=1 medium_to_high=4 high_to_medium=3
Threshold intervals: low=200 medium=120 high=70
Loaded fault events: 600
Loaded control level events: 1295
STRATEGY RESULT: fixed
  total_cycle_count         = 50000
  scrub_cycle_count         = 632
  memory_read_count         = 10112
  memory_write_count        = 502
  corrected_error_count     = 502
  uncorrectable_detections  = 1290
  unique_uncorrectable_words = 5
  interval_switch_count     = 0
  memory_busy_cycle_count   = 10614
  busy_per_mille            = 212
Strategy comparison run passed for strategy fixed.
tb/tb_strategy_comparison.v:1002: $finish called at 500376000 (1ps)
vvp results/logs/strategy_comparison.out \
	+STRATEGY=1 \
	+TOTAL_RUN_CYCLES=50000 \
	+FIXED_INTERVAL=80 \
	+SAFE_INTERVAL=1 \
	+LEVEL0_INTERVAL=240 \
	+LEVEL1_INTERVAL=200 \
	+LEVEL2_INTERVAL=150 \
	+LEVEL3_INTERVAL=120 \
	+LEVEL4_INTERVAL=100 \
	+LEVEL5_INTERVAL=80 \
	+LEVEL6_INTERVAL=70 \
	+LEVEL7_INTERVAL=70 \
	+THRESHOLD_LOW_TO_MEDIUM=2 \
	+THRESHOLD_MEDIUM_TO_LOW=1 \
	+THRESHOLD_MEDIUM_TO_HIGH=4 \
	+THRESHOLD_HIGH_TO_MEDIUM=3 \
	+THRESHOLD_LOW_INTERVAL=200 \
	+THRESHOLD_MEDIUM_INTERVAL=120 \
	+THRESHOLD_HIGH_INTERVAL=70 \
	+TRACE_EXECUTION=0 \
	+TRACE_OUTPUT=results/tables/strategy_execution_trace.csv
VCD info: dumpfile results/logs/strategy_comparison.vcd opened for output.
Total run cycles: 50000
Fixed interval: 80
Safe interval: 1
Level intervals: L0=240 L1=200 L2=150 L3=120 L4=100 L5=80 L6=70 L7=70
Threshold levels: low_to_medium=2 medium_to_low=1 medium_to_high=4 high_to_medium=3
Threshold intervals: low=200 medium=120 high=70
Loaded fault events: 600
Loaded control level events: 1295
STRATEGY RESULT: table
  total_cycle_count         = 50000
  scrub_cycle_count         = 246
  memory_read_count         = 3936
  memory_write_count        = 436
  corrected_error_count     = 436
  uncorrectable_detections  = 770
  unique_uncorrectable_words = 5
  interval_switch_count     = 1295
  memory_busy_cycle_count   = 4372
  busy_per_mille            = 87
Strategy comparison run passed for strategy table.
tb/tb_strategy_comparison.v:1002: $finish called at 500376000 (1ps)
vvp results/logs/strategy_comparison.out \
	+STRATEGY=2 \
	+TOTAL_RUN_CYCLES=50000 \
	+FIXED_INTERVAL=80 \
	+SAFE_INTERVAL=1 \
	+LEVEL0_INTERVAL=240 \
	+LEVEL1_INTERVAL=200 \
	+LEVEL2_INTERVAL=150 \
	+LEVEL3_INTERVAL=120 \
	+LEVEL4_INTERVAL=100 \
	+LEVEL5_INTERVAL=80 \
	+LEVEL6_INTERVAL=70 \
	+LEVEL7_INTERVAL=70 \
	+THRESHOLD_LOW_TO_MEDIUM=2 \
	+THRESHOLD_MEDIUM_TO_LOW=1 \
	+THRESHOLD_MEDIUM_TO_HIGH=4 \
	+THRESHOLD_HIGH_TO_MEDIUM=3 \
	+THRESHOLD_LOW_INTERVAL=200 \
	+THRESHOLD_MEDIUM_INTERVAL=120 \
	+THRESHOLD_HIGH_INTERVAL=70 \
	+TRACE_EXECUTION=0 \
	+TRACE_OUTPUT=results/tables/strategy_execution_trace.csv
VCD info: dumpfile results/logs/strategy_comparison.vcd opened for output.
Total run cycles: 50000
Fixed interval: 80
Safe interval: 1
Level intervals: L0=240 L1=200 L2=150 L3=120 L4=100 L5=80 L6=70 L7=70
Threshold levels: low_to_medium=2 medium_to_low=1 medium_to_high=4 high_to_medium=3
Threshold intervals: low=200 medium=120 high=70
Loaded fault events: 600
Loaded control level events: 1295
STRATEGY RESULT: threshold
  total_cycle_count         = 50000
  scrub_cycle_count         = 284
  memory_read_count         = 4544
  memory_write_count        = 425
  corrected_error_count     = 425
  uncorrectable_detections  = 940
  unique_uncorrectable_words = 5
  interval_switch_count     = 776
  memory_busy_cycle_count   = 4969
  busy_per_mille            = 99
Strategy comparison run passed for strategy threshold.
tb/tb_strategy_comparison.v:1002: $finish called at 500376000 (1ps)
cat results/tables/strategy_comparison.csv
strategy,total_cycles,scrub_cycles,reads,writes,corrected,uncorrectable_detections,unique_uncorrectable_words,interval_switches,safe_entries,safe_cycles,scrub_active_cycles,memory_busy_cycles,scrub_per_mille,busy_per_mille,safe_per_mille
fixed,50000,632,10112,502,502,1290,5,0,0,0,41582,10614,831,212,0
table,50000,246,3936,436,436,770,5,1295,0,0,16426,4372,328,87,0
threshold,50000,284,4544,425,425,940,5,776,0,0,18885,4969,377,99,0
make[4]: Leaving directory '/home/z3tm4n/adaptive_scrubbing'
make[4]: Entering directory '/home/z3tm4n/adaptive_scrubbing'
mkdir -p results/logs results/tables results/figures
python3 model/generate_fault_events.py \
	--scenario upsets \
	--input data/upsets.xlsx \
	--output tb/fault_events.csv \
	--control-output tb/control_levels.csv \
	--start-index 0 \
	--window-size 43824 \
	--total-cycles 50000 \
	--event-count 400 \
	--paired-event-count 100 \
	--pair-gap-min 60 \
	--pair-gap-max 300 \
	--cluster-event-count 0 \
	--cluster-bit-count 2 \
	--seed 4 \
	--control-quantization linear_max \
	--control-source risk_policy \
	--control-policy-schedule results/paper/tables/risk_policy_schedule.csv \
	--control-policy-level-map-output results/paper/tables/risk_policy_level_map.csv
Generated fault events: tb/fault_events.csv
Generated control levels: tb/control_levels.csv
Control level changes: 1295
Generated 600 fault injections
Scenario: upsets
Paired events: 100
Addresses with repeated injections: 16
Input: data/upsets.xlsx
Start index: 0
Window size: 43824
Total cycles: 50000
Single events: 400
Paired events: 100
Cluster events: 0
Cluster bit count: 2
Seed: 4
Control source: risk_policy
Control policy schedule: results/paper/tables/risk_policy_schedule.csv
Control policy level map: results/paper/tables/risk_policy_level_map.csv
iverilog -g2012 -o results/logs/strategy_comparison.out rtl/secded_32_39_encoder.v rtl/secded_32_39_decoder.v rtl/protected_memory_model.v rtl/interval_selector.v rtl/adaptive_scrub_controller.v tb/tb_strategy_comparison.v
rm -f results/tables/strategy_comparison.csv
echo "strategy,total_cycles,scrub_cycles,reads,writes,corrected,uncorrectable_detections,unique_uncorrectable_words,interval_switches,safe_entries,safe_cycles,scrub_active_cycles,memory_busy_cycles,scrub_per_mille,busy_per_mille,safe_per_mille" > results/tables/strategy_comparison.csv
vvp results/logs/strategy_comparison.out \
	+STRATEGY=0 \
	+TOTAL_RUN_CYCLES=50000 \
	+FIXED_INTERVAL=80 \
	+SAFE_INTERVAL=1 \
	+LEVEL0_INTERVAL=240 \
	+LEVEL1_INTERVAL=200 \
	+LEVEL2_INTERVAL=150 \
	+LEVEL3_INTERVAL=120 \
	+LEVEL4_INTERVAL=100 \
	+LEVEL5_INTERVAL=80 \
	+LEVEL6_INTERVAL=70 \
	+LEVEL7_INTERVAL=70 \
	+THRESHOLD_LOW_TO_MEDIUM=2 \
	+THRESHOLD_MEDIUM_TO_LOW=1 \
	+THRESHOLD_MEDIUM_TO_HIGH=4 \
	+THRESHOLD_HIGH_TO_MEDIUM=3 \
	+THRESHOLD_LOW_INTERVAL=200 \
	+THRESHOLD_MEDIUM_INTERVAL=120 \
	+THRESHOLD_HIGH_INTERVAL=70 \
	+TRACE_EXECUTION=0 \
	+TRACE_OUTPUT=results/tables/strategy_execution_trace.csv
VCD info: dumpfile results/logs/strategy_comparison.vcd opened for output.
Total run cycles: 50000
Fixed interval: 80
Safe interval: 1
Level intervals: L0=240 L1=200 L2=150 L3=120 L4=100 L5=80 L6=70 L7=70
Threshold levels: low_to_medium=2 medium_to_low=1 medium_to_high=4 high_to_medium=3
Threshold intervals: low=200 medium=120 high=70
Loaded fault events: 600
Loaded control level events: 1295
STRATEGY RESULT: fixed
  total_cycle_count         = 50000
  scrub_cycle_count         = 632
  memory_read_count         = 10112
  memory_write_count        = 520
  corrected_error_count     = 520
  uncorrectable_detections  = 693
  unique_uncorrectable_words = 4
  interval_switch_count     = 0
  memory_busy_cycle_count   = 10632
  busy_per_mille            = 212
Strategy comparison run passed for strategy fixed.
tb/tb_strategy_comparison.v:1002: $finish called at 500376000 (1ps)
vvp results/logs/strategy_comparison.out \
	+STRATEGY=1 \
	+TOTAL_RUN_CYCLES=50000 \
	+FIXED_INTERVAL=80 \
	+SAFE_INTERVAL=1 \
	+LEVEL0_INTERVAL=240 \
	+LEVEL1_INTERVAL=200 \
	+LEVEL2_INTERVAL=150 \
	+LEVEL3_INTERVAL=120 \
	+LEVEL4_INTERVAL=100 \
	+LEVEL5_INTERVAL=80 \
	+LEVEL6_INTERVAL=70 \
	+LEVEL7_INTERVAL=70 \
	+THRESHOLD_LOW_TO_MEDIUM=2 \
	+THRESHOLD_MEDIUM_TO_LOW=1 \
	+THRESHOLD_MEDIUM_TO_HIGH=4 \
	+THRESHOLD_HIGH_TO_MEDIUM=3 \
	+THRESHOLD_LOW_INTERVAL=200 \
	+THRESHOLD_MEDIUM_INTERVAL=120 \
	+THRESHOLD_HIGH_INTERVAL=70 \
	+TRACE_EXECUTION=0 \
	+TRACE_OUTPUT=results/tables/strategy_execution_trace.csv
VCD info: dumpfile results/logs/strategy_comparison.vcd opened for output.
Total run cycles: 50000
Fixed interval: 80
Safe interval: 1
Level intervals: L0=240 L1=200 L2=150 L3=120 L4=100 L5=80 L6=70 L7=70
Threshold levels: low_to_medium=2 medium_to_low=1 medium_to_high=4 high_to_medium=3
Threshold intervals: low=200 medium=120 high=70
Loaded fault events: 600
Loaded control level events: 1295
STRATEGY RESULT: table
  total_cycle_count         = 50000
  scrub_cycle_count         = 246
  memory_read_count         = 3936
  memory_write_count        = 434
  corrected_error_count     = 434
  uncorrectable_detections  = 768
  unique_uncorrectable_words = 5
  interval_switch_count     = 1295
  memory_busy_cycle_count   = 4370
  busy_per_mille            = 87
Strategy comparison run passed for strategy table.
tb/tb_strategy_comparison.v:1002: $finish called at 500376000 (1ps)
vvp results/logs/strategy_comparison.out \
	+STRATEGY=2 \
	+TOTAL_RUN_CYCLES=50000 \
	+FIXED_INTERVAL=80 \
	+SAFE_INTERVAL=1 \
	+LEVEL0_INTERVAL=240 \
	+LEVEL1_INTERVAL=200 \
	+LEVEL2_INTERVAL=150 \
	+LEVEL3_INTERVAL=120 \
	+LEVEL4_INTERVAL=100 \
	+LEVEL5_INTERVAL=80 \
	+LEVEL6_INTERVAL=70 \
	+LEVEL7_INTERVAL=70 \
	+THRESHOLD_LOW_TO_MEDIUM=2 \
	+THRESHOLD_MEDIUM_TO_LOW=1 \
	+THRESHOLD_MEDIUM_TO_HIGH=4 \
	+THRESHOLD_HIGH_TO_MEDIUM=3 \
	+THRESHOLD_LOW_INTERVAL=200 \
	+THRESHOLD_MEDIUM_INTERVAL=120 \
	+THRESHOLD_HIGH_INTERVAL=70 \
	+TRACE_EXECUTION=0 \
	+TRACE_OUTPUT=results/tables/strategy_execution_trace.csv
VCD info: dumpfile results/logs/strategy_comparison.vcd opened for output.
Total run cycles: 50000
Fixed interval: 80
Safe interval: 1
Level intervals: L0=240 L1=200 L2=150 L3=120 L4=100 L5=80 L6=70 L7=70
Threshold levels: low_to_medium=2 medium_to_low=1 medium_to_high=4 high_to_medium=3
Threshold intervals: low=200 medium=120 high=70
Loaded fault events: 600
Loaded control level events: 1295
STRATEGY RESULT: threshold
  total_cycle_count         = 50000
  scrub_cycle_count         = 284
  memory_read_count         = 4544
  memory_write_count        = 471
  corrected_error_count     = 471
  uncorrectable_detections  = 541
  unique_uncorrectable_words = 3
  interval_switch_count     = 776
  memory_busy_cycle_count   = 5015
  busy_per_mille            = 100
Strategy comparison run passed for strategy threshold.
tb/tb_strategy_comparison.v:1002: $finish called at 500376000 (1ps)
cat results/tables/strategy_comparison.csv
strategy,total_cycles,scrub_cycles,reads,writes,corrected,uncorrectable_detections,unique_uncorrectable_words,interval_switches,safe_entries,safe_cycles,scrub_active_cycles,memory_busy_cycles,scrub_per_mille,busy_per_mille,safe_per_mille
fixed,50000,632,10112,520,520,693,4,0,0,0,41600,10632,832,212,0
table,50000,246,3936,434,434,768,5,1295,0,0,16424,4370,328,87,0
threshold,50000,284,4544,471,471,541,3,776,0,0,18931,5015,378,100,0
make[4]: Leaving directory '/home/z3tm4n/adaptive_scrubbing'
make[4]: Entering directory '/home/z3tm4n/adaptive_scrubbing'
mkdir -p results/logs results/tables results/figures
python3 model/generate_fault_events.py \
	--scenario upsets \
	--input data/upsets.xlsx \
	--output tb/fault_events.csv \
	--control-output tb/control_levels.csv \
	--start-index 0 \
	--window-size 43824 \
	--total-cycles 50000 \
	--event-count 400 \
	--paired-event-count 100 \
	--pair-gap-min 60 \
	--pair-gap-max 300 \
	--cluster-event-count 0 \
	--cluster-bit-count 2 \
	--seed 5 \
	--control-quantization linear_max \
	--control-source risk_policy \
	--control-policy-schedule results/paper/tables/risk_policy_schedule.csv \
	--control-policy-level-map-output results/paper/tables/risk_policy_level_map.csv
Generated fault events: tb/fault_events.csv
Generated control levels: tb/control_levels.csv
Control level changes: 1295
Generated 600 fault injections
Scenario: upsets
Paired events: 100
Addresses with repeated injections: 16
Input: data/upsets.xlsx
Start index: 0
Window size: 43824
Total cycles: 50000
Single events: 400
Paired events: 100
Cluster events: 0
Cluster bit count: 2
Seed: 5
Control source: risk_policy
Control policy schedule: results/paper/tables/risk_policy_schedule.csv
Control policy level map: results/paper/tables/risk_policy_level_map.csv
iverilog -g2012 -o results/logs/strategy_comparison.out rtl/secded_32_39_encoder.v rtl/secded_32_39_decoder.v rtl/protected_memory_model.v rtl/interval_selector.v rtl/adaptive_scrub_controller.v tb/tb_strategy_comparison.v
rm -f results/tables/strategy_comparison.csv
echo "strategy,total_cycles,scrub_cycles,reads,writes,corrected,uncorrectable_detections,unique_uncorrectable_words,interval_switches,safe_entries,safe_cycles,scrub_active_cycles,memory_busy_cycles,scrub_per_mille,busy_per_mille,safe_per_mille" > results/tables/strategy_comparison.csv
vvp results/logs/strategy_comparison.out \
	+STRATEGY=0 \
	+TOTAL_RUN_CYCLES=50000 \
	+FIXED_INTERVAL=80 \
	+SAFE_INTERVAL=1 \
	+LEVEL0_INTERVAL=240 \
	+LEVEL1_INTERVAL=200 \
	+LEVEL2_INTERVAL=150 \
	+LEVEL3_INTERVAL=120 \
	+LEVEL4_INTERVAL=100 \
	+LEVEL5_INTERVAL=80 \
	+LEVEL6_INTERVAL=70 \
	+LEVEL7_INTERVAL=70 \
	+THRESHOLD_LOW_TO_MEDIUM=2 \
	+THRESHOLD_MEDIUM_TO_LOW=1 \
	+THRESHOLD_MEDIUM_TO_HIGH=4 \
	+THRESHOLD_HIGH_TO_MEDIUM=3 \
	+THRESHOLD_LOW_INTERVAL=200 \
	+THRESHOLD_MEDIUM_INTERVAL=120 \
	+THRESHOLD_HIGH_INTERVAL=70 \
	+TRACE_EXECUTION=0 \
	+TRACE_OUTPUT=results/tables/strategy_execution_trace.csv
VCD info: dumpfile results/logs/strategy_comparison.vcd opened for output.
Total run cycles: 50000
Fixed interval: 80
Safe interval: 1
Level intervals: L0=240 L1=200 L2=150 L3=120 L4=100 L5=80 L6=70 L7=70
Threshold levels: low_to_medium=2 medium_to_low=1 medium_to_high=4 high_to_medium=3
Threshold intervals: low=200 medium=120 high=70
Loaded fault events: 600
Loaded control level events: 1295
STRATEGY RESULT: fixed
  total_cycle_count         = 50000
  scrub_cycle_count         = 632
  memory_read_count         = 10112
  memory_write_count        = 500
  corrected_error_count     = 500
  uncorrectable_detections  = 617
  unique_uncorrectable_words = 5
  interval_switch_count     = 0
  memory_busy_cycle_count   = 10612
  busy_per_mille            = 212
Strategy comparison run passed for strategy fixed.
tb/tb_strategy_comparison.v:1002: $finish called at 500376000 (1ps)
vvp results/logs/strategy_comparison.out \
	+STRATEGY=1 \
	+TOTAL_RUN_CYCLES=50000 \
	+FIXED_INTERVAL=80 \
	+SAFE_INTERVAL=1 \
	+LEVEL0_INTERVAL=240 \
	+LEVEL1_INTERVAL=200 \
	+LEVEL2_INTERVAL=150 \
	+LEVEL3_INTERVAL=120 \
	+LEVEL4_INTERVAL=100 \
	+LEVEL5_INTERVAL=80 \
	+LEVEL6_INTERVAL=70 \
	+LEVEL7_INTERVAL=70 \
	+THRESHOLD_LOW_TO_MEDIUM=2 \
	+THRESHOLD_MEDIUM_TO_LOW=1 \
	+THRESHOLD_MEDIUM_TO_HIGH=4 \
	+THRESHOLD_HIGH_TO_MEDIUM=3 \
	+THRESHOLD_LOW_INTERVAL=200 \
	+THRESHOLD_MEDIUM_INTERVAL=120 \
	+THRESHOLD_HIGH_INTERVAL=70 \
	+TRACE_EXECUTION=0 \
	+TRACE_OUTPUT=results/tables/strategy_execution_trace.csv
VCD info: dumpfile results/logs/strategy_comparison.vcd opened for output.
Total run cycles: 50000
Fixed interval: 80
Safe interval: 1
Level intervals: L0=240 L1=200 L2=150 L3=120 L4=100 L5=80 L6=70 L7=70
Threshold levels: low_to_medium=2 medium_to_low=1 medium_to_high=4 high_to_medium=3
Threshold intervals: low=200 medium=120 high=70
Loaded fault events: 600
Loaded control level events: 1295
STRATEGY RESULT: table
  total_cycle_count         = 50000
  scrub_cycle_count         = 246
  memory_read_count         = 3936
  memory_write_count        = 448
  corrected_error_count     = 448
  uncorrectable_detections  = 406
  unique_uncorrectable_words = 6
  interval_switch_count     = 1295
  memory_busy_cycle_count   = 4384
  busy_per_mille            = 87
Strategy comparison run passed for strategy table.
tb/tb_strategy_comparison.v:1002: $finish called at 500376000 (1ps)
vvp results/logs/strategy_comparison.out \
	+STRATEGY=2 \
	+TOTAL_RUN_CYCLES=50000 \
	+FIXED_INTERVAL=80 \
	+SAFE_INTERVAL=1 \
	+LEVEL0_INTERVAL=240 \
	+LEVEL1_INTERVAL=200 \
	+LEVEL2_INTERVAL=150 \
	+LEVEL3_INTERVAL=120 \
	+LEVEL4_INTERVAL=100 \
	+LEVEL5_INTERVAL=80 \
	+LEVEL6_INTERVAL=70 \
	+LEVEL7_INTERVAL=70 \
	+THRESHOLD_LOW_TO_MEDIUM=2 \
	+THRESHOLD_MEDIUM_TO_LOW=1 \
	+THRESHOLD_MEDIUM_TO_HIGH=4 \
	+THRESHOLD_HIGH_TO_MEDIUM=3 \
	+THRESHOLD_LOW_INTERVAL=200 \
	+THRESHOLD_MEDIUM_INTERVAL=120 \
	+THRESHOLD_HIGH_INTERVAL=70 \
	+TRACE_EXECUTION=0 \
	+TRACE_OUTPUT=results/tables/strategy_execution_trace.csv
VCD info: dumpfile results/logs/strategy_comparison.vcd opened for output.
Total run cycles: 50000
Fixed interval: 80
Safe interval: 1
Level intervals: L0=240 L1=200 L2=150 L3=120 L4=100 L5=80 L6=70 L7=70
Threshold levels: low_to_medium=2 medium_to_low=1 medium_to_high=4 high_to_medium=3
Threshold intervals: low=200 medium=120 high=70
Loaded fault events: 600
Loaded control level events: 1295
STRATEGY RESULT: threshold
  total_cycle_count         = 50000
  scrub_cycle_count         = 284
  memory_read_count         = 4544
  memory_write_count        = 465
  corrected_error_count     = 465
  uncorrectable_detections  = 490
  unique_uncorrectable_words = 5
  interval_switch_count     = 776
  memory_busy_cycle_count   = 5009
  busy_per_mille            = 100
Strategy comparison run passed for strategy threshold.
tb/tb_strategy_comparison.v:1002: $finish called at 500376000 (1ps)
cat results/tables/strategy_comparison.csv
strategy,total_cycles,scrub_cycles,reads,writes,corrected,uncorrectable_detections,unique_uncorrectable_words,interval_switches,safe_entries,safe_cycles,scrub_active_cycles,memory_busy_cycles,scrub_per_mille,busy_per_mille,safe_per_mille
fixed,50000,632,10112,500,500,617,5,0,0,0,41580,10612,831,212,0
table,50000,246,3936,448,448,406,6,1295,0,0,16438,4384,328,87,0
threshold,50000,284,4544,465,465,490,5,776,0,0,18925,5009,378,100,0
make[4]: Leaving directory '/home/z3tm4n/adaptive_scrubbing'
make[4]: Entering directory '/home/z3tm4n/adaptive_scrubbing'
mkdir -p results/logs results/tables results/figures
python3 model/generate_fault_events.py \
	--scenario upsets \
	--input data/upsets.xlsx \
	--output tb/fault_events.csv \
	--control-output tb/control_levels.csv \
	--start-index 0 \
	--window-size 43824 \
	--total-cycles 50000 \
	--event-count 400 \
	--paired-event-count 100 \
	--pair-gap-min 60 \
	--pair-gap-max 300 \
	--cluster-event-count 0 \
	--cluster-bit-count 2 \
	--seed 6 \
	--control-quantization linear_max \
	--control-source risk_policy \
	--control-policy-schedule results/paper/tables/risk_policy_schedule.csv \
	--control-policy-level-map-output results/paper/tables/risk_policy_level_map.csv
Generated fault events: tb/fault_events.csv
Generated control levels: tb/control_levels.csv
Control level changes: 1295
Generated 600 fault injections
Scenario: upsets
Paired events: 100
Addresses with repeated injections: 16
Input: data/upsets.xlsx
Start index: 0
Window size: 43824
Total cycles: 50000
Single events: 400
Paired events: 100
Cluster events: 0
Cluster bit count: 2
Seed: 6
Control source: risk_policy
Control policy schedule: results/paper/tables/risk_policy_schedule.csv
Control policy level map: results/paper/tables/risk_policy_level_map.csv
iverilog -g2012 -o results/logs/strategy_comparison.out rtl/secded_32_39_encoder.v rtl/secded_32_39_decoder.v rtl/protected_memory_model.v rtl/interval_selector.v rtl/adaptive_scrub_controller.v tb/tb_strategy_comparison.v
rm -f results/tables/strategy_comparison.csv
echo "strategy,total_cycles,scrub_cycles,reads,writes,corrected,uncorrectable_detections,unique_uncorrectable_words,interval_switches,safe_entries,safe_cycles,scrub_active_cycles,memory_busy_cycles,scrub_per_mille,busy_per_mille,safe_per_mille" > results/tables/strategy_comparison.csv
vvp results/logs/strategy_comparison.out \
	+STRATEGY=0 \
	+TOTAL_RUN_CYCLES=50000 \
	+FIXED_INTERVAL=80 \
	+SAFE_INTERVAL=1 \
	+LEVEL0_INTERVAL=240 \
	+LEVEL1_INTERVAL=200 \
	+LEVEL2_INTERVAL=150 \
	+LEVEL3_INTERVAL=120 \
	+LEVEL4_INTERVAL=100 \
	+LEVEL5_INTERVAL=80 \
	+LEVEL6_INTERVAL=70 \
	+LEVEL7_INTERVAL=70 \
	+THRESHOLD_LOW_TO_MEDIUM=2 \
	+THRESHOLD_MEDIUM_TO_LOW=1 \
	+THRESHOLD_MEDIUM_TO_HIGH=4 \
	+THRESHOLD_HIGH_TO_MEDIUM=3 \
	+THRESHOLD_LOW_INTERVAL=200 \
	+THRESHOLD_MEDIUM_INTERVAL=120 \
	+THRESHOLD_HIGH_INTERVAL=70 \
	+TRACE_EXECUTION=0 \
	+TRACE_OUTPUT=results/tables/strategy_execution_trace.csv
VCD info: dumpfile results/logs/strategy_comparison.vcd opened for output.
Total run cycles: 50000
Fixed interval: 80
Safe interval: 1
Level intervals: L0=240 L1=200 L2=150 L3=120 L4=100 L5=80 L6=70 L7=70
Threshold levels: low_to_medium=2 medium_to_low=1 medium_to_high=4 high_to_medium=3
Threshold intervals: low=200 medium=120 high=70
Loaded fault events: 600
Loaded control level events: 1295
STRATEGY RESULT: fixed
  total_cycle_count         = 50000
  scrub_cycle_count         = 632
  memory_read_count         = 10112
  memory_write_count        = 511
  corrected_error_count     = 511
  uncorrectable_detections  = 1091
  unique_uncorrectable_words = 8
  interval_switch_count     = 0
  memory_busy_cycle_count   = 10623
  busy_per_mille            = 212
Strategy comparison run passed for strategy fixed.
tb/tb_strategy_comparison.v:1002: $finish called at 500376000 (1ps)
vvp results/logs/strategy_comparison.out \
	+STRATEGY=1 \
	+TOTAL_RUN_CYCLES=50000 \
	+FIXED_INTERVAL=80 \
	+SAFE_INTERVAL=1 \
	+LEVEL0_INTERVAL=240 \
	+LEVEL1_INTERVAL=200 \
	+LEVEL2_INTERVAL=150 \
	+LEVEL3_INTERVAL=120 \
	+LEVEL4_INTERVAL=100 \
	+LEVEL5_INTERVAL=80 \
	+LEVEL6_INTERVAL=70 \
	+LEVEL7_INTERVAL=70 \
	+THRESHOLD_LOW_TO_MEDIUM=2 \
	+THRESHOLD_MEDIUM_TO_LOW=1 \
	+THRESHOLD_MEDIUM_TO_HIGH=4 \
	+THRESHOLD_HIGH_TO_MEDIUM=3 \
	+THRESHOLD_LOW_INTERVAL=200 \
	+THRESHOLD_MEDIUM_INTERVAL=120 \
	+THRESHOLD_HIGH_INTERVAL=70 \
	+TRACE_EXECUTION=0 \
	+TRACE_OUTPUT=results/tables/strategy_execution_trace.csv
VCD info: dumpfile results/logs/strategy_comparison.vcd opened for output.
Total run cycles: 50000
Fixed interval: 80
Safe interval: 1
Level intervals: L0=240 L1=200 L2=150 L3=120 L4=100 L5=80 L6=70 L7=70
Threshold levels: low_to_medium=2 medium_to_low=1 medium_to_high=4 high_to_medium=3
Threshold intervals: low=200 medium=120 high=70
Loaded fault events: 600
Loaded control level events: 1295
STRATEGY RESULT: table
  total_cycle_count         = 50000
  scrub_cycle_count         = 246
  memory_read_count         = 3936
  memory_write_count        = 435
  corrected_error_count     = 435
  uncorrectable_detections  = 701
  unique_uncorrectable_words = 8
  interval_switch_count     = 1295
  memory_busy_cycle_count   = 4371
  busy_per_mille            = 87
Strategy comparison run passed for strategy table.
tb/tb_strategy_comparison.v:1002: $finish called at 500376000 (1ps)
vvp results/logs/strategy_comparison.out \
	+STRATEGY=2 \
	+TOTAL_RUN_CYCLES=50000 \
	+FIXED_INTERVAL=80 \
	+SAFE_INTERVAL=1 \
	+LEVEL0_INTERVAL=240 \
	+LEVEL1_INTERVAL=200 \
	+LEVEL2_INTERVAL=150 \
	+LEVEL3_INTERVAL=120 \
	+LEVEL4_INTERVAL=100 \
	+LEVEL5_INTERVAL=80 \
	+LEVEL6_INTERVAL=70 \
	+LEVEL7_INTERVAL=70 \
	+THRESHOLD_LOW_TO_MEDIUM=2 \
	+THRESHOLD_MEDIUM_TO_LOW=1 \
	+THRESHOLD_MEDIUM_TO_HIGH=4 \
	+THRESHOLD_HIGH_TO_MEDIUM=3 \
	+THRESHOLD_LOW_INTERVAL=200 \
	+THRESHOLD_MEDIUM_INTERVAL=120 \
	+THRESHOLD_HIGH_INTERVAL=70 \
	+TRACE_EXECUTION=0 \
	+TRACE_OUTPUT=results/tables/strategy_execution_trace.csv
VCD info: dumpfile results/logs/strategy_comparison.vcd opened for output.
Total run cycles: 50000
Fixed interval: 80
Safe interval: 1
Level intervals: L0=240 L1=200 L2=150 L3=120 L4=100 L5=80 L6=70 L7=70
Threshold levels: low_to_medium=2 medium_to_low=1 medium_to_high=4 high_to_medium=3
Threshold intervals: low=200 medium=120 high=70
Loaded fault events: 600
Loaded control level events: 1295
STRATEGY RESULT: threshold
  total_cycle_count         = 50000
  scrub_cycle_count         = 284
  memory_read_count         = 4544
  memory_write_count        = 435
  corrected_error_count     = 435
  uncorrectable_detections  = 825
  unique_uncorrectable_words = 8
  interval_switch_count     = 776
  memory_busy_cycle_count   = 4979
  busy_per_mille            = 99
Strategy comparison run passed for strategy threshold.
tb/tb_strategy_comparison.v:1002: $finish called at 500376000 (1ps)
cat results/tables/strategy_comparison.csv
strategy,total_cycles,scrub_cycles,reads,writes,corrected,uncorrectable_detections,unique_uncorrectable_words,interval_switches,safe_entries,safe_cycles,scrub_active_cycles,memory_busy_cycles,scrub_per_mille,busy_per_mille,safe_per_mille
fixed,50000,632,10112,511,511,1091,8,0,0,0,41591,10623,831,212,0
table,50000,246,3936,435,435,701,8,1295,0,0,16425,4371,328,87,0
threshold,50000,284,4544,435,435,825,8,776,0,0,18895,4979,377,99,0
make[4]: Leaving directory '/home/z3tm4n/adaptive_scrubbing'
make[4]: Entering directory '/home/z3tm4n/adaptive_scrubbing'
mkdir -p results/logs results/tables results/figures
python3 model/generate_fault_events.py \
	--scenario upsets \
	--input data/upsets.xlsx \
	--output tb/fault_events.csv \
	--control-output tb/control_levels.csv \
	--start-index 0 \
	--window-size 43824 \
	--total-cycles 50000 \
	--event-count 400 \
	--paired-event-count 100 \
	--pair-gap-min 60 \
	--pair-gap-max 300 \
	--cluster-event-count 0 \
	--cluster-bit-count 2 \
	--seed 7 \
	--control-quantization linear_max \
	--control-source risk_policy \
	--control-policy-schedule results/paper/tables/risk_policy_schedule.csv \
	--control-policy-level-map-output results/paper/tables/risk_policy_level_map.csv
Generated fault events: tb/fault_events.csv
Generated control levels: tb/control_levels.csv
Control level changes: 1295
Generated 600 fault injections
Scenario: upsets
Paired events: 100
Addresses with repeated injections: 16
Input: data/upsets.xlsx
Start index: 0
Window size: 43824
Total cycles: 50000
Single events: 400
Paired events: 100
Cluster events: 0
Cluster bit count: 2
Seed: 7
Control source: risk_policy
Control policy schedule: results/paper/tables/risk_policy_schedule.csv
Control policy level map: results/paper/tables/risk_policy_level_map.csv
iverilog -g2012 -o results/logs/strategy_comparison.out rtl/secded_32_39_encoder.v rtl/secded_32_39_decoder.v rtl/protected_memory_model.v rtl/interval_selector.v rtl/adaptive_scrub_controller.v tb/tb_strategy_comparison.v
rm -f results/tables/strategy_comparison.csv
echo "strategy,total_cycles,scrub_cycles,reads,writes,corrected,uncorrectable_detections,unique_uncorrectable_words,interval_switches,safe_entries,safe_cycles,scrub_active_cycles,memory_busy_cycles,scrub_per_mille,busy_per_mille,safe_per_mille" > results/tables/strategy_comparison.csv
vvp results/logs/strategy_comparison.out \
	+STRATEGY=0 \
	+TOTAL_RUN_CYCLES=50000 \
	+FIXED_INTERVAL=80 \
	+SAFE_INTERVAL=1 \
	+LEVEL0_INTERVAL=240 \
	+LEVEL1_INTERVAL=200 \
	+LEVEL2_INTERVAL=150 \
	+LEVEL3_INTERVAL=120 \
	+LEVEL4_INTERVAL=100 \
	+LEVEL5_INTERVAL=80 \
	+LEVEL6_INTERVAL=70 \
	+LEVEL7_INTERVAL=70 \
	+THRESHOLD_LOW_TO_MEDIUM=2 \
	+THRESHOLD_MEDIUM_TO_LOW=1 \
	+THRESHOLD_MEDIUM_TO_HIGH=4 \
	+THRESHOLD_HIGH_TO_MEDIUM=3 \
	+THRESHOLD_LOW_INTERVAL=200 \
	+THRESHOLD_MEDIUM_INTERVAL=120 \
	+THRESHOLD_HIGH_INTERVAL=70 \
	+TRACE_EXECUTION=0 \
	+TRACE_OUTPUT=results/tables/strategy_execution_trace.csv
VCD info: dumpfile results/logs/strategy_comparison.vcd opened for output.
Total run cycles: 50000
Fixed interval: 80
Safe interval: 1
Level intervals: L0=240 L1=200 L2=150 L3=120 L4=100 L5=80 L6=70 L7=70
Threshold levels: low_to_medium=2 medium_to_low=1 medium_to_high=4 high_to_medium=3
Threshold intervals: low=200 medium=120 high=70
Loaded fault events: 600
Loaded control level events: 1295
STRATEGY RESULT: fixed
  total_cycle_count         = 50000
  scrub_cycle_count         = 632
  memory_read_count         = 10112
  memory_write_count        = 511
  corrected_error_count     = 511
  uncorrectable_detections  = 978
  unique_uncorrectable_words = 0
  interval_switch_count     = 0
  memory_busy_cycle_count   = 10623
  busy_per_mille            = 212
Strategy comparison run passed for strategy fixed.
tb/tb_strategy_comparison.v:1002: $finish called at 500376000 (1ps)
vvp results/logs/strategy_comparison.out \
	+STRATEGY=1 \
	+TOTAL_RUN_CYCLES=50000 \
	+FIXED_INTERVAL=80 \
	+SAFE_INTERVAL=1 \
	+LEVEL0_INTERVAL=240 \
	+LEVEL1_INTERVAL=200 \
	+LEVEL2_INTERVAL=150 \
	+LEVEL3_INTERVAL=120 \
	+LEVEL4_INTERVAL=100 \
	+LEVEL5_INTERVAL=80 \
	+LEVEL6_INTERVAL=70 \
	+LEVEL7_INTERVAL=70 \
	+THRESHOLD_LOW_TO_MEDIUM=2 \
	+THRESHOLD_MEDIUM_TO_LOW=1 \
	+THRESHOLD_MEDIUM_TO_HIGH=4 \
	+THRESHOLD_HIGH_TO_MEDIUM=3 \
	+THRESHOLD_LOW_INTERVAL=200 \
	+THRESHOLD_MEDIUM_INTERVAL=120 \
	+THRESHOLD_HIGH_INTERVAL=70 \
	+TRACE_EXECUTION=0 \
	+TRACE_OUTPUT=results/tables/strategy_execution_trace.csv
VCD info: dumpfile results/logs/strategy_comparison.vcd opened for output.
Total run cycles: 50000
Fixed interval: 80
Safe interval: 1
Level intervals: L0=240 L1=200 L2=150 L3=120 L4=100 L5=80 L6=70 L7=70
Threshold levels: low_to_medium=2 medium_to_low=1 medium_to_high=4 high_to_medium=3
Threshold intervals: low=200 medium=120 high=70
Loaded fault events: 600
Loaded control level events: 1295
STRATEGY RESULT: table
  total_cycle_count         = 50000
  scrub_cycle_count         = 246
  memory_read_count         = 3936
  memory_write_count        = 407
  corrected_error_count     = 407
  uncorrectable_detections  = 933
  unique_uncorrectable_words = 2
  interval_switch_count     = 1295
  memory_busy_cycle_count   = 4343
  busy_per_mille            = 86
Strategy comparison run passed for strategy table.
tb/tb_strategy_comparison.v:1002: $finish called at 500376000 (1ps)
vvp results/logs/strategy_comparison.out \
	+STRATEGY=2 \
	+TOTAL_RUN_CYCLES=50000 \
	+FIXED_INTERVAL=80 \
	+SAFE_INTERVAL=1 \
	+LEVEL0_INTERVAL=240 \
	+LEVEL1_INTERVAL=200 \
	+LEVEL2_INTERVAL=150 \
	+LEVEL3_INTERVAL=120 \
	+LEVEL4_INTERVAL=100 \
	+LEVEL5_INTERVAL=80 \
	+LEVEL6_INTERVAL=70 \
	+LEVEL7_INTERVAL=70 \
	+THRESHOLD_LOW_TO_MEDIUM=2 \
	+THRESHOLD_MEDIUM_TO_LOW=1 \
	+THRESHOLD_MEDIUM_TO_HIGH=4 \
	+THRESHOLD_HIGH_TO_MEDIUM=3 \
	+THRESHOLD_LOW_INTERVAL=200 \
	+THRESHOLD_MEDIUM_INTERVAL=120 \
	+THRESHOLD_HIGH_INTERVAL=70 \
	+TRACE_EXECUTION=0 \
	+TRACE_OUTPUT=results/tables/strategy_execution_trace.csv
VCD info: dumpfile results/logs/strategy_comparison.vcd opened for output.
Total run cycles: 50000
Fixed interval: 80
Safe interval: 1
Level intervals: L0=240 L1=200 L2=150 L3=120 L4=100 L5=80 L6=70 L7=70
Threshold levels: low_to_medium=2 medium_to_low=1 medium_to_high=4 high_to_medium=3
Threshold intervals: low=200 medium=120 high=70
Loaded fault events: 600
Loaded control level events: 1295
STRATEGY RESULT: threshold
  total_cycle_count         = 50000
  scrub_cycle_count         = 284
  memory_read_count         = 4544
  memory_write_count        = 461
  corrected_error_count     = 461
  uncorrectable_detections  = 620
  unique_uncorrectable_words = 0
  interval_switch_count     = 776
  memory_busy_cycle_count   = 5005
  busy_per_mille            = 100
Strategy comparison run passed for strategy threshold.
tb/tb_strategy_comparison.v:1002: $finish called at 500376000 (1ps)
cat results/tables/strategy_comparison.csv
strategy,total_cycles,scrub_cycles,reads,writes,corrected,uncorrectable_detections,unique_uncorrectable_words,interval_switches,safe_entries,safe_cycles,scrub_active_cycles,memory_busy_cycles,scrub_per_mille,busy_per_mille,safe_per_mille
fixed,50000,632,10112,511,511,978,0,0,0,0,41591,10623,831,212,0
table,50000,246,3936,407,407,933,2,1295,0,0,16397,4343,327,86,0
threshold,50000,284,4544,461,461,620,0,776,0,0,18921,5005,378,100,0
make[4]: Leaving directory '/home/z3tm4n/adaptive_scrubbing'
make[4]: Entering directory '/home/z3tm4n/adaptive_scrubbing'
mkdir -p results/logs results/tables results/figures
python3 model/generate_fault_events.py \
	--scenario upsets \
	--input data/upsets.xlsx \
	--output tb/fault_events.csv \
	--control-output tb/control_levels.csv \
	--start-index 0 \
	--window-size 43824 \
	--total-cycles 50000 \
	--event-count 400 \
	--paired-event-count 100 \
	--pair-gap-min 60 \
	--pair-gap-max 300 \
	--cluster-event-count 0 \
	--cluster-bit-count 2 \
	--seed 8 \
	--control-quantization linear_max \
	--control-source risk_policy \
	--control-policy-schedule results/paper/tables/risk_policy_schedule.csv \
	--control-policy-level-map-output results/paper/tables/risk_policy_level_map.csv
Generated fault events: tb/fault_events.csv
Generated control levels: tb/control_levels.csv
Control level changes: 1295
Generated 600 fault injections
Scenario: upsets
Paired events: 100
Addresses with repeated injections: 16
Input: data/upsets.xlsx
Start index: 0
Window size: 43824
Total cycles: 50000
Single events: 400
Paired events: 100
Cluster events: 0
Cluster bit count: 2
Seed: 8
Control source: risk_policy
Control policy schedule: results/paper/tables/risk_policy_schedule.csv
Control policy level map: results/paper/tables/risk_policy_level_map.csv
iverilog -g2012 -o results/logs/strategy_comparison.out rtl/secded_32_39_encoder.v rtl/secded_32_39_decoder.v rtl/protected_memory_model.v rtl/interval_selector.v rtl/adaptive_scrub_controller.v tb/tb_strategy_comparison.v
rm -f results/tables/strategy_comparison.csv
echo "strategy,total_cycles,scrub_cycles,reads,writes,corrected,uncorrectable_detections,unique_uncorrectable_words,interval_switches,safe_entries,safe_cycles,scrub_active_cycles,memory_busy_cycles,scrub_per_mille,busy_per_mille,safe_per_mille" > results/tables/strategy_comparison.csv
vvp results/logs/strategy_comparison.out \
	+STRATEGY=0 \
	+TOTAL_RUN_CYCLES=50000 \
	+FIXED_INTERVAL=80 \
	+SAFE_INTERVAL=1 \
	+LEVEL0_INTERVAL=240 \
	+LEVEL1_INTERVAL=200 \
	+LEVEL2_INTERVAL=150 \
	+LEVEL3_INTERVAL=120 \
	+LEVEL4_INTERVAL=100 \
	+LEVEL5_INTERVAL=80 \
	+LEVEL6_INTERVAL=70 \
	+LEVEL7_INTERVAL=70 \
	+THRESHOLD_LOW_TO_MEDIUM=2 \
	+THRESHOLD_MEDIUM_TO_LOW=1 \
	+THRESHOLD_MEDIUM_TO_HIGH=4 \
	+THRESHOLD_HIGH_TO_MEDIUM=3 \
	+THRESHOLD_LOW_INTERVAL=200 \
	+THRESHOLD_MEDIUM_INTERVAL=120 \
	+THRESHOLD_HIGH_INTERVAL=70 \
	+TRACE_EXECUTION=0 \
	+TRACE_OUTPUT=results/tables/strategy_execution_trace.csv
VCD info: dumpfile results/logs/strategy_comparison.vcd opened for output.
Total run cycles: 50000
Fixed interval: 80
Safe interval: 1
Level intervals: L0=240 L1=200 L2=150 L3=120 L4=100 L5=80 L6=70 L7=70
Threshold levels: low_to_medium=2 medium_to_low=1 medium_to_high=4 high_to_medium=3
Threshold intervals: low=200 medium=120 high=70
Loaded fault events: 600
Loaded control level events: 1295
STRATEGY RESULT: fixed
  total_cycle_count         = 50000
  scrub_cycle_count         = 632
  memory_read_count         = 10112
  memory_write_count        = 506
  corrected_error_count     = 506
  uncorrectable_detections  = 778
  unique_uncorrectable_words = 4
  interval_switch_count     = 0
  memory_busy_cycle_count   = 10618
  busy_per_mille            = 212
Strategy comparison run passed for strategy fixed.
tb/tb_strategy_comparison.v:1002: $finish called at 500376000 (1ps)
vvp results/logs/strategy_comparison.out \
	+STRATEGY=1 \
	+TOTAL_RUN_CYCLES=50000 \
	+FIXED_INTERVAL=80 \
	+SAFE_INTERVAL=1 \
	+LEVEL0_INTERVAL=240 \
	+LEVEL1_INTERVAL=200 \
	+LEVEL2_INTERVAL=150 \
	+LEVEL3_INTERVAL=120 \
	+LEVEL4_INTERVAL=100 \
	+LEVEL5_INTERVAL=80 \
	+LEVEL6_INTERVAL=70 \
	+LEVEL7_INTERVAL=70 \
	+THRESHOLD_LOW_TO_MEDIUM=2 \
	+THRESHOLD_MEDIUM_TO_LOW=1 \
	+THRESHOLD_MEDIUM_TO_HIGH=4 \
	+THRESHOLD_HIGH_TO_MEDIUM=3 \
	+THRESHOLD_LOW_INTERVAL=200 \
	+THRESHOLD_MEDIUM_INTERVAL=120 \
	+THRESHOLD_HIGH_INTERVAL=70 \
	+TRACE_EXECUTION=0 \
	+TRACE_OUTPUT=results/tables/strategy_execution_trace.csv
VCD info: dumpfile results/logs/strategy_comparison.vcd opened for output.
Total run cycles: 50000
Fixed interval: 80
Safe interval: 1
Level intervals: L0=240 L1=200 L2=150 L3=120 L4=100 L5=80 L6=70 L7=70
Threshold levels: low_to_medium=2 medium_to_low=1 medium_to_high=4 high_to_medium=3
Threshold intervals: low=200 medium=120 high=70
Loaded fault events: 600
Loaded control level events: 1295
STRATEGY RESULT: table
  total_cycle_count         = 50000
  scrub_cycle_count         = 246
  memory_read_count         = 3936
  memory_write_count        = 425
  corrected_error_count     = 425
  uncorrectable_detections  = 608
  unique_uncorrectable_words = 2
  interval_switch_count     = 1295
  memory_busy_cycle_count   = 4361
  busy_per_mille            = 87
Strategy comparison run passed for strategy table.
tb/tb_strategy_comparison.v:1002: $finish called at 500376000 (1ps)
vvp results/logs/strategy_comparison.out \
	+STRATEGY=2 \
	+TOTAL_RUN_CYCLES=50000 \
	+FIXED_INTERVAL=80 \
	+SAFE_INTERVAL=1 \
	+LEVEL0_INTERVAL=240 \
	+LEVEL1_INTERVAL=200 \
	+LEVEL2_INTERVAL=150 \
	+LEVEL3_INTERVAL=120 \
	+LEVEL4_INTERVAL=100 \
	+LEVEL5_INTERVAL=80 \
	+LEVEL6_INTERVAL=70 \
	+LEVEL7_INTERVAL=70 \
	+THRESHOLD_LOW_TO_MEDIUM=2 \
	+THRESHOLD_MEDIUM_TO_LOW=1 \
	+THRESHOLD_MEDIUM_TO_HIGH=4 \
	+THRESHOLD_HIGH_TO_MEDIUM=3 \
	+THRESHOLD_LOW_INTERVAL=200 \
	+THRESHOLD_MEDIUM_INTERVAL=120 \
	+THRESHOLD_HIGH_INTERVAL=70 \
	+TRACE_EXECUTION=0 \
	+TRACE_OUTPUT=results/tables/strategy_execution_trace.csv
VCD info: dumpfile results/logs/strategy_comparison.vcd opened for output.
Total run cycles: 50000
Fixed interval: 80
Safe interval: 1
Level intervals: L0=240 L1=200 L2=150 L3=120 L4=100 L5=80 L6=70 L7=70
Threshold levels: low_to_medium=2 medium_to_low=1 medium_to_high=4 high_to_medium=3
Threshold intervals: low=200 medium=120 high=70
Loaded fault events: 600
Loaded control level events: 1295
STRATEGY RESULT: threshold
  total_cycle_count         = 50000
  scrub_cycle_count         = 284
  memory_read_count         = 4544
  memory_write_count        = 451
  corrected_error_count     = 451
  uncorrectable_detections  = 635
  unique_uncorrectable_words = 1
  interval_switch_count     = 776
  memory_busy_cycle_count   = 4995
  busy_per_mille            = 99
Strategy comparison run passed for strategy threshold.
tb/tb_strategy_comparison.v:1002: $finish called at 500376000 (1ps)
cat results/tables/strategy_comparison.csv
strategy,total_cycles,scrub_cycles,reads,writes,corrected,uncorrectable_detections,unique_uncorrectable_words,interval_switches,safe_entries,safe_cycles,scrub_active_cycles,memory_busy_cycles,scrub_per_mille,busy_per_mille,safe_per_mille
fixed,50000,632,10112,506,506,778,4,0,0,0,41586,10618,831,212,0
table,50000,246,3936,425,425,608,2,1295,0,0,16415,4361,328,87,0
threshold,50000,284,4544,451,451,635,1,776,0,0,18911,4995,378,99,0
make[4]: Leaving directory '/home/z3tm4n/adaptive_scrubbing'
make[4]: Entering directory '/home/z3tm4n/adaptive_scrubbing'
mkdir -p results/logs results/tables results/figures
python3 model/generate_fault_events.py \
	--scenario upsets \
	--input data/upsets.xlsx \
	--output tb/fault_events.csv \
	--control-output tb/control_levels.csv \
	--start-index 0 \
	--window-size 43824 \
	--total-cycles 50000 \
	--event-count 400 \
	--paired-event-count 100 \
	--pair-gap-min 60 \
	--pair-gap-max 300 \
	--cluster-event-count 0 \
	--cluster-bit-count 2 \
	--seed 9 \
	--control-quantization linear_max \
	--control-source risk_policy \
	--control-policy-schedule results/paper/tables/risk_policy_schedule.csv \
	--control-policy-level-map-output results/paper/tables/risk_policy_level_map.csv
Generated fault events: tb/fault_events.csv
Generated control levels: tb/control_levels.csv
Control level changes: 1295
Generated 600 fault injections
Scenario: upsets
Paired events: 100
Addresses with repeated injections: 16
Input: data/upsets.xlsx
Start index: 0
Window size: 43824
Total cycles: 50000
Single events: 400
Paired events: 100
Cluster events: 0
Cluster bit count: 2
Seed: 9
Control source: risk_policy
Control policy schedule: results/paper/tables/risk_policy_schedule.csv
Control policy level map: results/paper/tables/risk_policy_level_map.csv
iverilog -g2012 -o results/logs/strategy_comparison.out rtl/secded_32_39_encoder.v rtl/secded_32_39_decoder.v rtl/protected_memory_model.v rtl/interval_selector.v rtl/adaptive_scrub_controller.v tb/tb_strategy_comparison.v
rm -f results/tables/strategy_comparison.csv
echo "strategy,total_cycles,scrub_cycles,reads,writes,corrected,uncorrectable_detections,unique_uncorrectable_words,interval_switches,safe_entries,safe_cycles,scrub_active_cycles,memory_busy_cycles,scrub_per_mille,busy_per_mille,safe_per_mille" > results/tables/strategy_comparison.csv
vvp results/logs/strategy_comparison.out \
	+STRATEGY=0 \
	+TOTAL_RUN_CYCLES=50000 \
	+FIXED_INTERVAL=80 \
	+SAFE_INTERVAL=1 \
	+LEVEL0_INTERVAL=240 \
	+LEVEL1_INTERVAL=200 \
	+LEVEL2_INTERVAL=150 \
	+LEVEL3_INTERVAL=120 \
	+LEVEL4_INTERVAL=100 \
	+LEVEL5_INTERVAL=80 \
	+LEVEL6_INTERVAL=70 \
	+LEVEL7_INTERVAL=70 \
	+THRESHOLD_LOW_TO_MEDIUM=2 \
	+THRESHOLD_MEDIUM_TO_LOW=1 \
	+THRESHOLD_MEDIUM_TO_HIGH=4 \
	+THRESHOLD_HIGH_TO_MEDIUM=3 \
	+THRESHOLD_LOW_INTERVAL=200 \
	+THRESHOLD_MEDIUM_INTERVAL=120 \
	+THRESHOLD_HIGH_INTERVAL=70 \
	+TRACE_EXECUTION=0 \
	+TRACE_OUTPUT=results/tables/strategy_execution_trace.csv
VCD info: dumpfile results/logs/strategy_comparison.vcd opened for output.
Total run cycles: 50000
Fixed interval: 80
Safe interval: 1
Level intervals: L0=240 L1=200 L2=150 L3=120 L4=100 L5=80 L6=70 L7=70
Threshold levels: low_to_medium=2 medium_to_low=1 medium_to_high=4 high_to_medium=3
Threshold intervals: low=200 medium=120 high=70
Loaded fault events: 600
Loaded control level events: 1295
STRATEGY RESULT: fixed
  total_cycle_count         = 50000
  scrub_cycle_count         = 632
  memory_read_count         = 10112
  memory_write_count        = 478
  corrected_error_count     = 478
  uncorrectable_detections  = 1034
  unique_uncorrectable_words = 4
  interval_switch_count     = 0
  memory_busy_cycle_count   = 10590
  busy_per_mille            = 211
Strategy comparison run passed for strategy fixed.
tb/tb_strategy_comparison.v:1002: $finish called at 500376000 (1ps)
vvp results/logs/strategy_comparison.out \
	+STRATEGY=1 \
	+TOTAL_RUN_CYCLES=50000 \
	+FIXED_INTERVAL=80 \
	+SAFE_INTERVAL=1 \
	+LEVEL0_INTERVAL=240 \
	+LEVEL1_INTERVAL=200 \
	+LEVEL2_INTERVAL=150 \
	+LEVEL3_INTERVAL=120 \
	+LEVEL4_INTERVAL=100 \
	+LEVEL5_INTERVAL=80 \
	+LEVEL6_INTERVAL=70 \
	+LEVEL7_INTERVAL=70 \
	+THRESHOLD_LOW_TO_MEDIUM=2 \
	+THRESHOLD_MEDIUM_TO_LOW=1 \
	+THRESHOLD_MEDIUM_TO_HIGH=4 \
	+THRESHOLD_HIGH_TO_MEDIUM=3 \
	+THRESHOLD_LOW_INTERVAL=200 \
	+THRESHOLD_MEDIUM_INTERVAL=120 \
	+THRESHOLD_HIGH_INTERVAL=70 \
	+TRACE_EXECUTION=0 \
	+TRACE_OUTPUT=results/tables/strategy_execution_trace.csv
VCD info: dumpfile results/logs/strategy_comparison.vcd opened for output.
Total run cycles: 50000
Fixed interval: 80
Safe interval: 1
Level intervals: L0=240 L1=200 L2=150 L3=120 L4=100 L5=80 L6=70 L7=70
Threshold levels: low_to_medium=2 medium_to_low=1 medium_to_high=4 high_to_medium=3
Threshold intervals: low=200 medium=120 high=70
Loaded fault events: 600
Loaded control level events: 1295
STRATEGY RESULT: table
  total_cycle_count         = 50000
  scrub_cycle_count         = 246
  memory_read_count         = 3936
  memory_write_count        = 417
  corrected_error_count     = 417
  uncorrectable_detections  = 663
  unique_uncorrectable_words = 2
  interval_switch_count     = 1295
  memory_busy_cycle_count   = 4353
  busy_per_mille            = 87
Strategy comparison run passed for strategy table.
tb/tb_strategy_comparison.v:1002: $finish called at 500376000 (1ps)
vvp results/logs/strategy_comparison.out \
	+STRATEGY=2 \
	+TOTAL_RUN_CYCLES=50000 \
	+FIXED_INTERVAL=80 \
	+SAFE_INTERVAL=1 \
	+LEVEL0_INTERVAL=240 \
	+LEVEL1_INTERVAL=200 \
	+LEVEL2_INTERVAL=150 \
	+LEVEL3_INTERVAL=120 \
	+LEVEL4_INTERVAL=100 \
	+LEVEL5_INTERVAL=80 \
	+LEVEL6_INTERVAL=70 \
	+LEVEL7_INTERVAL=70 \
	+THRESHOLD_LOW_TO_MEDIUM=2 \
	+THRESHOLD_MEDIUM_TO_LOW=1 \
	+THRESHOLD_MEDIUM_TO_HIGH=4 \
	+THRESHOLD_HIGH_TO_MEDIUM=3 \
	+THRESHOLD_LOW_INTERVAL=200 \
	+THRESHOLD_MEDIUM_INTERVAL=120 \
	+THRESHOLD_HIGH_INTERVAL=70 \
	+TRACE_EXECUTION=0 \
	+TRACE_OUTPUT=results/tables/strategy_execution_trace.csv
VCD info: dumpfile results/logs/strategy_comparison.vcd opened for output.
Total run cycles: 50000
Fixed interval: 80
Safe interval: 1
Level intervals: L0=240 L1=200 L2=150 L3=120 L4=100 L5=80 L6=70 L7=70
Threshold levels: low_to_medium=2 medium_to_low=1 medium_to_high=4 high_to_medium=3
Threshold intervals: low=200 medium=120 high=70
Loaded fault events: 600
Loaded control level events: 1295
STRATEGY RESULT: threshold
  total_cycle_count         = 50000
  scrub_cycle_count         = 284
  memory_read_count         = 4544
  memory_write_count        = 431
  corrected_error_count     = 431
  uncorrectable_detections  = 680
  unique_uncorrectable_words = 2
  interval_switch_count     = 776
  memory_busy_cycle_count   = 4975
  busy_per_mille            = 99
Strategy comparison run passed for strategy threshold.
tb/tb_strategy_comparison.v:1002: $finish called at 500376000 (1ps)
cat results/tables/strategy_comparison.csv
strategy,total_cycles,scrub_cycles,reads,writes,corrected,uncorrectable_detections,unique_uncorrectable_words,interval_switches,safe_entries,safe_cycles,scrub_active_cycles,memory_busy_cycles,scrub_per_mille,busy_per_mille,safe_per_mille
fixed,50000,632,10112,478,478,1034,4,0,0,0,41558,10590,831,211,0
table,50000,246,3936,417,417,663,2,1295,0,0,16407,4353,328,87,0
threshold,50000,284,4544,431,431,680,2,776,0,0,18891,4975,377,99,0
make[4]: Leaving directory '/home/z3tm4n/adaptive_scrubbing'
make[4]: Entering directory '/home/z3tm4n/adaptive_scrubbing'
mkdir -p results/logs results/tables results/figures
python3 model/generate_fault_events.py \
	--scenario upsets \
	--input data/upsets.xlsx \
	--output tb/fault_events.csv \
	--control-output tb/control_levels.csv \
	--start-index 0 \
	--window-size 43824 \
	--total-cycles 50000 \
	--event-count 400 \
	--paired-event-count 100 \
	--pair-gap-min 60 \
	--pair-gap-max 300 \
	--cluster-event-count 0 \
	--cluster-bit-count 2 \
	--seed 10 \
	--control-quantization linear_max \
	--control-source risk_policy \
	--control-policy-schedule results/paper/tables/risk_policy_schedule.csv \
	--control-policy-level-map-output results/paper/tables/risk_policy_level_map.csv
Generated fault events: tb/fault_events.csv
Generated control levels: tb/control_levels.csv
Control level changes: 1295
Generated 600 fault injections
Scenario: upsets
Paired events: 100
Addresses with repeated injections: 16
Input: data/upsets.xlsx
Start index: 0
Window size: 43824
Total cycles: 50000
Single events: 400
Paired events: 100
Cluster events: 0
Cluster bit count: 2
Seed: 10
Control source: risk_policy
Control policy schedule: results/paper/tables/risk_policy_schedule.csv
Control policy level map: results/paper/tables/risk_policy_level_map.csv
iverilog -g2012 -o results/logs/strategy_comparison.out rtl/secded_32_39_encoder.v rtl/secded_32_39_decoder.v rtl/protected_memory_model.v rtl/interval_selector.v rtl/adaptive_scrub_controller.v tb/tb_strategy_comparison.v
rm -f results/tables/strategy_comparison.csv
echo "strategy,total_cycles,scrub_cycles,reads,writes,corrected,uncorrectable_detections,unique_uncorrectable_words,interval_switches,safe_entries,safe_cycles,scrub_active_cycles,memory_busy_cycles,scrub_per_mille,busy_per_mille,safe_per_mille" > results/tables/strategy_comparison.csv
vvp results/logs/strategy_comparison.out \
	+STRATEGY=0 \
	+TOTAL_RUN_CYCLES=50000 \
	+FIXED_INTERVAL=80 \
	+SAFE_INTERVAL=1 \
	+LEVEL0_INTERVAL=240 \
	+LEVEL1_INTERVAL=200 \
	+LEVEL2_INTERVAL=150 \
	+LEVEL3_INTERVAL=120 \
	+LEVEL4_INTERVAL=100 \
	+LEVEL5_INTERVAL=80 \
	+LEVEL6_INTERVAL=70 \
	+LEVEL7_INTERVAL=70 \
	+THRESHOLD_LOW_TO_MEDIUM=2 \
	+THRESHOLD_MEDIUM_TO_LOW=1 \
	+THRESHOLD_MEDIUM_TO_HIGH=4 \
	+THRESHOLD_HIGH_TO_MEDIUM=3 \
	+THRESHOLD_LOW_INTERVAL=200 \
	+THRESHOLD_MEDIUM_INTERVAL=120 \
	+THRESHOLD_HIGH_INTERVAL=70 \
	+TRACE_EXECUTION=0 \
	+TRACE_OUTPUT=results/tables/strategy_execution_trace.csv
VCD info: dumpfile results/logs/strategy_comparison.vcd opened for output.
Total run cycles: 50000
Fixed interval: 80
Safe interval: 1
Level intervals: L0=240 L1=200 L2=150 L3=120 L4=100 L5=80 L6=70 L7=70
Threshold levels: low_to_medium=2 medium_to_low=1 medium_to_high=4 high_to_medium=3
Threshold intervals: low=200 medium=120 high=70
Loaded fault events: 600
Loaded control level events: 1295
STRATEGY RESULT: fixed
  total_cycle_count         = 50000
  scrub_cycle_count         = 632
  memory_read_count         = 10112
  memory_write_count        = 521
  corrected_error_count     = 521
  uncorrectable_detections  = 541
  unique_uncorrectable_words = 4
  interval_switch_count     = 0
  memory_busy_cycle_count   = 10633
  busy_per_mille            = 212
Strategy comparison run passed for strategy fixed.
tb/tb_strategy_comparison.v:1002: $finish called at 500376000 (1ps)
vvp results/logs/strategy_comparison.out \
	+STRATEGY=1 \
	+TOTAL_RUN_CYCLES=50000 \
	+FIXED_INTERVAL=80 \
	+SAFE_INTERVAL=1 \
	+LEVEL0_INTERVAL=240 \
	+LEVEL1_INTERVAL=200 \
	+LEVEL2_INTERVAL=150 \
	+LEVEL3_INTERVAL=120 \
	+LEVEL4_INTERVAL=100 \
	+LEVEL5_INTERVAL=80 \
	+LEVEL6_INTERVAL=70 \
	+LEVEL7_INTERVAL=70 \
	+THRESHOLD_LOW_TO_MEDIUM=2 \
	+THRESHOLD_MEDIUM_TO_LOW=1 \
	+THRESHOLD_MEDIUM_TO_HIGH=4 \
	+THRESHOLD_HIGH_TO_MEDIUM=3 \
	+THRESHOLD_LOW_INTERVAL=200 \
	+THRESHOLD_MEDIUM_INTERVAL=120 \
	+THRESHOLD_HIGH_INTERVAL=70 \
	+TRACE_EXECUTION=0 \
	+TRACE_OUTPUT=results/tables/strategy_execution_trace.csv
VCD info: dumpfile results/logs/strategy_comparison.vcd opened for output.
Total run cycles: 50000
Fixed interval: 80
Safe interval: 1
Level intervals: L0=240 L1=200 L2=150 L3=120 L4=100 L5=80 L6=70 L7=70
Threshold levels: low_to_medium=2 medium_to_low=1 medium_to_high=4 high_to_medium=3
Threshold intervals: low=200 medium=120 high=70
Loaded fault events: 600
Loaded control level events: 1295
STRATEGY RESULT: table
  total_cycle_count         = 50000
  scrub_cycle_count         = 246
  memory_read_count         = 3936
  memory_write_count        = 427
  corrected_error_count     = 427
  uncorrectable_detections  = 703
  unique_uncorrectable_words = 4
  interval_switch_count     = 1295
  memory_busy_cycle_count   = 4363
  busy_per_mille            = 87
Strategy comparison run passed for strategy table.
tb/tb_strategy_comparison.v:1002: $finish called at 500376000 (1ps)
vvp results/logs/strategy_comparison.out \
	+STRATEGY=2 \
	+TOTAL_RUN_CYCLES=50000 \
	+FIXED_INTERVAL=80 \
	+SAFE_INTERVAL=1 \
	+LEVEL0_INTERVAL=240 \
	+LEVEL1_INTERVAL=200 \
	+LEVEL2_INTERVAL=150 \
	+LEVEL3_INTERVAL=120 \
	+LEVEL4_INTERVAL=100 \
	+LEVEL5_INTERVAL=80 \
	+LEVEL6_INTERVAL=70 \
	+LEVEL7_INTERVAL=70 \
	+THRESHOLD_LOW_TO_MEDIUM=2 \
	+THRESHOLD_MEDIUM_TO_LOW=1 \
	+THRESHOLD_MEDIUM_TO_HIGH=4 \
	+THRESHOLD_HIGH_TO_MEDIUM=3 \
	+THRESHOLD_LOW_INTERVAL=200 \
	+THRESHOLD_MEDIUM_INTERVAL=120 \
	+THRESHOLD_HIGH_INTERVAL=70 \
	+TRACE_EXECUTION=0 \
	+TRACE_OUTPUT=results/tables/strategy_execution_trace.csv
VCD info: dumpfile results/logs/strategy_comparison.vcd opened for output.
Total run cycles: 50000
Fixed interval: 80
Safe interval: 1
Level intervals: L0=240 L1=200 L2=150 L3=120 L4=100 L5=80 L6=70 L7=70
Threshold levels: low_to_medium=2 medium_to_low=1 medium_to_high=4 high_to_medium=3
Threshold intervals: low=200 medium=120 high=70
Loaded fault events: 600
Loaded control level events: 1295
STRATEGY RESULT: threshold
  total_cycle_count         = 50000
  scrub_cycle_count         = 284
  memory_read_count         = 4544
  memory_write_count        = 456
  corrected_error_count     = 456
  uncorrectable_detections  = 712
  unique_uncorrectable_words = 6
  interval_switch_count     = 776
  memory_busy_cycle_count   = 5000
  busy_per_mille            = 100
Strategy comparison run passed for strategy threshold.
tb/tb_strategy_comparison.v:1002: $finish called at 500376000 (1ps)
cat results/tables/strategy_comparison.csv
strategy,total_cycles,scrub_cycles,reads,writes,corrected,uncorrectable_detections,unique_uncorrectable_words,interval_switches,safe_entries,safe_cycles,scrub_active_cycles,memory_busy_cycles,scrub_per_mille,busy_per_mille,safe_per_mille
fixed,50000,632,10112,521,521,541,4,0,0,0,41601,10633,832,212,0
table,50000,246,3936,427,427,703,4,1295,0,0,16417,4363,328,87,0
threshold,50000,284,4544,456,456,712,6,776,0,0,18916,5000,378,100,0
make[4]: Leaving directory '/home/z3tm4n/adaptive_scrubbing'
make[4]: Entering directory '/home/z3tm4n/adaptive_scrubbing'
mkdir -p results/logs results/tables results/figures
python3 model/generate_fault_events.py \
	--scenario upsets \
	--input data/upsets.xlsx \
	--output tb/fault_events.csv \
	--control-output tb/control_levels.csv \
	--start-index 0 \
	--window-size 43824 \
	--total-cycles 50000 \
	--event-count 400 \
	--paired-event-count 100 \
	--pair-gap-min 60 \
	--pair-gap-max 300 \
	--cluster-event-count 0 \
	--cluster-bit-count 2 \
	--seed 11 \
	--control-quantization linear_max \
	--control-source risk_policy \
	--control-policy-schedule results/paper/tables/risk_policy_schedule.csv \
	--control-policy-level-map-output results/paper/tables/risk_policy_level_map.csv
Generated fault events: tb/fault_events.csv
Generated control levels: tb/control_levels.csv
Control level changes: 1295
Generated 600 fault injections
Scenario: upsets
Paired events: 100
Addresses with repeated injections: 16
Input: data/upsets.xlsx
Start index: 0
Window size: 43824
Total cycles: 50000
Single events: 400
Paired events: 100
Cluster events: 0
Cluster bit count: 2
Seed: 11
Control source: risk_policy
Control policy schedule: results/paper/tables/risk_policy_schedule.csv
Control policy level map: results/paper/tables/risk_policy_level_map.csv
iverilog -g2012 -o results/logs/strategy_comparison.out rtl/secded_32_39_encoder.v rtl/secded_32_39_decoder.v rtl/protected_memory_model.v rtl/interval_selector.v rtl/adaptive_scrub_controller.v tb/tb_strategy_comparison.v
rm -f results/tables/strategy_comparison.csv
echo "strategy,total_cycles,scrub_cycles,reads,writes,corrected,uncorrectable_detections,unique_uncorrectable_words,interval_switches,safe_entries,safe_cycles,scrub_active_cycles,memory_busy_cycles,scrub_per_mille,busy_per_mille,safe_per_mille" > results/tables/strategy_comparison.csv
vvp results/logs/strategy_comparison.out \
	+STRATEGY=0 \
	+TOTAL_RUN_CYCLES=50000 \
	+FIXED_INTERVAL=80 \
	+SAFE_INTERVAL=1 \
	+LEVEL0_INTERVAL=240 \
	+LEVEL1_INTERVAL=200 \
	+LEVEL2_INTERVAL=150 \
	+LEVEL3_INTERVAL=120 \
	+LEVEL4_INTERVAL=100 \
	+LEVEL5_INTERVAL=80 \
	+LEVEL6_INTERVAL=70 \
	+LEVEL7_INTERVAL=70 \
	+THRESHOLD_LOW_TO_MEDIUM=2 \
	+THRESHOLD_MEDIUM_TO_LOW=1 \
	+THRESHOLD_MEDIUM_TO_HIGH=4 \
	+THRESHOLD_HIGH_TO_MEDIUM=3 \
	+THRESHOLD_LOW_INTERVAL=200 \
	+THRESHOLD_MEDIUM_INTERVAL=120 \
	+THRESHOLD_HIGH_INTERVAL=70 \
	+TRACE_EXECUTION=0 \
	+TRACE_OUTPUT=results/tables/strategy_execution_trace.csv
VCD info: dumpfile results/logs/strategy_comparison.vcd opened for output.
Total run cycles: 50000
Fixed interval: 80
Safe interval: 1
Level intervals: L0=240 L1=200 L2=150 L3=120 L4=100 L5=80 L6=70 L7=70
Threshold levels: low_to_medium=2 medium_to_low=1 medium_to_high=4 high_to_medium=3
Threshold intervals: low=200 medium=120 high=70
Loaded fault events: 600
Loaded control level events: 1295
STRATEGY RESULT: fixed
  total_cycle_count         = 50000
  scrub_cycle_count         = 632
  memory_read_count         = 10112
  memory_write_count        = 508
  corrected_error_count     = 508
  uncorrectable_detections  = 582
  unique_uncorrectable_words = 4
  interval_switch_count     = 0
  memory_busy_cycle_count   = 10620
  busy_per_mille            = 212
Strategy comparison run passed for strategy fixed.
tb/tb_strategy_comparison.v:1002: $finish called at 500376000 (1ps)
vvp results/logs/strategy_comparison.out \
	+STRATEGY=1 \
	+TOTAL_RUN_CYCLES=50000 \
	+FIXED_INTERVAL=80 \
	+SAFE_INTERVAL=1 \
	+LEVEL0_INTERVAL=240 \
	+LEVEL1_INTERVAL=200 \
	+LEVEL2_INTERVAL=150 \
	+LEVEL3_INTERVAL=120 \
	+LEVEL4_INTERVAL=100 \
	+LEVEL5_INTERVAL=80 \
	+LEVEL6_INTERVAL=70 \
	+LEVEL7_INTERVAL=70 \
	+THRESHOLD_LOW_TO_MEDIUM=2 \
	+THRESHOLD_MEDIUM_TO_LOW=1 \
	+THRESHOLD_MEDIUM_TO_HIGH=4 \
	+THRESHOLD_HIGH_TO_MEDIUM=3 \
	+THRESHOLD_LOW_INTERVAL=200 \
	+THRESHOLD_MEDIUM_INTERVAL=120 \
	+THRESHOLD_HIGH_INTERVAL=70 \
	+TRACE_EXECUTION=0 \
	+TRACE_OUTPUT=results/tables/strategy_execution_trace.csv
VCD info: dumpfile results/logs/strategy_comparison.vcd opened for output.
Total run cycles: 50000
Fixed interval: 80
Safe interval: 1
Level intervals: L0=240 L1=200 L2=150 L3=120 L4=100 L5=80 L6=70 L7=70
Threshold levels: low_to_medium=2 medium_to_low=1 medium_to_high=4 high_to_medium=3
Threshold intervals: low=200 medium=120 high=70
Loaded fault events: 600
Loaded control level events: 1295
STRATEGY RESULT: table
  total_cycle_count         = 50000
  scrub_cycle_count         = 246
  memory_read_count         = 3936
  memory_write_count        = 449
  corrected_error_count     = 449
  uncorrectable_detections  = 514
  unique_uncorrectable_words = 2
  interval_switch_count     = 1295
  memory_busy_cycle_count   = 4385
  busy_per_mille            = 87
Strategy comparison run passed for strategy table.
tb/tb_strategy_comparison.v:1002: $finish called at 500376000 (1ps)
vvp results/logs/strategy_comparison.out \
	+STRATEGY=2 \
	+TOTAL_RUN_CYCLES=50000 \
	+FIXED_INTERVAL=80 \
	+SAFE_INTERVAL=1 \
	+LEVEL0_INTERVAL=240 \
	+LEVEL1_INTERVAL=200 \
	+LEVEL2_INTERVAL=150 \
	+LEVEL3_INTERVAL=120 \
	+LEVEL4_INTERVAL=100 \
	+LEVEL5_INTERVAL=80 \
	+LEVEL6_INTERVAL=70 \
	+LEVEL7_INTERVAL=70 \
	+THRESHOLD_LOW_TO_MEDIUM=2 \
	+THRESHOLD_MEDIUM_TO_LOW=1 \
	+THRESHOLD_MEDIUM_TO_HIGH=4 \
	+THRESHOLD_HIGH_TO_MEDIUM=3 \
	+THRESHOLD_LOW_INTERVAL=200 \
	+THRESHOLD_MEDIUM_INTERVAL=120 \
	+THRESHOLD_HIGH_INTERVAL=70 \
	+TRACE_EXECUTION=0 \
	+TRACE_OUTPUT=results/tables/strategy_execution_trace.csv
VCD info: dumpfile results/logs/strategy_comparison.vcd opened for output.
Total run cycles: 50000
Fixed interval: 80
Safe interval: 1
Level intervals: L0=240 L1=200 L2=150 L3=120 L4=100 L5=80 L6=70 L7=70
Threshold levels: low_to_medium=2 medium_to_low=1 medium_to_high=4 high_to_medium=3
Threshold intervals: low=200 medium=120 high=70
Loaded fault events: 600
Loaded control level events: 1295
STRATEGY RESULT: threshold
  total_cycle_count         = 50000
  scrub_cycle_count         = 284
  memory_read_count         = 4544
  memory_write_count        = 439
  corrected_error_count     = 439
  uncorrectable_detections  = 726
  unique_uncorrectable_words = 3
  interval_switch_count     = 776
  memory_busy_cycle_count   = 4983
  busy_per_mille            = 99
Strategy comparison run passed for strategy threshold.
tb/tb_strategy_comparison.v:1002: $finish called at 500376000 (1ps)
cat results/tables/strategy_comparison.csv
strategy,total_cycles,scrub_cycles,reads,writes,corrected,uncorrectable_detections,unique_uncorrectable_words,interval_switches,safe_entries,safe_cycles,scrub_active_cycles,memory_busy_cycles,scrub_per_mille,busy_per_mille,safe_per_mille
fixed,50000,632,10112,508,508,582,4,0,0,0,41588,10620,831,212,0
table,50000,246,3936,449,449,514,2,1295,0,0,16439,4385,328,87,0
threshold,50000,284,4544,439,439,726,3,776,0,0,18899,4983,377,99,0
make[4]: Leaving directory '/home/z3tm4n/adaptive_scrubbing'
make[4]: Entering directory '/home/z3tm4n/adaptive_scrubbing'
mkdir -p results/logs results/tables results/figures
python3 model/generate_fault_events.py \
	--scenario upsets \
	--input data/upsets.xlsx \
	--output tb/fault_events.csv \
	--control-output tb/control_levels.csv \
	--start-index 0 \
	--window-size 43824 \
	--total-cycles 50000 \
	--event-count 400 \
	--paired-event-count 100 \
	--pair-gap-min 60 \
	--pair-gap-max 300 \
	--cluster-event-count 0 \
	--cluster-bit-count 2 \
	--seed 12 \
	--control-quantization linear_max \
	--control-source risk_policy \
	--control-policy-schedule results/paper/tables/risk_policy_schedule.csv \
	--control-policy-level-map-output results/paper/tables/risk_policy_level_map.csv
Generated fault events: tb/fault_events.csv
Generated control levels: tb/control_levels.csv
Control level changes: 1295
Generated 600 fault injections
Scenario: upsets
Paired events: 100
Addresses with repeated injections: 16
Input: data/upsets.xlsx
Start index: 0
Window size: 43824
Total cycles: 50000
Single events: 400
Paired events: 100
Cluster events: 0
Cluster bit count: 2
Seed: 12
Control source: risk_policy
Control policy schedule: results/paper/tables/risk_policy_schedule.csv
Control policy level map: results/paper/tables/risk_policy_level_map.csv
iverilog -g2012 -o results/logs/strategy_comparison.out rtl/secded_32_39_encoder.v rtl/secded_32_39_decoder.v rtl/protected_memory_model.v rtl/interval_selector.v rtl/adaptive_scrub_controller.v tb/tb_strategy_comparison.v
rm -f results/tables/strategy_comparison.csv
echo "strategy,total_cycles,scrub_cycles,reads,writes,corrected,uncorrectable_detections,unique_uncorrectable_words,interval_switches,safe_entries,safe_cycles,scrub_active_cycles,memory_busy_cycles,scrub_per_mille,busy_per_mille,safe_per_mille" > results/tables/strategy_comparison.csv
vvp results/logs/strategy_comparison.out \
	+STRATEGY=0 \
	+TOTAL_RUN_CYCLES=50000 \
	+FIXED_INTERVAL=80 \
	+SAFE_INTERVAL=1 \
	+LEVEL0_INTERVAL=240 \
	+LEVEL1_INTERVAL=200 \
	+LEVEL2_INTERVAL=150 \
	+LEVEL3_INTERVAL=120 \
	+LEVEL4_INTERVAL=100 \
	+LEVEL5_INTERVAL=80 \
	+LEVEL6_INTERVAL=70 \
	+LEVEL7_INTERVAL=70 \
	+THRESHOLD_LOW_TO_MEDIUM=2 \
	+THRESHOLD_MEDIUM_TO_LOW=1 \
	+THRESHOLD_MEDIUM_TO_HIGH=4 \
	+THRESHOLD_HIGH_TO_MEDIUM=3 \
	+THRESHOLD_LOW_INTERVAL=200 \
	+THRESHOLD_MEDIUM_INTERVAL=120 \
	+THRESHOLD_HIGH_INTERVAL=70 \
	+TRACE_EXECUTION=0 \
	+TRACE_OUTPUT=results/tables/strategy_execution_trace.csv
VCD info: dumpfile results/logs/strategy_comparison.vcd opened for output.
Total run cycles: 50000
Fixed interval: 80
Safe interval: 1
Level intervals: L0=240 L1=200 L2=150 L3=120 L4=100 L5=80 L6=70 L7=70
Threshold levels: low_to_medium=2 medium_to_low=1 medium_to_high=4 high_to_medium=3
Threshold intervals: low=200 medium=120 high=70
Loaded fault events: 600
Loaded control level events: 1295
STRATEGY RESULT: fixed
  total_cycle_count         = 50000
  scrub_cycle_count         = 632
  memory_read_count         = 10112
  memory_write_count        = 520
  corrected_error_count     = 520
  uncorrectable_detections  = 732
  unique_uncorrectable_words = 2
  interval_switch_count     = 0
  memory_busy_cycle_count   = 10632
  busy_per_mille            = 212
Strategy comparison run passed for strategy fixed.
tb/tb_strategy_comparison.v:1002: $finish called at 500376000 (1ps)
vvp results/logs/strategy_comparison.out \
	+STRATEGY=1 \
	+TOTAL_RUN_CYCLES=50000 \
	+FIXED_INTERVAL=80 \
	+SAFE_INTERVAL=1 \
	+LEVEL0_INTERVAL=240 \
	+LEVEL1_INTERVAL=200 \
	+LEVEL2_INTERVAL=150 \
	+LEVEL3_INTERVAL=120 \
	+LEVEL4_INTERVAL=100 \
	+LEVEL5_INTERVAL=80 \
	+LEVEL6_INTERVAL=70 \
	+LEVEL7_INTERVAL=70 \
	+THRESHOLD_LOW_TO_MEDIUM=2 \
	+THRESHOLD_MEDIUM_TO_LOW=1 \
	+THRESHOLD_MEDIUM_TO_HIGH=4 \
	+THRESHOLD_HIGH_TO_MEDIUM=3 \
	+THRESHOLD_LOW_INTERVAL=200 \
	+THRESHOLD_MEDIUM_INTERVAL=120 \
	+THRESHOLD_HIGH_INTERVAL=70 \
	+TRACE_EXECUTION=0 \
	+TRACE_OUTPUT=results/tables/strategy_execution_trace.csv
VCD info: dumpfile results/logs/strategy_comparison.vcd opened for output.
Total run cycles: 50000
Fixed interval: 80
Safe interval: 1
Level intervals: L0=240 L1=200 L2=150 L3=120 L4=100 L5=80 L6=70 L7=70
Threshold levels: low_to_medium=2 medium_to_low=1 medium_to_high=4 high_to_medium=3
Threshold intervals: low=200 medium=120 high=70
Loaded fault events: 600
Loaded control level events: 1295
STRATEGY RESULT: table
  total_cycle_count         = 50000
  scrub_cycle_count         = 246
  memory_read_count         = 3936
  memory_write_count        = 428
  corrected_error_count     = 428
  uncorrectable_detections  = 745
  unique_uncorrectable_words = 2
  interval_switch_count     = 1295
  memory_busy_cycle_count   = 4364
  busy_per_mille            = 87
Strategy comparison run passed for strategy table.
tb/tb_strategy_comparison.v:1002: $finish called at 500376000 (1ps)
vvp results/logs/strategy_comparison.out \
	+STRATEGY=2 \
	+TOTAL_RUN_CYCLES=50000 \
	+FIXED_INTERVAL=80 \
	+SAFE_INTERVAL=1 \
	+LEVEL0_INTERVAL=240 \
	+LEVEL1_INTERVAL=200 \
	+LEVEL2_INTERVAL=150 \
	+LEVEL3_INTERVAL=120 \
	+LEVEL4_INTERVAL=100 \
	+LEVEL5_INTERVAL=80 \
	+LEVEL6_INTERVAL=70 \
	+LEVEL7_INTERVAL=70 \
	+THRESHOLD_LOW_TO_MEDIUM=2 \
	+THRESHOLD_MEDIUM_TO_LOW=1 \
	+THRESHOLD_MEDIUM_TO_HIGH=4 \
	+THRESHOLD_HIGH_TO_MEDIUM=3 \
	+THRESHOLD_LOW_INTERVAL=200 \
	+THRESHOLD_MEDIUM_INTERVAL=120 \
	+THRESHOLD_HIGH_INTERVAL=70 \
	+TRACE_EXECUTION=0 \
	+TRACE_OUTPUT=results/tables/strategy_execution_trace.csv
VCD info: dumpfile results/logs/strategy_comparison.vcd opened for output.
Total run cycles: 50000
Fixed interval: 80
Safe interval: 1
Level intervals: L0=240 L1=200 L2=150 L3=120 L4=100 L5=80 L6=70 L7=70
Threshold levels: low_to_medium=2 medium_to_low=1 medium_to_high=4 high_to_medium=3
Threshold intervals: low=200 medium=120 high=70
Loaded fault events: 600
Loaded control level events: 1295
STRATEGY RESULT: threshold
  total_cycle_count         = 50000
  scrub_cycle_count         = 284
  memory_read_count         = 4544
  memory_write_count        = 451
  corrected_error_count     = 451
  uncorrectable_detections  = 690
  unique_uncorrectable_words = 3
  interval_switch_count     = 776
  memory_busy_cycle_count   = 4995
  busy_per_mille            = 99
Strategy comparison run passed for strategy threshold.
tb/tb_strategy_comparison.v:1002: $finish called at 500376000 (1ps)
cat results/tables/strategy_comparison.csv
strategy,total_cycles,scrub_cycles,reads,writes,corrected,uncorrectable_detections,unique_uncorrectable_words,interval_switches,safe_entries,safe_cycles,scrub_active_cycles,memory_busy_cycles,scrub_per_mille,busy_per_mille,safe_per_mille
fixed,50000,632,10112,520,520,732,2,0,0,0,41600,10632,832,212,0
table,50000,246,3936,428,428,745,2,1295,0,0,16418,4364,328,87,0
threshold,50000,284,4544,451,451,690,3,776,0,0,18911,4995,378,99,0
make[4]: Leaving directory '/home/z3tm4n/adaptive_scrubbing'
make[4]: Entering directory '/home/z3tm4n/adaptive_scrubbing'
mkdir -p results/logs results/tables results/figures
python3 model/generate_fault_events.py \
	--scenario upsets \
	--input data/upsets.xlsx \
	--output tb/fault_events.csv \
	--control-output tb/control_levels.csv \
	--start-index 0 \
	--window-size 43824 \
	--total-cycles 50000 \
	--event-count 400 \
	--paired-event-count 100 \
	--pair-gap-min 60 \
	--pair-gap-max 300 \
	--cluster-event-count 0 \
	--cluster-bit-count 2 \
	--seed 13 \
	--control-quantization linear_max \
	--control-source risk_policy \
	--control-policy-schedule results/paper/tables/risk_policy_schedule.csv \
	--control-policy-level-map-output results/paper/tables/risk_policy_level_map.csv
Generated fault events: tb/fault_events.csv
Generated control levels: tb/control_levels.csv
Control level changes: 1295
Generated 600 fault injections
Scenario: upsets
Paired events: 100
Addresses with repeated injections: 16
Input: data/upsets.xlsx
Start index: 0
Window size: 43824
Total cycles: 50000
Single events: 400
Paired events: 100
Cluster events: 0
Cluster bit count: 2
Seed: 13
Control source: risk_policy
Control policy schedule: results/paper/tables/risk_policy_schedule.csv
Control policy level map: results/paper/tables/risk_policy_level_map.csv
iverilog -g2012 -o results/logs/strategy_comparison.out rtl/secded_32_39_encoder.v rtl/secded_32_39_decoder.v rtl/protected_memory_model.v rtl/interval_selector.v rtl/adaptive_scrub_controller.v tb/tb_strategy_comparison.v
rm -f results/tables/strategy_comparison.csv
echo "strategy,total_cycles,scrub_cycles,reads,writes,corrected,uncorrectable_detections,unique_uncorrectable_words,interval_switches,safe_entries,safe_cycles,scrub_active_cycles,memory_busy_cycles,scrub_per_mille,busy_per_mille,safe_per_mille" > results/tables/strategy_comparison.csv
vvp results/logs/strategy_comparison.out \
	+STRATEGY=0 \
	+TOTAL_RUN_CYCLES=50000 \
	+FIXED_INTERVAL=80 \
	+SAFE_INTERVAL=1 \
	+LEVEL0_INTERVAL=240 \
	+LEVEL1_INTERVAL=200 \
	+LEVEL2_INTERVAL=150 \
	+LEVEL3_INTERVAL=120 \
	+LEVEL4_INTERVAL=100 \
	+LEVEL5_INTERVAL=80 \
	+LEVEL6_INTERVAL=70 \
	+LEVEL7_INTERVAL=70 \
	+THRESHOLD_LOW_TO_MEDIUM=2 \
	+THRESHOLD_MEDIUM_TO_LOW=1 \
	+THRESHOLD_MEDIUM_TO_HIGH=4 \
	+THRESHOLD_HIGH_TO_MEDIUM=3 \
	+THRESHOLD_LOW_INTERVAL=200 \
	+THRESHOLD_MEDIUM_INTERVAL=120 \
	+THRESHOLD_HIGH_INTERVAL=70 \
	+TRACE_EXECUTION=0 \
	+TRACE_OUTPUT=results/tables/strategy_execution_trace.csv
VCD info: dumpfile results/logs/strategy_comparison.vcd opened for output.
Total run cycles: 50000
Fixed interval: 80
Safe interval: 1
Level intervals: L0=240 L1=200 L2=150 L3=120 L4=100 L5=80 L6=70 L7=70
Threshold levels: low_to_medium=2 medium_to_low=1 medium_to_high=4 high_to_medium=3
Threshold intervals: low=200 medium=120 high=70
Loaded fault events: 600
Loaded control level events: 1295
STRATEGY RESULT: fixed
  total_cycle_count         = 50000
  scrub_cycle_count         = 632
  memory_read_count         = 10112
  memory_write_count        = 512
  corrected_error_count     = 512
  uncorrectable_detections  = 676
  unique_uncorrectable_words = 4
  interval_switch_count     = 0
  memory_busy_cycle_count   = 10624
  busy_per_mille            = 212
Strategy comparison run passed for strategy fixed.
tb/tb_strategy_comparison.v:1002: $finish called at 500376000 (1ps)
vvp results/logs/strategy_comparison.out \
	+STRATEGY=1 \
	+TOTAL_RUN_CYCLES=50000 \
	+FIXED_INTERVAL=80 \
	+SAFE_INTERVAL=1 \
	+LEVEL0_INTERVAL=240 \
	+LEVEL1_INTERVAL=200 \
	+LEVEL2_INTERVAL=150 \
	+LEVEL3_INTERVAL=120 \
	+LEVEL4_INTERVAL=100 \
	+LEVEL5_INTERVAL=80 \
	+LEVEL6_INTERVAL=70 \
	+LEVEL7_INTERVAL=70 \
	+THRESHOLD_LOW_TO_MEDIUM=2 \
	+THRESHOLD_MEDIUM_TO_LOW=1 \
	+THRESHOLD_MEDIUM_TO_HIGH=4 \
	+THRESHOLD_HIGH_TO_MEDIUM=3 \
	+THRESHOLD_LOW_INTERVAL=200 \
	+THRESHOLD_MEDIUM_INTERVAL=120 \
	+THRESHOLD_HIGH_INTERVAL=70 \
	+TRACE_EXECUTION=0 \
	+TRACE_OUTPUT=results/tables/strategy_execution_trace.csv
VCD info: dumpfile results/logs/strategy_comparison.vcd opened for output.
Total run cycles: 50000
Fixed interval: 80
Safe interval: 1
Level intervals: L0=240 L1=200 L2=150 L3=120 L4=100 L5=80 L6=70 L7=70
Threshold levels: low_to_medium=2 medium_to_low=1 medium_to_high=4 high_to_medium=3
Threshold intervals: low=200 medium=120 high=70
Loaded fault events: 600
Loaded control level events: 1295
STRATEGY RESULT: table
  total_cycle_count         = 50000
  scrub_cycle_count         = 246
  memory_read_count         = 3936
  memory_write_count        = 421
  corrected_error_count     = 421
  uncorrectable_detections  = 771
  unique_uncorrectable_words = 7
  interval_switch_count     = 1295
  memory_busy_cycle_count   = 4357
  busy_per_mille            = 87
Strategy comparison run passed for strategy table.
tb/tb_strategy_comparison.v:1002: $finish called at 500376000 (1ps)
vvp results/logs/strategy_comparison.out \
	+STRATEGY=2 \
	+TOTAL_RUN_CYCLES=50000 \
	+FIXED_INTERVAL=80 \
	+SAFE_INTERVAL=1 \
	+LEVEL0_INTERVAL=240 \
	+LEVEL1_INTERVAL=200 \
	+LEVEL2_INTERVAL=150 \
	+LEVEL3_INTERVAL=120 \
	+LEVEL4_INTERVAL=100 \
	+LEVEL5_INTERVAL=80 \
	+LEVEL6_INTERVAL=70 \
	+LEVEL7_INTERVAL=70 \
	+THRESHOLD_LOW_TO_MEDIUM=2 \
	+THRESHOLD_MEDIUM_TO_LOW=1 \
	+THRESHOLD_MEDIUM_TO_HIGH=4 \
	+THRESHOLD_HIGH_TO_MEDIUM=3 \
	+THRESHOLD_LOW_INTERVAL=200 \
	+THRESHOLD_MEDIUM_INTERVAL=120 \
	+THRESHOLD_HIGH_INTERVAL=70 \
	+TRACE_EXECUTION=0 \
	+TRACE_OUTPUT=results/tables/strategy_execution_trace.csv
VCD info: dumpfile results/logs/strategy_comparison.vcd opened for output.
Total run cycles: 50000
Fixed interval: 80
Safe interval: 1
Level intervals: L0=240 L1=200 L2=150 L3=120 L4=100 L5=80 L6=70 L7=70
Threshold levels: low_to_medium=2 medium_to_low=1 medium_to_high=4 high_to_medium=3
Threshold intervals: low=200 medium=120 high=70
Loaded fault events: 600
Loaded control level events: 1295
STRATEGY RESULT: threshold
  total_cycle_count         = 50000
  scrub_cycle_count         = 284
  memory_read_count         = 4544
  memory_write_count        = 449
  corrected_error_count     = 449
  uncorrectable_detections  = 704
  unique_uncorrectable_words = 5
  interval_switch_count     = 776
  memory_busy_cycle_count   = 4993
  busy_per_mille            = 99
Strategy comparison run passed for strategy threshold.
tb/tb_strategy_comparison.v:1002: $finish called at 500376000 (1ps)
cat results/tables/strategy_comparison.csv
strategy,total_cycles,scrub_cycles,reads,writes,corrected,uncorrectable_detections,unique_uncorrectable_words,interval_switches,safe_entries,safe_cycles,scrub_active_cycles,memory_busy_cycles,scrub_per_mille,busy_per_mille,safe_per_mille
fixed,50000,632,10112,512,512,676,4,0,0,0,41592,10624,831,212,0
table,50000,246,3936,421,421,771,7,1295,0,0,16411,4357,328,87,0
threshold,50000,284,4544,449,449,704,5,776,0,0,18909,4993,378,99,0
make[4]: Leaving directory '/home/z3tm4n/adaptive_scrubbing'
make[4]: Entering directory '/home/z3tm4n/adaptive_scrubbing'
mkdir -p results/logs results/tables results/figures
python3 model/generate_fault_events.py \
	--scenario upsets \
	--input data/upsets.xlsx \
	--output tb/fault_events.csv \
	--control-output tb/control_levels.csv \
	--start-index 0 \
	--window-size 43824 \
	--total-cycles 50000 \
	--event-count 400 \
	--paired-event-count 100 \
	--pair-gap-min 60 \
	--pair-gap-max 300 \
	--cluster-event-count 0 \
	--cluster-bit-count 2 \
	--seed 14 \
	--control-quantization linear_max \
	--control-source risk_policy \
	--control-policy-schedule results/paper/tables/risk_policy_schedule.csv \
	--control-policy-level-map-output results/paper/tables/risk_policy_level_map.csv
Generated fault events: tb/fault_events.csv
Generated control levels: tb/control_levels.csv
Control level changes: 1295
Generated 600 fault injections
Scenario: upsets
Paired events: 100
Addresses with repeated injections: 16
Input: data/upsets.xlsx
Start index: 0
Window size: 43824
Total cycles: 50000
Single events: 400
Paired events: 100
Cluster events: 0
Cluster bit count: 2
Seed: 14
Control source: risk_policy
Control policy schedule: results/paper/tables/risk_policy_schedule.csv
Control policy level map: results/paper/tables/risk_policy_level_map.csv
iverilog -g2012 -o results/logs/strategy_comparison.out rtl/secded_32_39_encoder.v rtl/secded_32_39_decoder.v rtl/protected_memory_model.v rtl/interval_selector.v rtl/adaptive_scrub_controller.v tb/tb_strategy_comparison.v
rm -f results/tables/strategy_comparison.csv
echo "strategy,total_cycles,scrub_cycles,reads,writes,corrected,uncorrectable_detections,unique_uncorrectable_words,interval_switches,safe_entries,safe_cycles,scrub_active_cycles,memory_busy_cycles,scrub_per_mille,busy_per_mille,safe_per_mille" > results/tables/strategy_comparison.csv
vvp results/logs/strategy_comparison.out \
	+STRATEGY=0 \
	+TOTAL_RUN_CYCLES=50000 \
	+FIXED_INTERVAL=80 \
	+SAFE_INTERVAL=1 \
	+LEVEL0_INTERVAL=240 \
	+LEVEL1_INTERVAL=200 \
	+LEVEL2_INTERVAL=150 \
	+LEVEL3_INTERVAL=120 \
	+LEVEL4_INTERVAL=100 \
	+LEVEL5_INTERVAL=80 \
	+LEVEL6_INTERVAL=70 \
	+LEVEL7_INTERVAL=70 \
	+THRESHOLD_LOW_TO_MEDIUM=2 \
	+THRESHOLD_MEDIUM_TO_LOW=1 \
	+THRESHOLD_MEDIUM_TO_HIGH=4 \
	+THRESHOLD_HIGH_TO_MEDIUM=3 \
	+THRESHOLD_LOW_INTERVAL=200 \
	+THRESHOLD_MEDIUM_INTERVAL=120 \
	+THRESHOLD_HIGH_INTERVAL=70 \
	+TRACE_EXECUTION=0 \
	+TRACE_OUTPUT=results/tables/strategy_execution_trace.csv
VCD info: dumpfile results/logs/strategy_comparison.vcd opened for output.
Total run cycles: 50000
Fixed interval: 80
Safe interval: 1
Level intervals: L0=240 L1=200 L2=150 L3=120 L4=100 L5=80 L6=70 L7=70
Threshold levels: low_to_medium=2 medium_to_low=1 medium_to_high=4 high_to_medium=3
Threshold intervals: low=200 medium=120 high=70
Loaded fault events: 600
Loaded control level events: 1295
STRATEGY RESULT: fixed
  total_cycle_count         = 50000
  scrub_cycle_count         = 632
  memory_read_count         = 10112
  memory_write_count        = 508
  corrected_error_count     = 508
  uncorrectable_detections  = 973
  unique_uncorrectable_words = 4
  interval_switch_count     = 0
  memory_busy_cycle_count   = 10620
  busy_per_mille            = 212
Strategy comparison run passed for strategy fixed.
tb/tb_strategy_comparison.v:1002: $finish called at 500376000 (1ps)
vvp results/logs/strategy_comparison.out \
	+STRATEGY=1 \
	+TOTAL_RUN_CYCLES=50000 \
	+FIXED_INTERVAL=80 \
	+SAFE_INTERVAL=1 \
	+LEVEL0_INTERVAL=240 \
	+LEVEL1_INTERVAL=200 \
	+LEVEL2_INTERVAL=150 \
	+LEVEL3_INTERVAL=120 \
	+LEVEL4_INTERVAL=100 \
	+LEVEL5_INTERVAL=80 \
	+LEVEL6_INTERVAL=70 \
	+LEVEL7_INTERVAL=70 \
	+THRESHOLD_LOW_TO_MEDIUM=2 \
	+THRESHOLD_MEDIUM_TO_LOW=1 \
	+THRESHOLD_MEDIUM_TO_HIGH=4 \
	+THRESHOLD_HIGH_TO_MEDIUM=3 \
	+THRESHOLD_LOW_INTERVAL=200 \
	+THRESHOLD_MEDIUM_INTERVAL=120 \
	+THRESHOLD_HIGH_INTERVAL=70 \
	+TRACE_EXECUTION=0 \
	+TRACE_OUTPUT=results/tables/strategy_execution_trace.csv
VCD info: dumpfile results/logs/strategy_comparison.vcd opened for output.
Total run cycles: 50000
Fixed interval: 80
Safe interval: 1
Level intervals: L0=240 L1=200 L2=150 L3=120 L4=100 L5=80 L6=70 L7=70
Threshold levels: low_to_medium=2 medium_to_low=1 medium_to_high=4 high_to_medium=3
Threshold intervals: low=200 medium=120 high=70
Loaded fault events: 600
Loaded control level events: 1295
STRATEGY RESULT: table
  total_cycle_count         = 50000
  scrub_cycle_count         = 246
  memory_read_count         = 3936
  memory_write_count        = 391
  corrected_error_count     = 391
  uncorrectable_detections  = 916
  unique_uncorrectable_words = 6
  interval_switch_count     = 1295
  memory_busy_cycle_count   = 4327
  busy_per_mille            = 86
Strategy comparison run passed for strategy table.
tb/tb_strategy_comparison.v:1002: $finish called at 500376000 (1ps)
vvp results/logs/strategy_comparison.out \
	+STRATEGY=2 \
	+TOTAL_RUN_CYCLES=50000 \
	+FIXED_INTERVAL=80 \
	+SAFE_INTERVAL=1 \
	+LEVEL0_INTERVAL=240 \
	+LEVEL1_INTERVAL=200 \
	+LEVEL2_INTERVAL=150 \
	+LEVEL3_INTERVAL=120 \
	+LEVEL4_INTERVAL=100 \
	+LEVEL5_INTERVAL=80 \
	+LEVEL6_INTERVAL=70 \
	+LEVEL7_INTERVAL=70 \
	+THRESHOLD_LOW_TO_MEDIUM=2 \
	+THRESHOLD_MEDIUM_TO_LOW=1 \
	+THRESHOLD_MEDIUM_TO_HIGH=4 \
	+THRESHOLD_HIGH_TO_MEDIUM=3 \
	+THRESHOLD_LOW_INTERVAL=200 \
	+THRESHOLD_MEDIUM_INTERVAL=120 \
	+THRESHOLD_HIGH_INTERVAL=70 \
	+TRACE_EXECUTION=0 \
	+TRACE_OUTPUT=results/tables/strategy_execution_trace.csv
VCD info: dumpfile results/logs/strategy_comparison.vcd opened for output.
Total run cycles: 50000
Fixed interval: 80
Safe interval: 1
Level intervals: L0=240 L1=200 L2=150 L3=120 L4=100 L5=80 L6=70 L7=70
Threshold levels: low_to_medium=2 medium_to_low=1 medium_to_high=4 high_to_medium=3
Threshold intervals: low=200 medium=120 high=70
Loaded fault events: 600
Loaded control level events: 1295
STRATEGY RESULT: threshold
  total_cycle_count         = 50000
  scrub_cycle_count         = 284
  memory_read_count         = 4544
  memory_write_count        = 439
  corrected_error_count     = 439
  uncorrectable_detections  = 789
  unique_uncorrectable_words = 6
  interval_switch_count     = 776
  memory_busy_cycle_count   = 4983
  busy_per_mille            = 99
Strategy comparison run passed for strategy threshold.
tb/tb_strategy_comparison.v:1002: $finish called at 500376000 (1ps)
cat results/tables/strategy_comparison.csv
strategy,total_cycles,scrub_cycles,reads,writes,corrected,uncorrectable_detections,unique_uncorrectable_words,interval_switches,safe_entries,safe_cycles,scrub_active_cycles,memory_busy_cycles,scrub_per_mille,busy_per_mille,safe_per_mille
fixed,50000,632,10112,508,508,973,4,0,0,0,41588,10620,831,212,0
table,50000,246,3936,391,391,916,6,1295,0,0,16381,4327,327,86,0
threshold,50000,284,4544,439,439,789,6,776,0,0,18899,4983,377,99,0
make[4]: Leaving directory '/home/z3tm4n/adaptive_scrubbing'
make[4]: Entering directory '/home/z3tm4n/adaptive_scrubbing'
mkdir -p results/logs results/tables results/figures
python3 model/generate_fault_events.py \
	--scenario upsets \
	--input data/upsets.xlsx \
	--output tb/fault_events.csv \
	--control-output tb/control_levels.csv \
	--start-index 0 \
	--window-size 43824 \
	--total-cycles 50000 \
	--event-count 400 \
	--paired-event-count 100 \
	--pair-gap-min 60 \
	--pair-gap-max 300 \
	--cluster-event-count 0 \
	--cluster-bit-count 2 \
	--seed 15 \
	--control-quantization linear_max \
	--control-source risk_policy \
	--control-policy-schedule results/paper/tables/risk_policy_schedule.csv \
	--control-policy-level-map-output results/paper/tables/risk_policy_level_map.csv
Generated fault events: tb/fault_events.csv
Generated control levels: tb/control_levels.csv
Control level changes: 1295
Generated 600 fault injections
Scenario: upsets
Paired events: 100
Addresses with repeated injections: 16
Input: data/upsets.xlsx
Start index: 0
Window size: 43824
Total cycles: 50000
Single events: 400
Paired events: 100
Cluster events: 0
Cluster bit count: 2
Seed: 15
Control source: risk_policy
Control policy schedule: results/paper/tables/risk_policy_schedule.csv
Control policy level map: results/paper/tables/risk_policy_level_map.csv
iverilog -g2012 -o results/logs/strategy_comparison.out rtl/secded_32_39_encoder.v rtl/secded_32_39_decoder.v rtl/protected_memory_model.v rtl/interval_selector.v rtl/adaptive_scrub_controller.v tb/tb_strategy_comparison.v
rm -f results/tables/strategy_comparison.csv
echo "strategy,total_cycles,scrub_cycles,reads,writes,corrected,uncorrectable_detections,unique_uncorrectable_words,interval_switches,safe_entries,safe_cycles,scrub_active_cycles,memory_busy_cycles,scrub_per_mille,busy_per_mille,safe_per_mille" > results/tables/strategy_comparison.csv
vvp results/logs/strategy_comparison.out \
	+STRATEGY=0 \
	+TOTAL_RUN_CYCLES=50000 \
	+FIXED_INTERVAL=80 \
	+SAFE_INTERVAL=1 \
	+LEVEL0_INTERVAL=240 \
	+LEVEL1_INTERVAL=200 \
	+LEVEL2_INTERVAL=150 \
	+LEVEL3_INTERVAL=120 \
	+LEVEL4_INTERVAL=100 \
	+LEVEL5_INTERVAL=80 \
	+LEVEL6_INTERVAL=70 \
	+LEVEL7_INTERVAL=70 \
	+THRESHOLD_LOW_TO_MEDIUM=2 \
	+THRESHOLD_MEDIUM_TO_LOW=1 \
	+THRESHOLD_MEDIUM_TO_HIGH=4 \
	+THRESHOLD_HIGH_TO_MEDIUM=3 \
	+THRESHOLD_LOW_INTERVAL=200 \
	+THRESHOLD_MEDIUM_INTERVAL=120 \
	+THRESHOLD_HIGH_INTERVAL=70 \
	+TRACE_EXECUTION=0 \
	+TRACE_OUTPUT=results/tables/strategy_execution_trace.csv
VCD info: dumpfile results/logs/strategy_comparison.vcd opened for output.
Total run cycles: 50000
Fixed interval: 80
Safe interval: 1
Level intervals: L0=240 L1=200 L2=150 L3=120 L4=100 L5=80 L6=70 L7=70
Threshold levels: low_to_medium=2 medium_to_low=1 medium_to_high=4 high_to_medium=3
Threshold intervals: low=200 medium=120 high=70
Loaded fault events: 600
Loaded control level events: 1295
STRATEGY RESULT: fixed
  total_cycle_count         = 50000
  scrub_cycle_count         = 632
  memory_read_count         = 10112
  memory_write_count        = 502
  corrected_error_count     = 502
  uncorrectable_detections  = 833
  unique_uncorrectable_words = 5
  interval_switch_count     = 0
  memory_busy_cycle_count   = 10614
  busy_per_mille            = 212
Strategy comparison run passed for strategy fixed.
tb/tb_strategy_comparison.v:1002: $finish called at 500376000 (1ps)
vvp results/logs/strategy_comparison.out \
	+STRATEGY=1 \
	+TOTAL_RUN_CYCLES=50000 \
	+FIXED_INTERVAL=80 \
	+SAFE_INTERVAL=1 \
	+LEVEL0_INTERVAL=240 \
	+LEVEL1_INTERVAL=200 \
	+LEVEL2_INTERVAL=150 \
	+LEVEL3_INTERVAL=120 \
	+LEVEL4_INTERVAL=100 \
	+LEVEL5_INTERVAL=80 \
	+LEVEL6_INTERVAL=70 \
	+LEVEL7_INTERVAL=70 \
	+THRESHOLD_LOW_TO_MEDIUM=2 \
	+THRESHOLD_MEDIUM_TO_LOW=1 \
	+THRESHOLD_MEDIUM_TO_HIGH=4 \
	+THRESHOLD_HIGH_TO_MEDIUM=3 \
	+THRESHOLD_LOW_INTERVAL=200 \
	+THRESHOLD_MEDIUM_INTERVAL=120 \
	+THRESHOLD_HIGH_INTERVAL=70 \
	+TRACE_EXECUTION=0 \
	+TRACE_OUTPUT=results/tables/strategy_execution_trace.csv
VCD info: dumpfile results/logs/strategy_comparison.vcd opened for output.
Total run cycles: 50000
Fixed interval: 80
Safe interval: 1
Level intervals: L0=240 L1=200 L2=150 L3=120 L4=100 L5=80 L6=70 L7=70
Threshold levels: low_to_medium=2 medium_to_low=1 medium_to_high=4 high_to_medium=3
Threshold intervals: low=200 medium=120 high=70
Loaded fault events: 600
Loaded control level events: 1295
STRATEGY RESULT: table
  total_cycle_count         = 50000
  scrub_cycle_count         = 246
  memory_read_count         = 3936
  memory_write_count        = 422
  corrected_error_count     = 422
  uncorrectable_detections  = 669
  unique_uncorrectable_words = 8
  interval_switch_count     = 1295
  memory_busy_cycle_count   = 4358
  busy_per_mille            = 87
Strategy comparison run passed for strategy table.
tb/tb_strategy_comparison.v:1002: $finish called at 500376000 (1ps)
vvp results/logs/strategy_comparison.out \
	+STRATEGY=2 \
	+TOTAL_RUN_CYCLES=50000 \
	+FIXED_INTERVAL=80 \
	+SAFE_INTERVAL=1 \
	+LEVEL0_INTERVAL=240 \
	+LEVEL1_INTERVAL=200 \
	+LEVEL2_INTERVAL=150 \
	+LEVEL3_INTERVAL=120 \
	+LEVEL4_INTERVAL=100 \
	+LEVEL5_INTERVAL=80 \
	+LEVEL6_INTERVAL=70 \
	+LEVEL7_INTERVAL=70 \
	+THRESHOLD_LOW_TO_MEDIUM=2 \
	+THRESHOLD_MEDIUM_TO_LOW=1 \
	+THRESHOLD_MEDIUM_TO_HIGH=4 \
	+THRESHOLD_HIGH_TO_MEDIUM=3 \
	+THRESHOLD_LOW_INTERVAL=200 \
	+THRESHOLD_MEDIUM_INTERVAL=120 \
	+THRESHOLD_HIGH_INTERVAL=70 \
	+TRACE_EXECUTION=0 \
	+TRACE_OUTPUT=results/tables/strategy_execution_trace.csv
VCD info: dumpfile results/logs/strategy_comparison.vcd opened for output.
Total run cycles: 50000
Fixed interval: 80
Safe interval: 1
Level intervals: L0=240 L1=200 L2=150 L3=120 L4=100 L5=80 L6=70 L7=70
Threshold levels: low_to_medium=2 medium_to_low=1 medium_to_high=4 high_to_medium=3
Threshold intervals: low=200 medium=120 high=70
Loaded fault events: 600
Loaded control level events: 1295
STRATEGY RESULT: threshold
  total_cycle_count         = 50000
  scrub_cycle_count         = 284
  memory_read_count         = 4544
  memory_write_count        = 428
  corrected_error_count     = 428
  uncorrectable_detections  = 792
  unique_uncorrectable_words = 8
  interval_switch_count     = 776
  memory_busy_cycle_count   = 4972
  busy_per_mille            = 99
Strategy comparison run passed for strategy threshold.
tb/tb_strategy_comparison.v:1002: $finish called at 500376000 (1ps)
cat results/tables/strategy_comparison.csv
strategy,total_cycles,scrub_cycles,reads,writes,corrected,uncorrectable_detections,unique_uncorrectable_words,interval_switches,safe_entries,safe_cycles,scrub_active_cycles,memory_busy_cycles,scrub_per_mille,busy_per_mille,safe_per_mille
fixed,50000,632,10112,502,502,833,5,0,0,0,41582,10614,831,212,0
table,50000,246,3936,422,422,669,8,1295,0,0,16412,4358,328,87,0
threshold,50000,284,4544,428,428,792,8,776,0,0,18888,4972,377,99,0
make[4]: Leaving directory '/home/z3tm4n/adaptive_scrubbing'
make[4]: Entering directory '/home/z3tm4n/adaptive_scrubbing'
mkdir -p results/logs results/tables results/figures
python3 model/generate_fault_events.py \
	--scenario upsets \
	--input data/upsets.xlsx \
	--output tb/fault_events.csv \
	--control-output tb/control_levels.csv \
	--start-index 0 \
	--window-size 43824 \
	--total-cycles 50000 \
	--event-count 400 \
	--paired-event-count 100 \
	--pair-gap-min 60 \
	--pair-gap-max 300 \
	--cluster-event-count 0 \
	--cluster-bit-count 2 \
	--seed 16 \
	--control-quantization linear_max \
	--control-source risk_policy \
	--control-policy-schedule results/paper/tables/risk_policy_schedule.csv \
	--control-policy-level-map-output results/paper/tables/risk_policy_level_map.csv
Generated fault events: tb/fault_events.csv
Generated control levels: tb/control_levels.csv
Control level changes: 1295
Generated 600 fault injections
Scenario: upsets
Paired events: 100
Addresses with repeated injections: 16
Input: data/upsets.xlsx
Start index: 0
Window size: 43824
Total cycles: 50000
Single events: 400
Paired events: 100
Cluster events: 0
Cluster bit count: 2
Seed: 16
Control source: risk_policy
Control policy schedule: results/paper/tables/risk_policy_schedule.csv
Control policy level map: results/paper/tables/risk_policy_level_map.csv
iverilog -g2012 -o results/logs/strategy_comparison.out rtl/secded_32_39_encoder.v rtl/secded_32_39_decoder.v rtl/protected_memory_model.v rtl/interval_selector.v rtl/adaptive_scrub_controller.v tb/tb_strategy_comparison.v
rm -f results/tables/strategy_comparison.csv
echo "strategy,total_cycles,scrub_cycles,reads,writes,corrected,uncorrectable_detections,unique_uncorrectable_words,interval_switches,safe_entries,safe_cycles,scrub_active_cycles,memory_busy_cycles,scrub_per_mille,busy_per_mille,safe_per_mille" > results/tables/strategy_comparison.csv
vvp results/logs/strategy_comparison.out \
	+STRATEGY=0 \
	+TOTAL_RUN_CYCLES=50000 \
	+FIXED_INTERVAL=80 \
	+SAFE_INTERVAL=1 \
	+LEVEL0_INTERVAL=240 \
	+LEVEL1_INTERVAL=200 \
	+LEVEL2_INTERVAL=150 \
	+LEVEL3_INTERVAL=120 \
	+LEVEL4_INTERVAL=100 \
	+LEVEL5_INTERVAL=80 \
	+LEVEL6_INTERVAL=70 \
	+LEVEL7_INTERVAL=70 \
	+THRESHOLD_LOW_TO_MEDIUM=2 \
	+THRESHOLD_MEDIUM_TO_LOW=1 \
	+THRESHOLD_MEDIUM_TO_HIGH=4 \
	+THRESHOLD_HIGH_TO_MEDIUM=3 \
	+THRESHOLD_LOW_INTERVAL=200 \
	+THRESHOLD_MEDIUM_INTERVAL=120 \
	+THRESHOLD_HIGH_INTERVAL=70 \
	+TRACE_EXECUTION=0 \
	+TRACE_OUTPUT=results/tables/strategy_execution_trace.csv
VCD info: dumpfile results/logs/strategy_comparison.vcd opened for output.
Total run cycles: 50000
Fixed interval: 80
Safe interval: 1
Level intervals: L0=240 L1=200 L2=150 L3=120 L4=100 L5=80 L6=70 L7=70
Threshold levels: low_to_medium=2 medium_to_low=1 medium_to_high=4 high_to_medium=3
Threshold intervals: low=200 medium=120 high=70
Loaded fault events: 600
Loaded control level events: 1295
STRATEGY RESULT: fixed
  total_cycle_count         = 50000
  scrub_cycle_count         = 632
  memory_read_count         = 10112
  memory_write_count        = 531
  corrected_error_count     = 531
  uncorrectable_detections  = 681
  unique_uncorrectable_words = 2
  interval_switch_count     = 0
  memory_busy_cycle_count   = 10643
  busy_per_mille            = 212
Strategy comparison run passed for strategy fixed.
tb/tb_strategy_comparison.v:1002: $finish called at 500376000 (1ps)
vvp results/logs/strategy_comparison.out \
	+STRATEGY=1 \
	+TOTAL_RUN_CYCLES=50000 \
	+FIXED_INTERVAL=80 \
	+SAFE_INTERVAL=1 \
	+LEVEL0_INTERVAL=240 \
	+LEVEL1_INTERVAL=200 \
	+LEVEL2_INTERVAL=150 \
	+LEVEL3_INTERVAL=120 \
	+LEVEL4_INTERVAL=100 \
	+LEVEL5_INTERVAL=80 \
	+LEVEL6_INTERVAL=70 \
	+LEVEL7_INTERVAL=70 \
	+THRESHOLD_LOW_TO_MEDIUM=2 \
	+THRESHOLD_MEDIUM_TO_LOW=1 \
	+THRESHOLD_MEDIUM_TO_HIGH=4 \
	+THRESHOLD_HIGH_TO_MEDIUM=3 \
	+THRESHOLD_LOW_INTERVAL=200 \
	+THRESHOLD_MEDIUM_INTERVAL=120 \
	+THRESHOLD_HIGH_INTERVAL=70 \
	+TRACE_EXECUTION=0 \
	+TRACE_OUTPUT=results/tables/strategy_execution_trace.csv
VCD info: dumpfile results/logs/strategy_comparison.vcd opened for output.
Total run cycles: 50000
Fixed interval: 80
Safe interval: 1
Level intervals: L0=240 L1=200 L2=150 L3=120 L4=100 L5=80 L6=70 L7=70
Threshold levels: low_to_medium=2 medium_to_low=1 medium_to_high=4 high_to_medium=3
Threshold intervals: low=200 medium=120 high=70
Loaded fault events: 600
Loaded control level events: 1295
STRATEGY RESULT: table
  total_cycle_count         = 50000
  scrub_cycle_count         = 246
  memory_read_count         = 3936
  memory_write_count        = 416
  corrected_error_count     = 416
  uncorrectable_detections  = 726
  unique_uncorrectable_words = 6
  interval_switch_count     = 1295
  memory_busy_cycle_count   = 4352
  busy_per_mille            = 87
Strategy comparison run passed for strategy table.
tb/tb_strategy_comparison.v:1002: $finish called at 500376000 (1ps)
vvp results/logs/strategy_comparison.out \
	+STRATEGY=2 \
	+TOTAL_RUN_CYCLES=50000 \
	+FIXED_INTERVAL=80 \
	+SAFE_INTERVAL=1 \
	+LEVEL0_INTERVAL=240 \
	+LEVEL1_INTERVAL=200 \
	+LEVEL2_INTERVAL=150 \
	+LEVEL3_INTERVAL=120 \
	+LEVEL4_INTERVAL=100 \
	+LEVEL5_INTERVAL=80 \
	+LEVEL6_INTERVAL=70 \
	+LEVEL7_INTERVAL=70 \
	+THRESHOLD_LOW_TO_MEDIUM=2 \
	+THRESHOLD_MEDIUM_TO_LOW=1 \
	+THRESHOLD_MEDIUM_TO_HIGH=4 \
	+THRESHOLD_HIGH_TO_MEDIUM=3 \
	+THRESHOLD_LOW_INTERVAL=200 \
	+THRESHOLD_MEDIUM_INTERVAL=120 \
	+THRESHOLD_HIGH_INTERVAL=70 \
	+TRACE_EXECUTION=0 \
	+TRACE_OUTPUT=results/tables/strategy_execution_trace.csv
VCD info: dumpfile results/logs/strategy_comparison.vcd opened for output.
Total run cycles: 50000
Fixed interval: 80
Safe interval: 1
Level intervals: L0=240 L1=200 L2=150 L3=120 L4=100 L5=80 L6=70 L7=70
Threshold levels: low_to_medium=2 medium_to_low=1 medium_to_high=4 high_to_medium=3
Threshold intervals: low=200 medium=120 high=70
Loaded fault events: 600
Loaded control level events: 1295
STRATEGY RESULT: threshold
  total_cycle_count         = 50000
  scrub_cycle_count         = 284
  memory_read_count         = 4544
  memory_write_count        = 434
  corrected_error_count     = 434
  uncorrectable_detections  = 791
  unique_uncorrectable_words = 7
  interval_switch_count     = 776
  memory_busy_cycle_count   = 4978
  busy_per_mille            = 99
Strategy comparison run passed for strategy threshold.
tb/tb_strategy_comparison.v:1002: $finish called at 500376000 (1ps)
cat results/tables/strategy_comparison.csv
strategy,total_cycles,scrub_cycles,reads,writes,corrected,uncorrectable_detections,unique_uncorrectable_words,interval_switches,safe_entries,safe_cycles,scrub_active_cycles,memory_busy_cycles,scrub_per_mille,busy_per_mille,safe_per_mille
fixed,50000,632,10112,531,531,681,2,0,0,0,41611,10643,832,212,0
table,50000,246,3936,416,416,726,6,1295,0,0,16406,4352,328,87,0
threshold,50000,284,4544,434,434,791,7,776,0,0,18894,4978,377,99,0
make[4]: Leaving directory '/home/z3tm4n/adaptive_scrubbing'
make[4]: Entering directory '/home/z3tm4n/adaptive_scrubbing'
mkdir -p results/logs results/tables results/figures
python3 model/generate_fault_events.py \
	--scenario upsets \
	--input data/upsets.xlsx \
	--output tb/fault_events.csv \
	--control-output tb/control_levels.csv \
	--start-index 0 \
	--window-size 43824 \
	--total-cycles 50000 \
	--event-count 400 \
	--paired-event-count 100 \
	--pair-gap-min 60 \
	--pair-gap-max 300 \
	--cluster-event-count 0 \
	--cluster-bit-count 2 \
	--seed 17 \
	--control-quantization linear_max \
	--control-source risk_policy \
	--control-policy-schedule results/paper/tables/risk_policy_schedule.csv \
	--control-policy-level-map-output results/paper/tables/risk_policy_level_map.csv
Generated fault events: tb/fault_events.csv
Generated control levels: tb/control_levels.csv
Control level changes: 1295
Generated 600 fault injections
Scenario: upsets
Paired events: 100
Addresses with repeated injections: 16
Input: data/upsets.xlsx
Start index: 0
Window size: 43824
Total cycles: 50000
Single events: 400
Paired events: 100
Cluster events: 0
Cluster bit count: 2
Seed: 17
Control source: risk_policy
Control policy schedule: results/paper/tables/risk_policy_schedule.csv
Control policy level map: results/paper/tables/risk_policy_level_map.csv
iverilog -g2012 -o results/logs/strategy_comparison.out rtl/secded_32_39_encoder.v rtl/secded_32_39_decoder.v rtl/protected_memory_model.v rtl/interval_selector.v rtl/adaptive_scrub_controller.v tb/tb_strategy_comparison.v
rm -f results/tables/strategy_comparison.csv
echo "strategy,total_cycles,scrub_cycles,reads,writes,corrected,uncorrectable_detections,unique_uncorrectable_words,interval_switches,safe_entries,safe_cycles,scrub_active_cycles,memory_busy_cycles,scrub_per_mille,busy_per_mille,safe_per_mille" > results/tables/strategy_comparison.csv
vvp results/logs/strategy_comparison.out \
	+STRATEGY=0 \
	+TOTAL_RUN_CYCLES=50000 \
	+FIXED_INTERVAL=80 \
	+SAFE_INTERVAL=1 \
	+LEVEL0_INTERVAL=240 \
	+LEVEL1_INTERVAL=200 \
	+LEVEL2_INTERVAL=150 \
	+LEVEL3_INTERVAL=120 \
	+LEVEL4_INTERVAL=100 \
	+LEVEL5_INTERVAL=80 \
	+LEVEL6_INTERVAL=70 \
	+LEVEL7_INTERVAL=70 \
	+THRESHOLD_LOW_TO_MEDIUM=2 \
	+THRESHOLD_MEDIUM_TO_LOW=1 \
	+THRESHOLD_MEDIUM_TO_HIGH=4 \
	+THRESHOLD_HIGH_TO_MEDIUM=3 \
	+THRESHOLD_LOW_INTERVAL=200 \
	+THRESHOLD_MEDIUM_INTERVAL=120 \
	+THRESHOLD_HIGH_INTERVAL=70 \
	+TRACE_EXECUTION=0 \
	+TRACE_OUTPUT=results/tables/strategy_execution_trace.csv
VCD info: dumpfile results/logs/strategy_comparison.vcd opened for output.
Total run cycles: 50000
Fixed interval: 80
Safe interval: 1
Level intervals: L0=240 L1=200 L2=150 L3=120 L4=100 L5=80 L6=70 L7=70
Threshold levels: low_to_medium=2 medium_to_low=1 medium_to_high=4 high_to_medium=3
Threshold intervals: low=200 medium=120 high=70
Loaded fault events: 600
Loaded control level events: 1295
STRATEGY RESULT: fixed
  total_cycle_count         = 50000
  scrub_cycle_count         = 632
  memory_read_count         = 10112
  memory_write_count        = 499
  corrected_error_count     = 499
  uncorrectable_detections  = 981
  unique_uncorrectable_words = 6
  interval_switch_count     = 0
  memory_busy_cycle_count   = 10611
  busy_per_mille            = 212
Strategy comparison run passed for strategy fixed.
tb/tb_strategy_comparison.v:1002: $finish called at 500376000 (1ps)
vvp results/logs/strategy_comparison.out \
	+STRATEGY=1 \
	+TOTAL_RUN_CYCLES=50000 \
	+FIXED_INTERVAL=80 \
	+SAFE_INTERVAL=1 \
	+LEVEL0_INTERVAL=240 \
	+LEVEL1_INTERVAL=200 \
	+LEVEL2_INTERVAL=150 \
	+LEVEL3_INTERVAL=120 \
	+LEVEL4_INTERVAL=100 \
	+LEVEL5_INTERVAL=80 \
	+LEVEL6_INTERVAL=70 \
	+LEVEL7_INTERVAL=70 \
	+THRESHOLD_LOW_TO_MEDIUM=2 \
	+THRESHOLD_MEDIUM_TO_LOW=1 \
	+THRESHOLD_MEDIUM_TO_HIGH=4 \
	+THRESHOLD_HIGH_TO_MEDIUM=3 \
	+THRESHOLD_LOW_INTERVAL=200 \
	+THRESHOLD_MEDIUM_INTERVAL=120 \
	+THRESHOLD_HIGH_INTERVAL=70 \
	+TRACE_EXECUTION=0 \
	+TRACE_OUTPUT=results/tables/strategy_execution_trace.csv
VCD info: dumpfile results/logs/strategy_comparison.vcd opened for output.
Total run cycles: 50000
Fixed interval: 80
Safe interval: 1
Level intervals: L0=240 L1=200 L2=150 L3=120 L4=100 L5=80 L6=70 L7=70
Threshold levels: low_to_medium=2 medium_to_low=1 medium_to_high=4 high_to_medium=3
Threshold intervals: low=200 medium=120 high=70
Loaded fault events: 600
Loaded control level events: 1295
STRATEGY RESULT: table
  total_cycle_count         = 50000
  scrub_cycle_count         = 246
  memory_read_count         = 3936
  memory_write_count        = 418
  corrected_error_count     = 418
  uncorrectable_detections  = 852
  unique_uncorrectable_words = 9
  interval_switch_count     = 1295
  memory_busy_cycle_count   = 4354
  busy_per_mille            = 87
Strategy comparison run passed for strategy table.
tb/tb_strategy_comparison.v:1002: $finish called at 500376000 (1ps)
vvp results/logs/strategy_comparison.out \
	+STRATEGY=2 \
	+TOTAL_RUN_CYCLES=50000 \
	+FIXED_INTERVAL=80 \
	+SAFE_INTERVAL=1 \
	+LEVEL0_INTERVAL=240 \
	+LEVEL1_INTERVAL=200 \
	+LEVEL2_INTERVAL=150 \
	+LEVEL3_INTERVAL=120 \
	+LEVEL4_INTERVAL=100 \
	+LEVEL5_INTERVAL=80 \
	+LEVEL6_INTERVAL=70 \
	+LEVEL7_INTERVAL=70 \
	+THRESHOLD_LOW_TO_MEDIUM=2 \
	+THRESHOLD_MEDIUM_TO_LOW=1 \
	+THRESHOLD_MEDIUM_TO_HIGH=4 \
	+THRESHOLD_HIGH_TO_MEDIUM=3 \
	+THRESHOLD_LOW_INTERVAL=200 \
	+THRESHOLD_MEDIUM_INTERVAL=120 \
	+THRESHOLD_HIGH_INTERVAL=70 \
	+TRACE_EXECUTION=0 \
	+TRACE_OUTPUT=results/tables/strategy_execution_trace.csv
VCD info: dumpfile results/logs/strategy_comparison.vcd opened for output.
Total run cycles: 50000
Fixed interval: 80
Safe interval: 1
Level intervals: L0=240 L1=200 L2=150 L3=120 L4=100 L5=80 L6=70 L7=70
Threshold levels: low_to_medium=2 medium_to_low=1 medium_to_high=4 high_to_medium=3
Threshold intervals: low=200 medium=120 high=70
Loaded fault events: 600
Loaded control level events: 1295
STRATEGY RESULT: threshold
  total_cycle_count         = 50000
  scrub_cycle_count         = 284
  memory_read_count         = 4544
  memory_write_count        = 443
  corrected_error_count     = 443
  uncorrectable_detections  = 722
  unique_uncorrectable_words = 6
  interval_switch_count     = 776
  memory_busy_cycle_count   = 4987
  busy_per_mille            = 99
Strategy comparison run passed for strategy threshold.
tb/tb_strategy_comparison.v:1002: $finish called at 500376000 (1ps)
cat results/tables/strategy_comparison.csv
strategy,total_cycles,scrub_cycles,reads,writes,corrected,uncorrectable_detections,unique_uncorrectable_words,interval_switches,safe_entries,safe_cycles,scrub_active_cycles,memory_busy_cycles,scrub_per_mille,busy_per_mille,safe_per_mille
fixed,50000,632,10112,499,499,981,6,0,0,0,41579,10611,831,212,0
table,50000,246,3936,418,418,852,9,1295,0,0,16408,4354,328,87,0
threshold,50000,284,4544,443,443,722,6,776,0,0,18903,4987,378,99,0
make[4]: Leaving directory '/home/z3tm4n/adaptive_scrubbing'
make[4]: Entering directory '/home/z3tm4n/adaptive_scrubbing'
mkdir -p results/logs results/tables results/figures
python3 model/generate_fault_events.py \
	--scenario upsets \
	--input data/upsets.xlsx \
	--output tb/fault_events.csv \
	--control-output tb/control_levels.csv \
	--start-index 0 \
	--window-size 43824 \
	--total-cycles 50000 \
	--event-count 400 \
	--paired-event-count 100 \
	--pair-gap-min 60 \
	--pair-gap-max 300 \
	--cluster-event-count 0 \
	--cluster-bit-count 2 \
	--seed 18 \
	--control-quantization linear_max \
	--control-source risk_policy \
	--control-policy-schedule results/paper/tables/risk_policy_schedule.csv \
	--control-policy-level-map-output results/paper/tables/risk_policy_level_map.csv
Generated fault events: tb/fault_events.csv
Generated control levels: tb/control_levels.csv
Control level changes: 1295
Generated 600 fault injections
Scenario: upsets
Paired events: 100
Addresses with repeated injections: 16
Input: data/upsets.xlsx
Start index: 0
Window size: 43824
Total cycles: 50000
Single events: 400
Paired events: 100
Cluster events: 0
Cluster bit count: 2
Seed: 18
Control source: risk_policy
Control policy schedule: results/paper/tables/risk_policy_schedule.csv
Control policy level map: results/paper/tables/risk_policy_level_map.csv
iverilog -g2012 -o results/logs/strategy_comparison.out rtl/secded_32_39_encoder.v rtl/secded_32_39_decoder.v rtl/protected_memory_model.v rtl/interval_selector.v rtl/adaptive_scrub_controller.v tb/tb_strategy_comparison.v
rm -f results/tables/strategy_comparison.csv
echo "strategy,total_cycles,scrub_cycles,reads,writes,corrected,uncorrectable_detections,unique_uncorrectable_words,interval_switches,safe_entries,safe_cycles,scrub_active_cycles,memory_busy_cycles,scrub_per_mille,busy_per_mille,safe_per_mille" > results/tables/strategy_comparison.csv
vvp results/logs/strategy_comparison.out \
	+STRATEGY=0 \
	+TOTAL_RUN_CYCLES=50000 \
	+FIXED_INTERVAL=80 \
	+SAFE_INTERVAL=1 \
	+LEVEL0_INTERVAL=240 \
	+LEVEL1_INTERVAL=200 \
	+LEVEL2_INTERVAL=150 \
	+LEVEL3_INTERVAL=120 \
	+LEVEL4_INTERVAL=100 \
	+LEVEL5_INTERVAL=80 \
	+LEVEL6_INTERVAL=70 \
	+LEVEL7_INTERVAL=70 \
	+THRESHOLD_LOW_TO_MEDIUM=2 \
	+THRESHOLD_MEDIUM_TO_LOW=1 \
	+THRESHOLD_MEDIUM_TO_HIGH=4 \
	+THRESHOLD_HIGH_TO_MEDIUM=3 \
	+THRESHOLD_LOW_INTERVAL=200 \
	+THRESHOLD_MEDIUM_INTERVAL=120 \
	+THRESHOLD_HIGH_INTERVAL=70 \
	+TRACE_EXECUTION=0 \
	+TRACE_OUTPUT=results/tables/strategy_execution_trace.csv
VCD info: dumpfile results/logs/strategy_comparison.vcd opened for output.
Total run cycles: 50000
Fixed interval: 80
Safe interval: 1
Level intervals: L0=240 L1=200 L2=150 L3=120 L4=100 L5=80 L6=70 L7=70
Threshold levels: low_to_medium=2 medium_to_low=1 medium_to_high=4 high_to_medium=3
Threshold intervals: low=200 medium=120 high=70
Loaded fault events: 600
Loaded control level events: 1295
STRATEGY RESULT: fixed
  total_cycle_count         = 50000
  scrub_cycle_count         = 632
  memory_read_count         = 10112
  memory_write_count        = 493
  corrected_error_count     = 493
  uncorrectable_detections  = 997
  unique_uncorrectable_words = 4
  interval_switch_count     = 0
  memory_busy_cycle_count   = 10605
  busy_per_mille            = 212
Strategy comparison run passed for strategy fixed.
tb/tb_strategy_comparison.v:1002: $finish called at 500376000 (1ps)
vvp results/logs/strategy_comparison.out \
	+STRATEGY=1 \
	+TOTAL_RUN_CYCLES=50000 \
	+FIXED_INTERVAL=80 \
	+SAFE_INTERVAL=1 \
	+LEVEL0_INTERVAL=240 \
	+LEVEL1_INTERVAL=200 \
	+LEVEL2_INTERVAL=150 \
	+LEVEL3_INTERVAL=120 \
	+LEVEL4_INTERVAL=100 \
	+LEVEL5_INTERVAL=80 \
	+LEVEL6_INTERVAL=70 \
	+LEVEL7_INTERVAL=70 \
	+THRESHOLD_LOW_TO_MEDIUM=2 \
	+THRESHOLD_MEDIUM_TO_LOW=1 \
	+THRESHOLD_MEDIUM_TO_HIGH=4 \
	+THRESHOLD_HIGH_TO_MEDIUM=3 \
	+THRESHOLD_LOW_INTERVAL=200 \
	+THRESHOLD_MEDIUM_INTERVAL=120 \
	+THRESHOLD_HIGH_INTERVAL=70 \
	+TRACE_EXECUTION=0 \
	+TRACE_OUTPUT=results/tables/strategy_execution_trace.csv
VCD info: dumpfile results/logs/strategy_comparison.vcd opened for output.
Total run cycles: 50000
Fixed interval: 80
Safe interval: 1
Level intervals: L0=240 L1=200 L2=150 L3=120 L4=100 L5=80 L6=70 L7=70
Threshold levels: low_to_medium=2 medium_to_low=1 medium_to_high=4 high_to_medium=3
Threshold intervals: low=200 medium=120 high=70
Loaded fault events: 600
Loaded control level events: 1295
STRATEGY RESULT: table
  total_cycle_count         = 50000
  scrub_cycle_count         = 246
  memory_read_count         = 3936
  memory_write_count        = 420
  corrected_error_count     = 420
  uncorrectable_detections  = 788
  unique_uncorrectable_words = 2
  interval_switch_count     = 1295
  memory_busy_cycle_count   = 4356
  busy_per_mille            = 87
Strategy comparison run passed for strategy table.
tb/tb_strategy_comparison.v:1002: $finish called at 500376000 (1ps)
vvp results/logs/strategy_comparison.out \
	+STRATEGY=2 \
	+TOTAL_RUN_CYCLES=50000 \
	+FIXED_INTERVAL=80 \
	+SAFE_INTERVAL=1 \
	+LEVEL0_INTERVAL=240 \
	+LEVEL1_INTERVAL=200 \
	+LEVEL2_INTERVAL=150 \
	+LEVEL3_INTERVAL=120 \
	+LEVEL4_INTERVAL=100 \
	+LEVEL5_INTERVAL=80 \
	+LEVEL6_INTERVAL=70 \
	+LEVEL7_INTERVAL=70 \
	+THRESHOLD_LOW_TO_MEDIUM=2 \
	+THRESHOLD_MEDIUM_TO_LOW=1 \
	+THRESHOLD_MEDIUM_TO_HIGH=4 \
	+THRESHOLD_HIGH_TO_MEDIUM=3 \
	+THRESHOLD_LOW_INTERVAL=200 \
	+THRESHOLD_MEDIUM_INTERVAL=120 \
	+THRESHOLD_HIGH_INTERVAL=70 \
	+TRACE_EXECUTION=0 \
	+TRACE_OUTPUT=results/tables/strategy_execution_trace.csv
VCD info: dumpfile results/logs/strategy_comparison.vcd opened for output.
Total run cycles: 50000
Fixed interval: 80
Safe interval: 1
Level intervals: L0=240 L1=200 L2=150 L3=120 L4=100 L5=80 L6=70 L7=70
Threshold levels: low_to_medium=2 medium_to_low=1 medium_to_high=4 high_to_medium=3
Threshold intervals: low=200 medium=120 high=70
Loaded fault events: 600
Loaded control level events: 1295
STRATEGY RESULT: threshold
  total_cycle_count         = 50000
  scrub_cycle_count         = 284
  memory_read_count         = 4544
  memory_write_count        = 448
  corrected_error_count     = 448
  uncorrectable_detections  = 660
  unique_uncorrectable_words = 3
  interval_switch_count     = 776
  memory_busy_cycle_count   = 4992
  busy_per_mille            = 99
Strategy comparison run passed for strategy threshold.
tb/tb_strategy_comparison.v:1002: $finish called at 500376000 (1ps)
cat results/tables/strategy_comparison.csv
strategy,total_cycles,scrub_cycles,reads,writes,corrected,uncorrectable_detections,unique_uncorrectable_words,interval_switches,safe_entries,safe_cycles,scrub_active_cycles,memory_busy_cycles,scrub_per_mille,busy_per_mille,safe_per_mille
fixed,50000,632,10112,493,493,997,4,0,0,0,41573,10605,831,212,0
table,50000,246,3936,420,420,788,2,1295,0,0,16410,4356,328,87,0
threshold,50000,284,4544,448,448,660,3,776,0,0,18908,4992,378,99,0
make[4]: Leaving directory '/home/z3tm4n/adaptive_scrubbing'
make[4]: Entering directory '/home/z3tm4n/adaptive_scrubbing'
mkdir -p results/logs results/tables results/figures
python3 model/generate_fault_events.py \
	--scenario upsets \
	--input data/upsets.xlsx \
	--output tb/fault_events.csv \
	--control-output tb/control_levels.csv \
	--start-index 0 \
	--window-size 43824 \
	--total-cycles 50000 \
	--event-count 400 \
	--paired-event-count 100 \
	--pair-gap-min 60 \
	--pair-gap-max 300 \
	--cluster-event-count 0 \
	--cluster-bit-count 2 \
	--seed 19 \
	--control-quantization linear_max \
	--control-source risk_policy \
	--control-policy-schedule results/paper/tables/risk_policy_schedule.csv \
	--control-policy-level-map-output results/paper/tables/risk_policy_level_map.csv
Generated fault events: tb/fault_events.csv
Generated control levels: tb/control_levels.csv
Control level changes: 1295
Generated 600 fault injections
Scenario: upsets
Paired events: 100
Addresses with repeated injections: 16
Input: data/upsets.xlsx
Start index: 0
Window size: 43824
Total cycles: 50000
Single events: 400
Paired events: 100
Cluster events: 0
Cluster bit count: 2
Seed: 19
Control source: risk_policy
Control policy schedule: results/paper/tables/risk_policy_schedule.csv
Control policy level map: results/paper/tables/risk_policy_level_map.csv
iverilog -g2012 -o results/logs/strategy_comparison.out rtl/secded_32_39_encoder.v rtl/secded_32_39_decoder.v rtl/protected_memory_model.v rtl/interval_selector.v rtl/adaptive_scrub_controller.v tb/tb_strategy_comparison.v
rm -f results/tables/strategy_comparison.csv
echo "strategy,total_cycles,scrub_cycles,reads,writes,corrected,uncorrectable_detections,unique_uncorrectable_words,interval_switches,safe_entries,safe_cycles,scrub_active_cycles,memory_busy_cycles,scrub_per_mille,busy_per_mille,safe_per_mille" > results/tables/strategy_comparison.csv
vvp results/logs/strategy_comparison.out \
	+STRATEGY=0 \
	+TOTAL_RUN_CYCLES=50000 \
	+FIXED_INTERVAL=80 \
	+SAFE_INTERVAL=1 \
	+LEVEL0_INTERVAL=240 \
	+LEVEL1_INTERVAL=200 \
	+LEVEL2_INTERVAL=150 \
	+LEVEL3_INTERVAL=120 \
	+LEVEL4_INTERVAL=100 \
	+LEVEL5_INTERVAL=80 \
	+LEVEL6_INTERVAL=70 \
	+LEVEL7_INTERVAL=70 \
	+THRESHOLD_LOW_TO_MEDIUM=2 \
	+THRESHOLD_MEDIUM_TO_LOW=1 \
	+THRESHOLD_MEDIUM_TO_HIGH=4 \
	+THRESHOLD_HIGH_TO_MEDIUM=3 \
	+THRESHOLD_LOW_INTERVAL=200 \
	+THRESHOLD_MEDIUM_INTERVAL=120 \
	+THRESHOLD_HIGH_INTERVAL=70 \
	+TRACE_EXECUTION=0 \
	+TRACE_OUTPUT=results/tables/strategy_execution_trace.csv
VCD info: dumpfile results/logs/strategy_comparison.vcd opened for output.
Total run cycles: 50000
Fixed interval: 80
Safe interval: 1
Level intervals: L0=240 L1=200 L2=150 L3=120 L4=100 L5=80 L6=70 L7=70
Threshold levels: low_to_medium=2 medium_to_low=1 medium_to_high=4 high_to_medium=3
Threshold intervals: low=200 medium=120 high=70
Loaded fault events: 600
Loaded control level events: 1295
STRATEGY RESULT: fixed
  total_cycle_count         = 50000
  scrub_cycle_count         = 632
  memory_read_count         = 10112
  memory_write_count        = 505
  corrected_error_count     = 505
  uncorrectable_detections  = 987
  unique_uncorrectable_words = 3
  interval_switch_count     = 0
  memory_busy_cycle_count   = 10617
  busy_per_mille            = 212
Strategy comparison run passed for strategy fixed.
tb/tb_strategy_comparison.v:1002: $finish called at 500376000 (1ps)
vvp results/logs/strategy_comparison.out \
	+STRATEGY=1 \
	+TOTAL_RUN_CYCLES=50000 \
	+FIXED_INTERVAL=80 \
	+SAFE_INTERVAL=1 \
	+LEVEL0_INTERVAL=240 \
	+LEVEL1_INTERVAL=200 \
	+LEVEL2_INTERVAL=150 \
	+LEVEL3_INTERVAL=120 \
	+LEVEL4_INTERVAL=100 \
	+LEVEL5_INTERVAL=80 \
	+LEVEL6_INTERVAL=70 \
	+LEVEL7_INTERVAL=70 \
	+THRESHOLD_LOW_TO_MEDIUM=2 \
	+THRESHOLD_MEDIUM_TO_LOW=1 \
	+THRESHOLD_MEDIUM_TO_HIGH=4 \
	+THRESHOLD_HIGH_TO_MEDIUM=3 \
	+THRESHOLD_LOW_INTERVAL=200 \
	+THRESHOLD_MEDIUM_INTERVAL=120 \
	+THRESHOLD_HIGH_INTERVAL=70 \
	+TRACE_EXECUTION=0 \
	+TRACE_OUTPUT=results/tables/strategy_execution_trace.csv
VCD info: dumpfile results/logs/strategy_comparison.vcd opened for output.
Total run cycles: 50000
Fixed interval: 80
Safe interval: 1
Level intervals: L0=240 L1=200 L2=150 L3=120 L4=100 L5=80 L6=70 L7=70
Threshold levels: low_to_medium=2 medium_to_low=1 medium_to_high=4 high_to_medium=3
Threshold intervals: low=200 medium=120 high=70
Loaded fault events: 600
Loaded control level events: 1295
STRATEGY RESULT: table
  total_cycle_count         = 50000
  scrub_cycle_count         = 246
  memory_read_count         = 3936
  memory_write_count        = 446
  corrected_error_count     = 446
  uncorrectable_detections  = 633
  unique_uncorrectable_words = 6
  interval_switch_count     = 1295
  memory_busy_cycle_count   = 4382
  busy_per_mille            = 87
Strategy comparison run passed for strategy table.
tb/tb_strategy_comparison.v:1002: $finish called at 500376000 (1ps)
vvp results/logs/strategy_comparison.out \
	+STRATEGY=2 \
	+TOTAL_RUN_CYCLES=50000 \
	+FIXED_INTERVAL=80 \
	+SAFE_INTERVAL=1 \
	+LEVEL0_INTERVAL=240 \
	+LEVEL1_INTERVAL=200 \
	+LEVEL2_INTERVAL=150 \
	+LEVEL3_INTERVAL=120 \
	+LEVEL4_INTERVAL=100 \
	+LEVEL5_INTERVAL=80 \
	+LEVEL6_INTERVAL=70 \
	+LEVEL7_INTERVAL=70 \
	+THRESHOLD_LOW_TO_MEDIUM=2 \
	+THRESHOLD_MEDIUM_TO_LOW=1 \
	+THRESHOLD_MEDIUM_TO_HIGH=4 \
	+THRESHOLD_HIGH_TO_MEDIUM=3 \
	+THRESHOLD_LOW_INTERVAL=200 \
	+THRESHOLD_MEDIUM_INTERVAL=120 \
	+THRESHOLD_HIGH_INTERVAL=70 \
	+TRACE_EXECUTION=0 \
	+TRACE_OUTPUT=results/tables/strategy_execution_trace.csv
VCD info: dumpfile results/logs/strategy_comparison.vcd opened for output.
Total run cycles: 50000
Fixed interval: 80
Safe interval: 1
Level intervals: L0=240 L1=200 L2=150 L3=120 L4=100 L5=80 L6=70 L7=70
Threshold levels: low_to_medium=2 medium_to_low=1 medium_to_high=4 high_to_medium=3
Threshold intervals: low=200 medium=120 high=70
Loaded fault events: 600
Loaded control level events: 1295
STRATEGY RESULT: threshold
  total_cycle_count         = 50000
  scrub_cycle_count         = 284
  memory_read_count         = 4544
  memory_write_count        = 458
  corrected_error_count     = 458
  uncorrectable_detections  = 663
  unique_uncorrectable_words = 3
  interval_switch_count     = 776
  memory_busy_cycle_count   = 5002
  busy_per_mille            = 100
Strategy comparison run passed for strategy threshold.
tb/tb_strategy_comparison.v:1002: $finish called at 500376000 (1ps)
cat results/tables/strategy_comparison.csv
strategy,total_cycles,scrub_cycles,reads,writes,corrected,uncorrectable_detections,unique_uncorrectable_words,interval_switches,safe_entries,safe_cycles,scrub_active_cycles,memory_busy_cycles,scrub_per_mille,busy_per_mille,safe_per_mille
fixed,50000,632,10112,505,505,987,3,0,0,0,41585,10617,831,212,0
table,50000,246,3936,446,446,633,6,1295,0,0,16436,4382,328,87,0
threshold,50000,284,4544,458,458,663,3,776,0,0,18918,5002,378,100,0
make[4]: Leaving directory '/home/z3tm4n/adaptive_scrubbing'
make[4]: Entering directory '/home/z3tm4n/adaptive_scrubbing'
mkdir -p results/logs results/tables results/figures
python3 model/generate_fault_events.py \
	--scenario upsets \
	--input data/upsets.xlsx \
	--output tb/fault_events.csv \
	--control-output tb/control_levels.csv \
	--start-index 0 \
	--window-size 43824 \
	--total-cycles 50000 \
	--event-count 400 \
	--paired-event-count 100 \
	--pair-gap-min 60 \
	--pair-gap-max 300 \
	--cluster-event-count 0 \
	--cluster-bit-count 2 \
	--seed 20 \
	--control-quantization linear_max \
	--control-source risk_policy \
	--control-policy-schedule results/paper/tables/risk_policy_schedule.csv \
	--control-policy-level-map-output results/paper/tables/risk_policy_level_map.csv
Generated fault events: tb/fault_events.csv
Generated control levels: tb/control_levels.csv
Control level changes: 1295
Generated 600 fault injections
Scenario: upsets
Paired events: 100
Addresses with repeated injections: 16
Input: data/upsets.xlsx
Start index: 0
Window size: 43824
Total cycles: 50000
Single events: 400
Paired events: 100
Cluster events: 0
Cluster bit count: 2
Seed: 20
Control source: risk_policy
Control policy schedule: results/paper/tables/risk_policy_schedule.csv
Control policy level map: results/paper/tables/risk_policy_level_map.csv
iverilog -g2012 -o results/logs/strategy_comparison.out rtl/secded_32_39_encoder.v rtl/secded_32_39_decoder.v rtl/protected_memory_model.v rtl/interval_selector.v rtl/adaptive_scrub_controller.v tb/tb_strategy_comparison.v
rm -f results/tables/strategy_comparison.csv
echo "strategy,total_cycles,scrub_cycles,reads,writes,corrected,uncorrectable_detections,unique_uncorrectable_words,interval_switches,safe_entries,safe_cycles,scrub_active_cycles,memory_busy_cycles,scrub_per_mille,busy_per_mille,safe_per_mille" > results/tables/strategy_comparison.csv
vvp results/logs/strategy_comparison.out \
	+STRATEGY=0 \
	+TOTAL_RUN_CYCLES=50000 \
	+FIXED_INTERVAL=80 \
	+SAFE_INTERVAL=1 \
	+LEVEL0_INTERVAL=240 \
	+LEVEL1_INTERVAL=200 \
	+LEVEL2_INTERVAL=150 \
	+LEVEL3_INTERVAL=120 \
	+LEVEL4_INTERVAL=100 \
	+LEVEL5_INTERVAL=80 \
	+LEVEL6_INTERVAL=70 \
	+LEVEL7_INTERVAL=70 \
	+THRESHOLD_LOW_TO_MEDIUM=2 \
	+THRESHOLD_MEDIUM_TO_LOW=1 \
	+THRESHOLD_MEDIUM_TO_HIGH=4 \
	+THRESHOLD_HIGH_TO_MEDIUM=3 \
	+THRESHOLD_LOW_INTERVAL=200 \
	+THRESHOLD_MEDIUM_INTERVAL=120 \
	+THRESHOLD_HIGH_INTERVAL=70 \
	+TRACE_EXECUTION=0 \
	+TRACE_OUTPUT=results/tables/strategy_execution_trace.csv
VCD info: dumpfile results/logs/strategy_comparison.vcd opened for output.
Total run cycles: 50000
Fixed interval: 80
Safe interval: 1
Level intervals: L0=240 L1=200 L2=150 L3=120 L4=100 L5=80 L6=70 L7=70
Threshold levels: low_to_medium=2 medium_to_low=1 medium_to_high=4 high_to_medium=3
Threshold intervals: low=200 medium=120 high=70
Loaded fault events: 600
Loaded control level events: 1295
STRATEGY RESULT: fixed
  total_cycle_count         = 50000
  scrub_cycle_count         = 632
  memory_read_count         = 10112
  memory_write_count        = 510
  corrected_error_count     = 510
  uncorrectable_detections  = 708
  unique_uncorrectable_words = 3
  interval_switch_count     = 0
  memory_busy_cycle_count   = 10622
  busy_per_mille            = 212
Strategy comparison run passed for strategy fixed.
tb/tb_strategy_comparison.v:1002: $finish called at 500376000 (1ps)
vvp results/logs/strategy_comparison.out \
	+STRATEGY=1 \
	+TOTAL_RUN_CYCLES=50000 \
	+FIXED_INTERVAL=80 \
	+SAFE_INTERVAL=1 \
	+LEVEL0_INTERVAL=240 \
	+LEVEL1_INTERVAL=200 \
	+LEVEL2_INTERVAL=150 \
	+LEVEL3_INTERVAL=120 \
	+LEVEL4_INTERVAL=100 \
	+LEVEL5_INTERVAL=80 \
	+LEVEL6_INTERVAL=70 \
	+LEVEL7_INTERVAL=70 \
	+THRESHOLD_LOW_TO_MEDIUM=2 \
	+THRESHOLD_MEDIUM_TO_LOW=1 \
	+THRESHOLD_MEDIUM_TO_HIGH=4 \
	+THRESHOLD_HIGH_TO_MEDIUM=3 \
	+THRESHOLD_LOW_INTERVAL=200 \
	+THRESHOLD_MEDIUM_INTERVAL=120 \
	+THRESHOLD_HIGH_INTERVAL=70 \
	+TRACE_EXECUTION=0 \
	+TRACE_OUTPUT=results/tables/strategy_execution_trace.csv
VCD info: dumpfile results/logs/strategy_comparison.vcd opened for output.
Total run cycles: 50000
Fixed interval: 80
Safe interval: 1
Level intervals: L0=240 L1=200 L2=150 L3=120 L4=100 L5=80 L6=70 L7=70
Threshold levels: low_to_medium=2 medium_to_low=1 medium_to_high=4 high_to_medium=3
Threshold intervals: low=200 medium=120 high=70
Loaded fault events: 600
Loaded control level events: 1295
STRATEGY RESULT: table
  total_cycle_count         = 50000
  scrub_cycle_count         = 246
  memory_read_count         = 3936
  memory_write_count        = 406
  corrected_error_count     = 406
  uncorrectable_detections  = 779
  unique_uncorrectable_words = 4
  interval_switch_count     = 1295
  memory_busy_cycle_count   = 4342
  busy_per_mille            = 86
Strategy comparison run passed for strategy table.
tb/tb_strategy_comparison.v:1002: $finish called at 500376000 (1ps)
vvp results/logs/strategy_comparison.out \
	+STRATEGY=2 \
	+TOTAL_RUN_CYCLES=50000 \
	+FIXED_INTERVAL=80 \
	+SAFE_INTERVAL=1 \
	+LEVEL0_INTERVAL=240 \
	+LEVEL1_INTERVAL=200 \
	+LEVEL2_INTERVAL=150 \
	+LEVEL3_INTERVAL=120 \
	+LEVEL4_INTERVAL=100 \
	+LEVEL5_INTERVAL=80 \
	+LEVEL6_INTERVAL=70 \
	+LEVEL7_INTERVAL=70 \
	+THRESHOLD_LOW_TO_MEDIUM=2 \
	+THRESHOLD_MEDIUM_TO_LOW=1 \
	+THRESHOLD_MEDIUM_TO_HIGH=4 \
	+THRESHOLD_HIGH_TO_MEDIUM=3 \
	+THRESHOLD_LOW_INTERVAL=200 \
	+THRESHOLD_MEDIUM_INTERVAL=120 \
	+THRESHOLD_HIGH_INTERVAL=70 \
	+TRACE_EXECUTION=0 \
	+TRACE_OUTPUT=results/tables/strategy_execution_trace.csv
VCD info: dumpfile results/logs/strategy_comparison.vcd opened for output.
Total run cycles: 50000
Fixed interval: 80
Safe interval: 1
Level intervals: L0=240 L1=200 L2=150 L3=120 L4=100 L5=80 L6=70 L7=70
Threshold levels: low_to_medium=2 medium_to_low=1 medium_to_high=4 high_to_medium=3
Threshold intervals: low=200 medium=120 high=70
Loaded fault events: 600
Loaded control level events: 1295
STRATEGY RESULT: threshold
  total_cycle_count         = 50000
  scrub_cycle_count         = 284
  memory_read_count         = 4544
  memory_write_count        = 440
  corrected_error_count     = 440
  uncorrectable_detections  = 637
  unique_uncorrectable_words = 5
  interval_switch_count     = 776
  memory_busy_cycle_count   = 4984
  busy_per_mille            = 99
Strategy comparison run passed for strategy threshold.
tb/tb_strategy_comparison.v:1002: $finish called at 500376000 (1ps)
cat results/tables/strategy_comparison.csv
strategy,total_cycles,scrub_cycles,reads,writes,corrected,uncorrectable_detections,unique_uncorrectable_words,interval_switches,safe_entries,safe_cycles,scrub_active_cycles,memory_busy_cycles,scrub_per_mille,busy_per_mille,safe_per_mille
fixed,50000,632,10112,510,510,708,3,0,0,0,41590,10622,831,212,0
table,50000,246,3936,406,406,779,4,1295,0,0,16396,4342,327,86,0
threshold,50000,284,4544,440,440,637,5,776,0,0,18900,4984,378,99,0
make[4]: Leaving directory '/home/z3tm4n/adaptive_scrubbing'
make[4]: Entering directory '/home/z3tm4n/adaptive_scrubbing'
mkdir -p results/logs results/tables results/figures
python3 model/generate_fault_events.py \
	--scenario upsets \
	--input data/upsets.xlsx \
	--output tb/fault_events.csv \
	--control-output tb/control_levels.csv \
	--start-index 0 \
	--window-size 43824 \
	--total-cycles 50000 \
	--event-count 400 \
	--paired-event-count 100 \
	--pair-gap-min 60 \
	--pair-gap-max 300 \
	--cluster-event-count 0 \
	--cluster-bit-count 2 \
	--seed 21 \
	--control-quantization linear_max \
	--control-source risk_policy \
	--control-policy-schedule results/paper/tables/risk_policy_schedule.csv \
	--control-policy-level-map-output results/paper/tables/risk_policy_level_map.csv
Generated fault events: tb/fault_events.csv
Generated control levels: tb/control_levels.csv
Control level changes: 1295
Generated 600 fault injections
Scenario: upsets
Paired events: 100
Addresses with repeated injections: 16
Input: data/upsets.xlsx
Start index: 0
Window size: 43824
Total cycles: 50000
Single events: 400
Paired events: 100
Cluster events: 0
Cluster bit count: 2
Seed: 21
Control source: risk_policy
Control policy schedule: results/paper/tables/risk_policy_schedule.csv
Control policy level map: results/paper/tables/risk_policy_level_map.csv
iverilog -g2012 -o results/logs/strategy_comparison.out rtl/secded_32_39_encoder.v rtl/secded_32_39_decoder.v rtl/protected_memory_model.v rtl/interval_selector.v rtl/adaptive_scrub_controller.v tb/tb_strategy_comparison.v
rm -f results/tables/strategy_comparison.csv
echo "strategy,total_cycles,scrub_cycles,reads,writes,corrected,uncorrectable_detections,unique_uncorrectable_words,interval_switches,safe_entries,safe_cycles,scrub_active_cycles,memory_busy_cycles,scrub_per_mille,busy_per_mille,safe_per_mille" > results/tables/strategy_comparison.csv
vvp results/logs/strategy_comparison.out \
	+STRATEGY=0 \
	+TOTAL_RUN_CYCLES=50000 \
	+FIXED_INTERVAL=80 \
	+SAFE_INTERVAL=1 \
	+LEVEL0_INTERVAL=240 \
	+LEVEL1_INTERVAL=200 \
	+LEVEL2_INTERVAL=150 \
	+LEVEL3_INTERVAL=120 \
	+LEVEL4_INTERVAL=100 \
	+LEVEL5_INTERVAL=80 \
	+LEVEL6_INTERVAL=70 \
	+LEVEL7_INTERVAL=70 \
	+THRESHOLD_LOW_TO_MEDIUM=2 \
	+THRESHOLD_MEDIUM_TO_LOW=1 \
	+THRESHOLD_MEDIUM_TO_HIGH=4 \
	+THRESHOLD_HIGH_TO_MEDIUM=3 \
	+THRESHOLD_LOW_INTERVAL=200 \
	+THRESHOLD_MEDIUM_INTERVAL=120 \
	+THRESHOLD_HIGH_INTERVAL=70 \
	+TRACE_EXECUTION=0 \
	+TRACE_OUTPUT=results/tables/strategy_execution_trace.csv
VCD info: dumpfile results/logs/strategy_comparison.vcd opened for output.
Total run cycles: 50000
Fixed interval: 80
Safe interval: 1
Level intervals: L0=240 L1=200 L2=150 L3=120 L4=100 L5=80 L6=70 L7=70
Threshold levels: low_to_medium=2 medium_to_low=1 medium_to_high=4 high_to_medium=3
Threshold intervals: low=200 medium=120 high=70
Loaded fault events: 600
Loaded control level events: 1295
STRATEGY RESULT: fixed
  total_cycle_count         = 50000
  scrub_cycle_count         = 632
  memory_read_count         = 10112
  memory_write_count        = 484
  corrected_error_count     = 484
  uncorrectable_detections  = 1189
  unique_uncorrectable_words = 4
  interval_switch_count     = 0
  memory_busy_cycle_count   = 10596
  busy_per_mille            = 211
Strategy comparison run passed for strategy fixed.
tb/tb_strategy_comparison.v:1002: $finish called at 500376000 (1ps)
vvp results/logs/strategy_comparison.out \
	+STRATEGY=1 \
	+TOTAL_RUN_CYCLES=50000 \
	+FIXED_INTERVAL=80 \
	+SAFE_INTERVAL=1 \
	+LEVEL0_INTERVAL=240 \
	+LEVEL1_INTERVAL=200 \
	+LEVEL2_INTERVAL=150 \
	+LEVEL3_INTERVAL=120 \
	+LEVEL4_INTERVAL=100 \
	+LEVEL5_INTERVAL=80 \
	+LEVEL6_INTERVAL=70 \
	+LEVEL7_INTERVAL=70 \
	+THRESHOLD_LOW_TO_MEDIUM=2 \
	+THRESHOLD_MEDIUM_TO_LOW=1 \
	+THRESHOLD_MEDIUM_TO_HIGH=4 \
	+THRESHOLD_HIGH_TO_MEDIUM=3 \
	+THRESHOLD_LOW_INTERVAL=200 \
	+THRESHOLD_MEDIUM_INTERVAL=120 \
	+THRESHOLD_HIGH_INTERVAL=70 \
	+TRACE_EXECUTION=0 \
	+TRACE_OUTPUT=results/tables/strategy_execution_trace.csv
VCD info: dumpfile results/logs/strategy_comparison.vcd opened for output.
Total run cycles: 50000
Fixed interval: 80
Safe interval: 1
Level intervals: L0=240 L1=200 L2=150 L3=120 L4=100 L5=80 L6=70 L7=70
Threshold levels: low_to_medium=2 medium_to_low=1 medium_to_high=4 high_to_medium=3
Threshold intervals: low=200 medium=120 high=70
Loaded fault events: 600
Loaded control level events: 1295
STRATEGY RESULT: table
  total_cycle_count         = 50000
  scrub_cycle_count         = 246
  memory_read_count         = 3936
  memory_write_count        = 413
  corrected_error_count     = 413
  uncorrectable_detections  = 708
  unique_uncorrectable_words = 5
  interval_switch_count     = 1295
  memory_busy_cycle_count   = 4349
  busy_per_mille            = 86
Strategy comparison run passed for strategy table.
tb/tb_strategy_comparison.v:1002: $finish called at 500376000 (1ps)
vvp results/logs/strategy_comparison.out \
	+STRATEGY=2 \
	+TOTAL_RUN_CYCLES=50000 \
	+FIXED_INTERVAL=80 \
	+SAFE_INTERVAL=1 \
	+LEVEL0_INTERVAL=240 \
	+LEVEL1_INTERVAL=200 \
	+LEVEL2_INTERVAL=150 \
	+LEVEL3_INTERVAL=120 \
	+LEVEL4_INTERVAL=100 \
	+LEVEL5_INTERVAL=80 \
	+LEVEL6_INTERVAL=70 \
	+LEVEL7_INTERVAL=70 \
	+THRESHOLD_LOW_TO_MEDIUM=2 \
	+THRESHOLD_MEDIUM_TO_LOW=1 \
	+THRESHOLD_MEDIUM_TO_HIGH=4 \
	+THRESHOLD_HIGH_TO_MEDIUM=3 \
	+THRESHOLD_LOW_INTERVAL=200 \
	+THRESHOLD_MEDIUM_INTERVAL=120 \
	+THRESHOLD_HIGH_INTERVAL=70 \
	+TRACE_EXECUTION=0 \
	+TRACE_OUTPUT=results/tables/strategy_execution_trace.csv
VCD info: dumpfile results/logs/strategy_comparison.vcd opened for output.
Total run cycles: 50000
Fixed interval: 80
Safe interval: 1
Level intervals: L0=240 L1=200 L2=150 L3=120 L4=100 L5=80 L6=70 L7=70
Threshold levels: low_to_medium=2 medium_to_low=1 medium_to_high=4 high_to_medium=3
Threshold intervals: low=200 medium=120 high=70
Loaded fault events: 600
Loaded control level events: 1295
STRATEGY RESULT: threshold
  total_cycle_count         = 50000
  scrub_cycle_count         = 284
  memory_read_count         = 4544
  memory_write_count        = 433
  corrected_error_count     = 433
  uncorrectable_detections  = 945
  unique_uncorrectable_words = 5
  interval_switch_count     = 776
  memory_busy_cycle_count   = 4977
  busy_per_mille            = 99
Strategy comparison run passed for strategy threshold.
tb/tb_strategy_comparison.v:1002: $finish called at 500376000 (1ps)
cat results/tables/strategy_comparison.csv
strategy,total_cycles,scrub_cycles,reads,writes,corrected,uncorrectable_detections,unique_uncorrectable_words,interval_switches,safe_entries,safe_cycles,scrub_active_cycles,memory_busy_cycles,scrub_per_mille,busy_per_mille,safe_per_mille
fixed,50000,632,10112,484,484,1189,4,0,0,0,41564,10596,831,211,0
table,50000,246,3936,413,413,708,5,1295,0,0,16403,4349,328,86,0
threshold,50000,284,4544,433,433,945,5,776,0,0,18893,4977,377,99,0
make[4]: Leaving directory '/home/z3tm4n/adaptive_scrubbing'
make[4]: Entering directory '/home/z3tm4n/adaptive_scrubbing'
mkdir -p results/logs results/tables results/figures
python3 model/generate_fault_events.py \
	--scenario upsets \
	--input data/upsets.xlsx \
	--output tb/fault_events.csv \
	--control-output tb/control_levels.csv \
	--start-index 0 \
	--window-size 43824 \
	--total-cycles 50000 \
	--event-count 400 \
	--paired-event-count 100 \
	--pair-gap-min 60 \
	--pair-gap-max 300 \
	--cluster-event-count 0 \
	--cluster-bit-count 2 \
	--seed 22 \
	--control-quantization linear_max \
	--control-source risk_policy \
	--control-policy-schedule results/paper/tables/risk_policy_schedule.csv \
	--control-policy-level-map-output results/paper/tables/risk_policy_level_map.csv
Generated fault events: tb/fault_events.csv
Generated control levels: tb/control_levels.csv
Control level changes: 1295
Generated 600 fault injections
Scenario: upsets
Paired events: 100
Addresses with repeated injections: 16
Input: data/upsets.xlsx
Start index: 0
Window size: 43824
Total cycles: 50000
Single events: 400
Paired events: 100
Cluster events: 0
Cluster bit count: 2
Seed: 22
Control source: risk_policy
Control policy schedule: results/paper/tables/risk_policy_schedule.csv
Control policy level map: results/paper/tables/risk_policy_level_map.csv
iverilog -g2012 -o results/logs/strategy_comparison.out rtl/secded_32_39_encoder.v rtl/secded_32_39_decoder.v rtl/protected_memory_model.v rtl/interval_selector.v rtl/adaptive_scrub_controller.v tb/tb_strategy_comparison.v
rm -f results/tables/strategy_comparison.csv
echo "strategy,total_cycles,scrub_cycles,reads,writes,corrected,uncorrectable_detections,unique_uncorrectable_words,interval_switches,safe_entries,safe_cycles,scrub_active_cycles,memory_busy_cycles,scrub_per_mille,busy_per_mille,safe_per_mille" > results/tables/strategy_comparison.csv
vvp results/logs/strategy_comparison.out \
	+STRATEGY=0 \
	+TOTAL_RUN_CYCLES=50000 \
	+FIXED_INTERVAL=80 \
	+SAFE_INTERVAL=1 \
	+LEVEL0_INTERVAL=240 \
	+LEVEL1_INTERVAL=200 \
	+LEVEL2_INTERVAL=150 \
	+LEVEL3_INTERVAL=120 \
	+LEVEL4_INTERVAL=100 \
	+LEVEL5_INTERVAL=80 \
	+LEVEL6_INTERVAL=70 \
	+LEVEL7_INTERVAL=70 \
	+THRESHOLD_LOW_TO_MEDIUM=2 \
	+THRESHOLD_MEDIUM_TO_LOW=1 \
	+THRESHOLD_MEDIUM_TO_HIGH=4 \
	+THRESHOLD_HIGH_TO_MEDIUM=3 \
	+THRESHOLD_LOW_INTERVAL=200 \
	+THRESHOLD_MEDIUM_INTERVAL=120 \
	+THRESHOLD_HIGH_INTERVAL=70 \
	+TRACE_EXECUTION=0 \
	+TRACE_OUTPUT=results/tables/strategy_execution_trace.csv
VCD info: dumpfile results/logs/strategy_comparison.vcd opened for output.
Total run cycles: 50000
Fixed interval: 80
Safe interval: 1
Level intervals: L0=240 L1=200 L2=150 L3=120 L4=100 L5=80 L6=70 L7=70
Threshold levels: low_to_medium=2 medium_to_low=1 medium_to_high=4 high_to_medium=3
Threshold intervals: low=200 medium=120 high=70
Loaded fault events: 600
Loaded control level events: 1295
STRATEGY RESULT: fixed
  total_cycle_count         = 50000
  scrub_cycle_count         = 632
  memory_read_count         = 10112
  memory_write_count        = 514
  corrected_error_count     = 514
  uncorrectable_detections  = 1085
  unique_uncorrectable_words = 4
  interval_switch_count     = 0
  memory_busy_cycle_count   = 10626
  busy_per_mille            = 212
Strategy comparison run passed for strategy fixed.
tb/tb_strategy_comparison.v:1002: $finish called at 500376000 (1ps)
vvp results/logs/strategy_comparison.out \
	+STRATEGY=1 \
	+TOTAL_RUN_CYCLES=50000 \
	+FIXED_INTERVAL=80 \
	+SAFE_INTERVAL=1 \
	+LEVEL0_INTERVAL=240 \
	+LEVEL1_INTERVAL=200 \
	+LEVEL2_INTERVAL=150 \
	+LEVEL3_INTERVAL=120 \
	+LEVEL4_INTERVAL=100 \
	+LEVEL5_INTERVAL=80 \
	+LEVEL6_INTERVAL=70 \
	+LEVEL7_INTERVAL=70 \
	+THRESHOLD_LOW_TO_MEDIUM=2 \
	+THRESHOLD_MEDIUM_TO_LOW=1 \
	+THRESHOLD_MEDIUM_TO_HIGH=4 \
	+THRESHOLD_HIGH_TO_MEDIUM=3 \
	+THRESHOLD_LOW_INTERVAL=200 \
	+THRESHOLD_MEDIUM_INTERVAL=120 \
	+THRESHOLD_HIGH_INTERVAL=70 \
	+TRACE_EXECUTION=0 \
	+TRACE_OUTPUT=results/tables/strategy_execution_trace.csv
VCD info: dumpfile results/logs/strategy_comparison.vcd opened for output.
Total run cycles: 50000
Fixed interval: 80
Safe interval: 1
Level intervals: L0=240 L1=200 L2=150 L3=120 L4=100 L5=80 L6=70 L7=70
Threshold levels: low_to_medium=2 medium_to_low=1 medium_to_high=4 high_to_medium=3
Threshold intervals: low=200 medium=120 high=70
Loaded fault events: 600
Loaded control level events: 1295
STRATEGY RESULT: table
  total_cycle_count         = 50000
  scrub_cycle_count         = 246
  memory_read_count         = 3936
  memory_write_count        = 416
  corrected_error_count     = 416
  uncorrectable_detections  = 896
  unique_uncorrectable_words = 5
  interval_switch_count     = 1295
  memory_busy_cycle_count   = 4352
  busy_per_mille            = 87
Strategy comparison run passed for strategy table.
tb/tb_strategy_comparison.v:1002: $finish called at 500376000 (1ps)
vvp results/logs/strategy_comparison.out \
	+STRATEGY=2 \
	+TOTAL_RUN_CYCLES=50000 \
	+FIXED_INTERVAL=80 \
	+SAFE_INTERVAL=1 \
	+LEVEL0_INTERVAL=240 \
	+LEVEL1_INTERVAL=200 \
	+LEVEL2_INTERVAL=150 \
	+LEVEL3_INTERVAL=120 \
	+LEVEL4_INTERVAL=100 \
	+LEVEL5_INTERVAL=80 \
	+LEVEL6_INTERVAL=70 \
	+LEVEL7_INTERVAL=70 \
	+THRESHOLD_LOW_TO_MEDIUM=2 \
	+THRESHOLD_MEDIUM_TO_LOW=1 \
	+THRESHOLD_MEDIUM_TO_HIGH=4 \
	+THRESHOLD_HIGH_TO_MEDIUM=3 \
	+THRESHOLD_LOW_INTERVAL=200 \
	+THRESHOLD_MEDIUM_INTERVAL=120 \
	+THRESHOLD_HIGH_INTERVAL=70 \
	+TRACE_EXECUTION=0 \
	+TRACE_OUTPUT=results/tables/strategy_execution_trace.csv
VCD info: dumpfile results/logs/strategy_comparison.vcd opened for output.
Total run cycles: 50000
Fixed interval: 80
Safe interval: 1
Level intervals: L0=240 L1=200 L2=150 L3=120 L4=100 L5=80 L6=70 L7=70
Threshold levels: low_to_medium=2 medium_to_low=1 medium_to_high=4 high_to_medium=3
Threshold intervals: low=200 medium=120 high=70
Loaded fault events: 600
Loaded control level events: 1295
STRATEGY RESULT: threshold
  total_cycle_count         = 50000
  scrub_cycle_count         = 284
  memory_read_count         = 4544
  memory_write_count        = 430
  corrected_error_count     = 430
  uncorrectable_detections  = 936
  unique_uncorrectable_words = 3
  interval_switch_count     = 776
  memory_busy_cycle_count   = 4974
  busy_per_mille            = 99
Strategy comparison run passed for strategy threshold.
tb/tb_strategy_comparison.v:1002: $finish called at 500376000 (1ps)
cat results/tables/strategy_comparison.csv
strategy,total_cycles,scrub_cycles,reads,writes,corrected,uncorrectable_detections,unique_uncorrectable_words,interval_switches,safe_entries,safe_cycles,scrub_active_cycles,memory_busy_cycles,scrub_per_mille,busy_per_mille,safe_per_mille
fixed,50000,632,10112,514,514,1085,4,0,0,0,41594,10626,831,212,0
table,50000,246,3936,416,416,896,5,1295,0,0,16406,4352,328,87,0
threshold,50000,284,4544,430,430,936,3,776,0,0,18890,4974,377,99,0
make[4]: Leaving directory '/home/z3tm4n/adaptive_scrubbing'
make[4]: Entering directory '/home/z3tm4n/adaptive_scrubbing'
mkdir -p results/logs results/tables results/figures
python3 model/generate_fault_events.py \
	--scenario upsets \
	--input data/upsets.xlsx \
	--output tb/fault_events.csv \
	--control-output tb/control_levels.csv \
	--start-index 0 \
	--window-size 43824 \
	--total-cycles 50000 \
	--event-count 400 \
	--paired-event-count 100 \
	--pair-gap-min 60 \
	--pair-gap-max 300 \
	--cluster-event-count 0 \
	--cluster-bit-count 2 \
	--seed 23 \
	--control-quantization linear_max \
	--control-source risk_policy \
	--control-policy-schedule results/paper/tables/risk_policy_schedule.csv \
	--control-policy-level-map-output results/paper/tables/risk_policy_level_map.csv
Generated fault events: tb/fault_events.csv
Generated control levels: tb/control_levels.csv
Control level changes: 1295
Generated 600 fault injections
Scenario: upsets
Paired events: 100
Addresses with repeated injections: 16
Input: data/upsets.xlsx
Start index: 0
Window size: 43824
Total cycles: 50000
Single events: 400
Paired events: 100
Cluster events: 0
Cluster bit count: 2
Seed: 23
Control source: risk_policy
Control policy schedule: results/paper/tables/risk_policy_schedule.csv
Control policy level map: results/paper/tables/risk_policy_level_map.csv
iverilog -g2012 -o results/logs/strategy_comparison.out rtl/secded_32_39_encoder.v rtl/secded_32_39_decoder.v rtl/protected_memory_model.v rtl/interval_selector.v rtl/adaptive_scrub_controller.v tb/tb_strategy_comparison.v
rm -f results/tables/strategy_comparison.csv
echo "strategy,total_cycles,scrub_cycles,reads,writes,corrected,uncorrectable_detections,unique_uncorrectable_words,interval_switches,safe_entries,safe_cycles,scrub_active_cycles,memory_busy_cycles,scrub_per_mille,busy_per_mille,safe_per_mille" > results/tables/strategy_comparison.csv
vvp results/logs/strategy_comparison.out \
	+STRATEGY=0 \
	+TOTAL_RUN_CYCLES=50000 \
	+FIXED_INTERVAL=80 \
	+SAFE_INTERVAL=1 \
	+LEVEL0_INTERVAL=240 \
	+LEVEL1_INTERVAL=200 \
	+LEVEL2_INTERVAL=150 \
	+LEVEL3_INTERVAL=120 \
	+LEVEL4_INTERVAL=100 \
	+LEVEL5_INTERVAL=80 \
	+LEVEL6_INTERVAL=70 \
	+LEVEL7_INTERVAL=70 \
	+THRESHOLD_LOW_TO_MEDIUM=2 \
	+THRESHOLD_MEDIUM_TO_LOW=1 \
	+THRESHOLD_MEDIUM_TO_HIGH=4 \
	+THRESHOLD_HIGH_TO_MEDIUM=3 \
	+THRESHOLD_LOW_INTERVAL=200 \
	+THRESHOLD_MEDIUM_INTERVAL=120 \
	+THRESHOLD_HIGH_INTERVAL=70 \
	+TRACE_EXECUTION=0 \
	+TRACE_OUTPUT=results/tables/strategy_execution_trace.csv
VCD info: dumpfile results/logs/strategy_comparison.vcd opened for output.
Total run cycles: 50000
Fixed interval: 80
Safe interval: 1
Level intervals: L0=240 L1=200 L2=150 L3=120 L4=100 L5=80 L6=70 L7=70
Threshold levels: low_to_medium=2 medium_to_low=1 medium_to_high=4 high_to_medium=3
Threshold intervals: low=200 medium=120 high=70
Loaded fault events: 600
Loaded control level events: 1295
STRATEGY RESULT: fixed
  total_cycle_count         = 50000
  scrub_cycle_count         = 632
  memory_read_count         = 10112
  memory_write_count        = 490
  corrected_error_count     = 490
  uncorrectable_detections  = 1111
  unique_uncorrectable_words = 5
  interval_switch_count     = 0
  memory_busy_cycle_count   = 10602
  busy_per_mille            = 212
Strategy comparison run passed for strategy fixed.
tb/tb_strategy_comparison.v:1002: $finish called at 500376000 (1ps)
vvp results/logs/strategy_comparison.out \
	+STRATEGY=1 \
	+TOTAL_RUN_CYCLES=50000 \
	+FIXED_INTERVAL=80 \
	+SAFE_INTERVAL=1 \
	+LEVEL0_INTERVAL=240 \
	+LEVEL1_INTERVAL=200 \
	+LEVEL2_INTERVAL=150 \
	+LEVEL3_INTERVAL=120 \
	+LEVEL4_INTERVAL=100 \
	+LEVEL5_INTERVAL=80 \
	+LEVEL6_INTERVAL=70 \
	+LEVEL7_INTERVAL=70 \
	+THRESHOLD_LOW_TO_MEDIUM=2 \
	+THRESHOLD_MEDIUM_TO_LOW=1 \
	+THRESHOLD_MEDIUM_TO_HIGH=4 \
	+THRESHOLD_HIGH_TO_MEDIUM=3 \
	+THRESHOLD_LOW_INTERVAL=200 \
	+THRESHOLD_MEDIUM_INTERVAL=120 \
	+THRESHOLD_HIGH_INTERVAL=70 \
	+TRACE_EXECUTION=0 \
	+TRACE_OUTPUT=results/tables/strategy_execution_trace.csv
VCD info: dumpfile results/logs/strategy_comparison.vcd opened for output.
Total run cycles: 50000
Fixed interval: 80
Safe interval: 1
Level intervals: L0=240 L1=200 L2=150 L3=120 L4=100 L5=80 L6=70 L7=70
Threshold levels: low_to_medium=2 medium_to_low=1 medium_to_high=4 high_to_medium=3
Threshold intervals: low=200 medium=120 high=70
Loaded fault events: 600
Loaded control level events: 1295
STRATEGY RESULT: table
  total_cycle_count         = 50000
  scrub_cycle_count         = 246
  memory_read_count         = 3936
  memory_write_count        = 405
  corrected_error_count     = 405
  uncorrectable_detections  = 819
  unique_uncorrectable_words = 6
  interval_switch_count     = 1295
  memory_busy_cycle_count   = 4341
  busy_per_mille            = 86
Strategy comparison run passed for strategy table.
tb/tb_strategy_comparison.v:1002: $finish called at 500376000 (1ps)
vvp results/logs/strategy_comparison.out \
	+STRATEGY=2 \
	+TOTAL_RUN_CYCLES=50000 \
	+FIXED_INTERVAL=80 \
	+SAFE_INTERVAL=1 \
	+LEVEL0_INTERVAL=240 \
	+LEVEL1_INTERVAL=200 \
	+LEVEL2_INTERVAL=150 \
	+LEVEL3_INTERVAL=120 \
	+LEVEL4_INTERVAL=100 \
	+LEVEL5_INTERVAL=80 \
	+LEVEL6_INTERVAL=70 \
	+LEVEL7_INTERVAL=70 \
	+THRESHOLD_LOW_TO_MEDIUM=2 \
	+THRESHOLD_MEDIUM_TO_LOW=1 \
	+THRESHOLD_MEDIUM_TO_HIGH=4 \
	+THRESHOLD_HIGH_TO_MEDIUM=3 \
	+THRESHOLD_LOW_INTERVAL=200 \
	+THRESHOLD_MEDIUM_INTERVAL=120 \
	+THRESHOLD_HIGH_INTERVAL=70 \
	+TRACE_EXECUTION=0 \
	+TRACE_OUTPUT=results/tables/strategy_execution_trace.csv
VCD info: dumpfile results/logs/strategy_comparison.vcd opened for output.
Total run cycles: 50000
Fixed interval: 80
Safe interval: 1
Level intervals: L0=240 L1=200 L2=150 L3=120 L4=100 L5=80 L6=70 L7=70
Threshold levels: low_to_medium=2 medium_to_low=1 medium_to_high=4 high_to_medium=3
Threshold intervals: low=200 medium=120 high=70
Loaded fault events: 600
Loaded control level events: 1295
STRATEGY RESULT: threshold
  total_cycle_count         = 50000
  scrub_cycle_count         = 284
  memory_read_count         = 4544
  memory_write_count        = 414
  corrected_error_count     = 414
  uncorrectable_detections  = 924
  unique_uncorrectable_words = 7
  interval_switch_count     = 776
  memory_busy_cycle_count   = 4958
  busy_per_mille            = 99
Strategy comparison run passed for strategy threshold.
tb/tb_strategy_comparison.v:1002: $finish called at 500376000 (1ps)
cat results/tables/strategy_comparison.csv
strategy,total_cycles,scrub_cycles,reads,writes,corrected,uncorrectable_detections,unique_uncorrectable_words,interval_switches,safe_entries,safe_cycles,scrub_active_cycles,memory_busy_cycles,scrub_per_mille,busy_per_mille,safe_per_mille
fixed,50000,632,10112,490,490,1111,5,0,0,0,41570,10602,831,212,0
table,50000,246,3936,405,405,819,6,1295,0,0,16395,4341,327,86,0
threshold,50000,284,4544,414,414,924,7,776,0,0,18874,4958,377,99,0
make[4]: Leaving directory '/home/z3tm4n/adaptive_scrubbing'
make[4]: Entering directory '/home/z3tm4n/adaptive_scrubbing'
mkdir -p results/logs results/tables results/figures
python3 model/generate_fault_events.py \
	--scenario upsets \
	--input data/upsets.xlsx \
	--output tb/fault_events.csv \
	--control-output tb/control_levels.csv \
	--start-index 0 \
	--window-size 43824 \
	--total-cycles 50000 \
	--event-count 400 \
	--paired-event-count 100 \
	--pair-gap-min 60 \
	--pair-gap-max 300 \
	--cluster-event-count 0 \
	--cluster-bit-count 2 \
	--seed 24 \
	--control-quantization linear_max \
	--control-source risk_policy \
	--control-policy-schedule results/paper/tables/risk_policy_schedule.csv \
	--control-policy-level-map-output results/paper/tables/risk_policy_level_map.csv
Generated fault events: tb/fault_events.csv
Generated control levels: tb/control_levels.csv
Control level changes: 1295
Generated 600 fault injections
Scenario: upsets
Paired events: 100
Addresses with repeated injections: 16
Input: data/upsets.xlsx
Start index: 0
Window size: 43824
Total cycles: 50000
Single events: 400
Paired events: 100
Cluster events: 0
Cluster bit count: 2
Seed: 24
Control source: risk_policy
Control policy schedule: results/paper/tables/risk_policy_schedule.csv
Control policy level map: results/paper/tables/risk_policy_level_map.csv
iverilog -g2012 -o results/logs/strategy_comparison.out rtl/secded_32_39_encoder.v rtl/secded_32_39_decoder.v rtl/protected_memory_model.v rtl/interval_selector.v rtl/adaptive_scrub_controller.v tb/tb_strategy_comparison.v
rm -f results/tables/strategy_comparison.csv
echo "strategy,total_cycles,scrub_cycles,reads,writes,corrected,uncorrectable_detections,unique_uncorrectable_words,interval_switches,safe_entries,safe_cycles,scrub_active_cycles,memory_busy_cycles,scrub_per_mille,busy_per_mille,safe_per_mille" > results/tables/strategy_comparison.csv
vvp results/logs/strategy_comparison.out \
	+STRATEGY=0 \
	+TOTAL_RUN_CYCLES=50000 \
	+FIXED_INTERVAL=80 \
	+SAFE_INTERVAL=1 \
	+LEVEL0_INTERVAL=240 \
	+LEVEL1_INTERVAL=200 \
	+LEVEL2_INTERVAL=150 \
	+LEVEL3_INTERVAL=120 \
	+LEVEL4_INTERVAL=100 \
	+LEVEL5_INTERVAL=80 \
	+LEVEL6_INTERVAL=70 \
	+LEVEL7_INTERVAL=70 \
	+THRESHOLD_LOW_TO_MEDIUM=2 \
	+THRESHOLD_MEDIUM_TO_LOW=1 \
	+THRESHOLD_MEDIUM_TO_HIGH=4 \
	+THRESHOLD_HIGH_TO_MEDIUM=3 \
	+THRESHOLD_LOW_INTERVAL=200 \
	+THRESHOLD_MEDIUM_INTERVAL=120 \
	+THRESHOLD_HIGH_INTERVAL=70 \
	+TRACE_EXECUTION=0 \
	+TRACE_OUTPUT=results/tables/strategy_execution_trace.csv
VCD info: dumpfile results/logs/strategy_comparison.vcd opened for output.
Total run cycles: 50000
Fixed interval: 80
Safe interval: 1
Level intervals: L0=240 L1=200 L2=150 L3=120 L4=100 L5=80 L6=70 L7=70
Threshold levels: low_to_medium=2 medium_to_low=1 medium_to_high=4 high_to_medium=3
Threshold intervals: low=200 medium=120 high=70
Loaded fault events: 600
Loaded control level events: 1295
STRATEGY RESULT: fixed
  total_cycle_count         = 50000
  scrub_cycle_count         = 632
  memory_read_count         = 10112
  memory_write_count        = 504
  corrected_error_count     = 504
  uncorrectable_detections  = 1021
  unique_uncorrectable_words = 6
  interval_switch_count     = 0
  memory_busy_cycle_count   = 10616
  busy_per_mille            = 212
Strategy comparison run passed for strategy fixed.
tb/tb_strategy_comparison.v:1002: $finish called at 500376000 (1ps)
vvp results/logs/strategy_comparison.out \
	+STRATEGY=1 \
	+TOTAL_RUN_CYCLES=50000 \
	+FIXED_INTERVAL=80 \
	+SAFE_INTERVAL=1 \
	+LEVEL0_INTERVAL=240 \
	+LEVEL1_INTERVAL=200 \
	+LEVEL2_INTERVAL=150 \
	+LEVEL3_INTERVAL=120 \
	+LEVEL4_INTERVAL=100 \
	+LEVEL5_INTERVAL=80 \
	+LEVEL6_INTERVAL=70 \
	+LEVEL7_INTERVAL=70 \
	+THRESHOLD_LOW_TO_MEDIUM=2 \
	+THRESHOLD_MEDIUM_TO_LOW=1 \
	+THRESHOLD_MEDIUM_TO_HIGH=4 \
	+THRESHOLD_HIGH_TO_MEDIUM=3 \
	+THRESHOLD_LOW_INTERVAL=200 \
	+THRESHOLD_MEDIUM_INTERVAL=120 \
	+THRESHOLD_HIGH_INTERVAL=70 \
	+TRACE_EXECUTION=0 \
	+TRACE_OUTPUT=results/tables/strategy_execution_trace.csv
VCD info: dumpfile results/logs/strategy_comparison.vcd opened for output.
Total run cycles: 50000
Fixed interval: 80
Safe interval: 1
Level intervals: L0=240 L1=200 L2=150 L3=120 L4=100 L5=80 L6=70 L7=70
Threshold levels: low_to_medium=2 medium_to_low=1 medium_to_high=4 high_to_medium=3
Threshold intervals: low=200 medium=120 high=70
Loaded fault events: 600
Loaded control level events: 1295
STRATEGY RESULT: table
  total_cycle_count         = 50000
  scrub_cycle_count         = 246
  memory_read_count         = 3936
  memory_write_count        = 385
  corrected_error_count     = 385
  uncorrectable_detections  = 863
  unique_uncorrectable_words = 8
  interval_switch_count     = 1295
  memory_busy_cycle_count   = 4321
  busy_per_mille            = 86
Strategy comparison run passed for strategy table.
tb/tb_strategy_comparison.v:1002: $finish called at 500376000 (1ps)
vvp results/logs/strategy_comparison.out \
	+STRATEGY=2 \
	+TOTAL_RUN_CYCLES=50000 \
	+FIXED_INTERVAL=80 \
	+SAFE_INTERVAL=1 \
	+LEVEL0_INTERVAL=240 \
	+LEVEL1_INTERVAL=200 \
	+LEVEL2_INTERVAL=150 \
	+LEVEL3_INTERVAL=120 \
	+LEVEL4_INTERVAL=100 \
	+LEVEL5_INTERVAL=80 \
	+LEVEL6_INTERVAL=70 \
	+LEVEL7_INTERVAL=70 \
	+THRESHOLD_LOW_TO_MEDIUM=2 \
	+THRESHOLD_MEDIUM_TO_LOW=1 \
	+THRESHOLD_MEDIUM_TO_HIGH=4 \
	+THRESHOLD_HIGH_TO_MEDIUM=3 \
	+THRESHOLD_LOW_INTERVAL=200 \
	+THRESHOLD_MEDIUM_INTERVAL=120 \
	+THRESHOLD_HIGH_INTERVAL=70 \
	+TRACE_EXECUTION=0 \
	+TRACE_OUTPUT=results/tables/strategy_execution_trace.csv
VCD info: dumpfile results/logs/strategy_comparison.vcd opened for output.
Total run cycles: 50000
Fixed interval: 80
Safe interval: 1
Level intervals: L0=240 L1=200 L2=150 L3=120 L4=100 L5=80 L6=70 L7=70
Threshold levels: low_to_medium=2 medium_to_low=1 medium_to_high=4 high_to_medium=3
Threshold intervals: low=200 medium=120 high=70
Loaded fault events: 600
Loaded control level events: 1295
STRATEGY RESULT: threshold
  total_cycle_count         = 50000
  scrub_cycle_count         = 284
  memory_read_count         = 4544
  memory_write_count        = 414
  corrected_error_count     = 414
  uncorrectable_detections  = 997
  unique_uncorrectable_words = 6
  interval_switch_count     = 776
  memory_busy_cycle_count   = 4958
  busy_per_mille            = 99
Strategy comparison run passed for strategy threshold.
tb/tb_strategy_comparison.v:1002: $finish called at 500376000 (1ps)
cat results/tables/strategy_comparison.csv
strategy,total_cycles,scrub_cycles,reads,writes,corrected,uncorrectable_detections,unique_uncorrectable_words,interval_switches,safe_entries,safe_cycles,scrub_active_cycles,memory_busy_cycles,scrub_per_mille,busy_per_mille,safe_per_mille
fixed,50000,632,10112,504,504,1021,6,0,0,0,41584,10616,831,212,0
table,50000,246,3936,385,385,863,8,1295,0,0,16375,4321,327,86,0
threshold,50000,284,4544,414,414,997,6,776,0,0,18874,4958,377,99,0
make[4]: Leaving directory '/home/z3tm4n/adaptive_scrubbing'
make[4]: Entering directory '/home/z3tm4n/adaptive_scrubbing'
mkdir -p results/logs results/tables results/figures
python3 model/generate_fault_events.py \
	--scenario upsets \
	--input data/upsets.xlsx \
	--output tb/fault_events.csv \
	--control-output tb/control_levels.csv \
	--start-index 0 \
	--window-size 43824 \
	--total-cycles 50000 \
	--event-count 400 \
	--paired-event-count 100 \
	--pair-gap-min 60 \
	--pair-gap-max 300 \
	--cluster-event-count 0 \
	--cluster-bit-count 2 \
	--seed 25 \
	--control-quantization linear_max \
	--control-source risk_policy \
	--control-policy-schedule results/paper/tables/risk_policy_schedule.csv \
	--control-policy-level-map-output results/paper/tables/risk_policy_level_map.csv
Generated fault events: tb/fault_events.csv
Generated control levels: tb/control_levels.csv
Control level changes: 1295
Generated 600 fault injections
Scenario: upsets
Paired events: 100
Addresses with repeated injections: 16
Input: data/upsets.xlsx
Start index: 0
Window size: 43824
Total cycles: 50000
Single events: 400
Paired events: 100
Cluster events: 0
Cluster bit count: 2
Seed: 25
Control source: risk_policy
Control policy schedule: results/paper/tables/risk_policy_schedule.csv
Control policy level map: results/paper/tables/risk_policy_level_map.csv
iverilog -g2012 -o results/logs/strategy_comparison.out rtl/secded_32_39_encoder.v rtl/secded_32_39_decoder.v rtl/protected_memory_model.v rtl/interval_selector.v rtl/adaptive_scrub_controller.v tb/tb_strategy_comparison.v
rm -f results/tables/strategy_comparison.csv
echo "strategy,total_cycles,scrub_cycles,reads,writes,corrected,uncorrectable_detections,unique_uncorrectable_words,interval_switches,safe_entries,safe_cycles,scrub_active_cycles,memory_busy_cycles,scrub_per_mille,busy_per_mille,safe_per_mille" > results/tables/strategy_comparison.csv
vvp results/logs/strategy_comparison.out \
	+STRATEGY=0 \
	+TOTAL_RUN_CYCLES=50000 \
	+FIXED_INTERVAL=80 \
	+SAFE_INTERVAL=1 \
	+LEVEL0_INTERVAL=240 \
	+LEVEL1_INTERVAL=200 \
	+LEVEL2_INTERVAL=150 \
	+LEVEL3_INTERVAL=120 \
	+LEVEL4_INTERVAL=100 \
	+LEVEL5_INTERVAL=80 \
	+LEVEL6_INTERVAL=70 \
	+LEVEL7_INTERVAL=70 \
	+THRESHOLD_LOW_TO_MEDIUM=2 \
	+THRESHOLD_MEDIUM_TO_LOW=1 \
	+THRESHOLD_MEDIUM_TO_HIGH=4 \
	+THRESHOLD_HIGH_TO_MEDIUM=3 \
	+THRESHOLD_LOW_INTERVAL=200 \
	+THRESHOLD_MEDIUM_INTERVAL=120 \
	+THRESHOLD_HIGH_INTERVAL=70 \
	+TRACE_EXECUTION=0 \
	+TRACE_OUTPUT=results/tables/strategy_execution_trace.csv
VCD info: dumpfile results/logs/strategy_comparison.vcd opened for output.
Total run cycles: 50000
Fixed interval: 80
Safe interval: 1
Level intervals: L0=240 L1=200 L2=150 L3=120 L4=100 L5=80 L6=70 L7=70
Threshold levels: low_to_medium=2 medium_to_low=1 medium_to_high=4 high_to_medium=3
Threshold intervals: low=200 medium=120 high=70
Loaded fault events: 600
Loaded control level events: 1295
STRATEGY RESULT: fixed
  total_cycle_count         = 50000
  scrub_cycle_count         = 632
  memory_read_count         = 10112
  memory_write_count        = 481
  corrected_error_count     = 481
  uncorrectable_detections  = 1339
  unique_uncorrectable_words = 6
  interval_switch_count     = 0
  memory_busy_cycle_count   = 10593
  busy_per_mille            = 211
Strategy comparison run passed for strategy fixed.
tb/tb_strategy_comparison.v:1002: $finish called at 500376000 (1ps)
vvp results/logs/strategy_comparison.out \
	+STRATEGY=1 \
	+TOTAL_RUN_CYCLES=50000 \
	+FIXED_INTERVAL=80 \
	+SAFE_INTERVAL=1 \
	+LEVEL0_INTERVAL=240 \
	+LEVEL1_INTERVAL=200 \
	+LEVEL2_INTERVAL=150 \
	+LEVEL3_INTERVAL=120 \
	+LEVEL4_INTERVAL=100 \
	+LEVEL5_INTERVAL=80 \
	+LEVEL6_INTERVAL=70 \
	+LEVEL7_INTERVAL=70 \
	+THRESHOLD_LOW_TO_MEDIUM=2 \
	+THRESHOLD_MEDIUM_TO_LOW=1 \
	+THRESHOLD_MEDIUM_TO_HIGH=4 \
	+THRESHOLD_HIGH_TO_MEDIUM=3 \
	+THRESHOLD_LOW_INTERVAL=200 \
	+THRESHOLD_MEDIUM_INTERVAL=120 \
	+THRESHOLD_HIGH_INTERVAL=70 \
	+TRACE_EXECUTION=0 \
	+TRACE_OUTPUT=results/tables/strategy_execution_trace.csv
VCD info: dumpfile results/logs/strategy_comparison.vcd opened for output.
Total run cycles: 50000
Fixed interval: 80
Safe interval: 1
Level intervals: L0=240 L1=200 L2=150 L3=120 L4=100 L5=80 L6=70 L7=70
Threshold levels: low_to_medium=2 medium_to_low=1 medium_to_high=4 high_to_medium=3
Threshold intervals: low=200 medium=120 high=70
Loaded fault events: 600
Loaded control level events: 1295
STRATEGY RESULT: table
  total_cycle_count         = 50000
  scrub_cycle_count         = 246
  memory_read_count         = 3936
  memory_write_count        = 401
  corrected_error_count     = 401
  uncorrectable_detections  = 843
  unique_uncorrectable_words = 9
  interval_switch_count     = 1295
  memory_busy_cycle_count   = 4337
  busy_per_mille            = 86
Strategy comparison run passed for strategy table.
tb/tb_strategy_comparison.v:1002: $finish called at 500376000 (1ps)
vvp results/logs/strategy_comparison.out \
	+STRATEGY=2 \
	+TOTAL_RUN_CYCLES=50000 \
	+FIXED_INTERVAL=80 \
	+SAFE_INTERVAL=1 \
	+LEVEL0_INTERVAL=240 \
	+LEVEL1_INTERVAL=200 \
	+LEVEL2_INTERVAL=150 \
	+LEVEL3_INTERVAL=120 \
	+LEVEL4_INTERVAL=100 \
	+LEVEL5_INTERVAL=80 \
	+LEVEL6_INTERVAL=70 \
	+LEVEL7_INTERVAL=70 \
	+THRESHOLD_LOW_TO_MEDIUM=2 \
	+THRESHOLD_MEDIUM_TO_LOW=1 \
	+THRESHOLD_MEDIUM_TO_HIGH=4 \
	+THRESHOLD_HIGH_TO_MEDIUM=3 \
	+THRESHOLD_LOW_INTERVAL=200 \
	+THRESHOLD_MEDIUM_INTERVAL=120 \
	+THRESHOLD_HIGH_INTERVAL=70 \
	+TRACE_EXECUTION=0 \
	+TRACE_OUTPUT=results/tables/strategy_execution_trace.csv
VCD info: dumpfile results/logs/strategy_comparison.vcd opened for output.
Total run cycles: 50000
Fixed interval: 80
Safe interval: 1
Level intervals: L0=240 L1=200 L2=150 L3=120 L4=100 L5=80 L6=70 L7=70
Threshold levels: low_to_medium=2 medium_to_low=1 medium_to_high=4 high_to_medium=3
Threshold intervals: low=200 medium=120 high=70
Loaded fault events: 600
Loaded control level events: 1295
STRATEGY RESULT: threshold
  total_cycle_count         = 50000
  scrub_cycle_count         = 284
  memory_read_count         = 4544
  memory_write_count        = 417
  corrected_error_count     = 417
  uncorrectable_detections  = 792
  unique_uncorrectable_words = 8
  interval_switch_count     = 776
  memory_busy_cycle_count   = 4961
  busy_per_mille            = 99
Strategy comparison run passed for strategy threshold.
tb/tb_strategy_comparison.v:1002: $finish called at 500376000 (1ps)
cat results/tables/strategy_comparison.csv
strategy,total_cycles,scrub_cycles,reads,writes,corrected,uncorrectable_detections,unique_uncorrectable_words,interval_switches,safe_entries,safe_cycles,scrub_active_cycles,memory_busy_cycles,scrub_per_mille,busy_per_mille,safe_per_mille
fixed,50000,632,10112,481,481,1339,6,0,0,0,41561,10593,831,211,0
table,50000,246,3936,401,401,843,9,1295,0,0,16391,4337,327,86,0
threshold,50000,284,4544,417,417,792,8,776,0,0,18877,4961,377,99,0
make[4]: Leaving directory '/home/z3tm4n/adaptive_scrubbing'
make[4]: Entering directory '/home/z3tm4n/adaptive_scrubbing'
mkdir -p results/logs results/tables results/figures
python3 model/generate_fault_events.py \
	--scenario upsets \
	--input data/upsets.xlsx \
	--output tb/fault_events.csv \
	--control-output tb/control_levels.csv \
	--start-index 0 \
	--window-size 43824 \
	--total-cycles 50000 \
	--event-count 400 \
	--paired-event-count 100 \
	--pair-gap-min 60 \
	--pair-gap-max 300 \
	--cluster-event-count 0 \
	--cluster-bit-count 2 \
	--seed 26 \
	--control-quantization linear_max \
	--control-source risk_policy \
	--control-policy-schedule results/paper/tables/risk_policy_schedule.csv \
	--control-policy-level-map-output results/paper/tables/risk_policy_level_map.csv
Generated fault events: tb/fault_events.csv
Generated control levels: tb/control_levels.csv
Control level changes: 1295
Generated 600 fault injections
Scenario: upsets
Paired events: 100
Addresses with repeated injections: 16
Input: data/upsets.xlsx
Start index: 0
Window size: 43824
Total cycles: 50000
Single events: 400
Paired events: 100
Cluster events: 0
Cluster bit count: 2
Seed: 26
Control source: risk_policy
Control policy schedule: results/paper/tables/risk_policy_schedule.csv
Control policy level map: results/paper/tables/risk_policy_level_map.csv
iverilog -g2012 -o results/logs/strategy_comparison.out rtl/secded_32_39_encoder.v rtl/secded_32_39_decoder.v rtl/protected_memory_model.v rtl/interval_selector.v rtl/adaptive_scrub_controller.v tb/tb_strategy_comparison.v
rm -f results/tables/strategy_comparison.csv
echo "strategy,total_cycles,scrub_cycles,reads,writes,corrected,uncorrectable_detections,unique_uncorrectable_words,interval_switches,safe_entries,safe_cycles,scrub_active_cycles,memory_busy_cycles,scrub_per_mille,busy_per_mille,safe_per_mille" > results/tables/strategy_comparison.csv
vvp results/logs/strategy_comparison.out \
	+STRATEGY=0 \
	+TOTAL_RUN_CYCLES=50000 \
	+FIXED_INTERVAL=80 \
	+SAFE_INTERVAL=1 \
	+LEVEL0_INTERVAL=240 \
	+LEVEL1_INTERVAL=200 \
	+LEVEL2_INTERVAL=150 \
	+LEVEL3_INTERVAL=120 \
	+LEVEL4_INTERVAL=100 \
	+LEVEL5_INTERVAL=80 \
	+LEVEL6_INTERVAL=70 \
	+LEVEL7_INTERVAL=70 \
	+THRESHOLD_LOW_TO_MEDIUM=2 \
	+THRESHOLD_MEDIUM_TO_LOW=1 \
	+THRESHOLD_MEDIUM_TO_HIGH=4 \
	+THRESHOLD_HIGH_TO_MEDIUM=3 \
	+THRESHOLD_LOW_INTERVAL=200 \
	+THRESHOLD_MEDIUM_INTERVAL=120 \
	+THRESHOLD_HIGH_INTERVAL=70 \
	+TRACE_EXECUTION=0 \
	+TRACE_OUTPUT=results/tables/strategy_execution_trace.csv
VCD info: dumpfile results/logs/strategy_comparison.vcd opened for output.
Total run cycles: 50000
Fixed interval: 80
Safe interval: 1
Level intervals: L0=240 L1=200 L2=150 L3=120 L4=100 L5=80 L6=70 L7=70
Threshold levels: low_to_medium=2 medium_to_low=1 medium_to_high=4 high_to_medium=3
Threshold intervals: low=200 medium=120 high=70
Loaded fault events: 600
Loaded control level events: 1295
STRATEGY RESULT: fixed
  total_cycle_count         = 50000
  scrub_cycle_count         = 632
  memory_read_count         = 10112
  memory_write_count        = 522
  corrected_error_count     = 522
  uncorrectable_detections  = 612
  unique_uncorrectable_words = 4
  interval_switch_count     = 0
  memory_busy_cycle_count   = 10634
  busy_per_mille            = 212
Strategy comparison run passed for strategy fixed.
tb/tb_strategy_comparison.v:1002: $finish called at 500376000 (1ps)
vvp results/logs/strategy_comparison.out \
	+STRATEGY=1 \
	+TOTAL_RUN_CYCLES=50000 \
	+FIXED_INTERVAL=80 \
	+SAFE_INTERVAL=1 \
	+LEVEL0_INTERVAL=240 \
	+LEVEL1_INTERVAL=200 \
	+LEVEL2_INTERVAL=150 \
	+LEVEL3_INTERVAL=120 \
	+LEVEL4_INTERVAL=100 \
	+LEVEL5_INTERVAL=80 \
	+LEVEL6_INTERVAL=70 \
	+LEVEL7_INTERVAL=70 \
	+THRESHOLD_LOW_TO_MEDIUM=2 \
	+THRESHOLD_MEDIUM_TO_LOW=1 \
	+THRESHOLD_MEDIUM_TO_HIGH=4 \
	+THRESHOLD_HIGH_TO_MEDIUM=3 \
	+THRESHOLD_LOW_INTERVAL=200 \
	+THRESHOLD_MEDIUM_INTERVAL=120 \
	+THRESHOLD_HIGH_INTERVAL=70 \
	+TRACE_EXECUTION=0 \
	+TRACE_OUTPUT=results/tables/strategy_execution_trace.csv
VCD info: dumpfile results/logs/strategy_comparison.vcd opened for output.
Total run cycles: 50000
Fixed interval: 80
Safe interval: 1
Level intervals: L0=240 L1=200 L2=150 L3=120 L4=100 L5=80 L6=70 L7=70
Threshold levels: low_to_medium=2 medium_to_low=1 medium_to_high=4 high_to_medium=3
Threshold intervals: low=200 medium=120 high=70
Loaded fault events: 600
Loaded control level events: 1295
STRATEGY RESULT: table
  total_cycle_count         = 50000
  scrub_cycle_count         = 246
  memory_read_count         = 3936
  memory_write_count        = 418
  corrected_error_count     = 418
  uncorrectable_detections  = 680
  unique_uncorrectable_words = 6
  interval_switch_count     = 1295
  memory_busy_cycle_count   = 4354
  busy_per_mille            = 87
Strategy comparison run passed for strategy table.
tb/tb_strategy_comparison.v:1002: $finish called at 500376000 (1ps)
vvp results/logs/strategy_comparison.out \
	+STRATEGY=2 \
	+TOTAL_RUN_CYCLES=50000 \
	+FIXED_INTERVAL=80 \
	+SAFE_INTERVAL=1 \
	+LEVEL0_INTERVAL=240 \
	+LEVEL1_INTERVAL=200 \
	+LEVEL2_INTERVAL=150 \
	+LEVEL3_INTERVAL=120 \
	+LEVEL4_INTERVAL=100 \
	+LEVEL5_INTERVAL=80 \
	+LEVEL6_INTERVAL=70 \
	+LEVEL7_INTERVAL=70 \
	+THRESHOLD_LOW_TO_MEDIUM=2 \
	+THRESHOLD_MEDIUM_TO_LOW=1 \
	+THRESHOLD_MEDIUM_TO_HIGH=4 \
	+THRESHOLD_HIGH_TO_MEDIUM=3 \
	+THRESHOLD_LOW_INTERVAL=200 \
	+THRESHOLD_MEDIUM_INTERVAL=120 \
	+THRESHOLD_HIGH_INTERVAL=70 \
	+TRACE_EXECUTION=0 \
	+TRACE_OUTPUT=results/tables/strategy_execution_trace.csv
VCD info: dumpfile results/logs/strategy_comparison.vcd opened for output.
Total run cycles: 50000
Fixed interval: 80
Safe interval: 1
Level intervals: L0=240 L1=200 L2=150 L3=120 L4=100 L5=80 L6=70 L7=70
Threshold levels: low_to_medium=2 medium_to_low=1 medium_to_high=4 high_to_medium=3
Threshold intervals: low=200 medium=120 high=70
Loaded fault events: 600
Loaded control level events: 1295
STRATEGY RESULT: threshold
  total_cycle_count         = 50000
  scrub_cycle_count         = 284
  memory_read_count         = 4544
  memory_write_count        = 435
  corrected_error_count     = 435
  uncorrectable_detections  = 828
  unique_uncorrectable_words = 6
  interval_switch_count     = 776
  memory_busy_cycle_count   = 4979
  busy_per_mille            = 99
Strategy comparison run passed for strategy threshold.
tb/tb_strategy_comparison.v:1002: $finish called at 500376000 (1ps)
cat results/tables/strategy_comparison.csv
strategy,total_cycles,scrub_cycles,reads,writes,corrected,uncorrectable_detections,unique_uncorrectable_words,interval_switches,safe_entries,safe_cycles,scrub_active_cycles,memory_busy_cycles,scrub_per_mille,busy_per_mille,safe_per_mille
fixed,50000,632,10112,522,522,612,4,0,0,0,41602,10634,832,212,0
table,50000,246,3936,418,418,680,6,1295,0,0,16408,4354,328,87,0
threshold,50000,284,4544,435,435,828,6,776,0,0,18895,4979,377,99,0
make[4]: Leaving directory '/home/z3tm4n/adaptive_scrubbing'
make[4]: Entering directory '/home/z3tm4n/adaptive_scrubbing'
mkdir -p results/logs results/tables results/figures
python3 model/generate_fault_events.py \
	--scenario upsets \
	--input data/upsets.xlsx \
	--output tb/fault_events.csv \
	--control-output tb/control_levels.csv \
	--start-index 0 \
	--window-size 43824 \
	--total-cycles 50000 \
	--event-count 400 \
	--paired-event-count 100 \
	--pair-gap-min 60 \
	--pair-gap-max 300 \
	--cluster-event-count 0 \
	--cluster-bit-count 2 \
	--seed 27 \
	--control-quantization linear_max \
	--control-source risk_policy \
	--control-policy-schedule results/paper/tables/risk_policy_schedule.csv \
	--control-policy-level-map-output results/paper/tables/risk_policy_level_map.csv
Generated fault events: tb/fault_events.csv
Generated control levels: tb/control_levels.csv
Control level changes: 1295
Generated 600 fault injections
Scenario: upsets
Paired events: 100
Addresses with repeated injections: 16
Input: data/upsets.xlsx
Start index: 0
Window size: 43824
Total cycles: 50000
Single events: 400
Paired events: 100
Cluster events: 0
Cluster bit count: 2
Seed: 27
Control source: risk_policy
Control policy schedule: results/paper/tables/risk_policy_schedule.csv
Control policy level map: results/paper/tables/risk_policy_level_map.csv
iverilog -g2012 -o results/logs/strategy_comparison.out rtl/secded_32_39_encoder.v rtl/secded_32_39_decoder.v rtl/protected_memory_model.v rtl/interval_selector.v rtl/adaptive_scrub_controller.v tb/tb_strategy_comparison.v
rm -f results/tables/strategy_comparison.csv
echo "strategy,total_cycles,scrub_cycles,reads,writes,corrected,uncorrectable_detections,unique_uncorrectable_words,interval_switches,safe_entries,safe_cycles,scrub_active_cycles,memory_busy_cycles,scrub_per_mille,busy_per_mille,safe_per_mille" > results/tables/strategy_comparison.csv
vvp results/logs/strategy_comparison.out \
	+STRATEGY=0 \
	+TOTAL_RUN_CYCLES=50000 \
	+FIXED_INTERVAL=80 \
	+SAFE_INTERVAL=1 \
	+LEVEL0_INTERVAL=240 \
	+LEVEL1_INTERVAL=200 \
	+LEVEL2_INTERVAL=150 \
	+LEVEL3_INTERVAL=120 \
	+LEVEL4_INTERVAL=100 \
	+LEVEL5_INTERVAL=80 \
	+LEVEL6_INTERVAL=70 \
	+LEVEL7_INTERVAL=70 \
	+THRESHOLD_LOW_TO_MEDIUM=2 \
	+THRESHOLD_MEDIUM_TO_LOW=1 \
	+THRESHOLD_MEDIUM_TO_HIGH=4 \
	+THRESHOLD_HIGH_TO_MEDIUM=3 \
	+THRESHOLD_LOW_INTERVAL=200 \
	+THRESHOLD_MEDIUM_INTERVAL=120 \
	+THRESHOLD_HIGH_INTERVAL=70 \
	+TRACE_EXECUTION=0 \
	+TRACE_OUTPUT=results/tables/strategy_execution_trace.csv
VCD info: dumpfile results/logs/strategy_comparison.vcd opened for output.
Total run cycles: 50000
Fixed interval: 80
Safe interval: 1
Level intervals: L0=240 L1=200 L2=150 L3=120 L4=100 L5=80 L6=70 L7=70
Threshold levels: low_to_medium=2 medium_to_low=1 medium_to_high=4 high_to_medium=3
Threshold intervals: low=200 medium=120 high=70
Loaded fault events: 600
Loaded control level events: 1295
STRATEGY RESULT: fixed
  total_cycle_count         = 50000
  scrub_cycle_count         = 632
  memory_read_count         = 10112
  memory_write_count        = 526
  corrected_error_count     = 526
  uncorrectable_detections  = 487
  unique_uncorrectable_words = 5
  interval_switch_count     = 0
  memory_busy_cycle_count   = 10638
  busy_per_mille            = 212
Strategy comparison run passed for strategy fixed.
tb/tb_strategy_comparison.v:1002: $finish called at 500376000 (1ps)
vvp results/logs/strategy_comparison.out \
	+STRATEGY=1 \
	+TOTAL_RUN_CYCLES=50000 \
	+FIXED_INTERVAL=80 \
	+SAFE_INTERVAL=1 \
	+LEVEL0_INTERVAL=240 \
	+LEVEL1_INTERVAL=200 \
	+LEVEL2_INTERVAL=150 \
	+LEVEL3_INTERVAL=120 \
	+LEVEL4_INTERVAL=100 \
	+LEVEL5_INTERVAL=80 \
	+LEVEL6_INTERVAL=70 \
	+LEVEL7_INTERVAL=70 \
	+THRESHOLD_LOW_TO_MEDIUM=2 \
	+THRESHOLD_MEDIUM_TO_LOW=1 \
	+THRESHOLD_MEDIUM_TO_HIGH=4 \
	+THRESHOLD_HIGH_TO_MEDIUM=3 \
	+THRESHOLD_LOW_INTERVAL=200 \
	+THRESHOLD_MEDIUM_INTERVAL=120 \
	+THRESHOLD_HIGH_INTERVAL=70 \
	+TRACE_EXECUTION=0 \
	+TRACE_OUTPUT=results/tables/strategy_execution_trace.csv
VCD info: dumpfile results/logs/strategy_comparison.vcd opened for output.
Total run cycles: 50000
Fixed interval: 80
Safe interval: 1
Level intervals: L0=240 L1=200 L2=150 L3=120 L4=100 L5=80 L6=70 L7=70
Threshold levels: low_to_medium=2 medium_to_low=1 medium_to_high=4 high_to_medium=3
Threshold intervals: low=200 medium=120 high=70
Loaded fault events: 600
Loaded control level events: 1295
STRATEGY RESULT: table
  total_cycle_count         = 50000
  scrub_cycle_count         = 246
  memory_read_count         = 3936
  memory_write_count        = 424
  corrected_error_count     = 424
  uncorrectable_detections  = 700
  unique_uncorrectable_words = 3
  interval_switch_count     = 1295
  memory_busy_cycle_count   = 4360
  busy_per_mille            = 87
Strategy comparison run passed for strategy table.
tb/tb_strategy_comparison.v:1002: $finish called at 500376000 (1ps)
vvp results/logs/strategy_comparison.out \
	+STRATEGY=2 \
	+TOTAL_RUN_CYCLES=50000 \
	+FIXED_INTERVAL=80 \
	+SAFE_INTERVAL=1 \
	+LEVEL0_INTERVAL=240 \
	+LEVEL1_INTERVAL=200 \
	+LEVEL2_INTERVAL=150 \
	+LEVEL3_INTERVAL=120 \
	+LEVEL4_INTERVAL=100 \
	+LEVEL5_INTERVAL=80 \
	+LEVEL6_INTERVAL=70 \
	+LEVEL7_INTERVAL=70 \
	+THRESHOLD_LOW_TO_MEDIUM=2 \
	+THRESHOLD_MEDIUM_TO_LOW=1 \
	+THRESHOLD_MEDIUM_TO_HIGH=4 \
	+THRESHOLD_HIGH_TO_MEDIUM=3 \
	+THRESHOLD_LOW_INTERVAL=200 \
	+THRESHOLD_MEDIUM_INTERVAL=120 \
	+THRESHOLD_HIGH_INTERVAL=70 \
	+TRACE_EXECUTION=0 \
	+TRACE_OUTPUT=results/tables/strategy_execution_trace.csv
VCD info: dumpfile results/logs/strategy_comparison.vcd opened for output.
Total run cycles: 50000
Fixed interval: 80
Safe interval: 1
Level intervals: L0=240 L1=200 L2=150 L3=120 L4=100 L5=80 L6=70 L7=70
Threshold levels: low_to_medium=2 medium_to_low=1 medium_to_high=4 high_to_medium=3
Threshold intervals: low=200 medium=120 high=70
Loaded fault events: 600
Loaded control level events: 1295
STRATEGY RESULT: threshold
  total_cycle_count         = 50000
  scrub_cycle_count         = 284
  memory_read_count         = 4544
  memory_write_count        = 393
  corrected_error_count     = 393
  uncorrectable_detections  = 1122
  unique_uncorrectable_words = 6
  interval_switch_count     = 776
  memory_busy_cycle_count   = 4937
  busy_per_mille            = 98
Strategy comparison run passed for strategy threshold.
tb/tb_strategy_comparison.v:1002: $finish called at 500376000 (1ps)
cat results/tables/strategy_comparison.csv
strategy,total_cycles,scrub_cycles,reads,writes,corrected,uncorrectable_detections,unique_uncorrectable_words,interval_switches,safe_entries,safe_cycles,scrub_active_cycles,memory_busy_cycles,scrub_per_mille,busy_per_mille,safe_per_mille
fixed,50000,632,10112,526,526,487,5,0,0,0,41606,10638,832,212,0
table,50000,246,3936,424,424,700,3,1295,0,0,16414,4360,328,87,0
threshold,50000,284,4544,393,393,1122,6,776,0,0,18853,4937,377,98,0
make[4]: Leaving directory '/home/z3tm4n/adaptive_scrubbing'
make[4]: Entering directory '/home/z3tm4n/adaptive_scrubbing'
mkdir -p results/logs results/tables results/figures
python3 model/generate_fault_events.py \
	--scenario upsets \
	--input data/upsets.xlsx \
	--output tb/fault_events.csv \
	--control-output tb/control_levels.csv \
	--start-index 0 \
	--window-size 43824 \
	--total-cycles 50000 \
	--event-count 400 \
	--paired-event-count 100 \
	--pair-gap-min 60 \
	--pair-gap-max 300 \
	--cluster-event-count 0 \
	--cluster-bit-count 2 \
	--seed 28 \
	--control-quantization linear_max \
	--control-source risk_policy \
	--control-policy-schedule results/paper/tables/risk_policy_schedule.csv \
	--control-policy-level-map-output results/paper/tables/risk_policy_level_map.csv
Generated fault events: tb/fault_events.csv
Generated control levels: tb/control_levels.csv
Control level changes: 1295
Generated 600 fault injections
Scenario: upsets
Paired events: 100
Addresses with repeated injections: 16
Input: data/upsets.xlsx
Start index: 0
Window size: 43824
Total cycles: 50000
Single events: 400
Paired events: 100
Cluster events: 0
Cluster bit count: 2
Seed: 28
Control source: risk_policy
Control policy schedule: results/paper/tables/risk_policy_schedule.csv
Control policy level map: results/paper/tables/risk_policy_level_map.csv
iverilog -g2012 -o results/logs/strategy_comparison.out rtl/secded_32_39_encoder.v rtl/secded_32_39_decoder.v rtl/protected_memory_model.v rtl/interval_selector.v rtl/adaptive_scrub_controller.v tb/tb_strategy_comparison.v
rm -f results/tables/strategy_comparison.csv
echo "strategy,total_cycles,scrub_cycles,reads,writes,corrected,uncorrectable_detections,unique_uncorrectable_words,interval_switches,safe_entries,safe_cycles,scrub_active_cycles,memory_busy_cycles,scrub_per_mille,busy_per_mille,safe_per_mille" > results/tables/strategy_comparison.csv
vvp results/logs/strategy_comparison.out \
	+STRATEGY=0 \
	+TOTAL_RUN_CYCLES=50000 \
	+FIXED_INTERVAL=80 \
	+SAFE_INTERVAL=1 \
	+LEVEL0_INTERVAL=240 \
	+LEVEL1_INTERVAL=200 \
	+LEVEL2_INTERVAL=150 \
	+LEVEL3_INTERVAL=120 \
	+LEVEL4_INTERVAL=100 \
	+LEVEL5_INTERVAL=80 \
	+LEVEL6_INTERVAL=70 \
	+LEVEL7_INTERVAL=70 \
	+THRESHOLD_LOW_TO_MEDIUM=2 \
	+THRESHOLD_MEDIUM_TO_LOW=1 \
	+THRESHOLD_MEDIUM_TO_HIGH=4 \
	+THRESHOLD_HIGH_TO_MEDIUM=3 \
	+THRESHOLD_LOW_INTERVAL=200 \
	+THRESHOLD_MEDIUM_INTERVAL=120 \
	+THRESHOLD_HIGH_INTERVAL=70 \
	+TRACE_EXECUTION=0 \
	+TRACE_OUTPUT=results/tables/strategy_execution_trace.csv
VCD info: dumpfile results/logs/strategy_comparison.vcd opened for output.
Total run cycles: 50000
Fixed interval: 80
Safe interval: 1
Level intervals: L0=240 L1=200 L2=150 L3=120 L4=100 L5=80 L6=70 L7=70
Threshold levels: low_to_medium=2 medium_to_low=1 medium_to_high=4 high_to_medium=3
Threshold intervals: low=200 medium=120 high=70
Loaded fault events: 600
Loaded control level events: 1295
STRATEGY RESULT: fixed
  total_cycle_count         = 50000
  scrub_cycle_count         = 632
  memory_read_count         = 10112
  memory_write_count        = 485
  corrected_error_count     = 485
  uncorrectable_detections  = 1290
  unique_uncorrectable_words = 5
  interval_switch_count     = 0
  memory_busy_cycle_count   = 10597
  busy_per_mille            = 211
Strategy comparison run passed for strategy fixed.
tb/tb_strategy_comparison.v:1002: $finish called at 500376000 (1ps)
vvp results/logs/strategy_comparison.out \
	+STRATEGY=1 \
	+TOTAL_RUN_CYCLES=50000 \
	+FIXED_INTERVAL=80 \
	+SAFE_INTERVAL=1 \
	+LEVEL0_INTERVAL=240 \
	+LEVEL1_INTERVAL=200 \
	+LEVEL2_INTERVAL=150 \
	+LEVEL3_INTERVAL=120 \
	+LEVEL4_INTERVAL=100 \
	+LEVEL5_INTERVAL=80 \
	+LEVEL6_INTERVAL=70 \
	+LEVEL7_INTERVAL=70 \
	+THRESHOLD_LOW_TO_MEDIUM=2 \
	+THRESHOLD_MEDIUM_TO_LOW=1 \
	+THRESHOLD_MEDIUM_TO_HIGH=4 \
	+THRESHOLD_HIGH_TO_MEDIUM=3 \
	+THRESHOLD_LOW_INTERVAL=200 \
	+THRESHOLD_MEDIUM_INTERVAL=120 \
	+THRESHOLD_HIGH_INTERVAL=70 \
	+TRACE_EXECUTION=0 \
	+TRACE_OUTPUT=results/tables/strategy_execution_trace.csv
VCD info: dumpfile results/logs/strategy_comparison.vcd opened for output.
Total run cycles: 50000
Fixed interval: 80
Safe interval: 1
Level intervals: L0=240 L1=200 L2=150 L3=120 L4=100 L5=80 L6=70 L7=70
Threshold levels: low_to_medium=2 medium_to_low=1 medium_to_high=4 high_to_medium=3
Threshold intervals: low=200 medium=120 high=70
Loaded fault events: 600
Loaded control level events: 1295
STRATEGY RESULT: table
  total_cycle_count         = 50000
  scrub_cycle_count         = 246
  memory_read_count         = 3936
  memory_write_count        = 392
  corrected_error_count     = 392
  uncorrectable_detections  = 930
  unique_uncorrectable_words = 5
  interval_switch_count     = 1295
  memory_busy_cycle_count   = 4328
  busy_per_mille            = 86
Strategy comparison run passed for strategy table.
tb/tb_strategy_comparison.v:1002: $finish called at 500376000 (1ps)
vvp results/logs/strategy_comparison.out \
	+STRATEGY=2 \
	+TOTAL_RUN_CYCLES=50000 \
	+FIXED_INTERVAL=80 \
	+SAFE_INTERVAL=1 \
	+LEVEL0_INTERVAL=240 \
	+LEVEL1_INTERVAL=200 \
	+LEVEL2_INTERVAL=150 \
	+LEVEL3_INTERVAL=120 \
	+LEVEL4_INTERVAL=100 \
	+LEVEL5_INTERVAL=80 \
	+LEVEL6_INTERVAL=70 \
	+LEVEL7_INTERVAL=70 \
	+THRESHOLD_LOW_TO_MEDIUM=2 \
	+THRESHOLD_MEDIUM_TO_LOW=1 \
	+THRESHOLD_MEDIUM_TO_HIGH=4 \
	+THRESHOLD_HIGH_TO_MEDIUM=3 \
	+THRESHOLD_LOW_INTERVAL=200 \
	+THRESHOLD_MEDIUM_INTERVAL=120 \
	+THRESHOLD_HIGH_INTERVAL=70 \
	+TRACE_EXECUTION=0 \
	+TRACE_OUTPUT=results/tables/strategy_execution_trace.csv
VCD info: dumpfile results/logs/strategy_comparison.vcd opened for output.
Total run cycles: 50000
Fixed interval: 80
Safe interval: 1
Level intervals: L0=240 L1=200 L2=150 L3=120 L4=100 L5=80 L6=70 L7=70
Threshold levels: low_to_medium=2 medium_to_low=1 medium_to_high=4 high_to_medium=3
Threshold intervals: low=200 medium=120 high=70
Loaded fault events: 600
Loaded control level events: 1295
STRATEGY RESULT: threshold
  total_cycle_count         = 50000
  scrub_cycle_count         = 284
  memory_read_count         = 4544
  memory_write_count        = 416
  corrected_error_count     = 416
  uncorrectable_detections  = 864
  unique_uncorrectable_words = 5
  interval_switch_count     = 776
  memory_busy_cycle_count   = 4960
  busy_per_mille            = 99
Strategy comparison run passed for strategy threshold.
tb/tb_strategy_comparison.v:1002: $finish called at 500376000 (1ps)
cat results/tables/strategy_comparison.csv
strategy,total_cycles,scrub_cycles,reads,writes,corrected,uncorrectable_detections,unique_uncorrectable_words,interval_switches,safe_entries,safe_cycles,scrub_active_cycles,memory_busy_cycles,scrub_per_mille,busy_per_mille,safe_per_mille
fixed,50000,632,10112,485,485,1290,5,0,0,0,41565,10597,831,211,0
table,50000,246,3936,392,392,930,5,1295,0,0,16382,4328,327,86,0
threshold,50000,284,4544,416,416,864,5,776,0,0,18876,4960,377,99,0
make[4]: Leaving directory '/home/z3tm4n/adaptive_scrubbing'
make[4]: Entering directory '/home/z3tm4n/adaptive_scrubbing'
mkdir -p results/logs results/tables results/figures
python3 model/generate_fault_events.py \
	--scenario upsets \
	--input data/upsets.xlsx \
	--output tb/fault_events.csv \
	--control-output tb/control_levels.csv \
	--start-index 0 \
	--window-size 43824 \
	--total-cycles 50000 \
	--event-count 400 \
	--paired-event-count 100 \
	--pair-gap-min 60 \
	--pair-gap-max 300 \
	--cluster-event-count 0 \
	--cluster-bit-count 2 \
	--seed 29 \
	--control-quantization linear_max \
	--control-source risk_policy \
	--control-policy-schedule results/paper/tables/risk_policy_schedule.csv \
	--control-policy-level-map-output results/paper/tables/risk_policy_level_map.csv
Generated fault events: tb/fault_events.csv
Generated control levels: tb/control_levels.csv
Control level changes: 1295
Generated 600 fault injections
Scenario: upsets
Paired events: 100
Addresses with repeated injections: 16
Input: data/upsets.xlsx
Start index: 0
Window size: 43824
Total cycles: 50000
Single events: 400
Paired events: 100
Cluster events: 0
Cluster bit count: 2
Seed: 29
Control source: risk_policy
Control policy schedule: results/paper/tables/risk_policy_schedule.csv
Control policy level map: results/paper/tables/risk_policy_level_map.csv
iverilog -g2012 -o results/logs/strategy_comparison.out rtl/secded_32_39_encoder.v rtl/secded_32_39_decoder.v rtl/protected_memory_model.v rtl/interval_selector.v rtl/adaptive_scrub_controller.v tb/tb_strategy_comparison.v
rm -f results/tables/strategy_comparison.csv
echo "strategy,total_cycles,scrub_cycles,reads,writes,corrected,uncorrectable_detections,unique_uncorrectable_words,interval_switches,safe_entries,safe_cycles,scrub_active_cycles,memory_busy_cycles,scrub_per_mille,busy_per_mille,safe_per_mille" > results/tables/strategy_comparison.csv
vvp results/logs/strategy_comparison.out \
	+STRATEGY=0 \
	+TOTAL_RUN_CYCLES=50000 \
	+FIXED_INTERVAL=80 \
	+SAFE_INTERVAL=1 \
	+LEVEL0_INTERVAL=240 \
	+LEVEL1_INTERVAL=200 \
	+LEVEL2_INTERVAL=150 \
	+LEVEL3_INTERVAL=120 \
	+LEVEL4_INTERVAL=100 \
	+LEVEL5_INTERVAL=80 \
	+LEVEL6_INTERVAL=70 \
	+LEVEL7_INTERVAL=70 \
	+THRESHOLD_LOW_TO_MEDIUM=2 \
	+THRESHOLD_MEDIUM_TO_LOW=1 \
	+THRESHOLD_MEDIUM_TO_HIGH=4 \
	+THRESHOLD_HIGH_TO_MEDIUM=3 \
	+THRESHOLD_LOW_INTERVAL=200 \
	+THRESHOLD_MEDIUM_INTERVAL=120 \
	+THRESHOLD_HIGH_INTERVAL=70 \
	+TRACE_EXECUTION=0 \
	+TRACE_OUTPUT=results/tables/strategy_execution_trace.csv
VCD info: dumpfile results/logs/strategy_comparison.vcd opened for output.
Total run cycles: 50000
Fixed interval: 80
Safe interval: 1
Level intervals: L0=240 L1=200 L2=150 L3=120 L4=100 L5=80 L6=70 L7=70
Threshold levels: low_to_medium=2 medium_to_low=1 medium_to_high=4 high_to_medium=3
Threshold intervals: low=200 medium=120 high=70
Loaded fault events: 600
Loaded control level events: 1295
STRATEGY RESULT: fixed
  total_cycle_count         = 50000
  scrub_cycle_count         = 632
  memory_read_count         = 10112
  memory_write_count        = 529
  corrected_error_count     = 529
  uncorrectable_detections  = 704
  unique_uncorrectable_words = 3
  interval_switch_count     = 0
  memory_busy_cycle_count   = 10641
  busy_per_mille            = 212
Strategy comparison run passed for strategy fixed.
tb/tb_strategy_comparison.v:1002: $finish called at 500376000 (1ps)
vvp results/logs/strategy_comparison.out \
	+STRATEGY=1 \
	+TOTAL_RUN_CYCLES=50000 \
	+FIXED_INTERVAL=80 \
	+SAFE_INTERVAL=1 \
	+LEVEL0_INTERVAL=240 \
	+LEVEL1_INTERVAL=200 \
	+LEVEL2_INTERVAL=150 \
	+LEVEL3_INTERVAL=120 \
	+LEVEL4_INTERVAL=100 \
	+LEVEL5_INTERVAL=80 \
	+LEVEL6_INTERVAL=70 \
	+LEVEL7_INTERVAL=70 \
	+THRESHOLD_LOW_TO_MEDIUM=2 \
	+THRESHOLD_MEDIUM_TO_LOW=1 \
	+THRESHOLD_MEDIUM_TO_HIGH=4 \
	+THRESHOLD_HIGH_TO_MEDIUM=3 \
	+THRESHOLD_LOW_INTERVAL=200 \
	+THRESHOLD_MEDIUM_INTERVAL=120 \
	+THRESHOLD_HIGH_INTERVAL=70 \
	+TRACE_EXECUTION=0 \
	+TRACE_OUTPUT=results/tables/strategy_execution_trace.csv
VCD info: dumpfile results/logs/strategy_comparison.vcd opened for output.
Total run cycles: 50000
Fixed interval: 80
Safe interval: 1
Level intervals: L0=240 L1=200 L2=150 L3=120 L4=100 L5=80 L6=70 L7=70
Threshold levels: low_to_medium=2 medium_to_low=1 medium_to_high=4 high_to_medium=3
Threshold intervals: low=200 medium=120 high=70
Loaded fault events: 600
Loaded control level events: 1295
STRATEGY RESULT: table
  total_cycle_count         = 50000
  scrub_cycle_count         = 246
  memory_read_count         = 3936
  memory_write_count        = 403
  corrected_error_count     = 403
  uncorrectable_detections  = 979
  unique_uncorrectable_words = 5
  interval_switch_count     = 1295
  memory_busy_cycle_count   = 4339
  busy_per_mille            = 86
Strategy comparison run passed for strategy table.
tb/tb_strategy_comparison.v:1002: $finish called at 500376000 (1ps)
vvp results/logs/strategy_comparison.out \
	+STRATEGY=2 \
	+TOTAL_RUN_CYCLES=50000 \
	+FIXED_INTERVAL=80 \
	+SAFE_INTERVAL=1 \
	+LEVEL0_INTERVAL=240 \
	+LEVEL1_INTERVAL=200 \
	+LEVEL2_INTERVAL=150 \
	+LEVEL3_INTERVAL=120 \
	+LEVEL4_INTERVAL=100 \
	+LEVEL5_INTERVAL=80 \
	+LEVEL6_INTERVAL=70 \
	+LEVEL7_INTERVAL=70 \
	+THRESHOLD_LOW_TO_MEDIUM=2 \
	+THRESHOLD_MEDIUM_TO_LOW=1 \
	+THRESHOLD_MEDIUM_TO_HIGH=4 \
	+THRESHOLD_HIGH_TO_MEDIUM=3 \
	+THRESHOLD_LOW_INTERVAL=200 \
	+THRESHOLD_MEDIUM_INTERVAL=120 \
	+THRESHOLD_HIGH_INTERVAL=70 \
	+TRACE_EXECUTION=0 \
	+TRACE_OUTPUT=results/tables/strategy_execution_trace.csv
VCD info: dumpfile results/logs/strategy_comparison.vcd opened for output.
Total run cycles: 50000
Fixed interval: 80
Safe interval: 1
Level intervals: L0=240 L1=200 L2=150 L3=120 L4=100 L5=80 L6=70 L7=70
Threshold levels: low_to_medium=2 medium_to_low=1 medium_to_high=4 high_to_medium=3
Threshold intervals: low=200 medium=120 high=70
Loaded fault events: 600
Loaded control level events: 1295
STRATEGY RESULT: threshold
  total_cycle_count         = 50000
  scrub_cycle_count         = 284
  memory_read_count         = 4544
  memory_write_count        = 459
  corrected_error_count     = 459
  uncorrectable_detections  = 631
  unique_uncorrectable_words = 4
  interval_switch_count     = 776
  memory_busy_cycle_count   = 5003
  busy_per_mille            = 100
Strategy comparison run passed for strategy threshold.
tb/tb_strategy_comparison.v:1002: $finish called at 500376000 (1ps)
cat results/tables/strategy_comparison.csv
strategy,total_cycles,scrub_cycles,reads,writes,corrected,uncorrectable_detections,unique_uncorrectable_words,interval_switches,safe_entries,safe_cycles,scrub_active_cycles,memory_busy_cycles,scrub_per_mille,busy_per_mille,safe_per_mille
fixed,50000,632,10112,529,529,704,3,0,0,0,41609,10641,832,212,0
table,50000,246,3936,403,403,979,5,1295,0,0,16393,4339,327,86,0
threshold,50000,284,4544,459,459,631,4,776,0,0,18919,5003,378,100,0
make[4]: Leaving directory '/home/z3tm4n/adaptive_scrubbing'
make[4]: Entering directory '/home/z3tm4n/adaptive_scrubbing'
mkdir -p results/logs results/tables results/figures
python3 model/generate_fault_events.py \
	--scenario upsets \
	--input data/upsets.xlsx \
	--output tb/fault_events.csv \
	--control-output tb/control_levels.csv \
	--start-index 0 \
	--window-size 43824 \
	--total-cycles 50000 \
	--event-count 400 \
	--paired-event-count 100 \
	--pair-gap-min 60 \
	--pair-gap-max 300 \
	--cluster-event-count 0 \
	--cluster-bit-count 2 \
	--seed 30 \
	--control-quantization linear_max \
	--control-source risk_policy \
	--control-policy-schedule results/paper/tables/risk_policy_schedule.csv \
	--control-policy-level-map-output results/paper/tables/risk_policy_level_map.csv
Generated fault events: tb/fault_events.csv
Generated control levels: tb/control_levels.csv
Control level changes: 1295
Generated 600 fault injections
Scenario: upsets
Paired events: 100
Addresses with repeated injections: 16
Input: data/upsets.xlsx
Start index: 0
Window size: 43824
Total cycles: 50000
Single events: 400
Paired events: 100
Cluster events: 0
Cluster bit count: 2
Seed: 30
Control source: risk_policy
Control policy schedule: results/paper/tables/risk_policy_schedule.csv
Control policy level map: results/paper/tables/risk_policy_level_map.csv
iverilog -g2012 -o results/logs/strategy_comparison.out rtl/secded_32_39_encoder.v rtl/secded_32_39_decoder.v rtl/protected_memory_model.v rtl/interval_selector.v rtl/adaptive_scrub_controller.v tb/tb_strategy_comparison.v
rm -f results/tables/strategy_comparison.csv
echo "strategy,total_cycles,scrub_cycles,reads,writes,corrected,uncorrectable_detections,unique_uncorrectable_words,interval_switches,safe_entries,safe_cycles,scrub_active_cycles,memory_busy_cycles,scrub_per_mille,busy_per_mille,safe_per_mille" > results/tables/strategy_comparison.csv
vvp results/logs/strategy_comparison.out \
	+STRATEGY=0 \
	+TOTAL_RUN_CYCLES=50000 \
	+FIXED_INTERVAL=80 \
	+SAFE_INTERVAL=1 \
	+LEVEL0_INTERVAL=240 \
	+LEVEL1_INTERVAL=200 \
	+LEVEL2_INTERVAL=150 \
	+LEVEL3_INTERVAL=120 \
	+LEVEL4_INTERVAL=100 \
	+LEVEL5_INTERVAL=80 \
	+LEVEL6_INTERVAL=70 \
	+LEVEL7_INTERVAL=70 \
	+THRESHOLD_LOW_TO_MEDIUM=2 \
	+THRESHOLD_MEDIUM_TO_LOW=1 \
	+THRESHOLD_MEDIUM_TO_HIGH=4 \
	+THRESHOLD_HIGH_TO_MEDIUM=3 \
	+THRESHOLD_LOW_INTERVAL=200 \
	+THRESHOLD_MEDIUM_INTERVAL=120 \
	+THRESHOLD_HIGH_INTERVAL=70 \
	+TRACE_EXECUTION=0 \
	+TRACE_OUTPUT=results/tables/strategy_execution_trace.csv
VCD info: dumpfile results/logs/strategy_comparison.vcd opened for output.
Total run cycles: 50000
Fixed interval: 80
Safe interval: 1
Level intervals: L0=240 L1=200 L2=150 L3=120 L4=100 L5=80 L6=70 L7=70
Threshold levels: low_to_medium=2 medium_to_low=1 medium_to_high=4 high_to_medium=3
Threshold intervals: low=200 medium=120 high=70
Loaded fault events: 600
Loaded control level events: 1295
STRATEGY RESULT: fixed
  total_cycle_count         = 50000
  scrub_cycle_count         = 632
  memory_read_count         = 10112
  memory_write_count        = 524
  corrected_error_count     = 524
  uncorrectable_detections  = 529
  unique_uncorrectable_words = 4
  interval_switch_count     = 0
  memory_busy_cycle_count   = 10636
  busy_per_mille            = 212
Strategy comparison run passed for strategy fixed.
tb/tb_strategy_comparison.v:1002: $finish called at 500376000 (1ps)
vvp results/logs/strategy_comparison.out \
	+STRATEGY=1 \
	+TOTAL_RUN_CYCLES=50000 \
	+FIXED_INTERVAL=80 \
	+SAFE_INTERVAL=1 \
	+LEVEL0_INTERVAL=240 \
	+LEVEL1_INTERVAL=200 \
	+LEVEL2_INTERVAL=150 \
	+LEVEL3_INTERVAL=120 \
	+LEVEL4_INTERVAL=100 \
	+LEVEL5_INTERVAL=80 \
	+LEVEL6_INTERVAL=70 \
	+LEVEL7_INTERVAL=70 \
	+THRESHOLD_LOW_TO_MEDIUM=2 \
	+THRESHOLD_MEDIUM_TO_LOW=1 \
	+THRESHOLD_MEDIUM_TO_HIGH=4 \
	+THRESHOLD_HIGH_TO_MEDIUM=3 \
	+THRESHOLD_LOW_INTERVAL=200 \
	+THRESHOLD_MEDIUM_INTERVAL=120 \
	+THRESHOLD_HIGH_INTERVAL=70 \
	+TRACE_EXECUTION=0 \
	+TRACE_OUTPUT=results/tables/strategy_execution_trace.csv
VCD info: dumpfile results/logs/strategy_comparison.vcd opened for output.
Total run cycles: 50000
Fixed interval: 80
Safe interval: 1
Level intervals: L0=240 L1=200 L2=150 L3=120 L4=100 L5=80 L6=70 L7=70
Threshold levels: low_to_medium=2 medium_to_low=1 medium_to_high=4 high_to_medium=3
Threshold intervals: low=200 medium=120 high=70
Loaded fault events: 600
Loaded control level events: 1295
STRATEGY RESULT: table
  total_cycle_count         = 50000
  scrub_cycle_count         = 246
  memory_read_count         = 3936
  memory_write_count        = 413
  corrected_error_count     = 413
  uncorrectable_detections  = 810
  unique_uncorrectable_words = 3
  interval_switch_count     = 1295
  memory_busy_cycle_count   = 4349
  busy_per_mille            = 86
Strategy comparison run passed for strategy table.
tb/tb_strategy_comparison.v:1002: $finish called at 500376000 (1ps)
vvp results/logs/strategy_comparison.out \
	+STRATEGY=2 \
	+TOTAL_RUN_CYCLES=50000 \
	+FIXED_INTERVAL=80 \
	+SAFE_INTERVAL=1 \
	+LEVEL0_INTERVAL=240 \
	+LEVEL1_INTERVAL=200 \
	+LEVEL2_INTERVAL=150 \
	+LEVEL3_INTERVAL=120 \
	+LEVEL4_INTERVAL=100 \
	+LEVEL5_INTERVAL=80 \
	+LEVEL6_INTERVAL=70 \
	+LEVEL7_INTERVAL=70 \
	+THRESHOLD_LOW_TO_MEDIUM=2 \
	+THRESHOLD_MEDIUM_TO_LOW=1 \
	+THRESHOLD_MEDIUM_TO_HIGH=4 \
	+THRESHOLD_HIGH_TO_MEDIUM=3 \
	+THRESHOLD_LOW_INTERVAL=200 \
	+THRESHOLD_MEDIUM_INTERVAL=120 \
	+THRESHOLD_HIGH_INTERVAL=70 \
	+TRACE_EXECUTION=0 \
	+TRACE_OUTPUT=results/tables/strategy_execution_trace.csv
VCD info: dumpfile results/logs/strategy_comparison.vcd opened for output.
Total run cycles: 50000
Fixed interval: 80
Safe interval: 1
Level intervals: L0=240 L1=200 L2=150 L3=120 L4=100 L5=80 L6=70 L7=70
Threshold levels: low_to_medium=2 medium_to_low=1 medium_to_high=4 high_to_medium=3
Threshold intervals: low=200 medium=120 high=70
Loaded fault events: 600
Loaded control level events: 1295
STRATEGY RESULT: threshold
  total_cycle_count         = 50000
  scrub_cycle_count         = 284
  memory_read_count         = 4544
  memory_write_count        = 445
  corrected_error_count     = 445
  uncorrectable_detections  = 615
  unique_uncorrectable_words = 4
  interval_switch_count     = 776
  memory_busy_cycle_count   = 4989
  busy_per_mille            = 99
Strategy comparison run passed for strategy threshold.
tb/tb_strategy_comparison.v:1002: $finish called at 500376000 (1ps)
cat results/tables/strategy_comparison.csv
strategy,total_cycles,scrub_cycles,reads,writes,corrected,uncorrectable_detections,unique_uncorrectable_words,interval_switches,safe_entries,safe_cycles,scrub_active_cycles,memory_busy_cycles,scrub_per_mille,busy_per_mille,safe_per_mille
fixed,50000,632,10112,524,524,529,4,0,0,0,41604,10636,832,212,0
table,50000,246,3936,413,413,810,3,1295,0,0,16403,4349,328,86,0
threshold,50000,284,4544,445,445,615,4,776,0,0,18905,4989,378,99,0
make[4]: Leaving directory '/home/z3tm4n/adaptive_scrubbing'

================================================================================
Running seed 1
make test_strategy_comparison FAULT_SCENARIO=upsets FAULT_TOTAL_CYCLES=50000 FAULT_WINDOW_SIZE=43824 FAULT_EVENT_COUNT=400 FAULT_PAIRED_EVENT_COUNT=100 FAULT_PAIR_GAP_MIN=60 FAULT_PAIR_GAP_MAX=300 FAULT_CLUSTER_EVENT_COUNT=0 FAULT_CLUSTER_BIT_COUNT=2 FAULT_SEED=1 CONTROL_QUANTIZATION=linear_max CONTROL_SOURCE=risk_policy CONTROL_POLICY_SCHEDULE=results/paper/tables/risk_policy_schedule.csv CONTROL_POLICY_LEVEL_MAP_OUTPUT=results/paper/tables/risk_policy_level_map.csv SAFE_INTERVAL=1 LEVEL0_INTERVAL=240 LEVEL1_INTERVAL=200 LEVEL2_INTERVAL=150 LEVEL3_INTERVAL=120 LEVEL4_INTERVAL=100 LEVEL5_INTERVAL=80 LEVEL6_INTERVAL=70 LEVEL7_INTERVAL=70 THRESHOLD_LOW_TO_MEDIUM=2 THRESHOLD_MEDIUM_TO_LOW=1 THRESHOLD_MEDIUM_TO_HIGH=4 THRESHOLD_HIGH_TO_MEDIUM=3 THRESHOLD_LOW_INTERVAL=200 THRESHOLD_MEDIUM_INTERVAL=120 THRESHOLD_HIGH_INTERVAL=70
================================================================================

================================================================================
Running seed 2
make test_strategy_comparison FAULT_SCENARIO=upsets FAULT_TOTAL_CYCLES=50000 FAULT_WINDOW_SIZE=43824 FAULT_EVENT_COUNT=400 FAULT_PAIRED_EVENT_COUNT=100 FAULT_PAIR_GAP_MIN=60 FAULT_PAIR_GAP_MAX=300 FAULT_CLUSTER_EVENT_COUNT=0 FAULT_CLUSTER_BIT_COUNT=2 FAULT_SEED=2 CONTROL_QUANTIZATION=linear_max CONTROL_SOURCE=risk_policy CONTROL_POLICY_SCHEDULE=results/paper/tables/risk_policy_schedule.csv CONTROL_POLICY_LEVEL_MAP_OUTPUT=results/paper/tables/risk_policy_level_map.csv SAFE_INTERVAL=1 LEVEL0_INTERVAL=240 LEVEL1_INTERVAL=200 LEVEL2_INTERVAL=150 LEVEL3_INTERVAL=120 LEVEL4_INTERVAL=100 LEVEL5_INTERVAL=80 LEVEL6_INTERVAL=70 LEVEL7_INTERVAL=70 THRESHOLD_LOW_TO_MEDIUM=2 THRESHOLD_MEDIUM_TO_LOW=1 THRESHOLD_MEDIUM_TO_HIGH=4 THRESHOLD_HIGH_TO_MEDIUM=3 THRESHOLD_LOW_INTERVAL=200 THRESHOLD_MEDIUM_INTERVAL=120 THRESHOLD_HIGH_INTERVAL=70
================================================================================

================================================================================
Running seed 3
make test_strategy_comparison FAULT_SCENARIO=upsets FAULT_TOTAL_CYCLES=50000 FAULT_WINDOW_SIZE=43824 FAULT_EVENT_COUNT=400 FAULT_PAIRED_EVENT_COUNT=100 FAULT_PAIR_GAP_MIN=60 FAULT_PAIR_GAP_MAX=300 FAULT_CLUSTER_EVENT_COUNT=0 FAULT_CLUSTER_BIT_COUNT=2 FAULT_SEED=3 CONTROL_QUANTIZATION=linear_max CONTROL_SOURCE=risk_policy CONTROL_POLICY_SCHEDULE=results/paper/tables/risk_policy_schedule.csv CONTROL_POLICY_LEVEL_MAP_OUTPUT=results/paper/tables/risk_policy_level_map.csv SAFE_INTERVAL=1 LEVEL0_INTERVAL=240 LEVEL1_INTERVAL=200 LEVEL2_INTERVAL=150 LEVEL3_INTERVAL=120 LEVEL4_INTERVAL=100 LEVEL5_INTERVAL=80 LEVEL6_INTERVAL=70 LEVEL7_INTERVAL=70 THRESHOLD_LOW_TO_MEDIUM=2 THRESHOLD_MEDIUM_TO_LOW=1 THRESHOLD_MEDIUM_TO_HIGH=4 THRESHOLD_HIGH_TO_MEDIUM=3 THRESHOLD_LOW_INTERVAL=200 THRESHOLD_MEDIUM_INTERVAL=120 THRESHOLD_HIGH_INTERVAL=70
================================================================================

================================================================================
Running seed 4
make test_strategy_comparison FAULT_SCENARIO=upsets FAULT_TOTAL_CYCLES=50000 FAULT_WINDOW_SIZE=43824 FAULT_EVENT_COUNT=400 FAULT_PAIRED_EVENT_COUNT=100 FAULT_PAIR_GAP_MIN=60 FAULT_PAIR_GAP_MAX=300 FAULT_CLUSTER_EVENT_COUNT=0 FAULT_CLUSTER_BIT_COUNT=2 FAULT_SEED=4 CONTROL_QUANTIZATION=linear_max CONTROL_SOURCE=risk_policy CONTROL_POLICY_SCHEDULE=results/paper/tables/risk_policy_schedule.csv CONTROL_POLICY_LEVEL_MAP_OUTPUT=results/paper/tables/risk_policy_level_map.csv SAFE_INTERVAL=1 LEVEL0_INTERVAL=240 LEVEL1_INTERVAL=200 LEVEL2_INTERVAL=150 LEVEL3_INTERVAL=120 LEVEL4_INTERVAL=100 LEVEL5_INTERVAL=80 LEVEL6_INTERVAL=70 LEVEL7_INTERVAL=70 THRESHOLD_LOW_TO_MEDIUM=2 THRESHOLD_MEDIUM_TO_LOW=1 THRESHOLD_MEDIUM_TO_HIGH=4 THRESHOLD_HIGH_TO_MEDIUM=3 THRESHOLD_LOW_INTERVAL=200 THRESHOLD_MEDIUM_INTERVAL=120 THRESHOLD_HIGH_INTERVAL=70
================================================================================

================================================================================
Running seed 5
make test_strategy_comparison FAULT_SCENARIO=upsets FAULT_TOTAL_CYCLES=50000 FAULT_WINDOW_SIZE=43824 FAULT_EVENT_COUNT=400 FAULT_PAIRED_EVENT_COUNT=100 FAULT_PAIR_GAP_MIN=60 FAULT_PAIR_GAP_MAX=300 FAULT_CLUSTER_EVENT_COUNT=0 FAULT_CLUSTER_BIT_COUNT=2 FAULT_SEED=5 CONTROL_QUANTIZATION=linear_max CONTROL_SOURCE=risk_policy CONTROL_POLICY_SCHEDULE=results/paper/tables/risk_policy_schedule.csv CONTROL_POLICY_LEVEL_MAP_OUTPUT=results/paper/tables/risk_policy_level_map.csv SAFE_INTERVAL=1 LEVEL0_INTERVAL=240 LEVEL1_INTERVAL=200 LEVEL2_INTERVAL=150 LEVEL3_INTERVAL=120 LEVEL4_INTERVAL=100 LEVEL5_INTERVAL=80 LEVEL6_INTERVAL=70 LEVEL7_INTERVAL=70 THRESHOLD_LOW_TO_MEDIUM=2 THRESHOLD_MEDIUM_TO_LOW=1 THRESHOLD_MEDIUM_TO_HIGH=4 THRESHOLD_HIGH_TO_MEDIUM=3 THRESHOLD_LOW_INTERVAL=200 THRESHOLD_MEDIUM_INTERVAL=120 THRESHOLD_HIGH_INTERVAL=70
================================================================================

================================================================================
Running seed 6
make test_strategy_comparison FAULT_SCENARIO=upsets FAULT_TOTAL_CYCLES=50000 FAULT_WINDOW_SIZE=43824 FAULT_EVENT_COUNT=400 FAULT_PAIRED_EVENT_COUNT=100 FAULT_PAIR_GAP_MIN=60 FAULT_PAIR_GAP_MAX=300 FAULT_CLUSTER_EVENT_COUNT=0 FAULT_CLUSTER_BIT_COUNT=2 FAULT_SEED=6 CONTROL_QUANTIZATION=linear_max CONTROL_SOURCE=risk_policy CONTROL_POLICY_SCHEDULE=results/paper/tables/risk_policy_schedule.csv CONTROL_POLICY_LEVEL_MAP_OUTPUT=results/paper/tables/risk_policy_level_map.csv SAFE_INTERVAL=1 LEVEL0_INTERVAL=240 LEVEL1_INTERVAL=200 LEVEL2_INTERVAL=150 LEVEL3_INTERVAL=120 LEVEL4_INTERVAL=100 LEVEL5_INTERVAL=80 LEVEL6_INTERVAL=70 LEVEL7_INTERVAL=70 THRESHOLD_LOW_TO_MEDIUM=2 THRESHOLD_MEDIUM_TO_LOW=1 THRESHOLD_MEDIUM_TO_HIGH=4 THRESHOLD_HIGH_TO_MEDIUM=3 THRESHOLD_LOW_INTERVAL=200 THRESHOLD_MEDIUM_INTERVAL=120 THRESHOLD_HIGH_INTERVAL=70
================================================================================

================================================================================
Running seed 7
make test_strategy_comparison FAULT_SCENARIO=upsets FAULT_TOTAL_CYCLES=50000 FAULT_WINDOW_SIZE=43824 FAULT_EVENT_COUNT=400 FAULT_PAIRED_EVENT_COUNT=100 FAULT_PAIR_GAP_MIN=60 FAULT_PAIR_GAP_MAX=300 FAULT_CLUSTER_EVENT_COUNT=0 FAULT_CLUSTER_BIT_COUNT=2 FAULT_SEED=7 CONTROL_QUANTIZATION=linear_max CONTROL_SOURCE=risk_policy CONTROL_POLICY_SCHEDULE=results/paper/tables/risk_policy_schedule.csv CONTROL_POLICY_LEVEL_MAP_OUTPUT=results/paper/tables/risk_policy_level_map.csv SAFE_INTERVAL=1 LEVEL0_INTERVAL=240 LEVEL1_INTERVAL=200 LEVEL2_INTERVAL=150 LEVEL3_INTERVAL=120 LEVEL4_INTERVAL=100 LEVEL5_INTERVAL=80 LEVEL6_INTERVAL=70 LEVEL7_INTERVAL=70 THRESHOLD_LOW_TO_MEDIUM=2 THRESHOLD_MEDIUM_TO_LOW=1 THRESHOLD_MEDIUM_TO_HIGH=4 THRESHOLD_HIGH_TO_MEDIUM=3 THRESHOLD_LOW_INTERVAL=200 THRESHOLD_MEDIUM_INTERVAL=120 THRESHOLD_HIGH_INTERVAL=70
================================================================================

================================================================================
Running seed 8
make test_strategy_comparison FAULT_SCENARIO=upsets FAULT_TOTAL_CYCLES=50000 FAULT_WINDOW_SIZE=43824 FAULT_EVENT_COUNT=400 FAULT_PAIRED_EVENT_COUNT=100 FAULT_PAIR_GAP_MIN=60 FAULT_PAIR_GAP_MAX=300 FAULT_CLUSTER_EVENT_COUNT=0 FAULT_CLUSTER_BIT_COUNT=2 FAULT_SEED=8 CONTROL_QUANTIZATION=linear_max CONTROL_SOURCE=risk_policy CONTROL_POLICY_SCHEDULE=results/paper/tables/risk_policy_schedule.csv CONTROL_POLICY_LEVEL_MAP_OUTPUT=results/paper/tables/risk_policy_level_map.csv SAFE_INTERVAL=1 LEVEL0_INTERVAL=240 LEVEL1_INTERVAL=200 LEVEL2_INTERVAL=150 LEVEL3_INTERVAL=120 LEVEL4_INTERVAL=100 LEVEL5_INTERVAL=80 LEVEL6_INTERVAL=70 LEVEL7_INTERVAL=70 THRESHOLD_LOW_TO_MEDIUM=2 THRESHOLD_MEDIUM_TO_LOW=1 THRESHOLD_MEDIUM_TO_HIGH=4 THRESHOLD_HIGH_TO_MEDIUM=3 THRESHOLD_LOW_INTERVAL=200 THRESHOLD_MEDIUM_INTERVAL=120 THRESHOLD_HIGH_INTERVAL=70
================================================================================

================================================================================
Running seed 9
make test_strategy_comparison FAULT_SCENARIO=upsets FAULT_TOTAL_CYCLES=50000 FAULT_WINDOW_SIZE=43824 FAULT_EVENT_COUNT=400 FAULT_PAIRED_EVENT_COUNT=100 FAULT_PAIR_GAP_MIN=60 FAULT_PAIR_GAP_MAX=300 FAULT_CLUSTER_EVENT_COUNT=0 FAULT_CLUSTER_BIT_COUNT=2 FAULT_SEED=9 CONTROL_QUANTIZATION=linear_max CONTROL_SOURCE=risk_policy CONTROL_POLICY_SCHEDULE=results/paper/tables/risk_policy_schedule.csv CONTROL_POLICY_LEVEL_MAP_OUTPUT=results/paper/tables/risk_policy_level_map.csv SAFE_INTERVAL=1 LEVEL0_INTERVAL=240 LEVEL1_INTERVAL=200 LEVEL2_INTERVAL=150 LEVEL3_INTERVAL=120 LEVEL4_INTERVAL=100 LEVEL5_INTERVAL=80 LEVEL6_INTERVAL=70 LEVEL7_INTERVAL=70 THRESHOLD_LOW_TO_MEDIUM=2 THRESHOLD_MEDIUM_TO_LOW=1 THRESHOLD_MEDIUM_TO_HIGH=4 THRESHOLD_HIGH_TO_MEDIUM=3 THRESHOLD_LOW_INTERVAL=200 THRESHOLD_MEDIUM_INTERVAL=120 THRESHOLD_HIGH_INTERVAL=70
================================================================================

================================================================================
Running seed 10
make test_strategy_comparison FAULT_SCENARIO=upsets FAULT_TOTAL_CYCLES=50000 FAULT_WINDOW_SIZE=43824 FAULT_EVENT_COUNT=400 FAULT_PAIRED_EVENT_COUNT=100 FAULT_PAIR_GAP_MIN=60 FAULT_PAIR_GAP_MAX=300 FAULT_CLUSTER_EVENT_COUNT=0 FAULT_CLUSTER_BIT_COUNT=2 FAULT_SEED=10 CONTROL_QUANTIZATION=linear_max CONTROL_SOURCE=risk_policy CONTROL_POLICY_SCHEDULE=results/paper/tables/risk_policy_schedule.csv CONTROL_POLICY_LEVEL_MAP_OUTPUT=results/paper/tables/risk_policy_level_map.csv SAFE_INTERVAL=1 LEVEL0_INTERVAL=240 LEVEL1_INTERVAL=200 LEVEL2_INTERVAL=150 LEVEL3_INTERVAL=120 LEVEL4_INTERVAL=100 LEVEL5_INTERVAL=80 LEVEL6_INTERVAL=70 LEVEL7_INTERVAL=70 THRESHOLD_LOW_TO_MEDIUM=2 THRESHOLD_MEDIUM_TO_LOW=1 THRESHOLD_MEDIUM_TO_HIGH=4 THRESHOLD_HIGH_TO_MEDIUM=3 THRESHOLD_LOW_INTERVAL=200 THRESHOLD_MEDIUM_INTERVAL=120 THRESHOLD_HIGH_INTERVAL=70
================================================================================

================================================================================
Running seed 11
make test_strategy_comparison FAULT_SCENARIO=upsets FAULT_TOTAL_CYCLES=50000 FAULT_WINDOW_SIZE=43824 FAULT_EVENT_COUNT=400 FAULT_PAIRED_EVENT_COUNT=100 FAULT_PAIR_GAP_MIN=60 FAULT_PAIR_GAP_MAX=300 FAULT_CLUSTER_EVENT_COUNT=0 FAULT_CLUSTER_BIT_COUNT=2 FAULT_SEED=11 CONTROL_QUANTIZATION=linear_max CONTROL_SOURCE=risk_policy CONTROL_POLICY_SCHEDULE=results/paper/tables/risk_policy_schedule.csv CONTROL_POLICY_LEVEL_MAP_OUTPUT=results/paper/tables/risk_policy_level_map.csv SAFE_INTERVAL=1 LEVEL0_INTERVAL=240 LEVEL1_INTERVAL=200 LEVEL2_INTERVAL=150 LEVEL3_INTERVAL=120 LEVEL4_INTERVAL=100 LEVEL5_INTERVAL=80 LEVEL6_INTERVAL=70 LEVEL7_INTERVAL=70 THRESHOLD_LOW_TO_MEDIUM=2 THRESHOLD_MEDIUM_TO_LOW=1 THRESHOLD_MEDIUM_TO_HIGH=4 THRESHOLD_HIGH_TO_MEDIUM=3 THRESHOLD_LOW_INTERVAL=200 THRESHOLD_MEDIUM_INTERVAL=120 THRESHOLD_HIGH_INTERVAL=70
================================================================================

================================================================================
Running seed 12
make test_strategy_comparison FAULT_SCENARIO=upsets FAULT_TOTAL_CYCLES=50000 FAULT_WINDOW_SIZE=43824 FAULT_EVENT_COUNT=400 FAULT_PAIRED_EVENT_COUNT=100 FAULT_PAIR_GAP_MIN=60 FAULT_PAIR_GAP_MAX=300 FAULT_CLUSTER_EVENT_COUNT=0 FAULT_CLUSTER_BIT_COUNT=2 FAULT_SEED=12 CONTROL_QUANTIZATION=linear_max CONTROL_SOURCE=risk_policy CONTROL_POLICY_SCHEDULE=results/paper/tables/risk_policy_schedule.csv CONTROL_POLICY_LEVEL_MAP_OUTPUT=results/paper/tables/risk_policy_level_map.csv SAFE_INTERVAL=1 LEVEL0_INTERVAL=240 LEVEL1_INTERVAL=200 LEVEL2_INTERVAL=150 LEVEL3_INTERVAL=120 LEVEL4_INTERVAL=100 LEVEL5_INTERVAL=80 LEVEL6_INTERVAL=70 LEVEL7_INTERVAL=70 THRESHOLD_LOW_TO_MEDIUM=2 THRESHOLD_MEDIUM_TO_LOW=1 THRESHOLD_MEDIUM_TO_HIGH=4 THRESHOLD_HIGH_TO_MEDIUM=3 THRESHOLD_LOW_INTERVAL=200 THRESHOLD_MEDIUM_INTERVAL=120 THRESHOLD_HIGH_INTERVAL=70
================================================================================

================================================================================
Running seed 13
make test_strategy_comparison FAULT_SCENARIO=upsets FAULT_TOTAL_CYCLES=50000 FAULT_WINDOW_SIZE=43824 FAULT_EVENT_COUNT=400 FAULT_PAIRED_EVENT_COUNT=100 FAULT_PAIR_GAP_MIN=60 FAULT_PAIR_GAP_MAX=300 FAULT_CLUSTER_EVENT_COUNT=0 FAULT_CLUSTER_BIT_COUNT=2 FAULT_SEED=13 CONTROL_QUANTIZATION=linear_max CONTROL_SOURCE=risk_policy CONTROL_POLICY_SCHEDULE=results/paper/tables/risk_policy_schedule.csv CONTROL_POLICY_LEVEL_MAP_OUTPUT=results/paper/tables/risk_policy_level_map.csv SAFE_INTERVAL=1 LEVEL0_INTERVAL=240 LEVEL1_INTERVAL=200 LEVEL2_INTERVAL=150 LEVEL3_INTERVAL=120 LEVEL4_INTERVAL=100 LEVEL5_INTERVAL=80 LEVEL6_INTERVAL=70 LEVEL7_INTERVAL=70 THRESHOLD_LOW_TO_MEDIUM=2 THRESHOLD_MEDIUM_TO_LOW=1 THRESHOLD_MEDIUM_TO_HIGH=4 THRESHOLD_HIGH_TO_MEDIUM=3 THRESHOLD_LOW_INTERVAL=200 THRESHOLD_MEDIUM_INTERVAL=120 THRESHOLD_HIGH_INTERVAL=70
================================================================================

================================================================================
Running seed 14
make test_strategy_comparison FAULT_SCENARIO=upsets FAULT_TOTAL_CYCLES=50000 FAULT_WINDOW_SIZE=43824 FAULT_EVENT_COUNT=400 FAULT_PAIRED_EVENT_COUNT=100 FAULT_PAIR_GAP_MIN=60 FAULT_PAIR_GAP_MAX=300 FAULT_CLUSTER_EVENT_COUNT=0 FAULT_CLUSTER_BIT_COUNT=2 FAULT_SEED=14 CONTROL_QUANTIZATION=linear_max CONTROL_SOURCE=risk_policy CONTROL_POLICY_SCHEDULE=results/paper/tables/risk_policy_schedule.csv CONTROL_POLICY_LEVEL_MAP_OUTPUT=results/paper/tables/risk_policy_level_map.csv SAFE_INTERVAL=1 LEVEL0_INTERVAL=240 LEVEL1_INTERVAL=200 LEVEL2_INTERVAL=150 LEVEL3_INTERVAL=120 LEVEL4_INTERVAL=100 LEVEL5_INTERVAL=80 LEVEL6_INTERVAL=70 LEVEL7_INTERVAL=70 THRESHOLD_LOW_TO_MEDIUM=2 THRESHOLD_MEDIUM_TO_LOW=1 THRESHOLD_MEDIUM_TO_HIGH=4 THRESHOLD_HIGH_TO_MEDIUM=3 THRESHOLD_LOW_INTERVAL=200 THRESHOLD_MEDIUM_INTERVAL=120 THRESHOLD_HIGH_INTERVAL=70
================================================================================

================================================================================
Running seed 15
make test_strategy_comparison FAULT_SCENARIO=upsets FAULT_TOTAL_CYCLES=50000 FAULT_WINDOW_SIZE=43824 FAULT_EVENT_COUNT=400 FAULT_PAIRED_EVENT_COUNT=100 FAULT_PAIR_GAP_MIN=60 FAULT_PAIR_GAP_MAX=300 FAULT_CLUSTER_EVENT_COUNT=0 FAULT_CLUSTER_BIT_COUNT=2 FAULT_SEED=15 CONTROL_QUANTIZATION=linear_max CONTROL_SOURCE=risk_policy CONTROL_POLICY_SCHEDULE=results/paper/tables/risk_policy_schedule.csv CONTROL_POLICY_LEVEL_MAP_OUTPUT=results/paper/tables/risk_policy_level_map.csv SAFE_INTERVAL=1 LEVEL0_INTERVAL=240 LEVEL1_INTERVAL=200 LEVEL2_INTERVAL=150 LEVEL3_INTERVAL=120 LEVEL4_INTERVAL=100 LEVEL5_INTERVAL=80 LEVEL6_INTERVAL=70 LEVEL7_INTERVAL=70 THRESHOLD_LOW_TO_MEDIUM=2 THRESHOLD_MEDIUM_TO_LOW=1 THRESHOLD_MEDIUM_TO_HIGH=4 THRESHOLD_HIGH_TO_MEDIUM=3 THRESHOLD_LOW_INTERVAL=200 THRESHOLD_MEDIUM_INTERVAL=120 THRESHOLD_HIGH_INTERVAL=70
================================================================================

================================================================================
Running seed 16
make test_strategy_comparison FAULT_SCENARIO=upsets FAULT_TOTAL_CYCLES=50000 FAULT_WINDOW_SIZE=43824 FAULT_EVENT_COUNT=400 FAULT_PAIRED_EVENT_COUNT=100 FAULT_PAIR_GAP_MIN=60 FAULT_PAIR_GAP_MAX=300 FAULT_CLUSTER_EVENT_COUNT=0 FAULT_CLUSTER_BIT_COUNT=2 FAULT_SEED=16 CONTROL_QUANTIZATION=linear_max CONTROL_SOURCE=risk_policy CONTROL_POLICY_SCHEDULE=results/paper/tables/risk_policy_schedule.csv CONTROL_POLICY_LEVEL_MAP_OUTPUT=results/paper/tables/risk_policy_level_map.csv SAFE_INTERVAL=1 LEVEL0_INTERVAL=240 LEVEL1_INTERVAL=200 LEVEL2_INTERVAL=150 LEVEL3_INTERVAL=120 LEVEL4_INTERVAL=100 LEVEL5_INTERVAL=80 LEVEL6_INTERVAL=70 LEVEL7_INTERVAL=70 THRESHOLD_LOW_TO_MEDIUM=2 THRESHOLD_MEDIUM_TO_LOW=1 THRESHOLD_MEDIUM_TO_HIGH=4 THRESHOLD_HIGH_TO_MEDIUM=3 THRESHOLD_LOW_INTERVAL=200 THRESHOLD_MEDIUM_INTERVAL=120 THRESHOLD_HIGH_INTERVAL=70
================================================================================

================================================================================
Running seed 17
make test_strategy_comparison FAULT_SCENARIO=upsets FAULT_TOTAL_CYCLES=50000 FAULT_WINDOW_SIZE=43824 FAULT_EVENT_COUNT=400 FAULT_PAIRED_EVENT_COUNT=100 FAULT_PAIR_GAP_MIN=60 FAULT_PAIR_GAP_MAX=300 FAULT_CLUSTER_EVENT_COUNT=0 FAULT_CLUSTER_BIT_COUNT=2 FAULT_SEED=17 CONTROL_QUANTIZATION=linear_max CONTROL_SOURCE=risk_policy CONTROL_POLICY_SCHEDULE=results/paper/tables/risk_policy_schedule.csv CONTROL_POLICY_LEVEL_MAP_OUTPUT=results/paper/tables/risk_policy_level_map.csv SAFE_INTERVAL=1 LEVEL0_INTERVAL=240 LEVEL1_INTERVAL=200 LEVEL2_INTERVAL=150 LEVEL3_INTERVAL=120 LEVEL4_INTERVAL=100 LEVEL5_INTERVAL=80 LEVEL6_INTERVAL=70 LEVEL7_INTERVAL=70 THRESHOLD_LOW_TO_MEDIUM=2 THRESHOLD_MEDIUM_TO_LOW=1 THRESHOLD_MEDIUM_TO_HIGH=4 THRESHOLD_HIGH_TO_MEDIUM=3 THRESHOLD_LOW_INTERVAL=200 THRESHOLD_MEDIUM_INTERVAL=120 THRESHOLD_HIGH_INTERVAL=70
================================================================================

================================================================================
Running seed 18
make test_strategy_comparison FAULT_SCENARIO=upsets FAULT_TOTAL_CYCLES=50000 FAULT_WINDOW_SIZE=43824 FAULT_EVENT_COUNT=400 FAULT_PAIRED_EVENT_COUNT=100 FAULT_PAIR_GAP_MIN=60 FAULT_PAIR_GAP_MAX=300 FAULT_CLUSTER_EVENT_COUNT=0 FAULT_CLUSTER_BIT_COUNT=2 FAULT_SEED=18 CONTROL_QUANTIZATION=linear_max CONTROL_SOURCE=risk_policy CONTROL_POLICY_SCHEDULE=results/paper/tables/risk_policy_schedule.csv CONTROL_POLICY_LEVEL_MAP_OUTPUT=results/paper/tables/risk_policy_level_map.csv SAFE_INTERVAL=1 LEVEL0_INTERVAL=240 LEVEL1_INTERVAL=200 LEVEL2_INTERVAL=150 LEVEL3_INTERVAL=120 LEVEL4_INTERVAL=100 LEVEL5_INTERVAL=80 LEVEL6_INTERVAL=70 LEVEL7_INTERVAL=70 THRESHOLD_LOW_TO_MEDIUM=2 THRESHOLD_MEDIUM_TO_LOW=1 THRESHOLD_MEDIUM_TO_HIGH=4 THRESHOLD_HIGH_TO_MEDIUM=3 THRESHOLD_LOW_INTERVAL=200 THRESHOLD_MEDIUM_INTERVAL=120 THRESHOLD_HIGH_INTERVAL=70
================================================================================

================================================================================
Running seed 19
make test_strategy_comparison FAULT_SCENARIO=upsets FAULT_TOTAL_CYCLES=50000 FAULT_WINDOW_SIZE=43824 FAULT_EVENT_COUNT=400 FAULT_PAIRED_EVENT_COUNT=100 FAULT_PAIR_GAP_MIN=60 FAULT_PAIR_GAP_MAX=300 FAULT_CLUSTER_EVENT_COUNT=0 FAULT_CLUSTER_BIT_COUNT=2 FAULT_SEED=19 CONTROL_QUANTIZATION=linear_max CONTROL_SOURCE=risk_policy CONTROL_POLICY_SCHEDULE=results/paper/tables/risk_policy_schedule.csv CONTROL_POLICY_LEVEL_MAP_OUTPUT=results/paper/tables/risk_policy_level_map.csv SAFE_INTERVAL=1 LEVEL0_INTERVAL=240 LEVEL1_INTERVAL=200 LEVEL2_INTERVAL=150 LEVEL3_INTERVAL=120 LEVEL4_INTERVAL=100 LEVEL5_INTERVAL=80 LEVEL6_INTERVAL=70 LEVEL7_INTERVAL=70 THRESHOLD_LOW_TO_MEDIUM=2 THRESHOLD_MEDIUM_TO_LOW=1 THRESHOLD_MEDIUM_TO_HIGH=4 THRESHOLD_HIGH_TO_MEDIUM=3 THRESHOLD_LOW_INTERVAL=200 THRESHOLD_MEDIUM_INTERVAL=120 THRESHOLD_HIGH_INTERVAL=70
================================================================================

================================================================================
Running seed 20
make test_strategy_comparison FAULT_SCENARIO=upsets FAULT_TOTAL_CYCLES=50000 FAULT_WINDOW_SIZE=43824 FAULT_EVENT_COUNT=400 FAULT_PAIRED_EVENT_COUNT=100 FAULT_PAIR_GAP_MIN=60 FAULT_PAIR_GAP_MAX=300 FAULT_CLUSTER_EVENT_COUNT=0 FAULT_CLUSTER_BIT_COUNT=2 FAULT_SEED=20 CONTROL_QUANTIZATION=linear_max CONTROL_SOURCE=risk_policy CONTROL_POLICY_SCHEDULE=results/paper/tables/risk_policy_schedule.csv CONTROL_POLICY_LEVEL_MAP_OUTPUT=results/paper/tables/risk_policy_level_map.csv SAFE_INTERVAL=1 LEVEL0_INTERVAL=240 LEVEL1_INTERVAL=200 LEVEL2_INTERVAL=150 LEVEL3_INTERVAL=120 LEVEL4_INTERVAL=100 LEVEL5_INTERVAL=80 LEVEL6_INTERVAL=70 LEVEL7_INTERVAL=70 THRESHOLD_LOW_TO_MEDIUM=2 THRESHOLD_MEDIUM_TO_LOW=1 THRESHOLD_MEDIUM_TO_HIGH=4 THRESHOLD_HIGH_TO_MEDIUM=3 THRESHOLD_LOW_INTERVAL=200 THRESHOLD_MEDIUM_INTERVAL=120 THRESHOLD_HIGH_INTERVAL=70
================================================================================

================================================================================
Running seed 21
make test_strategy_comparison FAULT_SCENARIO=upsets FAULT_TOTAL_CYCLES=50000 FAULT_WINDOW_SIZE=43824 FAULT_EVENT_COUNT=400 FAULT_PAIRED_EVENT_COUNT=100 FAULT_PAIR_GAP_MIN=60 FAULT_PAIR_GAP_MAX=300 FAULT_CLUSTER_EVENT_COUNT=0 FAULT_CLUSTER_BIT_COUNT=2 FAULT_SEED=21 CONTROL_QUANTIZATION=linear_max CONTROL_SOURCE=risk_policy CONTROL_POLICY_SCHEDULE=results/paper/tables/risk_policy_schedule.csv CONTROL_POLICY_LEVEL_MAP_OUTPUT=results/paper/tables/risk_policy_level_map.csv SAFE_INTERVAL=1 LEVEL0_INTERVAL=240 LEVEL1_INTERVAL=200 LEVEL2_INTERVAL=150 LEVEL3_INTERVAL=120 LEVEL4_INTERVAL=100 LEVEL5_INTERVAL=80 LEVEL6_INTERVAL=70 LEVEL7_INTERVAL=70 THRESHOLD_LOW_TO_MEDIUM=2 THRESHOLD_MEDIUM_TO_LOW=1 THRESHOLD_MEDIUM_TO_HIGH=4 THRESHOLD_HIGH_TO_MEDIUM=3 THRESHOLD_LOW_INTERVAL=200 THRESHOLD_MEDIUM_INTERVAL=120 THRESHOLD_HIGH_INTERVAL=70
================================================================================

================================================================================
Running seed 22
make test_strategy_comparison FAULT_SCENARIO=upsets FAULT_TOTAL_CYCLES=50000 FAULT_WINDOW_SIZE=43824 FAULT_EVENT_COUNT=400 FAULT_PAIRED_EVENT_COUNT=100 FAULT_PAIR_GAP_MIN=60 FAULT_PAIR_GAP_MAX=300 FAULT_CLUSTER_EVENT_COUNT=0 FAULT_CLUSTER_BIT_COUNT=2 FAULT_SEED=22 CONTROL_QUANTIZATION=linear_max CONTROL_SOURCE=risk_policy CONTROL_POLICY_SCHEDULE=results/paper/tables/risk_policy_schedule.csv CONTROL_POLICY_LEVEL_MAP_OUTPUT=results/paper/tables/risk_policy_level_map.csv SAFE_INTERVAL=1 LEVEL0_INTERVAL=240 LEVEL1_INTERVAL=200 LEVEL2_INTERVAL=150 LEVEL3_INTERVAL=120 LEVEL4_INTERVAL=100 LEVEL5_INTERVAL=80 LEVEL6_INTERVAL=70 LEVEL7_INTERVAL=70 THRESHOLD_LOW_TO_MEDIUM=2 THRESHOLD_MEDIUM_TO_LOW=1 THRESHOLD_MEDIUM_TO_HIGH=4 THRESHOLD_HIGH_TO_MEDIUM=3 THRESHOLD_LOW_INTERVAL=200 THRESHOLD_MEDIUM_INTERVAL=120 THRESHOLD_HIGH_INTERVAL=70
================================================================================

================================================================================
Running seed 23
make test_strategy_comparison FAULT_SCENARIO=upsets FAULT_TOTAL_CYCLES=50000 FAULT_WINDOW_SIZE=43824 FAULT_EVENT_COUNT=400 FAULT_PAIRED_EVENT_COUNT=100 FAULT_PAIR_GAP_MIN=60 FAULT_PAIR_GAP_MAX=300 FAULT_CLUSTER_EVENT_COUNT=0 FAULT_CLUSTER_BIT_COUNT=2 FAULT_SEED=23 CONTROL_QUANTIZATION=linear_max CONTROL_SOURCE=risk_policy CONTROL_POLICY_SCHEDULE=results/paper/tables/risk_policy_schedule.csv CONTROL_POLICY_LEVEL_MAP_OUTPUT=results/paper/tables/risk_policy_level_map.csv SAFE_INTERVAL=1 LEVEL0_INTERVAL=240 LEVEL1_INTERVAL=200 LEVEL2_INTERVAL=150 LEVEL3_INTERVAL=120 LEVEL4_INTERVAL=100 LEVEL5_INTERVAL=80 LEVEL6_INTERVAL=70 LEVEL7_INTERVAL=70 THRESHOLD_LOW_TO_MEDIUM=2 THRESHOLD_MEDIUM_TO_LOW=1 THRESHOLD_MEDIUM_TO_HIGH=4 THRESHOLD_HIGH_TO_MEDIUM=3 THRESHOLD_LOW_INTERVAL=200 THRESHOLD_MEDIUM_INTERVAL=120 THRESHOLD_HIGH_INTERVAL=70
================================================================================

================================================================================
Running seed 24
make test_strategy_comparison FAULT_SCENARIO=upsets FAULT_TOTAL_CYCLES=50000 FAULT_WINDOW_SIZE=43824 FAULT_EVENT_COUNT=400 FAULT_PAIRED_EVENT_COUNT=100 FAULT_PAIR_GAP_MIN=60 FAULT_PAIR_GAP_MAX=300 FAULT_CLUSTER_EVENT_COUNT=0 FAULT_CLUSTER_BIT_COUNT=2 FAULT_SEED=24 CONTROL_QUANTIZATION=linear_max CONTROL_SOURCE=risk_policy CONTROL_POLICY_SCHEDULE=results/paper/tables/risk_policy_schedule.csv CONTROL_POLICY_LEVEL_MAP_OUTPUT=results/paper/tables/risk_policy_level_map.csv SAFE_INTERVAL=1 LEVEL0_INTERVAL=240 LEVEL1_INTERVAL=200 LEVEL2_INTERVAL=150 LEVEL3_INTERVAL=120 LEVEL4_INTERVAL=100 LEVEL5_INTERVAL=80 LEVEL6_INTERVAL=70 LEVEL7_INTERVAL=70 THRESHOLD_LOW_TO_MEDIUM=2 THRESHOLD_MEDIUM_TO_LOW=1 THRESHOLD_MEDIUM_TO_HIGH=4 THRESHOLD_HIGH_TO_MEDIUM=3 THRESHOLD_LOW_INTERVAL=200 THRESHOLD_MEDIUM_INTERVAL=120 THRESHOLD_HIGH_INTERVAL=70
================================================================================

================================================================================
Running seed 25
make test_strategy_comparison FAULT_SCENARIO=upsets FAULT_TOTAL_CYCLES=50000 FAULT_WINDOW_SIZE=43824 FAULT_EVENT_COUNT=400 FAULT_PAIRED_EVENT_COUNT=100 FAULT_PAIR_GAP_MIN=60 FAULT_PAIR_GAP_MAX=300 FAULT_CLUSTER_EVENT_COUNT=0 FAULT_CLUSTER_BIT_COUNT=2 FAULT_SEED=25 CONTROL_QUANTIZATION=linear_max CONTROL_SOURCE=risk_policy CONTROL_POLICY_SCHEDULE=results/paper/tables/risk_policy_schedule.csv CONTROL_POLICY_LEVEL_MAP_OUTPUT=results/paper/tables/risk_policy_level_map.csv SAFE_INTERVAL=1 LEVEL0_INTERVAL=240 LEVEL1_INTERVAL=200 LEVEL2_INTERVAL=150 LEVEL3_INTERVAL=120 LEVEL4_INTERVAL=100 LEVEL5_INTERVAL=80 LEVEL6_INTERVAL=70 LEVEL7_INTERVAL=70 THRESHOLD_LOW_TO_MEDIUM=2 THRESHOLD_MEDIUM_TO_LOW=1 THRESHOLD_MEDIUM_TO_HIGH=4 THRESHOLD_HIGH_TO_MEDIUM=3 THRESHOLD_LOW_INTERVAL=200 THRESHOLD_MEDIUM_INTERVAL=120 THRESHOLD_HIGH_INTERVAL=70
================================================================================

================================================================================
Running seed 26
make test_strategy_comparison FAULT_SCENARIO=upsets FAULT_TOTAL_CYCLES=50000 FAULT_WINDOW_SIZE=43824 FAULT_EVENT_COUNT=400 FAULT_PAIRED_EVENT_COUNT=100 FAULT_PAIR_GAP_MIN=60 FAULT_PAIR_GAP_MAX=300 FAULT_CLUSTER_EVENT_COUNT=0 FAULT_CLUSTER_BIT_COUNT=2 FAULT_SEED=26 CONTROL_QUANTIZATION=linear_max CONTROL_SOURCE=risk_policy CONTROL_POLICY_SCHEDULE=results/paper/tables/risk_policy_schedule.csv CONTROL_POLICY_LEVEL_MAP_OUTPUT=results/paper/tables/risk_policy_level_map.csv SAFE_INTERVAL=1 LEVEL0_INTERVAL=240 LEVEL1_INTERVAL=200 LEVEL2_INTERVAL=150 LEVEL3_INTERVAL=120 LEVEL4_INTERVAL=100 LEVEL5_INTERVAL=80 LEVEL6_INTERVAL=70 LEVEL7_INTERVAL=70 THRESHOLD_LOW_TO_MEDIUM=2 THRESHOLD_MEDIUM_TO_LOW=1 THRESHOLD_MEDIUM_TO_HIGH=4 THRESHOLD_HIGH_TO_MEDIUM=3 THRESHOLD_LOW_INTERVAL=200 THRESHOLD_MEDIUM_INTERVAL=120 THRESHOLD_HIGH_INTERVAL=70
================================================================================

================================================================================
Running seed 27
make test_strategy_comparison FAULT_SCENARIO=upsets FAULT_TOTAL_CYCLES=50000 FAULT_WINDOW_SIZE=43824 FAULT_EVENT_COUNT=400 FAULT_PAIRED_EVENT_COUNT=100 FAULT_PAIR_GAP_MIN=60 FAULT_PAIR_GAP_MAX=300 FAULT_CLUSTER_EVENT_COUNT=0 FAULT_CLUSTER_BIT_COUNT=2 FAULT_SEED=27 CONTROL_QUANTIZATION=linear_max CONTROL_SOURCE=risk_policy CONTROL_POLICY_SCHEDULE=results/paper/tables/risk_policy_schedule.csv CONTROL_POLICY_LEVEL_MAP_OUTPUT=results/paper/tables/risk_policy_level_map.csv SAFE_INTERVAL=1 LEVEL0_INTERVAL=240 LEVEL1_INTERVAL=200 LEVEL2_INTERVAL=150 LEVEL3_INTERVAL=120 LEVEL4_INTERVAL=100 LEVEL5_INTERVAL=80 LEVEL6_INTERVAL=70 LEVEL7_INTERVAL=70 THRESHOLD_LOW_TO_MEDIUM=2 THRESHOLD_MEDIUM_TO_LOW=1 THRESHOLD_MEDIUM_TO_HIGH=4 THRESHOLD_HIGH_TO_MEDIUM=3 THRESHOLD_LOW_INTERVAL=200 THRESHOLD_MEDIUM_INTERVAL=120 THRESHOLD_HIGH_INTERVAL=70
================================================================================

================================================================================
Running seed 28
make test_strategy_comparison FAULT_SCENARIO=upsets FAULT_TOTAL_CYCLES=50000 FAULT_WINDOW_SIZE=43824 FAULT_EVENT_COUNT=400 FAULT_PAIRED_EVENT_COUNT=100 FAULT_PAIR_GAP_MIN=60 FAULT_PAIR_GAP_MAX=300 FAULT_CLUSTER_EVENT_COUNT=0 FAULT_CLUSTER_BIT_COUNT=2 FAULT_SEED=28 CONTROL_QUANTIZATION=linear_max CONTROL_SOURCE=risk_policy CONTROL_POLICY_SCHEDULE=results/paper/tables/risk_policy_schedule.csv CONTROL_POLICY_LEVEL_MAP_OUTPUT=results/paper/tables/risk_policy_level_map.csv SAFE_INTERVAL=1 LEVEL0_INTERVAL=240 LEVEL1_INTERVAL=200 LEVEL2_INTERVAL=150 LEVEL3_INTERVAL=120 LEVEL4_INTERVAL=100 LEVEL5_INTERVAL=80 LEVEL6_INTERVAL=70 LEVEL7_INTERVAL=70 THRESHOLD_LOW_TO_MEDIUM=2 THRESHOLD_MEDIUM_TO_LOW=1 THRESHOLD_MEDIUM_TO_HIGH=4 THRESHOLD_HIGH_TO_MEDIUM=3 THRESHOLD_LOW_INTERVAL=200 THRESHOLD_MEDIUM_INTERVAL=120 THRESHOLD_HIGH_INTERVAL=70
================================================================================

================================================================================
Running seed 29
make test_strategy_comparison FAULT_SCENARIO=upsets FAULT_TOTAL_CYCLES=50000 FAULT_WINDOW_SIZE=43824 FAULT_EVENT_COUNT=400 FAULT_PAIRED_EVENT_COUNT=100 FAULT_PAIR_GAP_MIN=60 FAULT_PAIR_GAP_MAX=300 FAULT_CLUSTER_EVENT_COUNT=0 FAULT_CLUSTER_BIT_COUNT=2 FAULT_SEED=29 CONTROL_QUANTIZATION=linear_max CONTROL_SOURCE=risk_policy CONTROL_POLICY_SCHEDULE=results/paper/tables/risk_policy_schedule.csv CONTROL_POLICY_LEVEL_MAP_OUTPUT=results/paper/tables/risk_policy_level_map.csv SAFE_INTERVAL=1 LEVEL0_INTERVAL=240 LEVEL1_INTERVAL=200 LEVEL2_INTERVAL=150 LEVEL3_INTERVAL=120 LEVEL4_INTERVAL=100 LEVEL5_INTERVAL=80 LEVEL6_INTERVAL=70 LEVEL7_INTERVAL=70 THRESHOLD_LOW_TO_MEDIUM=2 THRESHOLD_MEDIUM_TO_LOW=1 THRESHOLD_MEDIUM_TO_HIGH=4 THRESHOLD_HIGH_TO_MEDIUM=3 THRESHOLD_LOW_INTERVAL=200 THRESHOLD_MEDIUM_INTERVAL=120 THRESHOLD_HIGH_INTERVAL=70
================================================================================

================================================================================
Running seed 30
make test_strategy_comparison FAULT_SCENARIO=upsets FAULT_TOTAL_CYCLES=50000 FAULT_WINDOW_SIZE=43824 FAULT_EVENT_COUNT=400 FAULT_PAIRED_EVENT_COUNT=100 FAULT_PAIR_GAP_MIN=60 FAULT_PAIR_GAP_MAX=300 FAULT_CLUSTER_EVENT_COUNT=0 FAULT_CLUSTER_BIT_COUNT=2 FAULT_SEED=30 CONTROL_QUANTIZATION=linear_max CONTROL_SOURCE=risk_policy CONTROL_POLICY_SCHEDULE=results/paper/tables/risk_policy_schedule.csv CONTROL_POLICY_LEVEL_MAP_OUTPUT=results/paper/tables/risk_policy_level_map.csv SAFE_INTERVAL=1 LEVEL0_INTERVAL=240 LEVEL1_INTERVAL=200 LEVEL2_INTERVAL=150 LEVEL3_INTERVAL=120 LEVEL4_INTERVAL=100 LEVEL5_INTERVAL=80 LEVEL6_INTERVAL=70 LEVEL7_INTERVAL=70 THRESHOLD_LOW_TO_MEDIUM=2 THRESHOLD_MEDIUM_TO_LOW=1 THRESHOLD_MEDIUM_TO_HIGH=4 THRESHOLD_HIGH_TO_MEDIUM=3 THRESHOLD_LOW_INTERVAL=200 THRESHOLD_MEDIUM_INTERVAL=120 THRESHOLD_HIGH_INTERVAL=70
================================================================================

Series complete: results/paper/tables/strategy_comparison_series_no_clusters.csv
python3 model/analyze_strategy_series.py \
	--input results/paper/tables/strategy_comparison_series_no_clusters.csv \
	--csv-output results/paper/tables/strategy_series_summary_no_clusters.csv \
	--md-output results/paper/tables/strategy_series_summary_no_clusters.md
Analyzed series rows: 90
CSV summary: results/paper/tables/strategy_series_summary_no_clusters.csv
Markdown summary: results/paper/tables/strategy_series_summary_no_clusters.md
cat results/paper/tables/strategy_series_summary_no_clusters.md
# Сводка серии сравнительных прогонов

Источник данных: `results/paper/tables/strategy_comparison_series_no_clusters.csv`

## Параметры серии

- Сценарий: upsets
- Длительность моделирования: 50000 тактов
- Размер окна временного ряда: 43824
- Число одиночных событий: 400
- Число накопительных пар: 100
- Минимальный разрыв в накопительной паре: 60
- Максимальный разрыв в накопительной паре: 300
- Число мгновенных кластерных событий: 0
- Число повреждаемых битов в одном мгновенном кластере: 2
- Число зёрен генератора: 30

## Основные метрики по стратегиям

| Стратегия | Прогонов | Исправлено, среднее ± σ | Уникальные неустранимые слова, среднее ± σ | Обнаружения неустранимых, среднее ± σ | Занятость памяти, среднее ± σ, % | Чтения, среднее | Записи, среднее | Переключения интервала, среднее |
|---|---:|---:|---:|---:|---:|---:|---:|---:|
| `fixed` | 30 | 507.533 ± 14.414 | 4.200 ± 1.448 | 852.767 ± 259.334 | 21.187 ± 0.035 | 10112.000 | 507.533 | 0.000 |
| `table` | 30 | 419.133 ± 16.115 | 4.967 ± 2.157 | 750.467 ± 126.077 | 8.667 ± 0.048 | 3936.000 | 419.133 | 1295.000 |
| `threshold` | 30 | 439.633 ± 18.174 | 4.733 ± 1.999 | 748.900 ± 147.636 | 9.920 ± 0.048 | 4544.000 | 439.633 | 776.000 |

## Сравнение с постоянным интервалом

| Стратегия | Изменение исправленных ошибок | Изменение уникальных неустранимых слов | Изменение занятости памяти |
|---|---:|---:|---:|
| `table` | -88.400 | +0.767 | -12.520 п.п. (-59.09 %) |
| `threshold` | -67.900 | +0.533 | -11.267 п.п. (-53.18 %) |

## Предварительная интерпретация

Минимальное среднее число уникальных неустранимых слов равно 4.200. Среди стратегий с этим значением наименьшую среднюю занятость памяти имеет `fixed` (21.187 %).

Эта сводка является статистическим обобщением серии прогонов по нескольким зёрнам генератора. Поэтому она существенно надёжнее одиночного демонстрационного запуска.
python3 model/plot_strategy_series.py \
	--input results/paper/tables/strategy_series_summary_no_clusters.csv \
	--output-dir results/paper/figures/series_no_clusters
Series figures written to: results/paper/figures/series_no_clusters
make[3]: Leaving directory '/home/z3tm4n/adaptive_scrubbing'
make strategy_series_report \
	SERIES_CLUSTER_EVENT_COUNT=10 \
	SERIES_CLUSTER_BIT_COUNT=2 \
	SERIES_OUTPUT=results/paper/tables/strategy_comparison_series_with_clusters.csv \
	SERIES_SUMMARY_CSV=results/paper/tables/strategy_series_summary_with_clusters.csv \
	SERIES_SUMMARY_MD=results/paper/tables/strategy_series_summary_with_clusters.md \
	SERIES_FIGURE_DIR=results/paper/figures/series_with_clusters
make[3]: Entering directory '/home/z3tm4n/adaptive_scrubbing'
mkdir -p results/logs results/tables results/figures
python3 model/run_strategy_series.py \
	--scenario upsets \
	--seed-start 1 \
	--seed-count 30 \
	--total-cycles 50000 \
	--window-size 43824 \
	--event-count 400 \
	--paired-event-count 100 \
	--pair-gap-min 60 \
	--pair-gap-max 300 \
	--cluster-event-count 10 \
	--cluster-bit-count 2 \
	--control-quantization linear_max \
	--control-source risk_policy \
	--control-policy-schedule results/paper/tables/risk_policy_schedule.csv \
	--control-policy-level-map-output results/paper/tables/risk_policy_level_map.csv \
	--safe-interval 1 \
	--level-intervals 240,200,150,120,100,80,70,70 \
	--threshold-levels 2,1,4,3 \
	--threshold-intervals 200,120,70 \
	--output results/paper/tables/strategy_comparison_series_with_clusters.csv
make[4]: Entering directory '/home/z3tm4n/adaptive_scrubbing'
mkdir -p results/logs results/tables results/figures
python3 model/generate_fault_events.py \
	--scenario upsets \
	--input data/upsets.xlsx \
	--output tb/fault_events.csv \
	--control-output tb/control_levels.csv \
	--start-index 0 \
	--window-size 43824 \
	--total-cycles 50000 \
	--event-count 400 \
	--paired-event-count 100 \
	--pair-gap-min 60 \
	--pair-gap-max 300 \
	--cluster-event-count 10 \
	--cluster-bit-count 2 \
	--seed 1 \
	--control-quantization linear_max \
	--control-source risk_policy \
	--control-policy-schedule results/paper/tables/risk_policy_schedule.csv \
	--control-policy-level-map-output results/paper/tables/risk_policy_level_map.csv
Generated fault events: tb/fault_events.csv
Generated control levels: tb/control_levels.csv
Control level changes: 1295
Generated 610 fault injections
Scenario: upsets
Paired events: 100
Addresses with repeated injections: 16
Input: data/upsets.xlsx
Start index: 0
Window size: 43824
Total cycles: 50000
Single events: 400
Paired events: 100
Cluster events: 10
Cluster bit count: 2
Seed: 1
Control source: risk_policy
Control policy schedule: results/paper/tables/risk_policy_schedule.csv
Control policy level map: results/paper/tables/risk_policy_level_map.csv
iverilog -g2012 -o results/logs/strategy_comparison.out rtl/secded_32_39_encoder.v rtl/secded_32_39_decoder.v rtl/protected_memory_model.v rtl/interval_selector.v rtl/adaptive_scrub_controller.v tb/tb_strategy_comparison.v
rm -f results/tables/strategy_comparison.csv
echo "strategy,total_cycles,scrub_cycles,reads,writes,corrected,uncorrectable_detections,unique_uncorrectable_words,interval_switches,safe_entries,safe_cycles,scrub_active_cycles,memory_busy_cycles,scrub_per_mille,busy_per_mille,safe_per_mille" > results/tables/strategy_comparison.csv
vvp results/logs/strategy_comparison.out \
	+STRATEGY=0 \
	+TOTAL_RUN_CYCLES=50000 \
	+FIXED_INTERVAL=80 \
	+SAFE_INTERVAL=1 \
	+LEVEL0_INTERVAL=240 \
	+LEVEL1_INTERVAL=200 \
	+LEVEL2_INTERVAL=150 \
	+LEVEL3_INTERVAL=120 \
	+LEVEL4_INTERVAL=100 \
	+LEVEL5_INTERVAL=80 \
	+LEVEL6_INTERVAL=70 \
	+LEVEL7_INTERVAL=70 \
	+THRESHOLD_LOW_TO_MEDIUM=2 \
	+THRESHOLD_MEDIUM_TO_LOW=1 \
	+THRESHOLD_MEDIUM_TO_HIGH=4 \
	+THRESHOLD_HIGH_TO_MEDIUM=3 \
	+THRESHOLD_LOW_INTERVAL=200 \
	+THRESHOLD_MEDIUM_INTERVAL=120 \
	+THRESHOLD_HIGH_INTERVAL=70 \
	+TRACE_EXECUTION=0 \
	+TRACE_OUTPUT=results/tables/strategy_execution_trace.csv
VCD info: dumpfile results/logs/strategy_comparison.vcd opened for output.
Total run cycles: 50000
Fixed interval: 80
Safe interval: 1
Level intervals: L0=240 L1=200 L2=150 L3=120 L4=100 L5=80 L6=70 L7=70
Threshold levels: low_to_medium=2 medium_to_low=1 medium_to_high=4 high_to_medium=3
Threshold intervals: low=200 medium=120 high=70
Loaded fault events: 610
Loaded control level events: 1295
STRATEGY RESULT: fixed
  total_cycle_count         = 50000
  scrub_cycle_count         = 632
  memory_read_count         = 10112
  memory_write_count        = 523
  corrected_error_count     = 523
  uncorrectable_detections  = 605
  unique_uncorrectable_words = 4
  interval_switch_count     = 0
  memory_busy_cycle_count   = 10635
  busy_per_mille            = 212
Strategy comparison run passed for strategy fixed.
tb/tb_strategy_comparison.v:1002: $finish called at 500376000 (1ps)
vvp results/logs/strategy_comparison.out \
	+STRATEGY=1 \
	+TOTAL_RUN_CYCLES=50000 \
	+FIXED_INTERVAL=80 \
	+SAFE_INTERVAL=1 \
	+LEVEL0_INTERVAL=240 \
	+LEVEL1_INTERVAL=200 \
	+LEVEL2_INTERVAL=150 \
	+LEVEL3_INTERVAL=120 \
	+LEVEL4_INTERVAL=100 \
	+LEVEL5_INTERVAL=80 \
	+LEVEL6_INTERVAL=70 \
	+LEVEL7_INTERVAL=70 \
	+THRESHOLD_LOW_TO_MEDIUM=2 \
	+THRESHOLD_MEDIUM_TO_LOW=1 \
	+THRESHOLD_MEDIUM_TO_HIGH=4 \
	+THRESHOLD_HIGH_TO_MEDIUM=3 \
	+THRESHOLD_LOW_INTERVAL=200 \
	+THRESHOLD_MEDIUM_INTERVAL=120 \
	+THRESHOLD_HIGH_INTERVAL=70 \
	+TRACE_EXECUTION=0 \
	+TRACE_OUTPUT=results/tables/strategy_execution_trace.csv
VCD info: dumpfile results/logs/strategy_comparison.vcd opened for output.
Total run cycles: 50000
Fixed interval: 80
Safe interval: 1
Level intervals: L0=240 L1=200 L2=150 L3=120 L4=100 L5=80 L6=70 L7=70
Threshold levels: low_to_medium=2 medium_to_low=1 medium_to_high=4 high_to_medium=3
Threshold intervals: low=200 medium=120 high=70
Loaded fault events: 610
Loaded control level events: 1295
STRATEGY RESULT: table
  total_cycle_count         = 50000
  scrub_cycle_count         = 246
  memory_read_count         = 3936
  memory_write_count        = 426
  corrected_error_count     = 426
  uncorrectable_detections  = 733
  unique_uncorrectable_words = 4
  interval_switch_count     = 1295
  memory_busy_cycle_count   = 4362
  busy_per_mille            = 87
Strategy comparison run passed for strategy table.
tb/tb_strategy_comparison.v:1002: $finish called at 500376000 (1ps)
vvp results/logs/strategy_comparison.out \
	+STRATEGY=2 \
	+TOTAL_RUN_CYCLES=50000 \
	+FIXED_INTERVAL=80 \
	+SAFE_INTERVAL=1 \
	+LEVEL0_INTERVAL=240 \
	+LEVEL1_INTERVAL=200 \
	+LEVEL2_INTERVAL=150 \
	+LEVEL3_INTERVAL=120 \
	+LEVEL4_INTERVAL=100 \
	+LEVEL5_INTERVAL=80 \
	+LEVEL6_INTERVAL=70 \
	+LEVEL7_INTERVAL=70 \
	+THRESHOLD_LOW_TO_MEDIUM=2 \
	+THRESHOLD_MEDIUM_TO_LOW=1 \
	+THRESHOLD_MEDIUM_TO_HIGH=4 \
	+THRESHOLD_HIGH_TO_MEDIUM=3 \
	+THRESHOLD_LOW_INTERVAL=200 \
	+THRESHOLD_MEDIUM_INTERVAL=120 \
	+THRESHOLD_HIGH_INTERVAL=70 \
	+TRACE_EXECUTION=0 \
	+TRACE_OUTPUT=results/tables/strategy_execution_trace.csv
VCD info: dumpfile results/logs/strategy_comparison.vcd opened for output.
Total run cycles: 50000
Fixed interval: 80
Safe interval: 1
Level intervals: L0=240 L1=200 L2=150 L3=120 L4=100 L5=80 L6=70 L7=70
Threshold levels: low_to_medium=2 medium_to_low=1 medium_to_high=4 high_to_medium=3
Threshold intervals: low=200 medium=120 high=70
Loaded fault events: 610
Loaded control level events: 1295
STRATEGY RESULT: threshold
  total_cycle_count         = 50000
  scrub_cycle_count         = 284
  memory_read_count         = 4544
  memory_write_count        = 469
  corrected_error_count     = 469
  uncorrectable_detections  = 635
  unique_uncorrectable_words = 4
  interval_switch_count     = 776
  memory_busy_cycle_count   = 5013
  busy_per_mille            = 100
Strategy comparison run passed for strategy threshold.
tb/tb_strategy_comparison.v:1002: $finish called at 500376000 (1ps)
cat results/tables/strategy_comparison.csv
strategy,total_cycles,scrub_cycles,reads,writes,corrected,uncorrectable_detections,unique_uncorrectable_words,interval_switches,safe_entries,safe_cycles,scrub_active_cycles,memory_busy_cycles,scrub_per_mille,busy_per_mille,safe_per_mille
fixed,50000,632,10112,523,523,605,4,0,0,0,41603,10635,832,212,0
table,50000,246,3936,426,426,733,4,1295,0,0,16416,4362,328,87,0
threshold,50000,284,4544,469,469,635,4,776,0,0,18929,5013,378,100,0
make[4]: Leaving directory '/home/z3tm4n/adaptive_scrubbing'
make[4]: Entering directory '/home/z3tm4n/adaptive_scrubbing'
mkdir -p results/logs results/tables results/figures
python3 model/generate_fault_events.py \
	--scenario upsets \
	--input data/upsets.xlsx \
	--output tb/fault_events.csv \
	--control-output tb/control_levels.csv \
	--start-index 0 \
	--window-size 43824 \
	--total-cycles 50000 \
	--event-count 400 \
	--paired-event-count 100 \
	--pair-gap-min 60 \
	--pair-gap-max 300 \
	--cluster-event-count 10 \
	--cluster-bit-count 2 \
	--seed 2 \
	--control-quantization linear_max \
	--control-source risk_policy \
	--control-policy-schedule results/paper/tables/risk_policy_schedule.csv \
	--control-policy-level-map-output results/paper/tables/risk_policy_level_map.csv
Generated fault events: tb/fault_events.csv
Generated control levels: tb/control_levels.csv
Control level changes: 1295
Generated 610 fault injections
Scenario: upsets
Paired events: 100
Addresses with repeated injections: 16
Input: data/upsets.xlsx
Start index: 0
Window size: 43824
Total cycles: 50000
Single events: 400
Paired events: 100
Cluster events: 10
Cluster bit count: 2
Seed: 2
Control source: risk_policy
Control policy schedule: results/paper/tables/risk_policy_schedule.csv
Control policy level map: results/paper/tables/risk_policy_level_map.csv
iverilog -g2012 -o results/logs/strategy_comparison.out rtl/secded_32_39_encoder.v rtl/secded_32_39_decoder.v rtl/protected_memory_model.v rtl/interval_selector.v rtl/adaptive_scrub_controller.v tb/tb_strategy_comparison.v
rm -f results/tables/strategy_comparison.csv
echo "strategy,total_cycles,scrub_cycles,reads,writes,corrected,uncorrectable_detections,unique_uncorrectable_words,interval_switches,safe_entries,safe_cycles,scrub_active_cycles,memory_busy_cycles,scrub_per_mille,busy_per_mille,safe_per_mille" > results/tables/strategy_comparison.csv
vvp results/logs/strategy_comparison.out \
	+STRATEGY=0 \
	+TOTAL_RUN_CYCLES=50000 \
	+FIXED_INTERVAL=80 \
	+SAFE_INTERVAL=1 \
	+LEVEL0_INTERVAL=240 \
	+LEVEL1_INTERVAL=200 \
	+LEVEL2_INTERVAL=150 \
	+LEVEL3_INTERVAL=120 \
	+LEVEL4_INTERVAL=100 \
	+LEVEL5_INTERVAL=80 \
	+LEVEL6_INTERVAL=70 \
	+LEVEL7_INTERVAL=70 \
	+THRESHOLD_LOW_TO_MEDIUM=2 \
	+THRESHOLD_MEDIUM_TO_LOW=1 \
	+THRESHOLD_MEDIUM_TO_HIGH=4 \
	+THRESHOLD_HIGH_TO_MEDIUM=3 \
	+THRESHOLD_LOW_INTERVAL=200 \
	+THRESHOLD_MEDIUM_INTERVAL=120 \
	+THRESHOLD_HIGH_INTERVAL=70 \
	+TRACE_EXECUTION=0 \
	+TRACE_OUTPUT=results/tables/strategy_execution_trace.csv
VCD info: dumpfile results/logs/strategy_comparison.vcd opened for output.
Total run cycles: 50000
Fixed interval: 80
Safe interval: 1
Level intervals: L0=240 L1=200 L2=150 L3=120 L4=100 L5=80 L6=70 L7=70
Threshold levels: low_to_medium=2 medium_to_low=1 medium_to_high=4 high_to_medium=3
Threshold intervals: low=200 medium=120 high=70
Loaded fault events: 610
Loaded control level events: 1295
STRATEGY RESULT: fixed
  total_cycle_count         = 50000
  scrub_cycle_count         = 632
  memory_read_count         = 10112
  memory_write_count        = 508
  corrected_error_count     = 508
  uncorrectable_detections  = 754
  unique_uncorrectable_words = 6
  interval_switch_count     = 0
  memory_busy_cycle_count   = 10620
  busy_per_mille            = 212
Strategy comparison run passed for strategy fixed.
tb/tb_strategy_comparison.v:1002: $finish called at 500376000 (1ps)
vvp results/logs/strategy_comparison.out \
	+STRATEGY=1 \
	+TOTAL_RUN_CYCLES=50000 \
	+FIXED_INTERVAL=80 \
	+SAFE_INTERVAL=1 \
	+LEVEL0_INTERVAL=240 \
	+LEVEL1_INTERVAL=200 \
	+LEVEL2_INTERVAL=150 \
	+LEVEL3_INTERVAL=120 \
	+LEVEL4_INTERVAL=100 \
	+LEVEL5_INTERVAL=80 \
	+LEVEL6_INTERVAL=70 \
	+LEVEL7_INTERVAL=70 \
	+THRESHOLD_LOW_TO_MEDIUM=2 \
	+THRESHOLD_MEDIUM_TO_LOW=1 \
	+THRESHOLD_MEDIUM_TO_HIGH=4 \
	+THRESHOLD_HIGH_TO_MEDIUM=3 \
	+THRESHOLD_LOW_INTERVAL=200 \
	+THRESHOLD_MEDIUM_INTERVAL=120 \
	+THRESHOLD_HIGH_INTERVAL=70 \
	+TRACE_EXECUTION=0 \
	+TRACE_OUTPUT=results/tables/strategy_execution_trace.csv
VCD info: dumpfile results/logs/strategy_comparison.vcd opened for output.
Total run cycles: 50000
Fixed interval: 80
Safe interval: 1
Level intervals: L0=240 L1=200 L2=150 L3=120 L4=100 L5=80 L6=70 L7=70
Threshold levels: low_to_medium=2 medium_to_low=1 medium_to_high=4 high_to_medium=3
Threshold intervals: low=200 medium=120 high=70
Loaded fault events: 610
Loaded control level events: 1295
STRATEGY RESULT: table
  total_cycle_count         = 50000
  scrub_cycle_count         = 246
  memory_read_count         = 3936
  memory_write_count        = 430
  corrected_error_count     = 430
  uncorrectable_detections  = 729
  unique_uncorrectable_words = 5
  interval_switch_count     = 1295
  memory_busy_cycle_count   = 4366
  busy_per_mille            = 87
Strategy comparison run passed for strategy table.
tb/tb_strategy_comparison.v:1002: $finish called at 500376000 (1ps)
vvp results/logs/strategy_comparison.out \
	+STRATEGY=2 \
	+TOTAL_RUN_CYCLES=50000 \
	+FIXED_INTERVAL=80 \
	+SAFE_INTERVAL=1 \
	+LEVEL0_INTERVAL=240 \
	+LEVEL1_INTERVAL=200 \
	+LEVEL2_INTERVAL=150 \
	+LEVEL3_INTERVAL=120 \
	+LEVEL4_INTERVAL=100 \
	+LEVEL5_INTERVAL=80 \
	+LEVEL6_INTERVAL=70 \
	+LEVEL7_INTERVAL=70 \
	+THRESHOLD_LOW_TO_MEDIUM=2 \
	+THRESHOLD_MEDIUM_TO_LOW=1 \
	+THRESHOLD_MEDIUM_TO_HIGH=4 \
	+THRESHOLD_HIGH_TO_MEDIUM=3 \
	+THRESHOLD_LOW_INTERVAL=200 \
	+THRESHOLD_MEDIUM_INTERVAL=120 \
	+THRESHOLD_HIGH_INTERVAL=70 \
	+TRACE_EXECUTION=0 \
	+TRACE_OUTPUT=results/tables/strategy_execution_trace.csv
VCD info: dumpfile results/logs/strategy_comparison.vcd opened for output.
Total run cycles: 50000
Fixed interval: 80
Safe interval: 1
Level intervals: L0=240 L1=200 L2=150 L3=120 L4=100 L5=80 L6=70 L7=70
Threshold levels: low_to_medium=2 medium_to_low=1 medium_to_high=4 high_to_medium=3
Threshold intervals: low=200 medium=120 high=70
Loaded fault events: 610
Loaded control level events: 1295
STRATEGY RESULT: threshold
  total_cycle_count         = 50000
  scrub_cycle_count         = 284
  memory_read_count         = 4544
  memory_write_count        = 441
  corrected_error_count     = 441
  uncorrectable_detections  = 688
  unique_uncorrectable_words = 6
  interval_switch_count     = 776
  memory_busy_cycle_count   = 4985
  busy_per_mille            = 99
Strategy comparison run passed for strategy threshold.
tb/tb_strategy_comparison.v:1002: $finish called at 500376000 (1ps)
cat results/tables/strategy_comparison.csv
strategy,total_cycles,scrub_cycles,reads,writes,corrected,uncorrectable_detections,unique_uncorrectable_words,interval_switches,safe_entries,safe_cycles,scrub_active_cycles,memory_busy_cycles,scrub_per_mille,busy_per_mille,safe_per_mille
fixed,50000,632,10112,508,508,754,6,0,0,0,41588,10620,831,212,0
table,50000,246,3936,430,430,729,5,1295,0,0,16420,4366,328,87,0
threshold,50000,284,4544,441,441,688,6,776,0,0,18901,4985,378,99,0
make[4]: Leaving directory '/home/z3tm4n/adaptive_scrubbing'
make[4]: Entering directory '/home/z3tm4n/adaptive_scrubbing'
mkdir -p results/logs results/tables results/figures
python3 model/generate_fault_events.py \
	--scenario upsets \
	--input data/upsets.xlsx \
	--output tb/fault_events.csv \
	--control-output tb/control_levels.csv \
	--start-index 0 \
	--window-size 43824 \
	--total-cycles 50000 \
	--event-count 400 \
	--paired-event-count 100 \
	--pair-gap-min 60 \
	--pair-gap-max 300 \
	--cluster-event-count 10 \
	--cluster-bit-count 2 \
	--seed 3 \
	--control-quantization linear_max \
	--control-source risk_policy \
	--control-policy-schedule results/paper/tables/risk_policy_schedule.csv \
	--control-policy-level-map-output results/paper/tables/risk_policy_level_map.csv
Generated fault events: tb/fault_events.csv
Generated control levels: tb/control_levels.csv
Control level changes: 1295
Generated 610 fault injections
Scenario: upsets
Paired events: 100
Addresses with repeated injections: 16
Input: data/upsets.xlsx
Start index: 0
Window size: 43824
Total cycles: 50000
Single events: 400
Paired events: 100
Cluster events: 10
Cluster bit count: 2
Seed: 3
Control source: risk_policy
Control policy schedule: results/paper/tables/risk_policy_schedule.csv
Control policy level map: results/paper/tables/risk_policy_level_map.csv
iverilog -g2012 -o results/logs/strategy_comparison.out rtl/secded_32_39_encoder.v rtl/secded_32_39_decoder.v rtl/protected_memory_model.v rtl/interval_selector.v rtl/adaptive_scrub_controller.v tb/tb_strategy_comparison.v
rm -f results/tables/strategy_comparison.csv
echo "strategy,total_cycles,scrub_cycles,reads,writes,corrected,uncorrectable_detections,unique_uncorrectable_words,interval_switches,safe_entries,safe_cycles,scrub_active_cycles,memory_busy_cycles,scrub_per_mille,busy_per_mille,safe_per_mille" > results/tables/strategy_comparison.csv
vvp results/logs/strategy_comparison.out \
	+STRATEGY=0 \
	+TOTAL_RUN_CYCLES=50000 \
	+FIXED_INTERVAL=80 \
	+SAFE_INTERVAL=1 \
	+LEVEL0_INTERVAL=240 \
	+LEVEL1_INTERVAL=200 \
	+LEVEL2_INTERVAL=150 \
	+LEVEL3_INTERVAL=120 \
	+LEVEL4_INTERVAL=100 \
	+LEVEL5_INTERVAL=80 \
	+LEVEL6_INTERVAL=70 \
	+LEVEL7_INTERVAL=70 \
	+THRESHOLD_LOW_TO_MEDIUM=2 \
	+THRESHOLD_MEDIUM_TO_LOW=1 \
	+THRESHOLD_MEDIUM_TO_HIGH=4 \
	+THRESHOLD_HIGH_TO_MEDIUM=3 \
	+THRESHOLD_LOW_INTERVAL=200 \
	+THRESHOLD_MEDIUM_INTERVAL=120 \
	+THRESHOLD_HIGH_INTERVAL=70 \
	+TRACE_EXECUTION=0 \
	+TRACE_OUTPUT=results/tables/strategy_execution_trace.csv
VCD info: dumpfile results/logs/strategy_comparison.vcd opened for output.
Total run cycles: 50000
Fixed interval: 80
Safe interval: 1
Level intervals: L0=240 L1=200 L2=150 L3=120 L4=100 L5=80 L6=70 L7=70
Threshold levels: low_to_medium=2 medium_to_low=1 medium_to_high=4 high_to_medium=3
Threshold intervals: low=200 medium=120 high=70
Loaded fault events: 610
Loaded control level events: 1295
STRATEGY RESULT: fixed
  total_cycle_count         = 50000
  scrub_cycle_count         = 632
  memory_read_count         = 10112
  memory_write_count        = 502
  corrected_error_count     = 502
  uncorrectable_detections  = 1432
  unique_uncorrectable_words = 6
  interval_switch_count     = 0
  memory_busy_cycle_count   = 10614
  busy_per_mille            = 212
Strategy comparison run passed for strategy fixed.
tb/tb_strategy_comparison.v:1002: $finish called at 500376000 (1ps)
vvp results/logs/strategy_comparison.out \
	+STRATEGY=1 \
	+TOTAL_RUN_CYCLES=50000 \
	+FIXED_INTERVAL=80 \
	+SAFE_INTERVAL=1 \
	+LEVEL0_INTERVAL=240 \
	+LEVEL1_INTERVAL=200 \
	+LEVEL2_INTERVAL=150 \
	+LEVEL3_INTERVAL=120 \
	+LEVEL4_INTERVAL=100 \
	+LEVEL5_INTERVAL=80 \
	+LEVEL6_INTERVAL=70 \
	+LEVEL7_INTERVAL=70 \
	+THRESHOLD_LOW_TO_MEDIUM=2 \
	+THRESHOLD_MEDIUM_TO_LOW=1 \
	+THRESHOLD_MEDIUM_TO_HIGH=4 \
	+THRESHOLD_HIGH_TO_MEDIUM=3 \
	+THRESHOLD_LOW_INTERVAL=200 \
	+THRESHOLD_MEDIUM_INTERVAL=120 \
	+THRESHOLD_HIGH_INTERVAL=70 \
	+TRACE_EXECUTION=0 \
	+TRACE_OUTPUT=results/tables/strategy_execution_trace.csv
VCD info: dumpfile results/logs/strategy_comparison.vcd opened for output.
Total run cycles: 50000
Fixed interval: 80
Safe interval: 1
Level intervals: L0=240 L1=200 L2=150 L3=120 L4=100 L5=80 L6=70 L7=70
Threshold levels: low_to_medium=2 medium_to_low=1 medium_to_high=4 high_to_medium=3
Threshold intervals: low=200 medium=120 high=70
Loaded fault events: 610
Loaded control level events: 1295
STRATEGY RESULT: table
  total_cycle_count         = 50000
  scrub_cycle_count         = 246
  memory_read_count         = 3936
  memory_write_count        = 438
  corrected_error_count     = 438
  uncorrectable_detections  = 814
  unique_uncorrectable_words = 6
  interval_switch_count     = 1295
  memory_busy_cycle_count   = 4374
  busy_per_mille            = 87
Strategy comparison run passed for strategy table.
tb/tb_strategy_comparison.v:1002: $finish called at 500376000 (1ps)
vvp results/logs/strategy_comparison.out \
	+STRATEGY=2 \
	+TOTAL_RUN_CYCLES=50000 \
	+FIXED_INTERVAL=80 \
	+SAFE_INTERVAL=1 \
	+LEVEL0_INTERVAL=240 \
	+LEVEL1_INTERVAL=200 \
	+LEVEL2_INTERVAL=150 \
	+LEVEL3_INTERVAL=120 \
	+LEVEL4_INTERVAL=100 \
	+LEVEL5_INTERVAL=80 \
	+LEVEL6_INTERVAL=70 \
	+LEVEL7_INTERVAL=70 \
	+THRESHOLD_LOW_TO_MEDIUM=2 \
	+THRESHOLD_MEDIUM_TO_LOW=1 \
	+THRESHOLD_MEDIUM_TO_HIGH=4 \
	+THRESHOLD_HIGH_TO_MEDIUM=3 \
	+THRESHOLD_LOW_INTERVAL=200 \
	+THRESHOLD_MEDIUM_INTERVAL=120 \
	+THRESHOLD_HIGH_INTERVAL=70 \
	+TRACE_EXECUTION=0 \
	+TRACE_OUTPUT=results/tables/strategy_execution_trace.csv
VCD info: dumpfile results/logs/strategy_comparison.vcd opened for output.
Total run cycles: 50000
Fixed interval: 80
Safe interval: 1
Level intervals: L0=240 L1=200 L2=150 L3=120 L4=100 L5=80 L6=70 L7=70
Threshold levels: low_to_medium=2 medium_to_low=1 medium_to_high=4 high_to_medium=3
Threshold intervals: low=200 medium=120 high=70
Loaded fault events: 610
Loaded control level events: 1295
STRATEGY RESULT: threshold
  total_cycle_count         = 50000
  scrub_cycle_count         = 284
  memory_read_count         = 4544
  memory_write_count        = 425
  corrected_error_count     = 425
  uncorrectable_detections  = 1002
  unique_uncorrectable_words = 6
  interval_switch_count     = 776
  memory_busy_cycle_count   = 4969
  busy_per_mille            = 99
Strategy comparison run passed for strategy threshold.
tb/tb_strategy_comparison.v:1002: $finish called at 500376000 (1ps)
cat results/tables/strategy_comparison.csv
strategy,total_cycles,scrub_cycles,reads,writes,corrected,uncorrectable_detections,unique_uncorrectable_words,interval_switches,safe_entries,safe_cycles,scrub_active_cycles,memory_busy_cycles,scrub_per_mille,busy_per_mille,safe_per_mille
fixed,50000,632,10112,502,502,1432,6,0,0,0,41582,10614,831,212,0
table,50000,246,3936,438,438,814,6,1295,0,0,16428,4374,328,87,0
threshold,50000,284,4544,425,425,1002,6,776,0,0,18885,4969,377,99,0
make[4]: Leaving directory '/home/z3tm4n/adaptive_scrubbing'
make[4]: Entering directory '/home/z3tm4n/adaptive_scrubbing'
mkdir -p results/logs results/tables results/figures
python3 model/generate_fault_events.py \
	--scenario upsets \
	--input data/upsets.xlsx \
	--output tb/fault_events.csv \
	--control-output tb/control_levels.csv \
	--start-index 0 \
	--window-size 43824 \
	--total-cycles 50000 \
	--event-count 400 \
	--paired-event-count 100 \
	--pair-gap-min 60 \
	--pair-gap-max 300 \
	--cluster-event-count 10 \
	--cluster-bit-count 2 \
	--seed 4 \
	--control-quantization linear_max \
	--control-source risk_policy \
	--control-policy-schedule results/paper/tables/risk_policy_schedule.csv \
	--control-policy-level-map-output results/paper/tables/risk_policy_level_map.csv
Generated fault events: tb/fault_events.csv
Generated control levels: tb/control_levels.csv
Control level changes: 1295
Generated 610 fault injections
Scenario: upsets
Paired events: 100
Addresses with repeated injections: 16
Input: data/upsets.xlsx
Start index: 0
Window size: 43824
Total cycles: 50000
Single events: 400
Paired events: 100
Cluster events: 10
Cluster bit count: 2
Seed: 4
Control source: risk_policy
Control policy schedule: results/paper/tables/risk_policy_schedule.csv
Control policy level map: results/paper/tables/risk_policy_level_map.csv
iverilog -g2012 -o results/logs/strategy_comparison.out rtl/secded_32_39_encoder.v rtl/secded_32_39_decoder.v rtl/protected_memory_model.v rtl/interval_selector.v rtl/adaptive_scrub_controller.v tb/tb_strategy_comparison.v
rm -f results/tables/strategy_comparison.csv
echo "strategy,total_cycles,scrub_cycles,reads,writes,corrected,uncorrectable_detections,unique_uncorrectable_words,interval_switches,safe_entries,safe_cycles,scrub_active_cycles,memory_busy_cycles,scrub_per_mille,busy_per_mille,safe_per_mille" > results/tables/strategy_comparison.csv
vvp results/logs/strategy_comparison.out \
	+STRATEGY=0 \
	+TOTAL_RUN_CYCLES=50000 \
	+FIXED_INTERVAL=80 \
	+SAFE_INTERVAL=1 \
	+LEVEL0_INTERVAL=240 \
	+LEVEL1_INTERVAL=200 \
	+LEVEL2_INTERVAL=150 \
	+LEVEL3_INTERVAL=120 \
	+LEVEL4_INTERVAL=100 \
	+LEVEL5_INTERVAL=80 \
	+LEVEL6_INTERVAL=70 \
	+LEVEL7_INTERVAL=70 \
	+THRESHOLD_LOW_TO_MEDIUM=2 \
	+THRESHOLD_MEDIUM_TO_LOW=1 \
	+THRESHOLD_MEDIUM_TO_HIGH=4 \
	+THRESHOLD_HIGH_TO_MEDIUM=3 \
	+THRESHOLD_LOW_INTERVAL=200 \
	+THRESHOLD_MEDIUM_INTERVAL=120 \
	+THRESHOLD_HIGH_INTERVAL=70 \
	+TRACE_EXECUTION=0 \
	+TRACE_OUTPUT=results/tables/strategy_execution_trace.csv
VCD info: dumpfile results/logs/strategy_comparison.vcd opened for output.
Total run cycles: 50000
Fixed interval: 80
Safe interval: 1
Level intervals: L0=240 L1=200 L2=150 L3=120 L4=100 L5=80 L6=70 L7=70
Threshold levels: low_to_medium=2 medium_to_low=1 medium_to_high=4 high_to_medium=3
Threshold intervals: low=200 medium=120 high=70
Loaded fault events: 610
Loaded control level events: 1295
STRATEGY RESULT: fixed
  total_cycle_count         = 50000
  scrub_cycle_count         = 632
  memory_read_count         = 10112
  memory_write_count        = 520
  corrected_error_count     = 520
  uncorrectable_detections  = 826
  unique_uncorrectable_words = 5
  interval_switch_count     = 0
  memory_busy_cycle_count   = 10632
  busy_per_mille            = 212
Strategy comparison run passed for strategy fixed.
tb/tb_strategy_comparison.v:1002: $finish called at 500376000 (1ps)
vvp results/logs/strategy_comparison.out \
	+STRATEGY=1 \
	+TOTAL_RUN_CYCLES=50000 \
	+FIXED_INTERVAL=80 \
	+SAFE_INTERVAL=1 \
	+LEVEL0_INTERVAL=240 \
	+LEVEL1_INTERVAL=200 \
	+LEVEL2_INTERVAL=150 \
	+LEVEL3_INTERVAL=120 \
	+LEVEL4_INTERVAL=100 \
	+LEVEL5_INTERVAL=80 \
	+LEVEL6_INTERVAL=70 \
	+LEVEL7_INTERVAL=70 \
	+THRESHOLD_LOW_TO_MEDIUM=2 \
	+THRESHOLD_MEDIUM_TO_LOW=1 \
	+THRESHOLD_MEDIUM_TO_HIGH=4 \
	+THRESHOLD_HIGH_TO_MEDIUM=3 \
	+THRESHOLD_LOW_INTERVAL=200 \
	+THRESHOLD_MEDIUM_INTERVAL=120 \
	+THRESHOLD_HIGH_INTERVAL=70 \
	+TRACE_EXECUTION=0 \
	+TRACE_OUTPUT=results/tables/strategy_execution_trace.csv
VCD info: dumpfile results/logs/strategy_comparison.vcd opened for output.
Total run cycles: 50000
Fixed interval: 80
Safe interval: 1
Level intervals: L0=240 L1=200 L2=150 L3=120 L4=100 L5=80 L6=70 L7=70
Threshold levels: low_to_medium=2 medium_to_low=1 medium_to_high=4 high_to_medium=3
Threshold intervals: low=200 medium=120 high=70
Loaded fault events: 610
Loaded control level events: 1295
STRATEGY RESULT: table
  total_cycle_count         = 50000
  scrub_cycle_count         = 246
  memory_read_count         = 3936
  memory_write_count        = 436
  corrected_error_count     = 436
  uncorrectable_detections  = 790
  unique_uncorrectable_words = 6
  interval_switch_count     = 1295
  memory_busy_cycle_count   = 4372
  busy_per_mille            = 87
Strategy comparison run passed for strategy table.
tb/tb_strategy_comparison.v:1002: $finish called at 500376000 (1ps)
vvp results/logs/strategy_comparison.out \
	+STRATEGY=2 \
	+TOTAL_RUN_CYCLES=50000 \
	+FIXED_INTERVAL=80 \
	+SAFE_INTERVAL=1 \
	+LEVEL0_INTERVAL=240 \
	+LEVEL1_INTERVAL=200 \
	+LEVEL2_INTERVAL=150 \
	+LEVEL3_INTERVAL=120 \
	+LEVEL4_INTERVAL=100 \
	+LEVEL5_INTERVAL=80 \
	+LEVEL6_INTERVAL=70 \
	+LEVEL7_INTERVAL=70 \
	+THRESHOLD_LOW_TO_MEDIUM=2 \
	+THRESHOLD_MEDIUM_TO_LOW=1 \
	+THRESHOLD_MEDIUM_TO_HIGH=4 \
	+THRESHOLD_HIGH_TO_MEDIUM=3 \
	+THRESHOLD_LOW_INTERVAL=200 \
	+THRESHOLD_MEDIUM_INTERVAL=120 \
	+THRESHOLD_HIGH_INTERVAL=70 \
	+TRACE_EXECUTION=0 \
	+TRACE_OUTPUT=results/tables/strategy_execution_trace.csv
VCD info: dumpfile results/logs/strategy_comparison.vcd opened for output.
Total run cycles: 50000
Fixed interval: 80
Safe interval: 1
Level intervals: L0=240 L1=200 L2=150 L3=120 L4=100 L5=80 L6=70 L7=70
Threshold levels: low_to_medium=2 medium_to_low=1 medium_to_high=4 high_to_medium=3
Threshold intervals: low=200 medium=120 high=70
Loaded fault events: 610
Loaded control level events: 1295
STRATEGY RESULT: threshold
  total_cycle_count         = 50000
  scrub_cycle_count         = 284
  memory_read_count         = 4544
  memory_write_count        = 471
  corrected_error_count     = 471
  uncorrectable_detections  = 631
  unique_uncorrectable_words = 4
  interval_switch_count     = 776
  memory_busy_cycle_count   = 5015
  busy_per_mille            = 100
Strategy comparison run passed for strategy threshold.
tb/tb_strategy_comparison.v:1002: $finish called at 500376000 (1ps)
cat results/tables/strategy_comparison.csv
strategy,total_cycles,scrub_cycles,reads,writes,corrected,uncorrectable_detections,unique_uncorrectable_words,interval_switches,safe_entries,safe_cycles,scrub_active_cycles,memory_busy_cycles,scrub_per_mille,busy_per_mille,safe_per_mille
fixed,50000,632,10112,520,520,826,5,0,0,0,41600,10632,832,212,0
table,50000,246,3936,436,436,790,6,1295,0,0,16426,4372,328,87,0
threshold,50000,284,4544,471,471,631,4,776,0,0,18931,5015,378,100,0
make[4]: Leaving directory '/home/z3tm4n/adaptive_scrubbing'
make[4]: Entering directory '/home/z3tm4n/adaptive_scrubbing'
mkdir -p results/logs results/tables results/figures
python3 model/generate_fault_events.py \
	--scenario upsets \
	--input data/upsets.xlsx \
	--output tb/fault_events.csv \
	--control-output tb/control_levels.csv \
	--start-index 0 \
	--window-size 43824 \
	--total-cycles 50000 \
	--event-count 400 \
	--paired-event-count 100 \
	--pair-gap-min 60 \
	--pair-gap-max 300 \
	--cluster-event-count 10 \
	--cluster-bit-count 2 \
	--seed 5 \
	--control-quantization linear_max \
	--control-source risk_policy \
	--control-policy-schedule results/paper/tables/risk_policy_schedule.csv \
	--control-policy-level-map-output results/paper/tables/risk_policy_level_map.csv
Generated fault events: tb/fault_events.csv
Generated control levels: tb/control_levels.csv
Control level changes: 1295
Generated 610 fault injections
Scenario: upsets
Paired events: 100
Addresses with repeated injections: 16
Input: data/upsets.xlsx
Start index: 0
Window size: 43824
Total cycles: 50000
Single events: 400
Paired events: 100
Cluster events: 10
Cluster bit count: 2
Seed: 5
Control source: risk_policy
Control policy schedule: results/paper/tables/risk_policy_schedule.csv
Control policy level map: results/paper/tables/risk_policy_level_map.csv
iverilog -g2012 -o results/logs/strategy_comparison.out rtl/secded_32_39_encoder.v rtl/secded_32_39_decoder.v rtl/protected_memory_model.v rtl/interval_selector.v rtl/adaptive_scrub_controller.v tb/tb_strategy_comparison.v
rm -f results/tables/strategy_comparison.csv
echo "strategy,total_cycles,scrub_cycles,reads,writes,corrected,uncorrectable_detections,unique_uncorrectable_words,interval_switches,safe_entries,safe_cycles,scrub_active_cycles,memory_busy_cycles,scrub_per_mille,busy_per_mille,safe_per_mille" > results/tables/strategy_comparison.csv
vvp results/logs/strategy_comparison.out \
	+STRATEGY=0 \
	+TOTAL_RUN_CYCLES=50000 \
	+FIXED_INTERVAL=80 \
	+SAFE_INTERVAL=1 \
	+LEVEL0_INTERVAL=240 \
	+LEVEL1_INTERVAL=200 \
	+LEVEL2_INTERVAL=150 \
	+LEVEL3_INTERVAL=120 \
	+LEVEL4_INTERVAL=100 \
	+LEVEL5_INTERVAL=80 \
	+LEVEL6_INTERVAL=70 \
	+LEVEL7_INTERVAL=70 \
	+THRESHOLD_LOW_TO_MEDIUM=2 \
	+THRESHOLD_MEDIUM_TO_LOW=1 \
	+THRESHOLD_MEDIUM_TO_HIGH=4 \
	+THRESHOLD_HIGH_TO_MEDIUM=3 \
	+THRESHOLD_LOW_INTERVAL=200 \
	+THRESHOLD_MEDIUM_INTERVAL=120 \
	+THRESHOLD_HIGH_INTERVAL=70 \
	+TRACE_EXECUTION=0 \
	+TRACE_OUTPUT=results/tables/strategy_execution_trace.csv
VCD info: dumpfile results/logs/strategy_comparison.vcd opened for output.
Total run cycles: 50000
Fixed interval: 80
Safe interval: 1
Level intervals: L0=240 L1=200 L2=150 L3=120 L4=100 L5=80 L6=70 L7=70
Threshold levels: low_to_medium=2 medium_to_low=1 medium_to_high=4 high_to_medium=3
Threshold intervals: low=200 medium=120 high=70
Loaded fault events: 610
Loaded control level events: 1295
STRATEGY RESULT: fixed
  total_cycle_count         = 50000
  scrub_cycle_count         = 632
  memory_read_count         = 10112
  memory_write_count        = 499
  corrected_error_count     = 499
  uncorrectable_detections  = 702
  unique_uncorrectable_words = 6
  interval_switch_count     = 0
  memory_busy_cycle_count   = 10611
  busy_per_mille            = 212
Strategy comparison run passed for strategy fixed.
tb/tb_strategy_comparison.v:1002: $finish called at 500376000 (1ps)
vvp results/logs/strategy_comparison.out \
	+STRATEGY=1 \
	+TOTAL_RUN_CYCLES=50000 \
	+FIXED_INTERVAL=80 \
	+SAFE_INTERVAL=1 \
	+LEVEL0_INTERVAL=240 \
	+LEVEL1_INTERVAL=200 \
	+LEVEL2_INTERVAL=150 \
	+LEVEL3_INTERVAL=120 \
	+LEVEL4_INTERVAL=100 \
	+LEVEL5_INTERVAL=80 \
	+LEVEL6_INTERVAL=70 \
	+LEVEL7_INTERVAL=70 \
	+THRESHOLD_LOW_TO_MEDIUM=2 \
	+THRESHOLD_MEDIUM_TO_LOW=1 \
	+THRESHOLD_MEDIUM_TO_HIGH=4 \
	+THRESHOLD_HIGH_TO_MEDIUM=3 \
	+THRESHOLD_LOW_INTERVAL=200 \
	+THRESHOLD_MEDIUM_INTERVAL=120 \
	+THRESHOLD_HIGH_INTERVAL=70 \
	+TRACE_EXECUTION=0 \
	+TRACE_OUTPUT=results/tables/strategy_execution_trace.csv
VCD info: dumpfile results/logs/strategy_comparison.vcd opened for output.
Total run cycles: 50000
Fixed interval: 80
Safe interval: 1
Level intervals: L0=240 L1=200 L2=150 L3=120 L4=100 L5=80 L6=70 L7=70
Threshold levels: low_to_medium=2 medium_to_low=1 medium_to_high=4 high_to_medium=3
Threshold intervals: low=200 medium=120 high=70
Loaded fault events: 610
Loaded control level events: 1295
STRATEGY RESULT: table
  total_cycle_count         = 50000
  scrub_cycle_count         = 246
  memory_read_count         = 3936
  memory_write_count        = 439
  corrected_error_count     = 439
  uncorrectable_detections  = 520
  unique_uncorrectable_words = 7
  interval_switch_count     = 1295
  memory_busy_cycle_count   = 4375
  busy_per_mille            = 87
Strategy comparison run passed for strategy table.
tb/tb_strategy_comparison.v:1002: $finish called at 500376000 (1ps)
vvp results/logs/strategy_comparison.out \
	+STRATEGY=2 \
	+TOTAL_RUN_CYCLES=50000 \
	+FIXED_INTERVAL=80 \
	+SAFE_INTERVAL=1 \
	+LEVEL0_INTERVAL=240 \
	+LEVEL1_INTERVAL=200 \
	+LEVEL2_INTERVAL=150 \
	+LEVEL3_INTERVAL=120 \
	+LEVEL4_INTERVAL=100 \
	+LEVEL5_INTERVAL=80 \
	+LEVEL6_INTERVAL=70 \
	+LEVEL7_INTERVAL=70 \
	+THRESHOLD_LOW_TO_MEDIUM=2 \
	+THRESHOLD_MEDIUM_TO_LOW=1 \
	+THRESHOLD_MEDIUM_TO_HIGH=4 \
	+THRESHOLD_HIGH_TO_MEDIUM=3 \
	+THRESHOLD_LOW_INTERVAL=200 \
	+THRESHOLD_MEDIUM_INTERVAL=120 \
	+THRESHOLD_HIGH_INTERVAL=70 \
	+TRACE_EXECUTION=0 \
	+TRACE_OUTPUT=results/tables/strategy_execution_trace.csv
VCD info: dumpfile results/logs/strategy_comparison.vcd opened for output.
Total run cycles: 50000
Fixed interval: 80
Safe interval: 1
Level intervals: L0=240 L1=200 L2=150 L3=120 L4=100 L5=80 L6=70 L7=70
Threshold levels: low_to_medium=2 medium_to_low=1 medium_to_high=4 high_to_medium=3
Threshold intervals: low=200 medium=120 high=70
Loaded fault events: 610
Loaded control level events: 1295
STRATEGY RESULT: threshold
  total_cycle_count         = 50000
  scrub_cycle_count         = 284
  memory_read_count         = 4544
  memory_write_count        = 464
  corrected_error_count     = 464
  uncorrectable_detections  = 509
  unique_uncorrectable_words = 6
  interval_switch_count     = 776
  memory_busy_cycle_count   = 5008
  busy_per_mille            = 100
Strategy comparison run passed for strategy threshold.
tb/tb_strategy_comparison.v:1002: $finish called at 500376000 (1ps)
cat results/tables/strategy_comparison.csv
strategy,total_cycles,scrub_cycles,reads,writes,corrected,uncorrectable_detections,unique_uncorrectable_words,interval_switches,safe_entries,safe_cycles,scrub_active_cycles,memory_busy_cycles,scrub_per_mille,busy_per_mille,safe_per_mille
fixed,50000,632,10112,499,499,702,6,0,0,0,41579,10611,831,212,0
table,50000,246,3936,439,439,520,7,1295,0,0,16429,4375,328,87,0
threshold,50000,284,4544,464,464,509,6,776,0,0,18924,5008,378,100,0
make[4]: Leaving directory '/home/z3tm4n/adaptive_scrubbing'
make[4]: Entering directory '/home/z3tm4n/adaptive_scrubbing'
mkdir -p results/logs results/tables results/figures
python3 model/generate_fault_events.py \
	--scenario upsets \
	--input data/upsets.xlsx \
	--output tb/fault_events.csv \
	--control-output tb/control_levels.csv \
	--start-index 0 \
	--window-size 43824 \
	--total-cycles 50000 \
	--event-count 400 \
	--paired-event-count 100 \
	--pair-gap-min 60 \
	--pair-gap-max 300 \
	--cluster-event-count 10 \
	--cluster-bit-count 2 \
	--seed 6 \
	--control-quantization linear_max \
	--control-source risk_policy \
	--control-policy-schedule results/paper/tables/risk_policy_schedule.csv \
	--control-policy-level-map-output results/paper/tables/risk_policy_level_map.csv
Generated fault events: tb/fault_events.csv
Generated control levels: tb/control_levels.csv
Control level changes: 1295
Generated 610 fault injections
Scenario: upsets
Paired events: 100
Addresses with repeated injections: 16
Input: data/upsets.xlsx
Start index: 0
Window size: 43824
Total cycles: 50000
Single events: 400
Paired events: 100
Cluster events: 10
Cluster bit count: 2
Seed: 6
Control source: risk_policy
Control policy schedule: results/paper/tables/risk_policy_schedule.csv
Control policy level map: results/paper/tables/risk_policy_level_map.csv
iverilog -g2012 -o results/logs/strategy_comparison.out rtl/secded_32_39_encoder.v rtl/secded_32_39_decoder.v rtl/protected_memory_model.v rtl/interval_selector.v rtl/adaptive_scrub_controller.v tb/tb_strategy_comparison.v
rm -f results/tables/strategy_comparison.csv
echo "strategy,total_cycles,scrub_cycles,reads,writes,corrected,uncorrectable_detections,unique_uncorrectable_words,interval_switches,safe_entries,safe_cycles,scrub_active_cycles,memory_busy_cycles,scrub_per_mille,busy_per_mille,safe_per_mille" > results/tables/strategy_comparison.csv
vvp results/logs/strategy_comparison.out \
	+STRATEGY=0 \
	+TOTAL_RUN_CYCLES=50000 \
	+FIXED_INTERVAL=80 \
	+SAFE_INTERVAL=1 \
	+LEVEL0_INTERVAL=240 \
	+LEVEL1_INTERVAL=200 \
	+LEVEL2_INTERVAL=150 \
	+LEVEL3_INTERVAL=120 \
	+LEVEL4_INTERVAL=100 \
	+LEVEL5_INTERVAL=80 \
	+LEVEL6_INTERVAL=70 \
	+LEVEL7_INTERVAL=70 \
	+THRESHOLD_LOW_TO_MEDIUM=2 \
	+THRESHOLD_MEDIUM_TO_LOW=1 \
	+THRESHOLD_MEDIUM_TO_HIGH=4 \
	+THRESHOLD_HIGH_TO_MEDIUM=3 \
	+THRESHOLD_LOW_INTERVAL=200 \
	+THRESHOLD_MEDIUM_INTERVAL=120 \
	+THRESHOLD_HIGH_INTERVAL=70 \
	+TRACE_EXECUTION=0 \
	+TRACE_OUTPUT=results/tables/strategy_execution_trace.csv
VCD info: dumpfile results/logs/strategy_comparison.vcd opened for output.
Total run cycles: 50000
Fixed interval: 80
Safe interval: 1
Level intervals: L0=240 L1=200 L2=150 L3=120 L4=100 L5=80 L6=70 L7=70
Threshold levels: low_to_medium=2 medium_to_low=1 medium_to_high=4 high_to_medium=3
Threshold intervals: low=200 medium=120 high=70
Loaded fault events: 610
Loaded control level events: 1295
STRATEGY RESULT: fixed
  total_cycle_count         = 50000
  scrub_cycle_count         = 632
  memory_read_count         = 10112
  memory_write_count        = 503
  corrected_error_count     = 503
  uncorrectable_detections  = 1520
  unique_uncorrectable_words = 8
  interval_switch_count     = 0
  memory_busy_cycle_count   = 10615
  busy_per_mille            = 212
Strategy comparison run passed for strategy fixed.
tb/tb_strategy_comparison.v:1002: $finish called at 500376000 (1ps)
vvp results/logs/strategy_comparison.out \
	+STRATEGY=1 \
	+TOTAL_RUN_CYCLES=50000 \
	+FIXED_INTERVAL=80 \
	+SAFE_INTERVAL=1 \
	+LEVEL0_INTERVAL=240 \
	+LEVEL1_INTERVAL=200 \
	+LEVEL2_INTERVAL=150 \
	+LEVEL3_INTERVAL=120 \
	+LEVEL4_INTERVAL=100 \
	+LEVEL5_INTERVAL=80 \
	+LEVEL6_INTERVAL=70 \
	+LEVEL7_INTERVAL=70 \
	+THRESHOLD_LOW_TO_MEDIUM=2 \
	+THRESHOLD_MEDIUM_TO_LOW=1 \
	+THRESHOLD_MEDIUM_TO_HIGH=4 \
	+THRESHOLD_HIGH_TO_MEDIUM=3 \
	+THRESHOLD_LOW_INTERVAL=200 \
	+THRESHOLD_MEDIUM_INTERVAL=120 \
	+THRESHOLD_HIGH_INTERVAL=70 \
	+TRACE_EXECUTION=0 \
	+TRACE_OUTPUT=results/tables/strategy_execution_trace.csv
VCD info: dumpfile results/logs/strategy_comparison.vcd opened for output.
Total run cycles: 50000
Fixed interval: 80
Safe interval: 1
Level intervals: L0=240 L1=200 L2=150 L3=120 L4=100 L5=80 L6=70 L7=70
Threshold levels: low_to_medium=2 medium_to_low=1 medium_to_high=4 high_to_medium=3
Threshold intervals: low=200 medium=120 high=70
Loaded fault events: 610
Loaded control level events: 1295
STRATEGY RESULT: table
  total_cycle_count         = 50000
  scrub_cycle_count         = 246
  memory_read_count         = 3936
  memory_write_count        = 429
  corrected_error_count     = 429
  uncorrectable_detections  = 864
  unique_uncorrectable_words = 8
  interval_switch_count     = 1295
  memory_busy_cycle_count   = 4365
  busy_per_mille            = 87
Strategy comparison run passed for strategy table.
tb/tb_strategy_comparison.v:1002: $finish called at 500376000 (1ps)
vvp results/logs/strategy_comparison.out \
	+STRATEGY=2 \
	+TOTAL_RUN_CYCLES=50000 \
	+FIXED_INTERVAL=80 \
	+SAFE_INTERVAL=1 \
	+LEVEL0_INTERVAL=240 \
	+LEVEL1_INTERVAL=200 \
	+LEVEL2_INTERVAL=150 \
	+LEVEL3_INTERVAL=120 \
	+LEVEL4_INTERVAL=100 \
	+LEVEL5_INTERVAL=80 \
	+LEVEL6_INTERVAL=70 \
	+LEVEL7_INTERVAL=70 \
	+THRESHOLD_LOW_TO_MEDIUM=2 \
	+THRESHOLD_MEDIUM_TO_LOW=1 \
	+THRESHOLD_MEDIUM_TO_HIGH=4 \
	+THRESHOLD_HIGH_TO_MEDIUM=3 \
	+THRESHOLD_LOW_INTERVAL=200 \
	+THRESHOLD_MEDIUM_INTERVAL=120 \
	+THRESHOLD_HIGH_INTERVAL=70 \
	+TRACE_EXECUTION=0 \
	+TRACE_OUTPUT=results/tables/strategy_execution_trace.csv
VCD info: dumpfile results/logs/strategy_comparison.vcd opened for output.
Total run cycles: 50000
Fixed interval: 80
Safe interval: 1
Level intervals: L0=240 L1=200 L2=150 L3=120 L4=100 L5=80 L6=70 L7=70
Threshold levels: low_to_medium=2 medium_to_low=1 medium_to_high=4 high_to_medium=3
Threshold intervals: low=200 medium=120 high=70
Loaded fault events: 610
Loaded control level events: 1295
STRATEGY RESULT: threshold
  total_cycle_count         = 50000
  scrub_cycle_count         = 284
  memory_read_count         = 4544
  memory_write_count        = 433
  corrected_error_count     = 433
  uncorrectable_detections  = 951
  unique_uncorrectable_words = 8
  interval_switch_count     = 776
  memory_busy_cycle_count   = 4977
  busy_per_mille            = 99
Strategy comparison run passed for strategy threshold.
tb/tb_strategy_comparison.v:1002: $finish called at 500376000 (1ps)
cat results/tables/strategy_comparison.csv
strategy,total_cycles,scrub_cycles,reads,writes,corrected,uncorrectable_detections,unique_uncorrectable_words,interval_switches,safe_entries,safe_cycles,scrub_active_cycles,memory_busy_cycles,scrub_per_mille,busy_per_mille,safe_per_mille
fixed,50000,632,10112,503,503,1520,8,0,0,0,41583,10615,831,212,0
table,50000,246,3936,429,429,864,8,1295,0,0,16419,4365,328,87,0
threshold,50000,284,4544,433,433,951,8,776,0,0,18893,4977,377,99,0
make[4]: Leaving directory '/home/z3tm4n/adaptive_scrubbing'
make[4]: Entering directory '/home/z3tm4n/adaptive_scrubbing'
mkdir -p results/logs results/tables results/figures
python3 model/generate_fault_events.py \
	--scenario upsets \
	--input data/upsets.xlsx \
	--output tb/fault_events.csv \
	--control-output tb/control_levels.csv \
	--start-index 0 \
	--window-size 43824 \
	--total-cycles 50000 \
	--event-count 400 \
	--paired-event-count 100 \
	--pair-gap-min 60 \
	--pair-gap-max 300 \
	--cluster-event-count 10 \
	--cluster-bit-count 2 \
	--seed 7 \
	--control-quantization linear_max \
	--control-source risk_policy \
	--control-policy-schedule results/paper/tables/risk_policy_schedule.csv \
	--control-policy-level-map-output results/paper/tables/risk_policy_level_map.csv
Generated fault events: tb/fault_events.csv
Generated control levels: tb/control_levels.csv
Control level changes: 1295
Generated 610 fault injections
Scenario: upsets
Paired events: 100
Addresses with repeated injections: 16
Input: data/upsets.xlsx
Start index: 0
Window size: 43824
Total cycles: 50000
Single events: 400
Paired events: 100
Cluster events: 10
Cluster bit count: 2
Seed: 7
Control source: risk_policy
Control policy schedule: results/paper/tables/risk_policy_schedule.csv
Control policy level map: results/paper/tables/risk_policy_level_map.csv
iverilog -g2012 -o results/logs/strategy_comparison.out rtl/secded_32_39_encoder.v rtl/secded_32_39_decoder.v rtl/protected_memory_model.v rtl/interval_selector.v rtl/adaptive_scrub_controller.v tb/tb_strategy_comparison.v
rm -f results/tables/strategy_comparison.csv
echo "strategy,total_cycles,scrub_cycles,reads,writes,corrected,uncorrectable_detections,unique_uncorrectable_words,interval_switches,safe_entries,safe_cycles,scrub_active_cycles,memory_busy_cycles,scrub_per_mille,busy_per_mille,safe_per_mille" > results/tables/strategy_comparison.csv
vvp results/logs/strategy_comparison.out \
	+STRATEGY=0 \
	+TOTAL_RUN_CYCLES=50000 \
	+FIXED_INTERVAL=80 \
	+SAFE_INTERVAL=1 \
	+LEVEL0_INTERVAL=240 \
	+LEVEL1_INTERVAL=200 \
	+LEVEL2_INTERVAL=150 \
	+LEVEL3_INTERVAL=120 \
	+LEVEL4_INTERVAL=100 \
	+LEVEL5_INTERVAL=80 \
	+LEVEL6_INTERVAL=70 \
	+LEVEL7_INTERVAL=70 \
	+THRESHOLD_LOW_TO_MEDIUM=2 \
	+THRESHOLD_MEDIUM_TO_LOW=1 \
	+THRESHOLD_MEDIUM_TO_HIGH=4 \
	+THRESHOLD_HIGH_TO_MEDIUM=3 \
	+THRESHOLD_LOW_INTERVAL=200 \
	+THRESHOLD_MEDIUM_INTERVAL=120 \
	+THRESHOLD_HIGH_INTERVAL=70 \
	+TRACE_EXECUTION=0 \
	+TRACE_OUTPUT=results/tables/strategy_execution_trace.csv
VCD info: dumpfile results/logs/strategy_comparison.vcd opened for output.
Total run cycles: 50000
Fixed interval: 80
Safe interval: 1
Level intervals: L0=240 L1=200 L2=150 L3=120 L4=100 L5=80 L6=70 L7=70
Threshold levels: low_to_medium=2 medium_to_low=1 medium_to_high=4 high_to_medium=3
Threshold intervals: low=200 medium=120 high=70
Loaded fault events: 610
Loaded control level events: 1295
STRATEGY RESULT: fixed
  total_cycle_count         = 50000
  scrub_cycle_count         = 632
  memory_read_count         = 10112
  memory_write_count        = 499
  corrected_error_count     = 499
  uncorrectable_detections  = 1361
  unique_uncorrectable_words = 0
  interval_switch_count     = 0
  memory_busy_cycle_count   = 10611
  busy_per_mille            = 212
Strategy comparison run passed for strategy fixed.
tb/tb_strategy_comparison.v:1002: $finish called at 500376000 (1ps)
vvp results/logs/strategy_comparison.out \
	+STRATEGY=1 \
	+TOTAL_RUN_CYCLES=50000 \
	+FIXED_INTERVAL=80 \
	+SAFE_INTERVAL=1 \
	+LEVEL0_INTERVAL=240 \
	+LEVEL1_INTERVAL=200 \
	+LEVEL2_INTERVAL=150 \
	+LEVEL3_INTERVAL=120 \
	+LEVEL4_INTERVAL=100 \
	+LEVEL5_INTERVAL=80 \
	+LEVEL6_INTERVAL=70 \
	+LEVEL7_INTERVAL=70 \
	+THRESHOLD_LOW_TO_MEDIUM=2 \
	+THRESHOLD_MEDIUM_TO_LOW=1 \
	+THRESHOLD_MEDIUM_TO_HIGH=4 \
	+THRESHOLD_HIGH_TO_MEDIUM=3 \
	+THRESHOLD_LOW_INTERVAL=200 \
	+THRESHOLD_MEDIUM_INTERVAL=120 \
	+THRESHOLD_HIGH_INTERVAL=70 \
	+TRACE_EXECUTION=0 \
	+TRACE_OUTPUT=results/tables/strategy_execution_trace.csv
VCD info: dumpfile results/logs/strategy_comparison.vcd opened for output.
Total run cycles: 50000
Fixed interval: 80
Safe interval: 1
Level intervals: L0=240 L1=200 L2=150 L3=120 L4=100 L5=80 L6=70 L7=70
Threshold levels: low_to_medium=2 medium_to_low=1 medium_to_high=4 high_to_medium=3
Threshold intervals: low=200 medium=120 high=70
Loaded fault events: 610
Loaded control level events: 1295
STRATEGY RESULT: table
  total_cycle_count         = 50000
  scrub_cycle_count         = 246
  memory_read_count         = 3936
  memory_write_count        = 403
  corrected_error_count     = 403
  uncorrectable_detections  = 1010
  unique_uncorrectable_words = 2
  interval_switch_count     = 1295
  memory_busy_cycle_count   = 4339
  busy_per_mille            = 86
Strategy comparison run passed for strategy table.
tb/tb_strategy_comparison.v:1002: $finish called at 500376000 (1ps)
vvp results/logs/strategy_comparison.out \
	+STRATEGY=2 \
	+TOTAL_RUN_CYCLES=50000 \
	+FIXED_INTERVAL=80 \
	+SAFE_INTERVAL=1 \
	+LEVEL0_INTERVAL=240 \
	+LEVEL1_INTERVAL=200 \
	+LEVEL2_INTERVAL=150 \
	+LEVEL3_INTERVAL=120 \
	+LEVEL4_INTERVAL=100 \
	+LEVEL5_INTERVAL=80 \
	+LEVEL6_INTERVAL=70 \
	+LEVEL7_INTERVAL=70 \
	+THRESHOLD_LOW_TO_MEDIUM=2 \
	+THRESHOLD_MEDIUM_TO_LOW=1 \
	+THRESHOLD_MEDIUM_TO_HIGH=4 \
	+THRESHOLD_HIGH_TO_MEDIUM=3 \
	+THRESHOLD_LOW_INTERVAL=200 \
	+THRESHOLD_MEDIUM_INTERVAL=120 \
	+THRESHOLD_HIGH_INTERVAL=70 \
	+TRACE_EXECUTION=0 \
	+TRACE_OUTPUT=results/tables/strategy_execution_trace.csv
VCD info: dumpfile results/logs/strategy_comparison.vcd opened for output.
Total run cycles: 50000
Fixed interval: 80
Safe interval: 1
Level intervals: L0=240 L1=200 L2=150 L3=120 L4=100 L5=80 L6=70 L7=70
Threshold levels: low_to_medium=2 medium_to_low=1 medium_to_high=4 high_to_medium=3
Threshold intervals: low=200 medium=120 high=70
Loaded fault events: 610
Loaded control level events: 1295
STRATEGY RESULT: threshold
  total_cycle_count         = 50000
  scrub_cycle_count         = 284
  memory_read_count         = 4544
  memory_write_count        = 451
  corrected_error_count     = 451
  uncorrectable_detections  = 776
  unique_uncorrectable_words = 0
  interval_switch_count     = 776
  memory_busy_cycle_count   = 4995
  busy_per_mille            = 99
Strategy comparison run passed for strategy threshold.
tb/tb_strategy_comparison.v:1002: $finish called at 500376000 (1ps)
cat results/tables/strategy_comparison.csv
strategy,total_cycles,scrub_cycles,reads,writes,corrected,uncorrectable_detections,unique_uncorrectable_words,interval_switches,safe_entries,safe_cycles,scrub_active_cycles,memory_busy_cycles,scrub_per_mille,busy_per_mille,safe_per_mille
fixed,50000,632,10112,499,499,1361,0,0,0,0,41579,10611,831,212,0
table,50000,246,3936,403,403,1010,2,1295,0,0,16393,4339,327,86,0
threshold,50000,284,4544,451,451,776,0,776,0,0,18911,4995,378,99,0
make[4]: Leaving directory '/home/z3tm4n/adaptive_scrubbing'
make[4]: Entering directory '/home/z3tm4n/adaptive_scrubbing'
mkdir -p results/logs results/tables results/figures
python3 model/generate_fault_events.py \
	--scenario upsets \
	--input data/upsets.xlsx \
	--output tb/fault_events.csv \
	--control-output tb/control_levels.csv \
	--start-index 0 \
	--window-size 43824 \
	--total-cycles 50000 \
	--event-count 400 \
	--paired-event-count 100 \
	--pair-gap-min 60 \
	--pair-gap-max 300 \
	--cluster-event-count 10 \
	--cluster-bit-count 2 \
	--seed 8 \
	--control-quantization linear_max \
	--control-source risk_policy \
	--control-policy-schedule results/paper/tables/risk_policy_schedule.csv \
	--control-policy-level-map-output results/paper/tables/risk_policy_level_map.csv
Generated fault events: tb/fault_events.csv
Generated control levels: tb/control_levels.csv
Control level changes: 1295
Generated 610 fault injections
Scenario: upsets
Paired events: 100
Addresses with repeated injections: 16
Input: data/upsets.xlsx
Start index: 0
Window size: 43824
Total cycles: 50000
Single events: 400
Paired events: 100
Cluster events: 10
Cluster bit count: 2
Seed: 8
Control source: risk_policy
Control policy schedule: results/paper/tables/risk_policy_schedule.csv
Control policy level map: results/paper/tables/risk_policy_level_map.csv
iverilog -g2012 -o results/logs/strategy_comparison.out rtl/secded_32_39_encoder.v rtl/secded_32_39_decoder.v rtl/protected_memory_model.v rtl/interval_selector.v rtl/adaptive_scrub_controller.v tb/tb_strategy_comparison.v
rm -f results/tables/strategy_comparison.csv
echo "strategy,total_cycles,scrub_cycles,reads,writes,corrected,uncorrectable_detections,unique_uncorrectable_words,interval_switches,safe_entries,safe_cycles,scrub_active_cycles,memory_busy_cycles,scrub_per_mille,busy_per_mille,safe_per_mille" > results/tables/strategy_comparison.csv
vvp results/logs/strategy_comparison.out \
	+STRATEGY=0 \
	+TOTAL_RUN_CYCLES=50000 \
	+FIXED_INTERVAL=80 \
	+SAFE_INTERVAL=1 \
	+LEVEL0_INTERVAL=240 \
	+LEVEL1_INTERVAL=200 \
	+LEVEL2_INTERVAL=150 \
	+LEVEL3_INTERVAL=120 \
	+LEVEL4_INTERVAL=100 \
	+LEVEL5_INTERVAL=80 \
	+LEVEL6_INTERVAL=70 \
	+LEVEL7_INTERVAL=70 \
	+THRESHOLD_LOW_TO_MEDIUM=2 \
	+THRESHOLD_MEDIUM_TO_LOW=1 \
	+THRESHOLD_MEDIUM_TO_HIGH=4 \
	+THRESHOLD_HIGH_TO_MEDIUM=3 \
	+THRESHOLD_LOW_INTERVAL=200 \
	+THRESHOLD_MEDIUM_INTERVAL=120 \
	+THRESHOLD_HIGH_INTERVAL=70 \
	+TRACE_EXECUTION=0 \
	+TRACE_OUTPUT=results/tables/strategy_execution_trace.csv
VCD info: dumpfile results/logs/strategy_comparison.vcd opened for output.
Total run cycles: 50000
Fixed interval: 80
Safe interval: 1
Level intervals: L0=240 L1=200 L2=150 L3=120 L4=100 L5=80 L6=70 L7=70
Threshold levels: low_to_medium=2 medium_to_low=1 medium_to_high=4 high_to_medium=3
Threshold intervals: low=200 medium=120 high=70
Loaded fault events: 610
Loaded control level events: 1295
STRATEGY RESULT: fixed
  total_cycle_count         = 50000
  scrub_cycle_count         = 632
  memory_read_count         = 10112
  memory_write_count        = 502
  corrected_error_count     = 502
  uncorrectable_detections  = 923
  unique_uncorrectable_words = 4
  interval_switch_count     = 0
  memory_busy_cycle_count   = 10614
  busy_per_mille            = 212
Strategy comparison run passed for strategy fixed.
tb/tb_strategy_comparison.v:1002: $finish called at 500376000 (1ps)
vvp results/logs/strategy_comparison.out \
	+STRATEGY=1 \
	+TOTAL_RUN_CYCLES=50000 \
	+FIXED_INTERVAL=80 \
	+SAFE_INTERVAL=1 \
	+LEVEL0_INTERVAL=240 \
	+LEVEL1_INTERVAL=200 \
	+LEVEL2_INTERVAL=150 \
	+LEVEL3_INTERVAL=120 \
	+LEVEL4_INTERVAL=100 \
	+LEVEL5_INTERVAL=80 \
	+LEVEL6_INTERVAL=70 \
	+LEVEL7_INTERVAL=70 \
	+THRESHOLD_LOW_TO_MEDIUM=2 \
	+THRESHOLD_MEDIUM_TO_LOW=1 \
	+THRESHOLD_MEDIUM_TO_HIGH=4 \
	+THRESHOLD_HIGH_TO_MEDIUM=3 \
	+THRESHOLD_LOW_INTERVAL=200 \
	+THRESHOLD_MEDIUM_INTERVAL=120 \
	+THRESHOLD_HIGH_INTERVAL=70 \
	+TRACE_EXECUTION=0 \
	+TRACE_OUTPUT=results/tables/strategy_execution_trace.csv
VCD info: dumpfile results/logs/strategy_comparison.vcd opened for output.
Total run cycles: 50000
Fixed interval: 80
Safe interval: 1
Level intervals: L0=240 L1=200 L2=150 L3=120 L4=100 L5=80 L6=70 L7=70
Threshold levels: low_to_medium=2 medium_to_low=1 medium_to_high=4 high_to_medium=3
Threshold intervals: low=200 medium=120 high=70
Loaded fault events: 610
Loaded control level events: 1295
STRATEGY RESULT: table
  total_cycle_count         = 50000
  scrub_cycle_count         = 246
  memory_read_count         = 3936
  memory_write_count        = 419
  corrected_error_count     = 419
  uncorrectable_detections  = 682
  unique_uncorrectable_words = 2
  interval_switch_count     = 1295
  memory_busy_cycle_count   = 4355
  busy_per_mille            = 87
Strategy comparison run passed for strategy table.
tb/tb_strategy_comparison.v:1002: $finish called at 500376000 (1ps)
vvp results/logs/strategy_comparison.out \
	+STRATEGY=2 \
	+TOTAL_RUN_CYCLES=50000 \
	+FIXED_INTERVAL=80 \
	+SAFE_INTERVAL=1 \
	+LEVEL0_INTERVAL=240 \
	+LEVEL1_INTERVAL=200 \
	+LEVEL2_INTERVAL=150 \
	+LEVEL3_INTERVAL=120 \
	+LEVEL4_INTERVAL=100 \
	+LEVEL5_INTERVAL=80 \
	+LEVEL6_INTERVAL=70 \
	+LEVEL7_INTERVAL=70 \
	+THRESHOLD_LOW_TO_MEDIUM=2 \
	+THRESHOLD_MEDIUM_TO_LOW=1 \
	+THRESHOLD_MEDIUM_TO_HIGH=4 \
	+THRESHOLD_HIGH_TO_MEDIUM=3 \
	+THRESHOLD_LOW_INTERVAL=200 \
	+THRESHOLD_MEDIUM_INTERVAL=120 \
	+THRESHOLD_HIGH_INTERVAL=70 \
	+TRACE_EXECUTION=0 \
	+TRACE_OUTPUT=results/tables/strategy_execution_trace.csv
VCD info: dumpfile results/logs/strategy_comparison.vcd opened for output.
Total run cycles: 50000
Fixed interval: 80
Safe interval: 1
Level intervals: L0=240 L1=200 L2=150 L3=120 L4=100 L5=80 L6=70 L7=70
Threshold levels: low_to_medium=2 medium_to_low=1 medium_to_high=4 high_to_medium=3
Threshold intervals: low=200 medium=120 high=70
Loaded fault events: 610
Loaded control level events: 1295
STRATEGY RESULT: threshold
  total_cycle_count         = 50000
  scrub_cycle_count         = 284
  memory_read_count         = 4544
  memory_write_count        = 447
  corrected_error_count     = 447
  uncorrectable_detections  = 699
  unique_uncorrectable_words = 1
  interval_switch_count     = 776
  memory_busy_cycle_count   = 4991
  busy_per_mille            = 99
Strategy comparison run passed for strategy threshold.
tb/tb_strategy_comparison.v:1002: $finish called at 500376000 (1ps)
cat results/tables/strategy_comparison.csv
strategy,total_cycles,scrub_cycles,reads,writes,corrected,uncorrectable_detections,unique_uncorrectable_words,interval_switches,safe_entries,safe_cycles,scrub_active_cycles,memory_busy_cycles,scrub_per_mille,busy_per_mille,safe_per_mille
fixed,50000,632,10112,502,502,923,4,0,0,0,41582,10614,831,212,0
table,50000,246,3936,419,419,682,2,1295,0,0,16409,4355,328,87,0
threshold,50000,284,4544,447,447,699,1,776,0,0,18907,4991,378,99,0
make[4]: Leaving directory '/home/z3tm4n/adaptive_scrubbing'
make[4]: Entering directory '/home/z3tm4n/adaptive_scrubbing'
mkdir -p results/logs results/tables results/figures
python3 model/generate_fault_events.py \
	--scenario upsets \
	--input data/upsets.xlsx \
	--output tb/fault_events.csv \
	--control-output tb/control_levels.csv \
	--start-index 0 \
	--window-size 43824 \
	--total-cycles 50000 \
	--event-count 400 \
	--paired-event-count 100 \
	--pair-gap-min 60 \
	--pair-gap-max 300 \
	--cluster-event-count 10 \
	--cluster-bit-count 2 \
	--seed 9 \
	--control-quantization linear_max \
	--control-source risk_policy \
	--control-policy-schedule results/paper/tables/risk_policy_schedule.csv \
	--control-policy-level-map-output results/paper/tables/risk_policy_level_map.csv
Generated fault events: tb/fault_events.csv
Generated control levels: tb/control_levels.csv
Control level changes: 1295
Generated 610 fault injections
Scenario: upsets
Paired events: 100
Addresses with repeated injections: 16
Input: data/upsets.xlsx
Start index: 0
Window size: 43824
Total cycles: 50000
Single events: 400
Paired events: 100
Cluster events: 10
Cluster bit count: 2
Seed: 9
Control source: risk_policy
Control policy schedule: results/paper/tables/risk_policy_schedule.csv
Control policy level map: results/paper/tables/risk_policy_level_map.csv
iverilog -g2012 -o results/logs/strategy_comparison.out rtl/secded_32_39_encoder.v rtl/secded_32_39_decoder.v rtl/protected_memory_model.v rtl/interval_selector.v rtl/adaptive_scrub_controller.v tb/tb_strategy_comparison.v
rm -f results/tables/strategy_comparison.csv
echo "strategy,total_cycles,scrub_cycles,reads,writes,corrected,uncorrectable_detections,unique_uncorrectable_words,interval_switches,safe_entries,safe_cycles,scrub_active_cycles,memory_busy_cycles,scrub_per_mille,busy_per_mille,safe_per_mille" > results/tables/strategy_comparison.csv
vvp results/logs/strategy_comparison.out \
	+STRATEGY=0 \
	+TOTAL_RUN_CYCLES=50000 \
	+FIXED_INTERVAL=80 \
	+SAFE_INTERVAL=1 \
	+LEVEL0_INTERVAL=240 \
	+LEVEL1_INTERVAL=200 \
	+LEVEL2_INTERVAL=150 \
	+LEVEL3_INTERVAL=120 \
	+LEVEL4_INTERVAL=100 \
	+LEVEL5_INTERVAL=80 \
	+LEVEL6_INTERVAL=70 \
	+LEVEL7_INTERVAL=70 \
	+THRESHOLD_LOW_TO_MEDIUM=2 \
	+THRESHOLD_MEDIUM_TO_LOW=1 \
	+THRESHOLD_MEDIUM_TO_HIGH=4 \
	+THRESHOLD_HIGH_TO_MEDIUM=3 \
	+THRESHOLD_LOW_INTERVAL=200 \
	+THRESHOLD_MEDIUM_INTERVAL=120 \
	+THRESHOLD_HIGH_INTERVAL=70 \
	+TRACE_EXECUTION=0 \
	+TRACE_OUTPUT=results/tables/strategy_execution_trace.csv
VCD info: dumpfile results/logs/strategy_comparison.vcd opened for output.
Total run cycles: 50000
Fixed interval: 80
Safe interval: 1
Level intervals: L0=240 L1=200 L2=150 L3=120 L4=100 L5=80 L6=70 L7=70
Threshold levels: low_to_medium=2 medium_to_low=1 medium_to_high=4 high_to_medium=3
Threshold intervals: low=200 medium=120 high=70
Loaded fault events: 610
Loaded control level events: 1295
STRATEGY RESULT: fixed
  total_cycle_count         = 50000
  scrub_cycle_count         = 632
  memory_read_count         = 10112
  memory_write_count        = 473
  corrected_error_count     = 473
  uncorrectable_detections  = 1427
  unique_uncorrectable_words = 4
  interval_switch_count     = 0
  memory_busy_cycle_count   = 10585
  busy_per_mille            = 211
Strategy comparison run passed for strategy fixed.
tb/tb_strategy_comparison.v:1002: $finish called at 500376000 (1ps)
vvp results/logs/strategy_comparison.out \
	+STRATEGY=1 \
	+TOTAL_RUN_CYCLES=50000 \
	+FIXED_INTERVAL=80 \
	+SAFE_INTERVAL=1 \
	+LEVEL0_INTERVAL=240 \
	+LEVEL1_INTERVAL=200 \
	+LEVEL2_INTERVAL=150 \
	+LEVEL3_INTERVAL=120 \
	+LEVEL4_INTERVAL=100 \
	+LEVEL5_INTERVAL=80 \
	+LEVEL6_INTERVAL=70 \
	+LEVEL7_INTERVAL=70 \
	+THRESHOLD_LOW_TO_MEDIUM=2 \
	+THRESHOLD_MEDIUM_TO_LOW=1 \
	+THRESHOLD_MEDIUM_TO_HIGH=4 \
	+THRESHOLD_HIGH_TO_MEDIUM=3 \
	+THRESHOLD_LOW_INTERVAL=200 \
	+THRESHOLD_MEDIUM_INTERVAL=120 \
	+THRESHOLD_HIGH_INTERVAL=70 \
	+TRACE_EXECUTION=0 \
	+TRACE_OUTPUT=results/tables/strategy_execution_trace.csv
VCD info: dumpfile results/logs/strategy_comparison.vcd opened for output.
Total run cycles: 50000
Fixed interval: 80
Safe interval: 1
Level intervals: L0=240 L1=200 L2=150 L3=120 L4=100 L5=80 L6=70 L7=70
Threshold levels: low_to_medium=2 medium_to_low=1 medium_to_high=4 high_to_medium=3
Threshold intervals: low=200 medium=120 high=70
Loaded fault events: 610
Loaded control level events: 1295
STRATEGY RESULT: table
  total_cycle_count         = 50000
  scrub_cycle_count         = 246
  memory_read_count         = 3936
  memory_write_count        = 410
  corrected_error_count     = 410
  uncorrectable_detections  = 794
  unique_uncorrectable_words = 3
  interval_switch_count     = 1295
  memory_busy_cycle_count   = 4346
  busy_per_mille            = 86
Strategy comparison run passed for strategy table.
tb/tb_strategy_comparison.v:1002: $finish called at 500376000 (1ps)
vvp results/logs/strategy_comparison.out \
	+STRATEGY=2 \
	+TOTAL_RUN_CYCLES=50000 \
	+FIXED_INTERVAL=80 \
	+SAFE_INTERVAL=1 \
	+LEVEL0_INTERVAL=240 \
	+LEVEL1_INTERVAL=200 \
	+LEVEL2_INTERVAL=150 \
	+LEVEL3_INTERVAL=120 \
	+LEVEL4_INTERVAL=100 \
	+LEVEL5_INTERVAL=80 \
	+LEVEL6_INTERVAL=70 \
	+LEVEL7_INTERVAL=70 \
	+THRESHOLD_LOW_TO_MEDIUM=2 \
	+THRESHOLD_MEDIUM_TO_LOW=1 \
	+THRESHOLD_MEDIUM_TO_HIGH=4 \
	+THRESHOLD_HIGH_TO_MEDIUM=3 \
	+THRESHOLD_LOW_INTERVAL=200 \
	+THRESHOLD_MEDIUM_INTERVAL=120 \
	+THRESHOLD_HIGH_INTERVAL=70 \
	+TRACE_EXECUTION=0 \
	+TRACE_OUTPUT=results/tables/strategy_execution_trace.csv
VCD info: dumpfile results/logs/strategy_comparison.vcd opened for output.
Total run cycles: 50000
Fixed interval: 80
Safe interval: 1
Level intervals: L0=240 L1=200 L2=150 L3=120 L4=100 L5=80 L6=70 L7=70
Threshold levels: low_to_medium=2 medium_to_low=1 medium_to_high=4 high_to_medium=3
Threshold intervals: low=200 medium=120 high=70
Loaded fault events: 610
Loaded control level events: 1295
STRATEGY RESULT: threshold
  total_cycle_count         = 50000
  scrub_cycle_count         = 284
  memory_read_count         = 4544
  memory_write_count        = 429
  corrected_error_count     = 429
  uncorrectable_detections  = 813
  unique_uncorrectable_words = 2
  interval_switch_count     = 776
  memory_busy_cycle_count   = 4973
  busy_per_mille            = 99
Strategy comparison run passed for strategy threshold.
tb/tb_strategy_comparison.v:1002: $finish called at 500376000 (1ps)
cat results/tables/strategy_comparison.csv
strategy,total_cycles,scrub_cycles,reads,writes,corrected,uncorrectable_detections,unique_uncorrectable_words,interval_switches,safe_entries,safe_cycles,scrub_active_cycles,memory_busy_cycles,scrub_per_mille,busy_per_mille,safe_per_mille
fixed,50000,632,10112,473,473,1427,4,0,0,0,41553,10585,831,211,0
table,50000,246,3936,410,410,794,3,1295,0,0,16400,4346,328,86,0
threshold,50000,284,4544,429,429,813,2,776,0,0,18889,4973,377,99,0
make[4]: Leaving directory '/home/z3tm4n/adaptive_scrubbing'
make[4]: Entering directory '/home/z3tm4n/adaptive_scrubbing'
mkdir -p results/logs results/tables results/figures
python3 model/generate_fault_events.py \
	--scenario upsets \
	--input data/upsets.xlsx \
	--output tb/fault_events.csv \
	--control-output tb/control_levels.csv \
	--start-index 0 \
	--window-size 43824 \
	--total-cycles 50000 \
	--event-count 400 \
	--paired-event-count 100 \
	--pair-gap-min 60 \
	--pair-gap-max 300 \
	--cluster-event-count 10 \
	--cluster-bit-count 2 \
	--seed 10 \
	--control-quantization linear_max \
	--control-source risk_policy \
	--control-policy-schedule results/paper/tables/risk_policy_schedule.csv \
	--control-policy-level-map-output results/paper/tables/risk_policy_level_map.csv
Generated fault events: tb/fault_events.csv
Generated control levels: tb/control_levels.csv
Control level changes: 1295
Generated 610 fault injections
Scenario: upsets
Paired events: 100
Addresses with repeated injections: 16
Input: data/upsets.xlsx
Start index: 0
Window size: 43824
Total cycles: 50000
Single events: 400
Paired events: 100
Cluster events: 10
Cluster bit count: 2
Seed: 10
Control source: risk_policy
Control policy schedule: results/paper/tables/risk_policy_schedule.csv
Control policy level map: results/paper/tables/risk_policy_level_map.csv
iverilog -g2012 -o results/logs/strategy_comparison.out rtl/secded_32_39_encoder.v rtl/secded_32_39_decoder.v rtl/protected_memory_model.v rtl/interval_selector.v rtl/adaptive_scrub_controller.v tb/tb_strategy_comparison.v
rm -f results/tables/strategy_comparison.csv
echo "strategy,total_cycles,scrub_cycles,reads,writes,corrected,uncorrectable_detections,unique_uncorrectable_words,interval_switches,safe_entries,safe_cycles,scrub_active_cycles,memory_busy_cycles,scrub_per_mille,busy_per_mille,safe_per_mille" > results/tables/strategy_comparison.csv
vvp results/logs/strategy_comparison.out \
	+STRATEGY=0 \
	+TOTAL_RUN_CYCLES=50000 \
	+FIXED_INTERVAL=80 \
	+SAFE_INTERVAL=1 \
	+LEVEL0_INTERVAL=240 \
	+LEVEL1_INTERVAL=200 \
	+LEVEL2_INTERVAL=150 \
	+LEVEL3_INTERVAL=120 \
	+LEVEL4_INTERVAL=100 \
	+LEVEL5_INTERVAL=80 \
	+LEVEL6_INTERVAL=70 \
	+LEVEL7_INTERVAL=70 \
	+THRESHOLD_LOW_TO_MEDIUM=2 \
	+THRESHOLD_MEDIUM_TO_LOW=1 \
	+THRESHOLD_MEDIUM_TO_HIGH=4 \
	+THRESHOLD_HIGH_TO_MEDIUM=3 \
	+THRESHOLD_LOW_INTERVAL=200 \
	+THRESHOLD_MEDIUM_INTERVAL=120 \
	+THRESHOLD_HIGH_INTERVAL=70 \
	+TRACE_EXECUTION=0 \
	+TRACE_OUTPUT=results/tables/strategy_execution_trace.csv
VCD info: dumpfile results/logs/strategy_comparison.vcd opened for output.
Total run cycles: 50000
Fixed interval: 80
Safe interval: 1
Level intervals: L0=240 L1=200 L2=150 L3=120 L4=100 L5=80 L6=70 L7=70
Threshold levels: low_to_medium=2 medium_to_low=1 medium_to_high=4 high_to_medium=3
Threshold intervals: low=200 medium=120 high=70
Loaded fault events: 610
Loaded control level events: 1295
STRATEGY RESULT: fixed
  total_cycle_count         = 50000
  scrub_cycle_count         = 632
  memory_read_count         = 10112
  memory_write_count        = 513
  corrected_error_count     = 513
  uncorrectable_detections  = 932
  unique_uncorrectable_words = 4
  interval_switch_count     = 0
  memory_busy_cycle_count   = 10625
  busy_per_mille            = 212
Strategy comparison run passed for strategy fixed.
tb/tb_strategy_comparison.v:1002: $finish called at 500376000 (1ps)
vvp results/logs/strategy_comparison.out \
	+STRATEGY=1 \
	+TOTAL_RUN_CYCLES=50000 \
	+FIXED_INTERVAL=80 \
	+SAFE_INTERVAL=1 \
	+LEVEL0_INTERVAL=240 \
	+LEVEL1_INTERVAL=200 \
	+LEVEL2_INTERVAL=150 \
	+LEVEL3_INTERVAL=120 \
	+LEVEL4_INTERVAL=100 \
	+LEVEL5_INTERVAL=80 \
	+LEVEL6_INTERVAL=70 \
	+LEVEL7_INTERVAL=70 \
	+THRESHOLD_LOW_TO_MEDIUM=2 \
	+THRESHOLD_MEDIUM_TO_LOW=1 \
	+THRESHOLD_MEDIUM_TO_HIGH=4 \
	+THRESHOLD_HIGH_TO_MEDIUM=3 \
	+THRESHOLD_LOW_INTERVAL=200 \
	+THRESHOLD_MEDIUM_INTERVAL=120 \
	+THRESHOLD_HIGH_INTERVAL=70 \
	+TRACE_EXECUTION=0 \
	+TRACE_OUTPUT=results/tables/strategy_execution_trace.csv
VCD info: dumpfile results/logs/strategy_comparison.vcd opened for output.
Total run cycles: 50000
Fixed interval: 80
Safe interval: 1
Level intervals: L0=240 L1=200 L2=150 L3=120 L4=100 L5=80 L6=70 L7=70
Threshold levels: low_to_medium=2 medium_to_low=1 medium_to_high=4 high_to_medium=3
Threshold intervals: low=200 medium=120 high=70
Loaded fault events: 610
Loaded control level events: 1295
STRATEGY RESULT: table
  total_cycle_count         = 50000
  scrub_cycle_count         = 246
  memory_read_count         = 3936
  memory_write_count        = 422
  corrected_error_count     = 422
  uncorrectable_detections  = 843
  unique_uncorrectable_words = 4
  interval_switch_count     = 1295
  memory_busy_cycle_count   = 4358
  busy_per_mille            = 87
Strategy comparison run passed for strategy table.
tb/tb_strategy_comparison.v:1002: $finish called at 500376000 (1ps)
vvp results/logs/strategy_comparison.out \
	+STRATEGY=2 \
	+TOTAL_RUN_CYCLES=50000 \
	+FIXED_INTERVAL=80 \
	+SAFE_INTERVAL=1 \
	+LEVEL0_INTERVAL=240 \
	+LEVEL1_INTERVAL=200 \
	+LEVEL2_INTERVAL=150 \
	+LEVEL3_INTERVAL=120 \
	+LEVEL4_INTERVAL=100 \
	+LEVEL5_INTERVAL=80 \
	+LEVEL6_INTERVAL=70 \
	+LEVEL7_INTERVAL=70 \
	+THRESHOLD_LOW_TO_MEDIUM=2 \
	+THRESHOLD_MEDIUM_TO_LOW=1 \
	+THRESHOLD_MEDIUM_TO_HIGH=4 \
	+THRESHOLD_HIGH_TO_MEDIUM=3 \
	+THRESHOLD_LOW_INTERVAL=200 \
	+THRESHOLD_MEDIUM_INTERVAL=120 \
	+THRESHOLD_HIGH_INTERVAL=70 \
	+TRACE_EXECUTION=0 \
	+TRACE_OUTPUT=results/tables/strategy_execution_trace.csv
VCD info: dumpfile results/logs/strategy_comparison.vcd opened for output.
Total run cycles: 50000
Fixed interval: 80
Safe interval: 1
Level intervals: L0=240 L1=200 L2=150 L3=120 L4=100 L5=80 L6=70 L7=70
Threshold levels: low_to_medium=2 medium_to_low=1 medium_to_high=4 high_to_medium=3
Threshold intervals: low=200 medium=120 high=70
Loaded fault events: 610
Loaded control level events: 1295
STRATEGY RESULT: threshold
  total_cycle_count         = 50000
  scrub_cycle_count         = 284
  memory_read_count         = 4544
  memory_write_count        = 445
  corrected_error_count     = 445
  uncorrectable_detections  = 875
  unique_uncorrectable_words = 7
  interval_switch_count     = 776
  memory_busy_cycle_count   = 4989
  busy_per_mille            = 99
Strategy comparison run passed for strategy threshold.
tb/tb_strategy_comparison.v:1002: $finish called at 500376000 (1ps)
cat results/tables/strategy_comparison.csv
strategy,total_cycles,scrub_cycles,reads,writes,corrected,uncorrectable_detections,unique_uncorrectable_words,interval_switches,safe_entries,safe_cycles,scrub_active_cycles,memory_busy_cycles,scrub_per_mille,busy_per_mille,safe_per_mille
fixed,50000,632,10112,513,513,932,4,0,0,0,41593,10625,831,212,0
table,50000,246,3936,422,422,843,4,1295,0,0,16412,4358,328,87,0
threshold,50000,284,4544,445,445,875,7,776,0,0,18905,4989,378,99,0
make[4]: Leaving directory '/home/z3tm4n/adaptive_scrubbing'
make[4]: Entering directory '/home/z3tm4n/adaptive_scrubbing'
mkdir -p results/logs results/tables results/figures
python3 model/generate_fault_events.py \
	--scenario upsets \
	--input data/upsets.xlsx \
	--output tb/fault_events.csv \
	--control-output tb/control_levels.csv \
	--start-index 0 \
	--window-size 43824 \
	--total-cycles 50000 \
	--event-count 400 \
	--paired-event-count 100 \
	--pair-gap-min 60 \
	--pair-gap-max 300 \
	--cluster-event-count 10 \
	--cluster-bit-count 2 \
	--seed 11 \
	--control-quantization linear_max \
	--control-source risk_policy \
	--control-policy-schedule results/paper/tables/risk_policy_schedule.csv \
	--control-policy-level-map-output results/paper/tables/risk_policy_level_map.csv
Generated fault events: tb/fault_events.csv
Generated control levels: tb/control_levels.csv
Control level changes: 1295
Generated 610 fault injections
Scenario: upsets
Paired events: 100
Addresses with repeated injections: 16
Input: data/upsets.xlsx
Start index: 0
Window size: 43824
Total cycles: 50000
Single events: 400
Paired events: 100
Cluster events: 10
Cluster bit count: 2
Seed: 11
Control source: risk_policy
Control policy schedule: results/paper/tables/risk_policy_schedule.csv
Control policy level map: results/paper/tables/risk_policy_level_map.csv
iverilog -g2012 -o results/logs/strategy_comparison.out rtl/secded_32_39_encoder.v rtl/secded_32_39_decoder.v rtl/protected_memory_model.v rtl/interval_selector.v rtl/adaptive_scrub_controller.v tb/tb_strategy_comparison.v
rm -f results/tables/strategy_comparison.csv
echo "strategy,total_cycles,scrub_cycles,reads,writes,corrected,uncorrectable_detections,unique_uncorrectable_words,interval_switches,safe_entries,safe_cycles,scrub_active_cycles,memory_busy_cycles,scrub_per_mille,busy_per_mille,safe_per_mille" > results/tables/strategy_comparison.csv
vvp results/logs/strategy_comparison.out \
	+STRATEGY=0 \
	+TOTAL_RUN_CYCLES=50000 \
	+FIXED_INTERVAL=80 \
	+SAFE_INTERVAL=1 \
	+LEVEL0_INTERVAL=240 \
	+LEVEL1_INTERVAL=200 \
	+LEVEL2_INTERVAL=150 \
	+LEVEL3_INTERVAL=120 \
	+LEVEL4_INTERVAL=100 \
	+LEVEL5_INTERVAL=80 \
	+LEVEL6_INTERVAL=70 \
	+LEVEL7_INTERVAL=70 \
	+THRESHOLD_LOW_TO_MEDIUM=2 \
	+THRESHOLD_MEDIUM_TO_LOW=1 \
	+THRESHOLD_MEDIUM_TO_HIGH=4 \
	+THRESHOLD_HIGH_TO_MEDIUM=3 \
	+THRESHOLD_LOW_INTERVAL=200 \
	+THRESHOLD_MEDIUM_INTERVAL=120 \
	+THRESHOLD_HIGH_INTERVAL=70 \
	+TRACE_EXECUTION=0 \
	+TRACE_OUTPUT=results/tables/strategy_execution_trace.csv
VCD info: dumpfile results/logs/strategy_comparison.vcd opened for output.
Total run cycles: 50000
Fixed interval: 80
Safe interval: 1
Level intervals: L0=240 L1=200 L2=150 L3=120 L4=100 L5=80 L6=70 L7=70
Threshold levels: low_to_medium=2 medium_to_low=1 medium_to_high=4 high_to_medium=3
Threshold intervals: low=200 medium=120 high=70
Loaded fault events: 610
Loaded control level events: 1295
STRATEGY RESULT: fixed
  total_cycle_count         = 50000
  scrub_cycle_count         = 632
  memory_read_count         = 10112
  memory_write_count        = 506
  corrected_error_count     = 506
  uncorrectable_detections  = 861
  unique_uncorrectable_words = 4
  interval_switch_count     = 0
  memory_busy_cycle_count   = 10618
  busy_per_mille            = 212
Strategy comparison run passed for strategy fixed.
tb/tb_strategy_comparison.v:1002: $finish called at 500376000 (1ps)
vvp results/logs/strategy_comparison.out \
	+STRATEGY=1 \
	+TOTAL_RUN_CYCLES=50000 \
	+FIXED_INTERVAL=80 \
	+SAFE_INTERVAL=1 \
	+LEVEL0_INTERVAL=240 \
	+LEVEL1_INTERVAL=200 \
	+LEVEL2_INTERVAL=150 \
	+LEVEL3_INTERVAL=120 \
	+LEVEL4_INTERVAL=100 \
	+LEVEL5_INTERVAL=80 \
	+LEVEL6_INTERVAL=70 \
	+LEVEL7_INTERVAL=70 \
	+THRESHOLD_LOW_TO_MEDIUM=2 \
	+THRESHOLD_MEDIUM_TO_LOW=1 \
	+THRESHOLD_MEDIUM_TO_HIGH=4 \
	+THRESHOLD_HIGH_TO_MEDIUM=3 \
	+THRESHOLD_LOW_INTERVAL=200 \
	+THRESHOLD_MEDIUM_INTERVAL=120 \
	+THRESHOLD_HIGH_INTERVAL=70 \
	+TRACE_EXECUTION=0 \
	+TRACE_OUTPUT=results/tables/strategy_execution_trace.csv
VCD info: dumpfile results/logs/strategy_comparison.vcd opened for output.
Total run cycles: 50000
Fixed interval: 80
Safe interval: 1
Level intervals: L0=240 L1=200 L2=150 L3=120 L4=100 L5=80 L6=70 L7=70
Threshold levels: low_to_medium=2 medium_to_low=1 medium_to_high=4 high_to_medium=3
Threshold intervals: low=200 medium=120 high=70
Loaded fault events: 610
Loaded control level events: 1295
STRATEGY RESULT: table
  total_cycle_count         = 50000
  scrub_cycle_count         = 246
  memory_read_count         = 3936
  memory_write_count        = 445
  corrected_error_count     = 445
  uncorrectable_detections  = 608
  unique_uncorrectable_words = 2
  interval_switch_count     = 1295
  memory_busy_cycle_count   = 4381
  busy_per_mille            = 87
Strategy comparison run passed for strategy table.
tb/tb_strategy_comparison.v:1002: $finish called at 500376000 (1ps)
vvp results/logs/strategy_comparison.out \
	+STRATEGY=2 \
	+TOTAL_RUN_CYCLES=50000 \
	+FIXED_INTERVAL=80 \
	+SAFE_INTERVAL=1 \
	+LEVEL0_INTERVAL=240 \
	+LEVEL1_INTERVAL=200 \
	+LEVEL2_INTERVAL=150 \
	+LEVEL3_INTERVAL=120 \
	+LEVEL4_INTERVAL=100 \
	+LEVEL5_INTERVAL=80 \
	+LEVEL6_INTERVAL=70 \
	+LEVEL7_INTERVAL=70 \
	+THRESHOLD_LOW_TO_MEDIUM=2 \
	+THRESHOLD_MEDIUM_TO_LOW=1 \
	+THRESHOLD_MEDIUM_TO_HIGH=4 \
	+THRESHOLD_HIGH_TO_MEDIUM=3 \
	+THRESHOLD_LOW_INTERVAL=200 \
	+THRESHOLD_MEDIUM_INTERVAL=120 \
	+THRESHOLD_HIGH_INTERVAL=70 \
	+TRACE_EXECUTION=0 \
	+TRACE_OUTPUT=results/tables/strategy_execution_trace.csv
VCD info: dumpfile results/logs/strategy_comparison.vcd opened for output.
Total run cycles: 50000
Fixed interval: 80
Safe interval: 1
Level intervals: L0=240 L1=200 L2=150 L3=120 L4=100 L5=80 L6=70 L7=70
Threshold levels: low_to_medium=2 medium_to_low=1 medium_to_high=4 high_to_medium=3
Threshold intervals: low=200 medium=120 high=70
Loaded fault events: 610
Loaded control level events: 1295
STRATEGY RESULT: threshold
  total_cycle_count         = 50000
  scrub_cycle_count         = 284
  memory_read_count         = 4544
  memory_write_count        = 437
  corrected_error_count     = 437
  uncorrectable_detections  = 839
  unique_uncorrectable_words = 3
  interval_switch_count     = 776
  memory_busy_cycle_count   = 4981
  busy_per_mille            = 99
Strategy comparison run passed for strategy threshold.
tb/tb_strategy_comparison.v:1002: $finish called at 500376000 (1ps)
cat results/tables/strategy_comparison.csv
strategy,total_cycles,scrub_cycles,reads,writes,corrected,uncorrectable_detections,unique_uncorrectable_words,interval_switches,safe_entries,safe_cycles,scrub_active_cycles,memory_busy_cycles,scrub_per_mille,busy_per_mille,safe_per_mille
fixed,50000,632,10112,506,506,861,4,0,0,0,41586,10618,831,212,0
table,50000,246,3936,445,445,608,2,1295,0,0,16435,4381,328,87,0
threshold,50000,284,4544,437,437,839,3,776,0,0,18897,4981,377,99,0
make[4]: Leaving directory '/home/z3tm4n/adaptive_scrubbing'
make[4]: Entering directory '/home/z3tm4n/adaptive_scrubbing'
mkdir -p results/logs results/tables results/figures
python3 model/generate_fault_events.py \
	--scenario upsets \
	--input data/upsets.xlsx \
	--output tb/fault_events.csv \
	--control-output tb/control_levels.csv \
	--start-index 0 \
	--window-size 43824 \
	--total-cycles 50000 \
	--event-count 400 \
	--paired-event-count 100 \
	--pair-gap-min 60 \
	--pair-gap-max 300 \
	--cluster-event-count 10 \
	--cluster-bit-count 2 \
	--seed 12 \
	--control-quantization linear_max \
	--control-source risk_policy \
	--control-policy-schedule results/paper/tables/risk_policy_schedule.csv \
	--control-policy-level-map-output results/paper/tables/risk_policy_level_map.csv
Generated fault events: tb/fault_events.csv
Generated control levels: tb/control_levels.csv
Control level changes: 1295
Generated 610 fault injections
Scenario: upsets
Paired events: 100
Addresses with repeated injections: 16
Input: data/upsets.xlsx
Start index: 0
Window size: 43824
Total cycles: 50000
Single events: 400
Paired events: 100
Cluster events: 10
Cluster bit count: 2
Seed: 12
Control source: risk_policy
Control policy schedule: results/paper/tables/risk_policy_schedule.csv
Control policy level map: results/paper/tables/risk_policy_level_map.csv
iverilog -g2012 -o results/logs/strategy_comparison.out rtl/secded_32_39_encoder.v rtl/secded_32_39_decoder.v rtl/protected_memory_model.v rtl/interval_selector.v rtl/adaptive_scrub_controller.v tb/tb_strategy_comparison.v
rm -f results/tables/strategy_comparison.csv
echo "strategy,total_cycles,scrub_cycles,reads,writes,corrected,uncorrectable_detections,unique_uncorrectable_words,interval_switches,safe_entries,safe_cycles,scrub_active_cycles,memory_busy_cycles,scrub_per_mille,busy_per_mille,safe_per_mille" > results/tables/strategy_comparison.csv
vvp results/logs/strategy_comparison.out \
	+STRATEGY=0 \
	+TOTAL_RUN_CYCLES=50000 \
	+FIXED_INTERVAL=80 \
	+SAFE_INTERVAL=1 \
	+LEVEL0_INTERVAL=240 \
	+LEVEL1_INTERVAL=200 \
	+LEVEL2_INTERVAL=150 \
	+LEVEL3_INTERVAL=120 \
	+LEVEL4_INTERVAL=100 \
	+LEVEL5_INTERVAL=80 \
	+LEVEL6_INTERVAL=70 \
	+LEVEL7_INTERVAL=70 \
	+THRESHOLD_LOW_TO_MEDIUM=2 \
	+THRESHOLD_MEDIUM_TO_LOW=1 \
	+THRESHOLD_MEDIUM_TO_HIGH=4 \
	+THRESHOLD_HIGH_TO_MEDIUM=3 \
	+THRESHOLD_LOW_INTERVAL=200 \
	+THRESHOLD_MEDIUM_INTERVAL=120 \
	+THRESHOLD_HIGH_INTERVAL=70 \
	+TRACE_EXECUTION=0 \
	+TRACE_OUTPUT=results/tables/strategy_execution_trace.csv
VCD info: dumpfile results/logs/strategy_comparison.vcd opened for output.
Total run cycles: 50000
Fixed interval: 80
Safe interval: 1
Level intervals: L0=240 L1=200 L2=150 L3=120 L4=100 L5=80 L6=70 L7=70
Threshold levels: low_to_medium=2 medium_to_low=1 medium_to_high=4 high_to_medium=3
Threshold intervals: low=200 medium=120 high=70
Loaded fault events: 610
Loaded control level events: 1295
STRATEGY RESULT: fixed
  total_cycle_count         = 50000
  scrub_cycle_count         = 632
  memory_read_count         = 10112
  memory_write_count        = 506
  corrected_error_count     = 506
  uncorrectable_detections  = 1040
  unique_uncorrectable_words = 2
  interval_switch_count     = 0
  memory_busy_cycle_count   = 10618
  busy_per_mille            = 212
Strategy comparison run passed for strategy fixed.
tb/tb_strategy_comparison.v:1002: $finish called at 500376000 (1ps)
vvp results/logs/strategy_comparison.out \
	+STRATEGY=1 \
	+TOTAL_RUN_CYCLES=50000 \
	+FIXED_INTERVAL=80 \
	+SAFE_INTERVAL=1 \
	+LEVEL0_INTERVAL=240 \
	+LEVEL1_INTERVAL=200 \
	+LEVEL2_INTERVAL=150 \
	+LEVEL3_INTERVAL=120 \
	+LEVEL4_INTERVAL=100 \
	+LEVEL5_INTERVAL=80 \
	+LEVEL6_INTERVAL=70 \
	+LEVEL7_INTERVAL=70 \
	+THRESHOLD_LOW_TO_MEDIUM=2 \
	+THRESHOLD_MEDIUM_TO_LOW=1 \
	+THRESHOLD_MEDIUM_TO_HIGH=4 \
	+THRESHOLD_HIGH_TO_MEDIUM=3 \
	+THRESHOLD_LOW_INTERVAL=200 \
	+THRESHOLD_MEDIUM_INTERVAL=120 \
	+THRESHOLD_HIGH_INTERVAL=70 \
	+TRACE_EXECUTION=0 \
	+TRACE_OUTPUT=results/tables/strategy_execution_trace.csv
VCD info: dumpfile results/logs/strategy_comparison.vcd opened for output.
Total run cycles: 50000
Fixed interval: 80
Safe interval: 1
Level intervals: L0=240 L1=200 L2=150 L3=120 L4=100 L5=80 L6=70 L7=70
Threshold levels: low_to_medium=2 medium_to_low=1 medium_to_high=4 high_to_medium=3
Threshold intervals: low=200 medium=120 high=70
Loaded fault events: 610
Loaded control level events: 1295
STRATEGY RESULT: table
  total_cycle_count         = 50000
  scrub_cycle_count         = 246
  memory_read_count         = 3936
  memory_write_count        = 414
  corrected_error_count     = 414
  uncorrectable_detections  = 842
  unique_uncorrectable_words = 2
  interval_switch_count     = 1295
  memory_busy_cycle_count   = 4350
  busy_per_mille            = 87
Strategy comparison run passed for strategy table.
tb/tb_strategy_comparison.v:1002: $finish called at 500376000 (1ps)
vvp results/logs/strategy_comparison.out \
	+STRATEGY=2 \
	+TOTAL_RUN_CYCLES=50000 \
	+FIXED_INTERVAL=80 \
	+SAFE_INTERVAL=1 \
	+LEVEL0_INTERVAL=240 \
	+LEVEL1_INTERVAL=200 \
	+LEVEL2_INTERVAL=150 \
	+LEVEL3_INTERVAL=120 \
	+LEVEL4_INTERVAL=100 \
	+LEVEL5_INTERVAL=80 \
	+LEVEL6_INTERVAL=70 \
	+LEVEL7_INTERVAL=70 \
	+THRESHOLD_LOW_TO_MEDIUM=2 \
	+THRESHOLD_MEDIUM_TO_LOW=1 \
	+THRESHOLD_MEDIUM_TO_HIGH=4 \
	+THRESHOLD_HIGH_TO_MEDIUM=3 \
	+THRESHOLD_LOW_INTERVAL=200 \
	+THRESHOLD_MEDIUM_INTERVAL=120 \
	+THRESHOLD_HIGH_INTERVAL=70 \
	+TRACE_EXECUTION=0 \
	+TRACE_OUTPUT=results/tables/strategy_execution_trace.csv
VCD info: dumpfile results/logs/strategy_comparison.vcd opened for output.
Total run cycles: 50000
Fixed interval: 80
Safe interval: 1
Level intervals: L0=240 L1=200 L2=150 L3=120 L4=100 L5=80 L6=70 L7=70
Threshold levels: low_to_medium=2 medium_to_low=1 medium_to_high=4 high_to_medium=3
Threshold intervals: low=200 medium=120 high=70
Loaded fault events: 610
Loaded control level events: 1295
STRATEGY RESULT: threshold
  total_cycle_count         = 50000
  scrub_cycle_count         = 284
  memory_read_count         = 4544
  memory_write_count        = 435
  corrected_error_count     = 435
  uncorrectable_detections  = 834
  unique_uncorrectable_words = 3
  interval_switch_count     = 776
  memory_busy_cycle_count   = 4979
  busy_per_mille            = 99
Strategy comparison run passed for strategy threshold.
tb/tb_strategy_comparison.v:1002: $finish called at 500376000 (1ps)
cat results/tables/strategy_comparison.csv
strategy,total_cycles,scrub_cycles,reads,writes,corrected,uncorrectable_detections,unique_uncorrectable_words,interval_switches,safe_entries,safe_cycles,scrub_active_cycles,memory_busy_cycles,scrub_per_mille,busy_per_mille,safe_per_mille
fixed,50000,632,10112,506,506,1040,2,0,0,0,41586,10618,831,212,0
table,50000,246,3936,414,414,842,2,1295,0,0,16404,4350,328,87,0
threshold,50000,284,4544,435,435,834,3,776,0,0,18895,4979,377,99,0
make[4]: Leaving directory '/home/z3tm4n/adaptive_scrubbing'
make[4]: Entering directory '/home/z3tm4n/adaptive_scrubbing'
mkdir -p results/logs results/tables results/figures
python3 model/generate_fault_events.py \
	--scenario upsets \
	--input data/upsets.xlsx \
	--output tb/fault_events.csv \
	--control-output tb/control_levels.csv \
	--start-index 0 \
	--window-size 43824 \
	--total-cycles 50000 \
	--event-count 400 \
	--paired-event-count 100 \
	--pair-gap-min 60 \
	--pair-gap-max 300 \
	--cluster-event-count 10 \
	--cluster-bit-count 2 \
	--seed 13 \
	--control-quantization linear_max \
	--control-source risk_policy \
	--control-policy-schedule results/paper/tables/risk_policy_schedule.csv \
	--control-policy-level-map-output results/paper/tables/risk_policy_level_map.csv
Generated fault events: tb/fault_events.csv
Generated control levels: tb/control_levels.csv
Control level changes: 1295
Generated 610 fault injections
Scenario: upsets
Paired events: 100
Addresses with repeated injections: 16
Input: data/upsets.xlsx
Start index: 0
Window size: 43824
Total cycles: 50000
Single events: 400
Paired events: 100
Cluster events: 10
Cluster bit count: 2
Seed: 13
Control source: risk_policy
Control policy schedule: results/paper/tables/risk_policy_schedule.csv
Control policy level map: results/paper/tables/risk_policy_level_map.csv
iverilog -g2012 -o results/logs/strategy_comparison.out rtl/secded_32_39_encoder.v rtl/secded_32_39_decoder.v rtl/protected_memory_model.v rtl/interval_selector.v rtl/adaptive_scrub_controller.v tb/tb_strategy_comparison.v
rm -f results/tables/strategy_comparison.csv
echo "strategy,total_cycles,scrub_cycles,reads,writes,corrected,uncorrectable_detections,unique_uncorrectable_words,interval_switches,safe_entries,safe_cycles,scrub_active_cycles,memory_busy_cycles,scrub_per_mille,busy_per_mille,safe_per_mille" > results/tables/strategy_comparison.csv
vvp results/logs/strategy_comparison.out \
	+STRATEGY=0 \
	+TOTAL_RUN_CYCLES=50000 \
	+FIXED_INTERVAL=80 \
	+SAFE_INTERVAL=1 \
	+LEVEL0_INTERVAL=240 \
	+LEVEL1_INTERVAL=200 \
	+LEVEL2_INTERVAL=150 \
	+LEVEL3_INTERVAL=120 \
	+LEVEL4_INTERVAL=100 \
	+LEVEL5_INTERVAL=80 \
	+LEVEL6_INTERVAL=70 \
	+LEVEL7_INTERVAL=70 \
	+THRESHOLD_LOW_TO_MEDIUM=2 \
	+THRESHOLD_MEDIUM_TO_LOW=1 \
	+THRESHOLD_MEDIUM_TO_HIGH=4 \
	+THRESHOLD_HIGH_TO_MEDIUM=3 \
	+THRESHOLD_LOW_INTERVAL=200 \
	+THRESHOLD_MEDIUM_INTERVAL=120 \
	+THRESHOLD_HIGH_INTERVAL=70 \
	+TRACE_EXECUTION=0 \
	+TRACE_OUTPUT=results/tables/strategy_execution_trace.csv
VCD info: dumpfile results/logs/strategy_comparison.vcd opened for output.
Total run cycles: 50000
Fixed interval: 80
Safe interval: 1
Level intervals: L0=240 L1=200 L2=150 L3=120 L4=100 L5=80 L6=70 L7=70
Threshold levels: low_to_medium=2 medium_to_low=1 medium_to_high=4 high_to_medium=3
Threshold intervals: low=200 medium=120 high=70
Loaded fault events: 610
Loaded control level events: 1295
STRATEGY RESULT: fixed
  total_cycle_count         = 50000
  scrub_cycle_count         = 632
  memory_read_count         = 10112
  memory_write_count        = 507
  corrected_error_count     = 507
  uncorrectable_detections  = 998
  unique_uncorrectable_words = 6
  interval_switch_count     = 0
  memory_busy_cycle_count   = 10619
  busy_per_mille            = 212
Strategy comparison run passed for strategy fixed.
tb/tb_strategy_comparison.v:1002: $finish called at 500376000 (1ps)
vvp results/logs/strategy_comparison.out \
	+STRATEGY=1 \
	+TOTAL_RUN_CYCLES=50000 \
	+FIXED_INTERVAL=80 \
	+SAFE_INTERVAL=1 \
	+LEVEL0_INTERVAL=240 \
	+LEVEL1_INTERVAL=200 \
	+LEVEL2_INTERVAL=150 \
	+LEVEL3_INTERVAL=120 \
	+LEVEL4_INTERVAL=100 \
	+LEVEL5_INTERVAL=80 \
	+LEVEL6_INTERVAL=70 \
	+LEVEL7_INTERVAL=70 \
	+THRESHOLD_LOW_TO_MEDIUM=2 \
	+THRESHOLD_MEDIUM_TO_LOW=1 \
	+THRESHOLD_MEDIUM_TO_HIGH=4 \
	+THRESHOLD_HIGH_TO_MEDIUM=3 \
	+THRESHOLD_LOW_INTERVAL=200 \
	+THRESHOLD_MEDIUM_INTERVAL=120 \
	+THRESHOLD_HIGH_INTERVAL=70 \
	+TRACE_EXECUTION=0 \
	+TRACE_OUTPUT=results/tables/strategy_execution_trace.csv
VCD info: dumpfile results/logs/strategy_comparison.vcd opened for output.
Total run cycles: 50000
Fixed interval: 80
Safe interval: 1
Level intervals: L0=240 L1=200 L2=150 L3=120 L4=100 L5=80 L6=70 L7=70
Threshold levels: low_to_medium=2 medium_to_low=1 medium_to_high=4 high_to_medium=3
Threshold intervals: low=200 medium=120 high=70
Loaded fault events: 610
Loaded control level events: 1295
STRATEGY RESULT: table
  total_cycle_count         = 50000
  scrub_cycle_count         = 246
  memory_read_count         = 3936
  memory_write_count        = 416
  corrected_error_count     = 416
  uncorrectable_detections  = 883
  unique_uncorrectable_words = 9
  interval_switch_count     = 1295
  memory_busy_cycle_count   = 4352
  busy_per_mille            = 87
Strategy comparison run passed for strategy table.
tb/tb_strategy_comparison.v:1002: $finish called at 500376000 (1ps)
vvp results/logs/strategy_comparison.out \
	+STRATEGY=2 \
	+TOTAL_RUN_CYCLES=50000 \
	+FIXED_INTERVAL=80 \
	+SAFE_INTERVAL=1 \
	+LEVEL0_INTERVAL=240 \
	+LEVEL1_INTERVAL=200 \
	+LEVEL2_INTERVAL=150 \
	+LEVEL3_INTERVAL=120 \
	+LEVEL4_INTERVAL=100 \
	+LEVEL5_INTERVAL=80 \
	+LEVEL6_INTERVAL=70 \
	+LEVEL7_INTERVAL=70 \
	+THRESHOLD_LOW_TO_MEDIUM=2 \
	+THRESHOLD_MEDIUM_TO_LOW=1 \
	+THRESHOLD_MEDIUM_TO_HIGH=4 \
	+THRESHOLD_HIGH_TO_MEDIUM=3 \
	+THRESHOLD_LOW_INTERVAL=200 \
	+THRESHOLD_MEDIUM_INTERVAL=120 \
	+THRESHOLD_HIGH_INTERVAL=70 \
	+TRACE_EXECUTION=0 \
	+TRACE_OUTPUT=results/tables/strategy_execution_trace.csv
VCD info: dumpfile results/logs/strategy_comparison.vcd opened for output.
Total run cycles: 50000
Fixed interval: 80
Safe interval: 1
Level intervals: L0=240 L1=200 L2=150 L3=120 L4=100 L5=80 L6=70 L7=70
Threshold levels: low_to_medium=2 medium_to_low=1 medium_to_high=4 high_to_medium=3
Threshold intervals: low=200 medium=120 high=70
Loaded fault events: 610
Loaded control level events: 1295
STRATEGY RESULT: threshold
  total_cycle_count         = 50000
  scrub_cycle_count         = 284
  memory_read_count         = 4544
  memory_write_count        = 442
  corrected_error_count     = 442
  uncorrectable_detections  = 844
  unique_uncorrectable_words = 7
  interval_switch_count     = 776
  memory_busy_cycle_count   = 4986
  busy_per_mille            = 99
Strategy comparison run passed for strategy threshold.
tb/tb_strategy_comparison.v:1002: $finish called at 500376000 (1ps)
cat results/tables/strategy_comparison.csv
strategy,total_cycles,scrub_cycles,reads,writes,corrected,uncorrectable_detections,unique_uncorrectable_words,interval_switches,safe_entries,safe_cycles,scrub_active_cycles,memory_busy_cycles,scrub_per_mille,busy_per_mille,safe_per_mille
fixed,50000,632,10112,507,507,998,6,0,0,0,41587,10619,831,212,0
table,50000,246,3936,416,416,883,9,1295,0,0,16406,4352,328,87,0
threshold,50000,284,4544,442,442,844,7,776,0,0,18902,4986,378,99,0
make[4]: Leaving directory '/home/z3tm4n/adaptive_scrubbing'
make[4]: Entering directory '/home/z3tm4n/adaptive_scrubbing'
mkdir -p results/logs results/tables results/figures
python3 model/generate_fault_events.py \
	--scenario upsets \
	--input data/upsets.xlsx \
	--output tb/fault_events.csv \
	--control-output tb/control_levels.csv \
	--start-index 0 \
	--window-size 43824 \
	--total-cycles 50000 \
	--event-count 400 \
	--paired-event-count 100 \
	--pair-gap-min 60 \
	--pair-gap-max 300 \
	--cluster-event-count 10 \
	--cluster-bit-count 2 \
	--seed 14 \
	--control-quantization linear_max \
	--control-source risk_policy \
	--control-policy-schedule results/paper/tables/risk_policy_schedule.csv \
	--control-policy-level-map-output results/paper/tables/risk_policy_level_map.csv
Generated fault events: tb/fault_events.csv
Generated control levels: tb/control_levels.csv
Control level changes: 1295
Generated 610 fault injections
Scenario: upsets
Paired events: 100
Addresses with repeated injections: 16
Input: data/upsets.xlsx
Start index: 0
Window size: 43824
Total cycles: 50000
Single events: 400
Paired events: 100
Cluster events: 10
Cluster bit count: 2
Seed: 14
Control source: risk_policy
Control policy schedule: results/paper/tables/risk_policy_schedule.csv
Control policy level map: results/paper/tables/risk_policy_level_map.csv
iverilog -g2012 -o results/logs/strategy_comparison.out rtl/secded_32_39_encoder.v rtl/secded_32_39_decoder.v rtl/protected_memory_model.v rtl/interval_selector.v rtl/adaptive_scrub_controller.v tb/tb_strategy_comparison.v
rm -f results/tables/strategy_comparison.csv
echo "strategy,total_cycles,scrub_cycles,reads,writes,corrected,uncorrectable_detections,unique_uncorrectable_words,interval_switches,safe_entries,safe_cycles,scrub_active_cycles,memory_busy_cycles,scrub_per_mille,busy_per_mille,safe_per_mille" > results/tables/strategy_comparison.csv
vvp results/logs/strategy_comparison.out \
	+STRATEGY=0 \
	+TOTAL_RUN_CYCLES=50000 \
	+FIXED_INTERVAL=80 \
	+SAFE_INTERVAL=1 \
	+LEVEL0_INTERVAL=240 \
	+LEVEL1_INTERVAL=200 \
	+LEVEL2_INTERVAL=150 \
	+LEVEL3_INTERVAL=120 \
	+LEVEL4_INTERVAL=100 \
	+LEVEL5_INTERVAL=80 \
	+LEVEL6_INTERVAL=70 \
	+LEVEL7_INTERVAL=70 \
	+THRESHOLD_LOW_TO_MEDIUM=2 \
	+THRESHOLD_MEDIUM_TO_LOW=1 \
	+THRESHOLD_MEDIUM_TO_HIGH=4 \
	+THRESHOLD_HIGH_TO_MEDIUM=3 \
	+THRESHOLD_LOW_INTERVAL=200 \
	+THRESHOLD_MEDIUM_INTERVAL=120 \
	+THRESHOLD_HIGH_INTERVAL=70 \
	+TRACE_EXECUTION=0 \
	+TRACE_OUTPUT=results/tables/strategy_execution_trace.csv
VCD info: dumpfile results/logs/strategy_comparison.vcd opened for output.
Total run cycles: 50000
Fixed interval: 80
Safe interval: 1
Level intervals: L0=240 L1=200 L2=150 L3=120 L4=100 L5=80 L6=70 L7=70
Threshold levels: low_to_medium=2 medium_to_low=1 medium_to_high=4 high_to_medium=3
Threshold intervals: low=200 medium=120 high=70
Loaded fault events: 610
Loaded control level events: 1295
STRATEGY RESULT: fixed
  total_cycle_count         = 50000
  scrub_cycle_count         = 632
  memory_read_count         = 10112
  memory_write_count        = 510
  corrected_error_count     = 510
  uncorrectable_detections  = 1053
  unique_uncorrectable_words = 4
  interval_switch_count     = 0
  memory_busy_cycle_count   = 10622
  busy_per_mille            = 212
Strategy comparison run passed for strategy fixed.
tb/tb_strategy_comparison.v:1002: $finish called at 500376000 (1ps)
vvp results/logs/strategy_comparison.out \
	+STRATEGY=1 \
	+TOTAL_RUN_CYCLES=50000 \
	+FIXED_INTERVAL=80 \
	+SAFE_INTERVAL=1 \
	+LEVEL0_INTERVAL=240 \
	+LEVEL1_INTERVAL=200 \
	+LEVEL2_INTERVAL=150 \
	+LEVEL3_INTERVAL=120 \
	+LEVEL4_INTERVAL=100 \
	+LEVEL5_INTERVAL=80 \
	+LEVEL6_INTERVAL=70 \
	+LEVEL7_INTERVAL=70 \
	+THRESHOLD_LOW_TO_MEDIUM=2 \
	+THRESHOLD_MEDIUM_TO_LOW=1 \
	+THRESHOLD_MEDIUM_TO_HIGH=4 \
	+THRESHOLD_HIGH_TO_MEDIUM=3 \
	+THRESHOLD_LOW_INTERVAL=200 \
	+THRESHOLD_MEDIUM_INTERVAL=120 \
	+THRESHOLD_HIGH_INTERVAL=70 \
	+TRACE_EXECUTION=0 \
	+TRACE_OUTPUT=results/tables/strategy_execution_trace.csv
VCD info: dumpfile results/logs/strategy_comparison.vcd opened for output.
Total run cycles: 50000
Fixed interval: 80
Safe interval: 1
Level intervals: L0=240 L1=200 L2=150 L3=120 L4=100 L5=80 L6=70 L7=70
Threshold levels: low_to_medium=2 medium_to_low=1 medium_to_high=4 high_to_medium=3
Threshold intervals: low=200 medium=120 high=70
Loaded fault events: 610
Loaded control level events: 1295
STRATEGY RESULT: table
  total_cycle_count         = 50000
  scrub_cycle_count         = 246
  memory_read_count         = 3936
  memory_write_count        = 389
  corrected_error_count     = 389
  uncorrectable_detections  = 955
  unique_uncorrectable_words = 7
  interval_switch_count     = 1295
  memory_busy_cycle_count   = 4325
  busy_per_mille            = 86
Strategy comparison run passed for strategy table.
tb/tb_strategy_comparison.v:1002: $finish called at 500376000 (1ps)
vvp results/logs/strategy_comparison.out \
	+STRATEGY=2 \
	+TOTAL_RUN_CYCLES=50000 \
	+FIXED_INTERVAL=80 \
	+SAFE_INTERVAL=1 \
	+LEVEL0_INTERVAL=240 \
	+LEVEL1_INTERVAL=200 \
	+LEVEL2_INTERVAL=150 \
	+LEVEL3_INTERVAL=120 \
	+LEVEL4_INTERVAL=100 \
	+LEVEL5_INTERVAL=80 \
	+LEVEL6_INTERVAL=70 \
	+LEVEL7_INTERVAL=70 \
	+THRESHOLD_LOW_TO_MEDIUM=2 \
	+THRESHOLD_MEDIUM_TO_LOW=1 \
	+THRESHOLD_MEDIUM_TO_HIGH=4 \
	+THRESHOLD_HIGH_TO_MEDIUM=3 \
	+THRESHOLD_LOW_INTERVAL=200 \
	+THRESHOLD_MEDIUM_INTERVAL=120 \
	+THRESHOLD_HIGH_INTERVAL=70 \
	+TRACE_EXECUTION=0 \
	+TRACE_OUTPUT=results/tables/strategy_execution_trace.csv
VCD info: dumpfile results/logs/strategy_comparison.vcd opened for output.
Total run cycles: 50000
Fixed interval: 80
Safe interval: 1
Level intervals: L0=240 L1=200 L2=150 L3=120 L4=100 L5=80 L6=70 L7=70
Threshold levels: low_to_medium=2 medium_to_low=1 medium_to_high=4 high_to_medium=3
Threshold intervals: low=200 medium=120 high=70
Loaded fault events: 610
Loaded control level events: 1295
STRATEGY RESULT: threshold
  total_cycle_count         = 50000
  scrub_cycle_count         = 284
  memory_read_count         = 4544
  memory_write_count        = 437
  corrected_error_count     = 437
  uncorrectable_detections  = 832
  unique_uncorrectable_words = 7
  interval_switch_count     = 776
  memory_busy_cycle_count   = 4981
  busy_per_mille            = 99
Strategy comparison run passed for strategy threshold.
tb/tb_strategy_comparison.v:1002: $finish called at 500376000 (1ps)
cat results/tables/strategy_comparison.csv
strategy,total_cycles,scrub_cycles,reads,writes,corrected,uncorrectable_detections,unique_uncorrectable_words,interval_switches,safe_entries,safe_cycles,scrub_active_cycles,memory_busy_cycles,scrub_per_mille,busy_per_mille,safe_per_mille
fixed,50000,632,10112,510,510,1053,4,0,0,0,41590,10622,831,212,0
table,50000,246,3936,389,389,955,7,1295,0,0,16379,4325,327,86,0
threshold,50000,284,4544,437,437,832,7,776,0,0,18897,4981,377,99,0
make[4]: Leaving directory '/home/z3tm4n/adaptive_scrubbing'
make[4]: Entering directory '/home/z3tm4n/adaptive_scrubbing'
mkdir -p results/logs results/tables results/figures
python3 model/generate_fault_events.py \
	--scenario upsets \
	--input data/upsets.xlsx \
	--output tb/fault_events.csv \
	--control-output tb/control_levels.csv \
	--start-index 0 \
	--window-size 43824 \
	--total-cycles 50000 \
	--event-count 400 \
	--paired-event-count 100 \
	--pair-gap-min 60 \
	--pair-gap-max 300 \
	--cluster-event-count 10 \
	--cluster-bit-count 2 \
	--seed 15 \
	--control-quantization linear_max \
	--control-source risk_policy \
	--control-policy-schedule results/paper/tables/risk_policy_schedule.csv \
	--control-policy-level-map-output results/paper/tables/risk_policy_level_map.csv
Generated fault events: tb/fault_events.csv
Generated control levels: tb/control_levels.csv
Control level changes: 1295
Generated 610 fault injections
Scenario: upsets
Paired events: 100
Addresses with repeated injections: 16
Input: data/upsets.xlsx
Start index: 0
Window size: 43824
Total cycles: 50000
Single events: 400
Paired events: 100
Cluster events: 10
Cluster bit count: 2
Seed: 15
Control source: risk_policy
Control policy schedule: results/paper/tables/risk_policy_schedule.csv
Control policy level map: results/paper/tables/risk_policy_level_map.csv
iverilog -g2012 -o results/logs/strategy_comparison.out rtl/secded_32_39_encoder.v rtl/secded_32_39_decoder.v rtl/protected_memory_model.v rtl/interval_selector.v rtl/adaptive_scrub_controller.v tb/tb_strategy_comparison.v
rm -f results/tables/strategy_comparison.csv
echo "strategy,total_cycles,scrub_cycles,reads,writes,corrected,uncorrectable_detections,unique_uncorrectable_words,interval_switches,safe_entries,safe_cycles,scrub_active_cycles,memory_busy_cycles,scrub_per_mille,busy_per_mille,safe_per_mille" > results/tables/strategy_comparison.csv
vvp results/logs/strategy_comparison.out \
	+STRATEGY=0 \
	+TOTAL_RUN_CYCLES=50000 \
	+FIXED_INTERVAL=80 \
	+SAFE_INTERVAL=1 \
	+LEVEL0_INTERVAL=240 \
	+LEVEL1_INTERVAL=200 \
	+LEVEL2_INTERVAL=150 \
	+LEVEL3_INTERVAL=120 \
	+LEVEL4_INTERVAL=100 \
	+LEVEL5_INTERVAL=80 \
	+LEVEL6_INTERVAL=70 \
	+LEVEL7_INTERVAL=70 \
	+THRESHOLD_LOW_TO_MEDIUM=2 \
	+THRESHOLD_MEDIUM_TO_LOW=1 \
	+THRESHOLD_MEDIUM_TO_HIGH=4 \
	+THRESHOLD_HIGH_TO_MEDIUM=3 \
	+THRESHOLD_LOW_INTERVAL=200 \
	+THRESHOLD_MEDIUM_INTERVAL=120 \
	+THRESHOLD_HIGH_INTERVAL=70 \
	+TRACE_EXECUTION=0 \
	+TRACE_OUTPUT=results/tables/strategy_execution_trace.csv
VCD info: dumpfile results/logs/strategy_comparison.vcd opened for output.
Total run cycles: 50000
Fixed interval: 80
Safe interval: 1
Level intervals: L0=240 L1=200 L2=150 L3=120 L4=100 L5=80 L6=70 L7=70
Threshold levels: low_to_medium=2 medium_to_low=1 medium_to_high=4 high_to_medium=3
Threshold intervals: low=200 medium=120 high=70
Loaded fault events: 610
Loaded control level events: 1295
STRATEGY RESULT: fixed
  total_cycle_count         = 50000
  scrub_cycle_count         = 632
  memory_read_count         = 10112
  memory_write_count        = 490
  corrected_error_count     = 490
  uncorrectable_detections  = 1522
  unique_uncorrectable_words = 5
  interval_switch_count     = 0
  memory_busy_cycle_count   = 10602
  busy_per_mille            = 212
Strategy comparison run passed for strategy fixed.
tb/tb_strategy_comparison.v:1002: $finish called at 500376000 (1ps)
vvp results/logs/strategy_comparison.out \
	+STRATEGY=1 \
	+TOTAL_RUN_CYCLES=50000 \
	+FIXED_INTERVAL=80 \
	+SAFE_INTERVAL=1 \
	+LEVEL0_INTERVAL=240 \
	+LEVEL1_INTERVAL=200 \
	+LEVEL2_INTERVAL=150 \
	+LEVEL3_INTERVAL=120 \
	+LEVEL4_INTERVAL=100 \
	+LEVEL5_INTERVAL=80 \
	+LEVEL6_INTERVAL=70 \
	+LEVEL7_INTERVAL=70 \
	+THRESHOLD_LOW_TO_MEDIUM=2 \
	+THRESHOLD_MEDIUM_TO_LOW=1 \
	+THRESHOLD_MEDIUM_TO_HIGH=4 \
	+THRESHOLD_HIGH_TO_MEDIUM=3 \
	+THRESHOLD_LOW_INTERVAL=200 \
	+THRESHOLD_MEDIUM_INTERVAL=120 \
	+THRESHOLD_HIGH_INTERVAL=70 \
	+TRACE_EXECUTION=0 \
	+TRACE_OUTPUT=results/tables/strategy_execution_trace.csv
VCD info: dumpfile results/logs/strategy_comparison.vcd opened for output.
Total run cycles: 50000
Fixed interval: 80
Safe interval: 1
Level intervals: L0=240 L1=200 L2=150 L3=120 L4=100 L5=80 L6=70 L7=70
Threshold levels: low_to_medium=2 medium_to_low=1 medium_to_high=4 high_to_medium=3
Threshold intervals: low=200 medium=120 high=70
Loaded fault events: 610
Loaded control level events: 1295
STRATEGY RESULT: table
  total_cycle_count         = 50000
  scrub_cycle_count         = 246
  memory_read_count         = 3936
  memory_write_count        = 420
  corrected_error_count     = 420
  uncorrectable_detections  = 800
  unique_uncorrectable_words = 8
  interval_switch_count     = 1295
  memory_busy_cycle_count   = 4356
  busy_per_mille            = 87
Strategy comparison run passed for strategy table.
tb/tb_strategy_comparison.v:1002: $finish called at 500376000 (1ps)
vvp results/logs/strategy_comparison.out \
	+STRATEGY=2 \
	+TOTAL_RUN_CYCLES=50000 \
	+FIXED_INTERVAL=80 \
	+SAFE_INTERVAL=1 \
	+LEVEL0_INTERVAL=240 \
	+LEVEL1_INTERVAL=200 \
	+LEVEL2_INTERVAL=150 \
	+LEVEL3_INTERVAL=120 \
	+LEVEL4_INTERVAL=100 \
	+LEVEL5_INTERVAL=80 \
	+LEVEL6_INTERVAL=70 \
	+LEVEL7_INTERVAL=70 \
	+THRESHOLD_LOW_TO_MEDIUM=2 \
	+THRESHOLD_MEDIUM_TO_LOW=1 \
	+THRESHOLD_MEDIUM_TO_HIGH=4 \
	+THRESHOLD_HIGH_TO_MEDIUM=3 \
	+THRESHOLD_LOW_INTERVAL=200 \
	+THRESHOLD_MEDIUM_INTERVAL=120 \
	+THRESHOLD_HIGH_INTERVAL=70 \
	+TRACE_EXECUTION=0 \
	+TRACE_OUTPUT=results/tables/strategy_execution_trace.csv
VCD info: dumpfile results/logs/strategy_comparison.vcd opened for output.
Total run cycles: 50000
Fixed interval: 80
Safe interval: 1
Level intervals: L0=240 L1=200 L2=150 L3=120 L4=100 L5=80 L6=70 L7=70
Threshold levels: low_to_medium=2 medium_to_low=1 medium_to_high=4 high_to_medium=3
Threshold intervals: low=200 medium=120 high=70
Loaded fault events: 610
Loaded control level events: 1295
STRATEGY RESULT: threshold
  total_cycle_count         = 50000
  scrub_cycle_count         = 284
  memory_read_count         = 4544
  memory_write_count        = 414
  corrected_error_count     = 414
  uncorrectable_detections  = 1112
  unique_uncorrectable_words = 8
  interval_switch_count     = 776
  memory_busy_cycle_count   = 4958
  busy_per_mille            = 99
Strategy comparison run passed for strategy threshold.
tb/tb_strategy_comparison.v:1002: $finish called at 500376000 (1ps)
cat results/tables/strategy_comparison.csv
strategy,total_cycles,scrub_cycles,reads,writes,corrected,uncorrectable_detections,unique_uncorrectable_words,interval_switches,safe_entries,safe_cycles,scrub_active_cycles,memory_busy_cycles,scrub_per_mille,busy_per_mille,safe_per_mille
fixed,50000,632,10112,490,490,1522,5,0,0,0,41570,10602,831,212,0
table,50000,246,3936,420,420,800,8,1295,0,0,16410,4356,328,87,0
threshold,50000,284,4544,414,414,1112,8,776,0,0,18874,4958,377,99,0
make[4]: Leaving directory '/home/z3tm4n/adaptive_scrubbing'
make[4]: Entering directory '/home/z3tm4n/adaptive_scrubbing'
mkdir -p results/logs results/tables results/figures
python3 model/generate_fault_events.py \
	--scenario upsets \
	--input data/upsets.xlsx \
	--output tb/fault_events.csv \
	--control-output tb/control_levels.csv \
	--start-index 0 \
	--window-size 43824 \
	--total-cycles 50000 \
	--event-count 400 \
	--paired-event-count 100 \
	--pair-gap-min 60 \
	--pair-gap-max 300 \
	--cluster-event-count 10 \
	--cluster-bit-count 2 \
	--seed 16 \
	--control-quantization linear_max \
	--control-source risk_policy \
	--control-policy-schedule results/paper/tables/risk_policy_schedule.csv \
	--control-policy-level-map-output results/paper/tables/risk_policy_level_map.csv
Generated fault events: tb/fault_events.csv
Generated control levels: tb/control_levels.csv
Control level changes: 1295
Generated 610 fault injections
Scenario: upsets
Paired events: 100
Addresses with repeated injections: 16
Input: data/upsets.xlsx
Start index: 0
Window size: 43824
Total cycles: 50000
Single events: 400
Paired events: 100
Cluster events: 10
Cluster bit count: 2
Seed: 16
Control source: risk_policy
Control policy schedule: results/paper/tables/risk_policy_schedule.csv
Control policy level map: results/paper/tables/risk_policy_level_map.csv
iverilog -g2012 -o results/logs/strategy_comparison.out rtl/secded_32_39_encoder.v rtl/secded_32_39_decoder.v rtl/protected_memory_model.v rtl/interval_selector.v rtl/adaptive_scrub_controller.v tb/tb_strategy_comparison.v
rm -f results/tables/strategy_comparison.csv
echo "strategy,total_cycles,scrub_cycles,reads,writes,corrected,uncorrectable_detections,unique_uncorrectable_words,interval_switches,safe_entries,safe_cycles,scrub_active_cycles,memory_busy_cycles,scrub_per_mille,busy_per_mille,safe_per_mille" > results/tables/strategy_comparison.csv
vvp results/logs/strategy_comparison.out \
	+STRATEGY=0 \
	+TOTAL_RUN_CYCLES=50000 \
	+FIXED_INTERVAL=80 \
	+SAFE_INTERVAL=1 \
	+LEVEL0_INTERVAL=240 \
	+LEVEL1_INTERVAL=200 \
	+LEVEL2_INTERVAL=150 \
	+LEVEL3_INTERVAL=120 \
	+LEVEL4_INTERVAL=100 \
	+LEVEL5_INTERVAL=80 \
	+LEVEL6_INTERVAL=70 \
	+LEVEL7_INTERVAL=70 \
	+THRESHOLD_LOW_TO_MEDIUM=2 \
	+THRESHOLD_MEDIUM_TO_LOW=1 \
	+THRESHOLD_MEDIUM_TO_HIGH=4 \
	+THRESHOLD_HIGH_TO_MEDIUM=3 \
	+THRESHOLD_LOW_INTERVAL=200 \
	+THRESHOLD_MEDIUM_INTERVAL=120 \
	+THRESHOLD_HIGH_INTERVAL=70 \
	+TRACE_EXECUTION=0 \
	+TRACE_OUTPUT=results/tables/strategy_execution_trace.csv
VCD info: dumpfile results/logs/strategy_comparison.vcd opened for output.
Total run cycles: 50000
Fixed interval: 80
Safe interval: 1
Level intervals: L0=240 L1=200 L2=150 L3=120 L4=100 L5=80 L6=70 L7=70
Threshold levels: low_to_medium=2 medium_to_low=1 medium_to_high=4 high_to_medium=3
Threshold intervals: low=200 medium=120 high=70
Loaded fault events: 610
Loaded control level events: 1295
STRATEGY RESULT: fixed
  total_cycle_count         = 50000
  scrub_cycle_count         = 632
  memory_read_count         = 10112
  memory_write_count        = 511
  corrected_error_count     = 511
  uncorrectable_detections  = 1265
  unique_uncorrectable_words = 2
  interval_switch_count     = 0
  memory_busy_cycle_count   = 10623
  busy_per_mille            = 212
Strategy comparison run passed for strategy fixed.
tb/tb_strategy_comparison.v:1002: $finish called at 500376000 (1ps)
vvp results/logs/strategy_comparison.out \
	+STRATEGY=1 \
	+TOTAL_RUN_CYCLES=50000 \
	+FIXED_INTERVAL=80 \
	+SAFE_INTERVAL=1 \
	+LEVEL0_INTERVAL=240 \
	+LEVEL1_INTERVAL=200 \
	+LEVEL2_INTERVAL=150 \
	+LEVEL3_INTERVAL=120 \
	+LEVEL4_INTERVAL=100 \
	+LEVEL5_INTERVAL=80 \
	+LEVEL6_INTERVAL=70 \
	+LEVEL7_INTERVAL=70 \
	+THRESHOLD_LOW_TO_MEDIUM=2 \
	+THRESHOLD_MEDIUM_TO_LOW=1 \
	+THRESHOLD_MEDIUM_TO_HIGH=4 \
	+THRESHOLD_HIGH_TO_MEDIUM=3 \
	+THRESHOLD_LOW_INTERVAL=200 \
	+THRESHOLD_MEDIUM_INTERVAL=120 \
	+THRESHOLD_HIGH_INTERVAL=70 \
	+TRACE_EXECUTION=0 \
	+TRACE_OUTPUT=results/tables/strategy_execution_trace.csv
VCD info: dumpfile results/logs/strategy_comparison.vcd opened for output.
Total run cycles: 50000
Fixed interval: 80
Safe interval: 1
Level intervals: L0=240 L1=200 L2=150 L3=120 L4=100 L5=80 L6=70 L7=70
Threshold levels: low_to_medium=2 medium_to_low=1 medium_to_high=4 high_to_medium=3
Threshold intervals: low=200 medium=120 high=70
Loaded fault events: 610
Loaded control level events: 1295
STRATEGY RESULT: table
  total_cycle_count         = 50000
  scrub_cycle_count         = 246
  memory_read_count         = 3936
  memory_write_count        = 420
  corrected_error_count     = 420
  uncorrectable_detections  = 763
  unique_uncorrectable_words = 6
  interval_switch_count     = 1295
  memory_busy_cycle_count   = 4356
  busy_per_mille            = 87
Strategy comparison run passed for strategy table.
tb/tb_strategy_comparison.v:1002: $finish called at 500376000 (1ps)
vvp results/logs/strategy_comparison.out \
	+STRATEGY=2 \
	+TOTAL_RUN_CYCLES=50000 \
	+FIXED_INTERVAL=80 \
	+SAFE_INTERVAL=1 \
	+LEVEL0_INTERVAL=240 \
	+LEVEL1_INTERVAL=200 \
	+LEVEL2_INTERVAL=150 \
	+LEVEL3_INTERVAL=120 \
	+LEVEL4_INTERVAL=100 \
	+LEVEL5_INTERVAL=80 \
	+LEVEL6_INTERVAL=70 \
	+LEVEL7_INTERVAL=70 \
	+THRESHOLD_LOW_TO_MEDIUM=2 \
	+THRESHOLD_MEDIUM_TO_LOW=1 \
	+THRESHOLD_MEDIUM_TO_HIGH=4 \
	+THRESHOLD_HIGH_TO_MEDIUM=3 \
	+THRESHOLD_LOW_INTERVAL=200 \
	+THRESHOLD_MEDIUM_INTERVAL=120 \
	+THRESHOLD_HIGH_INTERVAL=70 \
	+TRACE_EXECUTION=0 \
	+TRACE_OUTPUT=results/tables/strategy_execution_trace.csv
VCD info: dumpfile results/logs/strategy_comparison.vcd opened for output.
Total run cycles: 50000
Fixed interval: 80
Safe interval: 1
Level intervals: L0=240 L1=200 L2=150 L3=120 L4=100 L5=80 L6=70 L7=70
Threshold levels: low_to_medium=2 medium_to_low=1 medium_to_high=4 high_to_medium=3
Threshold intervals: low=200 medium=120 high=70
Loaded fault events: 610
Loaded control level events: 1295
STRATEGY RESULT: threshold
  total_cycle_count         = 50000
  scrub_cycle_count         = 284
  memory_read_count         = 4544
  memory_write_count        = 434
  corrected_error_count     = 434
  uncorrectable_detections  = 855
  unique_uncorrectable_words = 7
  interval_switch_count     = 776
  memory_busy_cycle_count   = 4978
  busy_per_mille            = 99
Strategy comparison run passed for strategy threshold.
tb/tb_strategy_comparison.v:1002: $finish called at 500376000 (1ps)
cat results/tables/strategy_comparison.csv
strategy,total_cycles,scrub_cycles,reads,writes,corrected,uncorrectable_detections,unique_uncorrectable_words,interval_switches,safe_entries,safe_cycles,scrub_active_cycles,memory_busy_cycles,scrub_per_mille,busy_per_mille,safe_per_mille
fixed,50000,632,10112,511,511,1265,2,0,0,0,41591,10623,831,212,0
table,50000,246,3936,420,420,763,6,1295,0,0,16410,4356,328,87,0
threshold,50000,284,4544,434,434,855,7,776,0,0,18894,4978,377,99,0
make[4]: Leaving directory '/home/z3tm4n/adaptive_scrubbing'
make[4]: Entering directory '/home/z3tm4n/adaptive_scrubbing'
mkdir -p results/logs results/tables results/figures
python3 model/generate_fault_events.py \
	--scenario upsets \
	--input data/upsets.xlsx \
	--output tb/fault_events.csv \
	--control-output tb/control_levels.csv \
	--start-index 0 \
	--window-size 43824 \
	--total-cycles 50000 \
	--event-count 400 \
	--paired-event-count 100 \
	--pair-gap-min 60 \
	--pair-gap-max 300 \
	--cluster-event-count 10 \
	--cluster-bit-count 2 \
	--seed 17 \
	--control-quantization linear_max \
	--control-source risk_policy \
	--control-policy-schedule results/paper/tables/risk_policy_schedule.csv \
	--control-policy-level-map-output results/paper/tables/risk_policy_level_map.csv
Generated fault events: tb/fault_events.csv
Generated control levels: tb/control_levels.csv
Control level changes: 1295
Generated 610 fault injections
Scenario: upsets
Paired events: 100
Addresses with repeated injections: 16
Input: data/upsets.xlsx
Start index: 0
Window size: 43824
Total cycles: 50000
Single events: 400
Paired events: 100
Cluster events: 10
Cluster bit count: 2
Seed: 17
Control source: risk_policy
Control policy schedule: results/paper/tables/risk_policy_schedule.csv
Control policy level map: results/paper/tables/risk_policy_level_map.csv
iverilog -g2012 -o results/logs/strategy_comparison.out rtl/secded_32_39_encoder.v rtl/secded_32_39_decoder.v rtl/protected_memory_model.v rtl/interval_selector.v rtl/adaptive_scrub_controller.v tb/tb_strategy_comparison.v
rm -f results/tables/strategy_comparison.csv
echo "strategy,total_cycles,scrub_cycles,reads,writes,corrected,uncorrectable_detections,unique_uncorrectable_words,interval_switches,safe_entries,safe_cycles,scrub_active_cycles,memory_busy_cycles,scrub_per_mille,busy_per_mille,safe_per_mille" > results/tables/strategy_comparison.csv
vvp results/logs/strategy_comparison.out \
	+STRATEGY=0 \
	+TOTAL_RUN_CYCLES=50000 \
	+FIXED_INTERVAL=80 \
	+SAFE_INTERVAL=1 \
	+LEVEL0_INTERVAL=240 \
	+LEVEL1_INTERVAL=200 \
	+LEVEL2_INTERVAL=150 \
	+LEVEL3_INTERVAL=120 \
	+LEVEL4_INTERVAL=100 \
	+LEVEL5_INTERVAL=80 \
	+LEVEL6_INTERVAL=70 \
	+LEVEL7_INTERVAL=70 \
	+THRESHOLD_LOW_TO_MEDIUM=2 \
	+THRESHOLD_MEDIUM_TO_LOW=1 \
	+THRESHOLD_MEDIUM_TO_HIGH=4 \
	+THRESHOLD_HIGH_TO_MEDIUM=3 \
	+THRESHOLD_LOW_INTERVAL=200 \
	+THRESHOLD_MEDIUM_INTERVAL=120 \
	+THRESHOLD_HIGH_INTERVAL=70 \
	+TRACE_EXECUTION=0 \
	+TRACE_OUTPUT=results/tables/strategy_execution_trace.csv
VCD info: dumpfile results/logs/strategy_comparison.vcd opened for output.
Total run cycles: 50000
Fixed interval: 80
Safe interval: 1
Level intervals: L0=240 L1=200 L2=150 L3=120 L4=100 L5=80 L6=70 L7=70
Threshold levels: low_to_medium=2 medium_to_low=1 medium_to_high=4 high_to_medium=3
Threshold intervals: low=200 medium=120 high=70
Loaded fault events: 610
Loaded control level events: 1295
STRATEGY RESULT: fixed
  total_cycle_count         = 50000
  scrub_cycle_count         = 632
  memory_read_count         = 10112
  memory_write_count        = 496
  corrected_error_count     = 496
  uncorrectable_detections  = 1232
  unique_uncorrectable_words = 8
  interval_switch_count     = 0
  memory_busy_cycle_count   = 10608
  busy_per_mille            = 212
Strategy comparison run passed for strategy fixed.
tb/tb_strategy_comparison.v:1002: $finish called at 500376000 (1ps)
vvp results/logs/strategy_comparison.out \
	+STRATEGY=1 \
	+TOTAL_RUN_CYCLES=50000 \
	+FIXED_INTERVAL=80 \
	+SAFE_INTERVAL=1 \
	+LEVEL0_INTERVAL=240 \
	+LEVEL1_INTERVAL=200 \
	+LEVEL2_INTERVAL=150 \
	+LEVEL3_INTERVAL=120 \
	+LEVEL4_INTERVAL=100 \
	+LEVEL5_INTERVAL=80 \
	+LEVEL6_INTERVAL=70 \
	+LEVEL7_INTERVAL=70 \
	+THRESHOLD_LOW_TO_MEDIUM=2 \
	+THRESHOLD_MEDIUM_TO_LOW=1 \
	+THRESHOLD_MEDIUM_TO_HIGH=4 \
	+THRESHOLD_HIGH_TO_MEDIUM=3 \
	+THRESHOLD_LOW_INTERVAL=200 \
	+THRESHOLD_MEDIUM_INTERVAL=120 \
	+THRESHOLD_HIGH_INTERVAL=70 \
	+TRACE_EXECUTION=0 \
	+TRACE_OUTPUT=results/tables/strategy_execution_trace.csv
VCD info: dumpfile results/logs/strategy_comparison.vcd opened for output.
Total run cycles: 50000
Fixed interval: 80
Safe interval: 1
Level intervals: L0=240 L1=200 L2=150 L3=120 L4=100 L5=80 L6=70 L7=70
Threshold levels: low_to_medium=2 medium_to_low=1 medium_to_high=4 high_to_medium=3
Threshold intervals: low=200 medium=120 high=70
Loaded fault events: 610
Loaded control level events: 1295
STRATEGY RESULT: table
  total_cycle_count         = 50000
  scrub_cycle_count         = 246
  memory_read_count         = 3936
  memory_write_count        = 410
  corrected_error_count     = 410
  uncorrectable_detections  = 993
  unique_uncorrectable_words = 9
  interval_switch_count     = 1295
  memory_busy_cycle_count   = 4346
  busy_per_mille            = 86
Strategy comparison run passed for strategy table.
tb/tb_strategy_comparison.v:1002: $finish called at 500376000 (1ps)
vvp results/logs/strategy_comparison.out \
	+STRATEGY=2 \
	+TOTAL_RUN_CYCLES=50000 \
	+FIXED_INTERVAL=80 \
	+SAFE_INTERVAL=1 \
	+LEVEL0_INTERVAL=240 \
	+LEVEL1_INTERVAL=200 \
	+LEVEL2_INTERVAL=150 \
	+LEVEL3_INTERVAL=120 \
	+LEVEL4_INTERVAL=100 \
	+LEVEL5_INTERVAL=80 \
	+LEVEL6_INTERVAL=70 \
	+LEVEL7_INTERVAL=70 \
	+THRESHOLD_LOW_TO_MEDIUM=2 \
	+THRESHOLD_MEDIUM_TO_LOW=1 \
	+THRESHOLD_MEDIUM_TO_HIGH=4 \
	+THRESHOLD_HIGH_TO_MEDIUM=3 \
	+THRESHOLD_LOW_INTERVAL=200 \
	+THRESHOLD_MEDIUM_INTERVAL=120 \
	+THRESHOLD_HIGH_INTERVAL=70 \
	+TRACE_EXECUTION=0 \
	+TRACE_OUTPUT=results/tables/strategy_execution_trace.csv
VCD info: dumpfile results/logs/strategy_comparison.vcd opened for output.
Total run cycles: 50000
Fixed interval: 80
Safe interval: 1
Level intervals: L0=240 L1=200 L2=150 L3=120 L4=100 L5=80 L6=70 L7=70
Threshold levels: low_to_medium=2 medium_to_low=1 medium_to_high=4 high_to_medium=3
Threshold intervals: low=200 medium=120 high=70
Loaded fault events: 610
Loaded control level events: 1295
STRATEGY RESULT: threshold
  total_cycle_count         = 50000
  scrub_cycle_count         = 284
  memory_read_count         = 4544
  memory_write_count        = 439
  corrected_error_count     = 439
  uncorrectable_detections  = 828
  unique_uncorrectable_words = 8
  interval_switch_count     = 776
  memory_busy_cycle_count   = 4983
  busy_per_mille            = 99
Strategy comparison run passed for strategy threshold.
tb/tb_strategy_comparison.v:1002: $finish called at 500376000 (1ps)
cat results/tables/strategy_comparison.csv
strategy,total_cycles,scrub_cycles,reads,writes,corrected,uncorrectable_detections,unique_uncorrectable_words,interval_switches,safe_entries,safe_cycles,scrub_active_cycles,memory_busy_cycles,scrub_per_mille,busy_per_mille,safe_per_mille
fixed,50000,632,10112,496,496,1232,8,0,0,0,41576,10608,831,212,0
table,50000,246,3936,410,410,993,9,1295,0,0,16400,4346,328,86,0
threshold,50000,284,4544,439,439,828,8,776,0,0,18899,4983,377,99,0
make[4]: Leaving directory '/home/z3tm4n/adaptive_scrubbing'
make[4]: Entering directory '/home/z3tm4n/adaptive_scrubbing'
mkdir -p results/logs results/tables results/figures
python3 model/generate_fault_events.py \
	--scenario upsets \
	--input data/upsets.xlsx \
	--output tb/fault_events.csv \
	--control-output tb/control_levels.csv \
	--start-index 0 \
	--window-size 43824 \
	--total-cycles 50000 \
	--event-count 400 \
	--paired-event-count 100 \
	--pair-gap-min 60 \
	--pair-gap-max 300 \
	--cluster-event-count 10 \
	--cluster-bit-count 2 \
	--seed 18 \
	--control-quantization linear_max \
	--control-source risk_policy \
	--control-policy-schedule results/paper/tables/risk_policy_schedule.csv \
	--control-policy-level-map-output results/paper/tables/risk_policy_level_map.csv
Generated fault events: tb/fault_events.csv
Generated control levels: tb/control_levels.csv
Control level changes: 1295
Generated 610 fault injections
Scenario: upsets
Paired events: 100
Addresses with repeated injections: 16
Input: data/upsets.xlsx
Start index: 0
Window size: 43824
Total cycles: 50000
Single events: 400
Paired events: 100
Cluster events: 10
Cluster bit count: 2
Seed: 18
Control source: risk_policy
Control policy schedule: results/paper/tables/risk_policy_schedule.csv
Control policy level map: results/paper/tables/risk_policy_level_map.csv
iverilog -g2012 -o results/logs/strategy_comparison.out rtl/secded_32_39_encoder.v rtl/secded_32_39_decoder.v rtl/protected_memory_model.v rtl/interval_selector.v rtl/adaptive_scrub_controller.v tb/tb_strategy_comparison.v
rm -f results/tables/strategy_comparison.csv
echo "strategy,total_cycles,scrub_cycles,reads,writes,corrected,uncorrectable_detections,unique_uncorrectable_words,interval_switches,safe_entries,safe_cycles,scrub_active_cycles,memory_busy_cycles,scrub_per_mille,busy_per_mille,safe_per_mille" > results/tables/strategy_comparison.csv
vvp results/logs/strategy_comparison.out \
	+STRATEGY=0 \
	+TOTAL_RUN_CYCLES=50000 \
	+FIXED_INTERVAL=80 \
	+SAFE_INTERVAL=1 \
	+LEVEL0_INTERVAL=240 \
	+LEVEL1_INTERVAL=200 \
	+LEVEL2_INTERVAL=150 \
	+LEVEL3_INTERVAL=120 \
	+LEVEL4_INTERVAL=100 \
	+LEVEL5_INTERVAL=80 \
	+LEVEL6_INTERVAL=70 \
	+LEVEL7_INTERVAL=70 \
	+THRESHOLD_LOW_TO_MEDIUM=2 \
	+THRESHOLD_MEDIUM_TO_LOW=1 \
	+THRESHOLD_MEDIUM_TO_HIGH=4 \
	+THRESHOLD_HIGH_TO_MEDIUM=3 \
	+THRESHOLD_LOW_INTERVAL=200 \
	+THRESHOLD_MEDIUM_INTERVAL=120 \
	+THRESHOLD_HIGH_INTERVAL=70 \
	+TRACE_EXECUTION=0 \
	+TRACE_OUTPUT=results/tables/strategy_execution_trace.csv
VCD info: dumpfile results/logs/strategy_comparison.vcd opened for output.
Total run cycles: 50000
Fixed interval: 80
Safe interval: 1
Level intervals: L0=240 L1=200 L2=150 L3=120 L4=100 L5=80 L6=70 L7=70
Threshold levels: low_to_medium=2 medium_to_low=1 medium_to_high=4 high_to_medium=3
Threshold intervals: low=200 medium=120 high=70
Loaded fault events: 610
Loaded control level events: 1295
STRATEGY RESULT: fixed
  total_cycle_count         = 50000
  scrub_cycle_count         = 632
  memory_read_count         = 10112
  memory_write_count        = 472
  corrected_error_count     = 472
  uncorrectable_detections  = 1666
  unique_uncorrectable_words = 3
  interval_switch_count     = 0
  memory_busy_cycle_count   = 10584
  busy_per_mille            = 211
Strategy comparison run passed for strategy fixed.
tb/tb_strategy_comparison.v:1002: $finish called at 500376000 (1ps)
vvp results/logs/strategy_comparison.out \
	+STRATEGY=1 \
	+TOTAL_RUN_CYCLES=50000 \
	+FIXED_INTERVAL=80 \
	+SAFE_INTERVAL=1 \
	+LEVEL0_INTERVAL=240 \
	+LEVEL1_INTERVAL=200 \
	+LEVEL2_INTERVAL=150 \
	+LEVEL3_INTERVAL=120 \
	+LEVEL4_INTERVAL=100 \
	+LEVEL5_INTERVAL=80 \
	+LEVEL6_INTERVAL=70 \
	+LEVEL7_INTERVAL=70 \
	+THRESHOLD_LOW_TO_MEDIUM=2 \
	+THRESHOLD_MEDIUM_TO_LOW=1 \
	+THRESHOLD_MEDIUM_TO_HIGH=4 \
	+THRESHOLD_HIGH_TO_MEDIUM=3 \
	+THRESHOLD_LOW_INTERVAL=200 \
	+THRESHOLD_MEDIUM_INTERVAL=120 \
	+THRESHOLD_HIGH_INTERVAL=70 \
	+TRACE_EXECUTION=0 \
	+TRACE_OUTPUT=results/tables/strategy_execution_trace.csv
VCD info: dumpfile results/logs/strategy_comparison.vcd opened for output.
Total run cycles: 50000
Fixed interval: 80
Safe interval: 1
Level intervals: L0=240 L1=200 L2=150 L3=120 L4=100 L5=80 L6=70 L7=70
Threshold levels: low_to_medium=2 medium_to_low=1 medium_to_high=4 high_to_medium=3
Threshold intervals: low=200 medium=120 high=70
Loaded fault events: 610
Loaded control level events: 1295
STRATEGY RESULT: table
  total_cycle_count         = 50000
  scrub_cycle_count         = 246
  memory_read_count         = 3936
  memory_write_count        = 414
  corrected_error_count     = 414
  uncorrectable_detections  = 940
  unique_uncorrectable_words = 1
  interval_switch_count     = 1295
  memory_busy_cycle_count   = 4350
  busy_per_mille            = 87
Strategy comparison run passed for strategy table.
tb/tb_strategy_comparison.v:1002: $finish called at 500376000 (1ps)
vvp results/logs/strategy_comparison.out \
	+STRATEGY=2 \
	+TOTAL_RUN_CYCLES=50000 \
	+FIXED_INTERVAL=80 \
	+SAFE_INTERVAL=1 \
	+LEVEL0_INTERVAL=240 \
	+LEVEL1_INTERVAL=200 \
	+LEVEL2_INTERVAL=150 \
	+LEVEL3_INTERVAL=120 \
	+LEVEL4_INTERVAL=100 \
	+LEVEL5_INTERVAL=80 \
	+LEVEL6_INTERVAL=70 \
	+LEVEL7_INTERVAL=70 \
	+THRESHOLD_LOW_TO_MEDIUM=2 \
	+THRESHOLD_MEDIUM_TO_LOW=1 \
	+THRESHOLD_MEDIUM_TO_HIGH=4 \
	+THRESHOLD_HIGH_TO_MEDIUM=3 \
	+THRESHOLD_LOW_INTERVAL=200 \
	+THRESHOLD_MEDIUM_INTERVAL=120 \
	+THRESHOLD_HIGH_INTERVAL=70 \
	+TRACE_EXECUTION=0 \
	+TRACE_OUTPUT=results/tables/strategy_execution_trace.csv
VCD info: dumpfile results/logs/strategy_comparison.vcd opened for output.
Total run cycles: 50000
Fixed interval: 80
Safe interval: 1
Level intervals: L0=240 L1=200 L2=150 L3=120 L4=100 L5=80 L6=70 L7=70
Threshold levels: low_to_medium=2 medium_to_low=1 medium_to_high=4 high_to_medium=3
Threshold intervals: low=200 medium=120 high=70
Loaded fault events: 610
Loaded control level events: 1295
STRATEGY RESULT: threshold
  total_cycle_count         = 50000
  scrub_cycle_count         = 284
  memory_read_count         = 4544
  memory_write_count        = 424
  corrected_error_count     = 424
  uncorrectable_detections  = 948
  unique_uncorrectable_words = 3
  interval_switch_count     = 776
  memory_busy_cycle_count   = 4968
  busy_per_mille            = 99
Strategy comparison run passed for strategy threshold.
tb/tb_strategy_comparison.v:1002: $finish called at 500376000 (1ps)
cat results/tables/strategy_comparison.csv
strategy,total_cycles,scrub_cycles,reads,writes,corrected,uncorrectable_detections,unique_uncorrectable_words,interval_switches,safe_entries,safe_cycles,scrub_active_cycles,memory_busy_cycles,scrub_per_mille,busy_per_mille,safe_per_mille
fixed,50000,632,10112,472,472,1666,3,0,0,0,41552,10584,831,211,0
table,50000,246,3936,414,414,940,1,1295,0,0,16404,4350,328,87,0
threshold,50000,284,4544,424,424,948,3,776,0,0,18884,4968,377,99,0
make[4]: Leaving directory '/home/z3tm4n/adaptive_scrubbing'
make[4]: Entering directory '/home/z3tm4n/adaptive_scrubbing'
mkdir -p results/logs results/tables results/figures
python3 model/generate_fault_events.py \
	--scenario upsets \
	--input data/upsets.xlsx \
	--output tb/fault_events.csv \
	--control-output tb/control_levels.csv \
	--start-index 0 \
	--window-size 43824 \
	--total-cycles 50000 \
	--event-count 400 \
	--paired-event-count 100 \
	--pair-gap-min 60 \
	--pair-gap-max 300 \
	--cluster-event-count 10 \
	--cluster-bit-count 2 \
	--seed 19 \
	--control-quantization linear_max \
	--control-source risk_policy \
	--control-policy-schedule results/paper/tables/risk_policy_schedule.csv \
	--control-policy-level-map-output results/paper/tables/risk_policy_level_map.csv
Generated fault events: tb/fault_events.csv
Generated control levels: tb/control_levels.csv
Control level changes: 1295
Generated 610 fault injections
Scenario: upsets
Paired events: 100
Addresses with repeated injections: 16
Input: data/upsets.xlsx
Start index: 0
Window size: 43824
Total cycles: 50000
Single events: 400
Paired events: 100
Cluster events: 10
Cluster bit count: 2
Seed: 19
Control source: risk_policy
Control policy schedule: results/paper/tables/risk_policy_schedule.csv
Control policy level map: results/paper/tables/risk_policy_level_map.csv
iverilog -g2012 -o results/logs/strategy_comparison.out rtl/secded_32_39_encoder.v rtl/secded_32_39_decoder.v rtl/protected_memory_model.v rtl/interval_selector.v rtl/adaptive_scrub_controller.v tb/tb_strategy_comparison.v
rm -f results/tables/strategy_comparison.csv
echo "strategy,total_cycles,scrub_cycles,reads,writes,corrected,uncorrectable_detections,unique_uncorrectable_words,interval_switches,safe_entries,safe_cycles,scrub_active_cycles,memory_busy_cycles,scrub_per_mille,busy_per_mille,safe_per_mille" > results/tables/strategy_comparison.csv
vvp results/logs/strategy_comparison.out \
	+STRATEGY=0 \
	+TOTAL_RUN_CYCLES=50000 \
	+FIXED_INTERVAL=80 \
	+SAFE_INTERVAL=1 \
	+LEVEL0_INTERVAL=240 \
	+LEVEL1_INTERVAL=200 \
	+LEVEL2_INTERVAL=150 \
	+LEVEL3_INTERVAL=120 \
	+LEVEL4_INTERVAL=100 \
	+LEVEL5_INTERVAL=80 \
	+LEVEL6_INTERVAL=70 \
	+LEVEL7_INTERVAL=70 \
	+THRESHOLD_LOW_TO_MEDIUM=2 \
	+THRESHOLD_MEDIUM_TO_LOW=1 \
	+THRESHOLD_MEDIUM_TO_HIGH=4 \
	+THRESHOLD_HIGH_TO_MEDIUM=3 \
	+THRESHOLD_LOW_INTERVAL=200 \
	+THRESHOLD_MEDIUM_INTERVAL=120 \
	+THRESHOLD_HIGH_INTERVAL=70 \
	+TRACE_EXECUTION=0 \
	+TRACE_OUTPUT=results/tables/strategy_execution_trace.csv
VCD info: dumpfile results/logs/strategy_comparison.vcd opened for output.
Total run cycles: 50000
Fixed interval: 80
Safe interval: 1
Level intervals: L0=240 L1=200 L2=150 L3=120 L4=100 L5=80 L6=70 L7=70
Threshold levels: low_to_medium=2 medium_to_low=1 medium_to_high=4 high_to_medium=3
Threshold intervals: low=200 medium=120 high=70
Loaded fault events: 610
Loaded control level events: 1295
STRATEGY RESULT: fixed
  total_cycle_count         = 50000
  scrub_cycle_count         = 632
  memory_read_count         = 10112
  memory_write_count        = 490
  corrected_error_count     = 490
  uncorrectable_detections  = 1531
  unique_uncorrectable_words = 4
  interval_switch_count     = 0
  memory_busy_cycle_count   = 10602
  busy_per_mille            = 212
Strategy comparison run passed for strategy fixed.
tb/tb_strategy_comparison.v:1002: $finish called at 500376000 (1ps)
vvp results/logs/strategy_comparison.out \
	+STRATEGY=1 \
	+TOTAL_RUN_CYCLES=50000 \
	+FIXED_INTERVAL=80 \
	+SAFE_INTERVAL=1 \
	+LEVEL0_INTERVAL=240 \
	+LEVEL1_INTERVAL=200 \
	+LEVEL2_INTERVAL=150 \
	+LEVEL3_INTERVAL=120 \
	+LEVEL4_INTERVAL=100 \
	+LEVEL5_INTERVAL=80 \
	+LEVEL6_INTERVAL=70 \
	+LEVEL7_INTERVAL=70 \
	+THRESHOLD_LOW_TO_MEDIUM=2 \
	+THRESHOLD_MEDIUM_TO_LOW=1 \
	+THRESHOLD_MEDIUM_TO_HIGH=4 \
	+THRESHOLD_HIGH_TO_MEDIUM=3 \
	+THRESHOLD_LOW_INTERVAL=200 \
	+THRESHOLD_MEDIUM_INTERVAL=120 \
	+THRESHOLD_HIGH_INTERVAL=70 \
	+TRACE_EXECUTION=0 \
	+TRACE_OUTPUT=results/tables/strategy_execution_trace.csv
VCD info: dumpfile results/logs/strategy_comparison.vcd opened for output.
Total run cycles: 50000
Fixed interval: 80
Safe interval: 1
Level intervals: L0=240 L1=200 L2=150 L3=120 L4=100 L5=80 L6=70 L7=70
Threshold levels: low_to_medium=2 medium_to_low=1 medium_to_high=4 high_to_medium=3
Threshold intervals: low=200 medium=120 high=70
Loaded fault events: 610
Loaded control level events: 1295
STRATEGY RESULT: table
  total_cycle_count         = 50000
  scrub_cycle_count         = 246
  memory_read_count         = 3936
  memory_write_count        = 438
  corrected_error_count     = 438
  uncorrectable_detections  = 768
  unique_uncorrectable_words = 6
  interval_switch_count     = 1295
  memory_busy_cycle_count   = 4374
  busy_per_mille            = 87
Strategy comparison run passed for strategy table.
tb/tb_strategy_comparison.v:1002: $finish called at 500376000 (1ps)
vvp results/logs/strategy_comparison.out \
	+STRATEGY=2 \
	+TOTAL_RUN_CYCLES=50000 \
	+FIXED_INTERVAL=80 \
	+SAFE_INTERVAL=1 \
	+LEVEL0_INTERVAL=240 \
	+LEVEL1_INTERVAL=200 \
	+LEVEL2_INTERVAL=150 \
	+LEVEL3_INTERVAL=120 \
	+LEVEL4_INTERVAL=100 \
	+LEVEL5_INTERVAL=80 \
	+LEVEL6_INTERVAL=70 \
	+LEVEL7_INTERVAL=70 \
	+THRESHOLD_LOW_TO_MEDIUM=2 \
	+THRESHOLD_MEDIUM_TO_LOW=1 \
	+THRESHOLD_MEDIUM_TO_HIGH=4 \
	+THRESHOLD_HIGH_TO_MEDIUM=3 \
	+THRESHOLD_LOW_INTERVAL=200 \
	+THRESHOLD_MEDIUM_INTERVAL=120 \
	+THRESHOLD_HIGH_INTERVAL=70 \
	+TRACE_EXECUTION=0 \
	+TRACE_OUTPUT=results/tables/strategy_execution_trace.csv
VCD info: dumpfile results/logs/strategy_comparison.vcd opened for output.
Total run cycles: 50000
Fixed interval: 80
Safe interval: 1
Level intervals: L0=240 L1=200 L2=150 L3=120 L4=100 L5=80 L6=70 L7=70
Threshold levels: low_to_medium=2 medium_to_low=1 medium_to_high=4 high_to_medium=3
Threshold intervals: low=200 medium=120 high=70
Loaded fault events: 610
Loaded control level events: 1295
STRATEGY RESULT: threshold
  total_cycle_count         = 50000
  scrub_cycle_count         = 284
  memory_read_count         = 4544
  memory_write_count        = 439
  corrected_error_count     = 439
  uncorrectable_detections  = 939
  unique_uncorrectable_words = 4
  interval_switch_count     = 776
  memory_busy_cycle_count   = 4983
  busy_per_mille            = 99
Strategy comparison run passed for strategy threshold.
tb/tb_strategy_comparison.v:1002: $finish called at 500376000 (1ps)
cat results/tables/strategy_comparison.csv
strategy,total_cycles,scrub_cycles,reads,writes,corrected,uncorrectable_detections,unique_uncorrectable_words,interval_switches,safe_entries,safe_cycles,scrub_active_cycles,memory_busy_cycles,scrub_per_mille,busy_per_mille,safe_per_mille
fixed,50000,632,10112,490,490,1531,4,0,0,0,41570,10602,831,212,0
table,50000,246,3936,438,438,768,6,1295,0,0,16428,4374,328,87,0
threshold,50000,284,4544,439,439,939,4,776,0,0,18899,4983,377,99,0
make[4]: Leaving directory '/home/z3tm4n/adaptive_scrubbing'
make[4]: Entering directory '/home/z3tm4n/adaptive_scrubbing'
mkdir -p results/logs results/tables results/figures
python3 model/generate_fault_events.py \
	--scenario upsets \
	--input data/upsets.xlsx \
	--output tb/fault_events.csv \
	--control-output tb/control_levels.csv \
	--start-index 0 \
	--window-size 43824 \
	--total-cycles 50000 \
	--event-count 400 \
	--paired-event-count 100 \
	--pair-gap-min 60 \
	--pair-gap-max 300 \
	--cluster-event-count 10 \
	--cluster-bit-count 2 \
	--seed 20 \
	--control-quantization linear_max \
	--control-source risk_policy \
	--control-policy-schedule results/paper/tables/risk_policy_schedule.csv \
	--control-policy-level-map-output results/paper/tables/risk_policy_level_map.csv
Generated fault events: tb/fault_events.csv
Generated control levels: tb/control_levels.csv
Control level changes: 1295
Generated 610 fault injections
Scenario: upsets
Paired events: 100
Addresses with repeated injections: 16
Input: data/upsets.xlsx
Start index: 0
Window size: 43824
Total cycles: 50000
Single events: 400
Paired events: 100
Cluster events: 10
Cluster bit count: 2
Seed: 20
Control source: risk_policy
Control policy schedule: results/paper/tables/risk_policy_schedule.csv
Control policy level map: results/paper/tables/risk_policy_level_map.csv
iverilog -g2012 -o results/logs/strategy_comparison.out rtl/secded_32_39_encoder.v rtl/secded_32_39_decoder.v rtl/protected_memory_model.v rtl/interval_selector.v rtl/adaptive_scrub_controller.v tb/tb_strategy_comparison.v
rm -f results/tables/strategy_comparison.csv
echo "strategy,total_cycles,scrub_cycles,reads,writes,corrected,uncorrectable_detections,unique_uncorrectable_words,interval_switches,safe_entries,safe_cycles,scrub_active_cycles,memory_busy_cycles,scrub_per_mille,busy_per_mille,safe_per_mille" > results/tables/strategy_comparison.csv
vvp results/logs/strategy_comparison.out \
	+STRATEGY=0 \
	+TOTAL_RUN_CYCLES=50000 \
	+FIXED_INTERVAL=80 \
	+SAFE_INTERVAL=1 \
	+LEVEL0_INTERVAL=240 \
	+LEVEL1_INTERVAL=200 \
	+LEVEL2_INTERVAL=150 \
	+LEVEL3_INTERVAL=120 \
	+LEVEL4_INTERVAL=100 \
	+LEVEL5_INTERVAL=80 \
	+LEVEL6_INTERVAL=70 \
	+LEVEL7_INTERVAL=70 \
	+THRESHOLD_LOW_TO_MEDIUM=2 \
	+THRESHOLD_MEDIUM_TO_LOW=1 \
	+THRESHOLD_MEDIUM_TO_HIGH=4 \
	+THRESHOLD_HIGH_TO_MEDIUM=3 \
	+THRESHOLD_LOW_INTERVAL=200 \
	+THRESHOLD_MEDIUM_INTERVAL=120 \
	+THRESHOLD_HIGH_INTERVAL=70 \
	+TRACE_EXECUTION=0 \
	+TRACE_OUTPUT=results/tables/strategy_execution_trace.csv
VCD info: dumpfile results/logs/strategy_comparison.vcd opened for output.
Total run cycles: 50000
Fixed interval: 80
Safe interval: 1
Level intervals: L0=240 L1=200 L2=150 L3=120 L4=100 L5=80 L6=70 L7=70
Threshold levels: low_to_medium=2 medium_to_low=1 medium_to_high=4 high_to_medium=3
Threshold intervals: low=200 medium=120 high=70
Loaded fault events: 610
Loaded control level events: 1295
STRATEGY RESULT: fixed
  total_cycle_count         = 50000
  scrub_cycle_count         = 632
  memory_read_count         = 10112
  memory_write_count        = 495
  corrected_error_count     = 495
  uncorrectable_detections  = 1257
  unique_uncorrectable_words = 4
  interval_switch_count     = 0
  memory_busy_cycle_count   = 10607
  busy_per_mille            = 212
Strategy comparison run passed for strategy fixed.
tb/tb_strategy_comparison.v:1002: $finish called at 500376000 (1ps)
vvp results/logs/strategy_comparison.out \
	+STRATEGY=1 \
	+TOTAL_RUN_CYCLES=50000 \
	+FIXED_INTERVAL=80 \
	+SAFE_INTERVAL=1 \
	+LEVEL0_INTERVAL=240 \
	+LEVEL1_INTERVAL=200 \
	+LEVEL2_INTERVAL=150 \
	+LEVEL3_INTERVAL=120 \
	+LEVEL4_INTERVAL=100 \
	+LEVEL5_INTERVAL=80 \
	+LEVEL6_INTERVAL=70 \
	+LEVEL7_INTERVAL=70 \
	+THRESHOLD_LOW_TO_MEDIUM=2 \
	+THRESHOLD_MEDIUM_TO_LOW=1 \
	+THRESHOLD_MEDIUM_TO_HIGH=4 \
	+THRESHOLD_HIGH_TO_MEDIUM=3 \
	+THRESHOLD_LOW_INTERVAL=200 \
	+THRESHOLD_MEDIUM_INTERVAL=120 \
	+THRESHOLD_HIGH_INTERVAL=70 \
	+TRACE_EXECUTION=0 \
	+TRACE_OUTPUT=results/tables/strategy_execution_trace.csv
VCD info: dumpfile results/logs/strategy_comparison.vcd opened for output.
Total run cycles: 50000
Fixed interval: 80
Safe interval: 1
Level intervals: L0=240 L1=200 L2=150 L3=120 L4=100 L5=80 L6=70 L7=70
Threshold levels: low_to_medium=2 medium_to_low=1 medium_to_high=4 high_to_medium=3
Threshold intervals: low=200 medium=120 high=70
Loaded fault events: 610
Loaded control level events: 1295
STRATEGY RESULT: table
  total_cycle_count         = 50000
  scrub_cycle_count         = 246
  memory_read_count         = 3936
  memory_write_count        = 398
  corrected_error_count     = 398
  uncorrectable_detections  = 919
  unique_uncorrectable_words = 4
  interval_switch_count     = 1295
  memory_busy_cycle_count   = 4334
  busy_per_mille            = 86
Strategy comparison run passed for strategy table.
tb/tb_strategy_comparison.v:1002: $finish called at 500376000 (1ps)
vvp results/logs/strategy_comparison.out \
	+STRATEGY=2 \
	+TOTAL_RUN_CYCLES=50000 \
	+FIXED_INTERVAL=80 \
	+SAFE_INTERVAL=1 \
	+LEVEL0_INTERVAL=240 \
	+LEVEL1_INTERVAL=200 \
	+LEVEL2_INTERVAL=150 \
	+LEVEL3_INTERVAL=120 \
	+LEVEL4_INTERVAL=100 \
	+LEVEL5_INTERVAL=80 \
	+LEVEL6_INTERVAL=70 \
	+LEVEL7_INTERVAL=70 \
	+THRESHOLD_LOW_TO_MEDIUM=2 \
	+THRESHOLD_MEDIUM_TO_LOW=1 \
	+THRESHOLD_MEDIUM_TO_HIGH=4 \
	+THRESHOLD_HIGH_TO_MEDIUM=3 \
	+THRESHOLD_LOW_INTERVAL=200 \
	+THRESHOLD_MEDIUM_INTERVAL=120 \
	+THRESHOLD_HIGH_INTERVAL=70 \
	+TRACE_EXECUTION=0 \
	+TRACE_OUTPUT=results/tables/strategy_execution_trace.csv
VCD info: dumpfile results/logs/strategy_comparison.vcd opened for output.
Total run cycles: 50000
Fixed interval: 80
Safe interval: 1
Level intervals: L0=240 L1=200 L2=150 L3=120 L4=100 L5=80 L6=70 L7=70
Threshold levels: low_to_medium=2 medium_to_low=1 medium_to_high=4 high_to_medium=3
Threshold intervals: low=200 medium=120 high=70
Loaded fault events: 610
Loaded control level events: 1295
STRATEGY RESULT: threshold
  total_cycle_count         = 50000
  scrub_cycle_count         = 284
  memory_read_count         = 4544
  memory_write_count        = 432
  corrected_error_count     = 432
  uncorrectable_detections  = 789
  unique_uncorrectable_words = 5
  interval_switch_count     = 776
  memory_busy_cycle_count   = 4976
  busy_per_mille            = 99
Strategy comparison run passed for strategy threshold.
tb/tb_strategy_comparison.v:1002: $finish called at 500376000 (1ps)
cat results/tables/strategy_comparison.csv
strategy,total_cycles,scrub_cycles,reads,writes,corrected,uncorrectable_detections,unique_uncorrectable_words,interval_switches,safe_entries,safe_cycles,scrub_active_cycles,memory_busy_cycles,scrub_per_mille,busy_per_mille,safe_per_mille
fixed,50000,632,10112,495,495,1257,4,0,0,0,41575,10607,831,212,0
table,50000,246,3936,398,398,919,4,1295,0,0,16388,4334,327,86,0
threshold,50000,284,4544,432,432,789,5,776,0,0,18892,4976,377,99,0
make[4]: Leaving directory '/home/z3tm4n/adaptive_scrubbing'
make[4]: Entering directory '/home/z3tm4n/adaptive_scrubbing'
mkdir -p results/logs results/tables results/figures
python3 model/generate_fault_events.py \
	--scenario upsets \
	--input data/upsets.xlsx \
	--output tb/fault_events.csv \
	--control-output tb/control_levels.csv \
	--start-index 0 \
	--window-size 43824 \
	--total-cycles 50000 \
	--event-count 400 \
	--paired-event-count 100 \
	--pair-gap-min 60 \
	--pair-gap-max 300 \
	--cluster-event-count 10 \
	--cluster-bit-count 2 \
	--seed 21 \
	--control-quantization linear_max \
	--control-source risk_policy \
	--control-policy-schedule results/paper/tables/risk_policy_schedule.csv \
	--control-policy-level-map-output results/paper/tables/risk_policy_level_map.csv
Generated fault events: tb/fault_events.csv
Generated control levels: tb/control_levels.csv
Control level changes: 1295
Generated 610 fault injections
Scenario: upsets
Paired events: 100
Addresses with repeated injections: 16
Input: data/upsets.xlsx
Start index: 0
Window size: 43824
Total cycles: 50000
Single events: 400
Paired events: 100
Cluster events: 10
Cluster bit count: 2
Seed: 21
Control source: risk_policy
Control policy schedule: results/paper/tables/risk_policy_schedule.csv
Control policy level map: results/paper/tables/risk_policy_level_map.csv
iverilog -g2012 -o results/logs/strategy_comparison.out rtl/secded_32_39_encoder.v rtl/secded_32_39_decoder.v rtl/protected_memory_model.v rtl/interval_selector.v rtl/adaptive_scrub_controller.v tb/tb_strategy_comparison.v
rm -f results/tables/strategy_comparison.csv
echo "strategy,total_cycles,scrub_cycles,reads,writes,corrected,uncorrectable_detections,unique_uncorrectable_words,interval_switches,safe_entries,safe_cycles,scrub_active_cycles,memory_busy_cycles,scrub_per_mille,busy_per_mille,safe_per_mille" > results/tables/strategy_comparison.csv
vvp results/logs/strategy_comparison.out \
	+STRATEGY=0 \
	+TOTAL_RUN_CYCLES=50000 \
	+FIXED_INTERVAL=80 \
	+SAFE_INTERVAL=1 \
	+LEVEL0_INTERVAL=240 \
	+LEVEL1_INTERVAL=200 \
	+LEVEL2_INTERVAL=150 \
	+LEVEL3_INTERVAL=120 \
	+LEVEL4_INTERVAL=100 \
	+LEVEL5_INTERVAL=80 \
	+LEVEL6_INTERVAL=70 \
	+LEVEL7_INTERVAL=70 \
	+THRESHOLD_LOW_TO_MEDIUM=2 \
	+THRESHOLD_MEDIUM_TO_LOW=1 \
	+THRESHOLD_MEDIUM_TO_HIGH=4 \
	+THRESHOLD_HIGH_TO_MEDIUM=3 \
	+THRESHOLD_LOW_INTERVAL=200 \
	+THRESHOLD_MEDIUM_INTERVAL=120 \
	+THRESHOLD_HIGH_INTERVAL=70 \
	+TRACE_EXECUTION=0 \
	+TRACE_OUTPUT=results/tables/strategy_execution_trace.csv
VCD info: dumpfile results/logs/strategy_comparison.vcd opened for output.
Total run cycles: 50000
Fixed interval: 80
Safe interval: 1
Level intervals: L0=240 L1=200 L2=150 L3=120 L4=100 L5=80 L6=70 L7=70
Threshold levels: low_to_medium=2 medium_to_low=1 medium_to_high=4 high_to_medium=3
Threshold intervals: low=200 medium=120 high=70
Loaded fault events: 610
Loaded control level events: 1295
STRATEGY RESULT: fixed
  total_cycle_count         = 50000
  scrub_cycle_count         = 632
  memory_read_count         = 10112
  memory_write_count        = 474
  corrected_error_count     = 474
  uncorrectable_detections  = 1612
  unique_uncorrectable_words = 4
  interval_switch_count     = 0
  memory_busy_cycle_count   = 10586
  busy_per_mille            = 211
Strategy comparison run passed for strategy fixed.
tb/tb_strategy_comparison.v:1002: $finish called at 500376000 (1ps)
vvp results/logs/strategy_comparison.out \
	+STRATEGY=1 \
	+TOTAL_RUN_CYCLES=50000 \
	+FIXED_INTERVAL=80 \
	+SAFE_INTERVAL=1 \
	+LEVEL0_INTERVAL=240 \
	+LEVEL1_INTERVAL=200 \
	+LEVEL2_INTERVAL=150 \
	+LEVEL3_INTERVAL=120 \
	+LEVEL4_INTERVAL=100 \
	+LEVEL5_INTERVAL=80 \
	+LEVEL6_INTERVAL=70 \
	+LEVEL7_INTERVAL=70 \
	+THRESHOLD_LOW_TO_MEDIUM=2 \
	+THRESHOLD_MEDIUM_TO_LOW=1 \
	+THRESHOLD_MEDIUM_TO_HIGH=4 \
	+THRESHOLD_HIGH_TO_MEDIUM=3 \
	+THRESHOLD_LOW_INTERVAL=200 \
	+THRESHOLD_MEDIUM_INTERVAL=120 \
	+THRESHOLD_HIGH_INTERVAL=70 \
	+TRACE_EXECUTION=0 \
	+TRACE_OUTPUT=results/tables/strategy_execution_trace.csv
VCD info: dumpfile results/logs/strategy_comparison.vcd opened for output.
Total run cycles: 50000
Fixed interval: 80
Safe interval: 1
Level intervals: L0=240 L1=200 L2=150 L3=120 L4=100 L5=80 L6=70 L7=70
Threshold levels: low_to_medium=2 medium_to_low=1 medium_to_high=4 high_to_medium=3
Threshold intervals: low=200 medium=120 high=70
Loaded fault events: 610
Loaded control level events: 1295
STRATEGY RESULT: table
  total_cycle_count         = 50000
  scrub_cycle_count         = 246
  memory_read_count         = 3936
  memory_write_count        = 403
  corrected_error_count     = 403
  uncorrectable_detections  = 873
  unique_uncorrectable_words = 5
  interval_switch_count     = 1295
  memory_busy_cycle_count   = 4339
  busy_per_mille            = 86
Strategy comparison run passed for strategy table.
tb/tb_strategy_comparison.v:1002: $finish called at 500376000 (1ps)
vvp results/logs/strategy_comparison.out \
	+STRATEGY=2 \
	+TOTAL_RUN_CYCLES=50000 \
	+FIXED_INTERVAL=80 \
	+SAFE_INTERVAL=1 \
	+LEVEL0_INTERVAL=240 \
	+LEVEL1_INTERVAL=200 \
	+LEVEL2_INTERVAL=150 \
	+LEVEL3_INTERVAL=120 \
	+LEVEL4_INTERVAL=100 \
	+LEVEL5_INTERVAL=80 \
	+LEVEL6_INTERVAL=70 \
	+LEVEL7_INTERVAL=70 \
	+THRESHOLD_LOW_TO_MEDIUM=2 \
	+THRESHOLD_MEDIUM_TO_LOW=1 \
	+THRESHOLD_MEDIUM_TO_HIGH=4 \
	+THRESHOLD_HIGH_TO_MEDIUM=3 \
	+THRESHOLD_LOW_INTERVAL=200 \
	+THRESHOLD_MEDIUM_INTERVAL=120 \
	+THRESHOLD_HIGH_INTERVAL=70 \
	+TRACE_EXECUTION=0 \
	+TRACE_OUTPUT=results/tables/strategy_execution_trace.csv
VCD info: dumpfile results/logs/strategy_comparison.vcd opened for output.
Total run cycles: 50000
Fixed interval: 80
Safe interval: 1
Level intervals: L0=240 L1=200 L2=150 L3=120 L4=100 L5=80 L6=70 L7=70
Threshold levels: low_to_medium=2 medium_to_low=1 medium_to_high=4 high_to_medium=3
Threshold intervals: low=200 medium=120 high=70
Loaded fault events: 610
Loaded control level events: 1295
STRATEGY RESULT: threshold
  total_cycle_count         = 50000
  scrub_cycle_count         = 284
  memory_read_count         = 4544
  memory_write_count        = 425
  corrected_error_count     = 425
  uncorrectable_detections  = 1100
  unique_uncorrectable_words = 5
  interval_switch_count     = 776
  memory_busy_cycle_count   = 4969
  busy_per_mille            = 99
Strategy comparison run passed for strategy threshold.
tb/tb_strategy_comparison.v:1002: $finish called at 500376000 (1ps)
cat results/tables/strategy_comparison.csv
strategy,total_cycles,scrub_cycles,reads,writes,corrected,uncorrectable_detections,unique_uncorrectable_words,interval_switches,safe_entries,safe_cycles,scrub_active_cycles,memory_busy_cycles,scrub_per_mille,busy_per_mille,safe_per_mille
fixed,50000,632,10112,474,474,1612,4,0,0,0,41554,10586,831,211,0
table,50000,246,3936,403,403,873,5,1295,0,0,16393,4339,327,86,0
threshold,50000,284,4544,425,425,1100,5,776,0,0,18885,4969,377,99,0
make[4]: Leaving directory '/home/z3tm4n/adaptive_scrubbing'
make[4]: Entering directory '/home/z3tm4n/adaptive_scrubbing'
mkdir -p results/logs results/tables results/figures
python3 model/generate_fault_events.py \
	--scenario upsets \
	--input data/upsets.xlsx \
	--output tb/fault_events.csv \
	--control-output tb/control_levels.csv \
	--start-index 0 \
	--window-size 43824 \
	--total-cycles 50000 \
	--event-count 400 \
	--paired-event-count 100 \
	--pair-gap-min 60 \
	--pair-gap-max 300 \
	--cluster-event-count 10 \
	--cluster-bit-count 2 \
	--seed 22 \
	--control-quantization linear_max \
	--control-source risk_policy \
	--control-policy-schedule results/paper/tables/risk_policy_schedule.csv \
	--control-policy-level-map-output results/paper/tables/risk_policy_level_map.csv
Generated fault events: tb/fault_events.csv
Generated control levels: tb/control_levels.csv
Control level changes: 1295
Generated 610 fault injections
Scenario: upsets
Paired events: 100
Addresses with repeated injections: 16
Input: data/upsets.xlsx
Start index: 0
Window size: 43824
Total cycles: 50000
Single events: 400
Paired events: 100
Cluster events: 10
Cluster bit count: 2
Seed: 22
Control source: risk_policy
Control policy schedule: results/paper/tables/risk_policy_schedule.csv
Control policy level map: results/paper/tables/risk_policy_level_map.csv
iverilog -g2012 -o results/logs/strategy_comparison.out rtl/secded_32_39_encoder.v rtl/secded_32_39_decoder.v rtl/protected_memory_model.v rtl/interval_selector.v rtl/adaptive_scrub_controller.v tb/tb_strategy_comparison.v
rm -f results/tables/strategy_comparison.csv
echo "strategy,total_cycles,scrub_cycles,reads,writes,corrected,uncorrectable_detections,unique_uncorrectable_words,interval_switches,safe_entries,safe_cycles,scrub_active_cycles,memory_busy_cycles,scrub_per_mille,busy_per_mille,safe_per_mille" > results/tables/strategy_comparison.csv
vvp results/logs/strategy_comparison.out \
	+STRATEGY=0 \
	+TOTAL_RUN_CYCLES=50000 \
	+FIXED_INTERVAL=80 \
	+SAFE_INTERVAL=1 \
	+LEVEL0_INTERVAL=240 \
	+LEVEL1_INTERVAL=200 \
	+LEVEL2_INTERVAL=150 \
	+LEVEL3_INTERVAL=120 \
	+LEVEL4_INTERVAL=100 \
	+LEVEL5_INTERVAL=80 \
	+LEVEL6_INTERVAL=70 \
	+LEVEL7_INTERVAL=70 \
	+THRESHOLD_LOW_TO_MEDIUM=2 \
	+THRESHOLD_MEDIUM_TO_LOW=1 \
	+THRESHOLD_MEDIUM_TO_HIGH=4 \
	+THRESHOLD_HIGH_TO_MEDIUM=3 \
	+THRESHOLD_LOW_INTERVAL=200 \
	+THRESHOLD_MEDIUM_INTERVAL=120 \
	+THRESHOLD_HIGH_INTERVAL=70 \
	+TRACE_EXECUTION=0 \
	+TRACE_OUTPUT=results/tables/strategy_execution_trace.csv
VCD info: dumpfile results/logs/strategy_comparison.vcd opened for output.
Total run cycles: 50000
Fixed interval: 80
Safe interval: 1
Level intervals: L0=240 L1=200 L2=150 L3=120 L4=100 L5=80 L6=70 L7=70
Threshold levels: low_to_medium=2 medium_to_low=1 medium_to_high=4 high_to_medium=3
Threshold intervals: low=200 medium=120 high=70
Loaded fault events: 610
Loaded control level events: 1295
STRATEGY RESULT: fixed
  total_cycle_count         = 50000
  scrub_cycle_count         = 632
  memory_read_count         = 10112
  memory_write_count        = 516
  corrected_error_count     = 516
  uncorrectable_detections  = 1101
  unique_uncorrectable_words = 4
  interval_switch_count     = 0
  memory_busy_cycle_count   = 10628
  busy_per_mille            = 212
Strategy comparison run passed for strategy fixed.
tb/tb_strategy_comparison.v:1002: $finish called at 500376000 (1ps)
vvp results/logs/strategy_comparison.out \
	+STRATEGY=1 \
	+TOTAL_RUN_CYCLES=50000 \
	+FIXED_INTERVAL=80 \
	+SAFE_INTERVAL=1 \
	+LEVEL0_INTERVAL=240 \
	+LEVEL1_INTERVAL=200 \
	+LEVEL2_INTERVAL=150 \
	+LEVEL3_INTERVAL=120 \
	+LEVEL4_INTERVAL=100 \
	+LEVEL5_INTERVAL=80 \
	+LEVEL6_INTERVAL=70 \
	+LEVEL7_INTERVAL=70 \
	+THRESHOLD_LOW_TO_MEDIUM=2 \
	+THRESHOLD_MEDIUM_TO_LOW=1 \
	+THRESHOLD_MEDIUM_TO_HIGH=4 \
	+THRESHOLD_HIGH_TO_MEDIUM=3 \
	+THRESHOLD_LOW_INTERVAL=200 \
	+THRESHOLD_MEDIUM_INTERVAL=120 \
	+THRESHOLD_HIGH_INTERVAL=70 \
	+TRACE_EXECUTION=0 \
	+TRACE_OUTPUT=results/tables/strategy_execution_trace.csv
VCD info: dumpfile results/logs/strategy_comparison.vcd opened for output.
Total run cycles: 50000
Fixed interval: 80
Safe interval: 1
Level intervals: L0=240 L1=200 L2=150 L3=120 L4=100 L5=80 L6=70 L7=70
Threshold levels: low_to_medium=2 medium_to_low=1 medium_to_high=4 high_to_medium=3
Threshold intervals: low=200 medium=120 high=70
Loaded fault events: 610
Loaded control level events: 1295
STRATEGY RESULT: table
  total_cycle_count         = 50000
  scrub_cycle_count         = 246
  memory_read_count         = 3936
  memory_write_count        = 420
  corrected_error_count     = 420
  uncorrectable_detections  = 889
  unique_uncorrectable_words = 5
  interval_switch_count     = 1295
  memory_busy_cycle_count   = 4356
  busy_per_mille            = 87
Strategy comparison run passed for strategy table.
tb/tb_strategy_comparison.v:1002: $finish called at 500376000 (1ps)
vvp results/logs/strategy_comparison.out \
	+STRATEGY=2 \
	+TOTAL_RUN_CYCLES=50000 \
	+FIXED_INTERVAL=80 \
	+SAFE_INTERVAL=1 \
	+LEVEL0_INTERVAL=240 \
	+LEVEL1_INTERVAL=200 \
	+LEVEL2_INTERVAL=150 \
	+LEVEL3_INTERVAL=120 \
	+LEVEL4_INTERVAL=100 \
	+LEVEL5_INTERVAL=80 \
	+LEVEL6_INTERVAL=70 \
	+LEVEL7_INTERVAL=70 \
	+THRESHOLD_LOW_TO_MEDIUM=2 \
	+THRESHOLD_MEDIUM_TO_LOW=1 \
	+THRESHOLD_MEDIUM_TO_HIGH=4 \
	+THRESHOLD_HIGH_TO_MEDIUM=3 \
	+THRESHOLD_LOW_INTERVAL=200 \
	+THRESHOLD_MEDIUM_INTERVAL=120 \
	+THRESHOLD_HIGH_INTERVAL=70 \
	+TRACE_EXECUTION=0 \
	+TRACE_OUTPUT=results/tables/strategy_execution_trace.csv
VCD info: dumpfile results/logs/strategy_comparison.vcd opened for output.
Total run cycles: 50000
Fixed interval: 80
Safe interval: 1
Level intervals: L0=240 L1=200 L2=150 L3=120 L4=100 L5=80 L6=70 L7=70
Threshold levels: low_to_medium=2 medium_to_low=1 medium_to_high=4 high_to_medium=3
Threshold intervals: low=200 medium=120 high=70
Loaded fault events: 610
Loaded control level events: 1295
STRATEGY RESULT: threshold
  total_cycle_count         = 50000
  scrub_cycle_count         = 284
  memory_read_count         = 4544
  memory_write_count        = 430
  corrected_error_count     = 430
  uncorrectable_detections  = 961
  unique_uncorrectable_words = 3
  interval_switch_count     = 776
  memory_busy_cycle_count   = 4974
  busy_per_mille            = 99
Strategy comparison run passed for strategy threshold.
tb/tb_strategy_comparison.v:1002: $finish called at 500376000 (1ps)
cat results/tables/strategy_comparison.csv
strategy,total_cycles,scrub_cycles,reads,writes,corrected,uncorrectable_detections,unique_uncorrectable_words,interval_switches,safe_entries,safe_cycles,scrub_active_cycles,memory_busy_cycles,scrub_per_mille,busy_per_mille,safe_per_mille
fixed,50000,632,10112,516,516,1101,4,0,0,0,41596,10628,831,212,0
table,50000,246,3936,420,420,889,5,1295,0,0,16410,4356,328,87,0
threshold,50000,284,4544,430,430,961,3,776,0,0,18890,4974,377,99,0
make[4]: Leaving directory '/home/z3tm4n/adaptive_scrubbing'
make[4]: Entering directory '/home/z3tm4n/adaptive_scrubbing'
mkdir -p results/logs results/tables results/figures
python3 model/generate_fault_events.py \
	--scenario upsets \
	--input data/upsets.xlsx \
	--output tb/fault_events.csv \
	--control-output tb/control_levels.csv \
	--start-index 0 \
	--window-size 43824 \
	--total-cycles 50000 \
	--event-count 400 \
	--paired-event-count 100 \
	--pair-gap-min 60 \
	--pair-gap-max 300 \
	--cluster-event-count 10 \
	--cluster-bit-count 2 \
	--seed 23 \
	--control-quantization linear_max \
	--control-source risk_policy \
	--control-policy-schedule results/paper/tables/risk_policy_schedule.csv \
	--control-policy-level-map-output results/paper/tables/risk_policy_level_map.csv
Generated fault events: tb/fault_events.csv
Generated control levels: tb/control_levels.csv
Control level changes: 1295
Generated 610 fault injections
Scenario: upsets
Paired events: 100
Addresses with repeated injections: 16
Input: data/upsets.xlsx
Start index: 0
Window size: 43824
Total cycles: 50000
Single events: 400
Paired events: 100
Cluster events: 10
Cluster bit count: 2
Seed: 23
Control source: risk_policy
Control policy schedule: results/paper/tables/risk_policy_schedule.csv
Control policy level map: results/paper/tables/risk_policy_level_map.csv
iverilog -g2012 -o results/logs/strategy_comparison.out rtl/secded_32_39_encoder.v rtl/secded_32_39_decoder.v rtl/protected_memory_model.v rtl/interval_selector.v rtl/adaptive_scrub_controller.v tb/tb_strategy_comparison.v
rm -f results/tables/strategy_comparison.csv
echo "strategy,total_cycles,scrub_cycles,reads,writes,corrected,uncorrectable_detections,unique_uncorrectable_words,interval_switches,safe_entries,safe_cycles,scrub_active_cycles,memory_busy_cycles,scrub_per_mille,busy_per_mille,safe_per_mille" > results/tables/strategy_comparison.csv
vvp results/logs/strategy_comparison.out \
	+STRATEGY=0 \
	+TOTAL_RUN_CYCLES=50000 \
	+FIXED_INTERVAL=80 \
	+SAFE_INTERVAL=1 \
	+LEVEL0_INTERVAL=240 \
	+LEVEL1_INTERVAL=200 \
	+LEVEL2_INTERVAL=150 \
	+LEVEL3_INTERVAL=120 \
	+LEVEL4_INTERVAL=100 \
	+LEVEL5_INTERVAL=80 \
	+LEVEL6_INTERVAL=70 \
	+LEVEL7_INTERVAL=70 \
	+THRESHOLD_LOW_TO_MEDIUM=2 \
	+THRESHOLD_MEDIUM_TO_LOW=1 \
	+THRESHOLD_MEDIUM_TO_HIGH=4 \
	+THRESHOLD_HIGH_TO_MEDIUM=3 \
	+THRESHOLD_LOW_INTERVAL=200 \
	+THRESHOLD_MEDIUM_INTERVAL=120 \
	+THRESHOLD_HIGH_INTERVAL=70 \
	+TRACE_EXECUTION=0 \
	+TRACE_OUTPUT=results/tables/strategy_execution_trace.csv
VCD info: dumpfile results/logs/strategy_comparison.vcd opened for output.
Total run cycles: 50000
Fixed interval: 80
Safe interval: 1
Level intervals: L0=240 L1=200 L2=150 L3=120 L4=100 L5=80 L6=70 L7=70
Threshold levels: low_to_medium=2 medium_to_low=1 medium_to_high=4 high_to_medium=3
Threshold intervals: low=200 medium=120 high=70
Loaded fault events: 610
Loaded control level events: 1295
STRATEGY RESULT: fixed
  total_cycle_count         = 50000
  scrub_cycle_count         = 632
  memory_read_count         = 10112
  memory_write_count        = 474
  corrected_error_count     = 474
  uncorrectable_detections  = 1428
  unique_uncorrectable_words = 5
  interval_switch_count     = 0
  memory_busy_cycle_count   = 10586
  busy_per_mille            = 211
Strategy comparison run passed for strategy fixed.
tb/tb_strategy_comparison.v:1002: $finish called at 500376000 (1ps)
vvp results/logs/strategy_comparison.out \
	+STRATEGY=1 \
	+TOTAL_RUN_CYCLES=50000 \
	+FIXED_INTERVAL=80 \
	+SAFE_INTERVAL=1 \
	+LEVEL0_INTERVAL=240 \
	+LEVEL1_INTERVAL=200 \
	+LEVEL2_INTERVAL=150 \
	+LEVEL3_INTERVAL=120 \
	+LEVEL4_INTERVAL=100 \
	+LEVEL5_INTERVAL=80 \
	+LEVEL6_INTERVAL=70 \
	+LEVEL7_INTERVAL=70 \
	+THRESHOLD_LOW_TO_MEDIUM=2 \
	+THRESHOLD_MEDIUM_TO_LOW=1 \
	+THRESHOLD_MEDIUM_TO_HIGH=4 \
	+THRESHOLD_HIGH_TO_MEDIUM=3 \
	+THRESHOLD_LOW_INTERVAL=200 \
	+THRESHOLD_MEDIUM_INTERVAL=120 \
	+THRESHOLD_HIGH_INTERVAL=70 \
	+TRACE_EXECUTION=0 \
	+TRACE_OUTPUT=results/tables/strategy_execution_trace.csv
VCD info: dumpfile results/logs/strategy_comparison.vcd opened for output.
Total run cycles: 50000
Fixed interval: 80
Safe interval: 1
Level intervals: L0=240 L1=200 L2=150 L3=120 L4=100 L5=80 L6=70 L7=70
Threshold levels: low_to_medium=2 medium_to_low=1 medium_to_high=4 high_to_medium=3
Threshold intervals: low=200 medium=120 high=70
Loaded fault events: 610
Loaded control level events: 1295
STRATEGY RESULT: table
  total_cycle_count         = 50000
  scrub_cycle_count         = 246
  memory_read_count         = 3936
  memory_write_count        = 391
  corrected_error_count     = 391
  uncorrectable_detections  = 942
  unique_uncorrectable_words = 6
  interval_switch_count     = 1295
  memory_busy_cycle_count   = 4327
  busy_per_mille            = 86
Strategy comparison run passed for strategy table.
tb/tb_strategy_comparison.v:1002: $finish called at 500376000 (1ps)
vvp results/logs/strategy_comparison.out \
	+STRATEGY=2 \
	+TOTAL_RUN_CYCLES=50000 \
	+FIXED_INTERVAL=80 \
	+SAFE_INTERVAL=1 \
	+LEVEL0_INTERVAL=240 \
	+LEVEL1_INTERVAL=200 \
	+LEVEL2_INTERVAL=150 \
	+LEVEL3_INTERVAL=120 \
	+LEVEL4_INTERVAL=100 \
	+LEVEL5_INTERVAL=80 \
	+LEVEL6_INTERVAL=70 \
	+LEVEL7_INTERVAL=70 \
	+THRESHOLD_LOW_TO_MEDIUM=2 \
	+THRESHOLD_MEDIUM_TO_LOW=1 \
	+THRESHOLD_MEDIUM_TO_HIGH=4 \
	+THRESHOLD_HIGH_TO_MEDIUM=3 \
	+THRESHOLD_LOW_INTERVAL=200 \
	+THRESHOLD_MEDIUM_INTERVAL=120 \
	+THRESHOLD_HIGH_INTERVAL=70 \
	+TRACE_EXECUTION=0 \
	+TRACE_OUTPUT=results/tables/strategy_execution_trace.csv
VCD info: dumpfile results/logs/strategy_comparison.vcd opened for output.
Total run cycles: 50000
Fixed interval: 80
Safe interval: 1
Level intervals: L0=240 L1=200 L2=150 L3=120 L4=100 L5=80 L6=70 L7=70
Threshold levels: low_to_medium=2 medium_to_low=1 medium_to_high=4 high_to_medium=3
Threshold intervals: low=200 medium=120 high=70
Loaded fault events: 610
Loaded control level events: 1295
STRATEGY RESULT: threshold
  total_cycle_count         = 50000
  scrub_cycle_count         = 284
  memory_read_count         = 4544
  memory_write_count        = 402
  corrected_error_count     = 402
  uncorrectable_detections  = 1065
  unique_uncorrectable_words = 7
  interval_switch_count     = 776
  memory_busy_cycle_count   = 4946
  busy_per_mille            = 98
Strategy comparison run passed for strategy threshold.
tb/tb_strategy_comparison.v:1002: $finish called at 500376000 (1ps)
cat results/tables/strategy_comparison.csv
strategy,total_cycles,scrub_cycles,reads,writes,corrected,uncorrectable_detections,unique_uncorrectable_words,interval_switches,safe_entries,safe_cycles,scrub_active_cycles,memory_busy_cycles,scrub_per_mille,busy_per_mille,safe_per_mille
fixed,50000,632,10112,474,474,1428,5,0,0,0,41554,10586,831,211,0
table,50000,246,3936,391,391,942,6,1295,0,0,16381,4327,327,86,0
threshold,50000,284,4544,402,402,1065,7,776,0,0,18862,4946,377,98,0
make[4]: Leaving directory '/home/z3tm4n/adaptive_scrubbing'
make[4]: Entering directory '/home/z3tm4n/adaptive_scrubbing'
mkdir -p results/logs results/tables results/figures
python3 model/generate_fault_events.py \
	--scenario upsets \
	--input data/upsets.xlsx \
	--output tb/fault_events.csv \
	--control-output tb/control_levels.csv \
	--start-index 0 \
	--window-size 43824 \
	--total-cycles 50000 \
	--event-count 400 \
	--paired-event-count 100 \
	--pair-gap-min 60 \
	--pair-gap-max 300 \
	--cluster-event-count 10 \
	--cluster-bit-count 2 \
	--seed 24 \
	--control-quantization linear_max \
	--control-source risk_policy \
	--control-policy-schedule results/paper/tables/risk_policy_schedule.csv \
	--control-policy-level-map-output results/paper/tables/risk_policy_level_map.csv
Generated fault events: tb/fault_events.csv
Generated control levels: tb/control_levels.csv
Control level changes: 1295
Generated 610 fault injections
Scenario: upsets
Paired events: 100
Addresses with repeated injections: 16
Input: data/upsets.xlsx
Start index: 0
Window size: 43824
Total cycles: 50000
Single events: 400
Paired events: 100
Cluster events: 10
Cluster bit count: 2
Seed: 24
Control source: risk_policy
Control policy schedule: results/paper/tables/risk_policy_schedule.csv
Control policy level map: results/paper/tables/risk_policy_level_map.csv
iverilog -g2012 -o results/logs/strategy_comparison.out rtl/secded_32_39_encoder.v rtl/secded_32_39_decoder.v rtl/protected_memory_model.v rtl/interval_selector.v rtl/adaptive_scrub_controller.v tb/tb_strategy_comparison.v
rm -f results/tables/strategy_comparison.csv
echo "strategy,total_cycles,scrub_cycles,reads,writes,corrected,uncorrectable_detections,unique_uncorrectable_words,interval_switches,safe_entries,safe_cycles,scrub_active_cycles,memory_busy_cycles,scrub_per_mille,busy_per_mille,safe_per_mille" > results/tables/strategy_comparison.csv
vvp results/logs/strategy_comparison.out \
	+STRATEGY=0 \
	+TOTAL_RUN_CYCLES=50000 \
	+FIXED_INTERVAL=80 \
	+SAFE_INTERVAL=1 \
	+LEVEL0_INTERVAL=240 \
	+LEVEL1_INTERVAL=200 \
	+LEVEL2_INTERVAL=150 \
	+LEVEL3_INTERVAL=120 \
	+LEVEL4_INTERVAL=100 \
	+LEVEL5_INTERVAL=80 \
	+LEVEL6_INTERVAL=70 \
	+LEVEL7_INTERVAL=70 \
	+THRESHOLD_LOW_TO_MEDIUM=2 \
	+THRESHOLD_MEDIUM_TO_LOW=1 \
	+THRESHOLD_MEDIUM_TO_HIGH=4 \
	+THRESHOLD_HIGH_TO_MEDIUM=3 \
	+THRESHOLD_LOW_INTERVAL=200 \
	+THRESHOLD_MEDIUM_INTERVAL=120 \
	+THRESHOLD_HIGH_INTERVAL=70 \
	+TRACE_EXECUTION=0 \
	+TRACE_OUTPUT=results/tables/strategy_execution_trace.csv
VCD info: dumpfile results/logs/strategy_comparison.vcd opened for output.
Total run cycles: 50000
Fixed interval: 80
Safe interval: 1
Level intervals: L0=240 L1=200 L2=150 L3=120 L4=100 L5=80 L6=70 L7=70
Threshold levels: low_to_medium=2 medium_to_low=1 medium_to_high=4 high_to_medium=3
Threshold intervals: low=200 medium=120 high=70
Loaded fault events: 610
Loaded control level events: 1295
STRATEGY RESULT: fixed
  total_cycle_count         = 50000
  scrub_cycle_count         = 632
  memory_read_count         = 10112
  memory_write_count        = 475
  corrected_error_count     = 475
  uncorrectable_detections  = 1696
  unique_uncorrectable_words = 7
  interval_switch_count     = 0
  memory_busy_cycle_count   = 10587
  busy_per_mille            = 211
Strategy comparison run passed for strategy fixed.
tb/tb_strategy_comparison.v:1002: $finish called at 500376000 (1ps)
vvp results/logs/strategy_comparison.out \
	+STRATEGY=1 \
	+TOTAL_RUN_CYCLES=50000 \
	+FIXED_INTERVAL=80 \
	+SAFE_INTERVAL=1 \
	+LEVEL0_INTERVAL=240 \
	+LEVEL1_INTERVAL=200 \
	+LEVEL2_INTERVAL=150 \
	+LEVEL3_INTERVAL=120 \
	+LEVEL4_INTERVAL=100 \
	+LEVEL5_INTERVAL=80 \
	+LEVEL6_INTERVAL=70 \
	+LEVEL7_INTERVAL=70 \
	+THRESHOLD_LOW_TO_MEDIUM=2 \
	+THRESHOLD_MEDIUM_TO_LOW=1 \
	+THRESHOLD_MEDIUM_TO_HIGH=4 \
	+THRESHOLD_HIGH_TO_MEDIUM=3 \
	+THRESHOLD_LOW_INTERVAL=200 \
	+THRESHOLD_MEDIUM_INTERVAL=120 \
	+THRESHOLD_HIGH_INTERVAL=70 \
	+TRACE_EXECUTION=0 \
	+TRACE_OUTPUT=results/tables/strategy_execution_trace.csv
VCD info: dumpfile results/logs/strategy_comparison.vcd opened for output.
Total run cycles: 50000
Fixed interval: 80
Safe interval: 1
Level intervals: L0=240 L1=200 L2=150 L3=120 L4=100 L5=80 L6=70 L7=70
Threshold levels: low_to_medium=2 medium_to_low=1 medium_to_high=4 high_to_medium=3
Threshold intervals: low=200 medium=120 high=70
Loaded fault events: 610
Loaded control level events: 1295
STRATEGY RESULT: table
  total_cycle_count         = 50000
  scrub_cycle_count         = 246
  memory_read_count         = 3936
  memory_write_count        = 362
  corrected_error_count     = 362
  uncorrectable_detections  = 1071
  unique_uncorrectable_words = 10
  interval_switch_count     = 1295
  memory_busy_cycle_count   = 4298
  busy_per_mille            = 85
Strategy comparison run passed for strategy table.
tb/tb_strategy_comparison.v:1002: $finish called at 500376000 (1ps)
vvp results/logs/strategy_comparison.out \
	+STRATEGY=2 \
	+TOTAL_RUN_CYCLES=50000 \
	+FIXED_INTERVAL=80 \
	+SAFE_INTERVAL=1 \
	+LEVEL0_INTERVAL=240 \
	+LEVEL1_INTERVAL=200 \
	+LEVEL2_INTERVAL=150 \
	+LEVEL3_INTERVAL=120 \
	+LEVEL4_INTERVAL=100 \
	+LEVEL5_INTERVAL=80 \
	+LEVEL6_INTERVAL=70 \
	+LEVEL7_INTERVAL=70 \
	+THRESHOLD_LOW_TO_MEDIUM=2 \
	+THRESHOLD_MEDIUM_TO_LOW=1 \
	+THRESHOLD_MEDIUM_TO_HIGH=4 \
	+THRESHOLD_HIGH_TO_MEDIUM=3 \
	+THRESHOLD_LOW_INTERVAL=200 \
	+THRESHOLD_MEDIUM_INTERVAL=120 \
	+THRESHOLD_HIGH_INTERVAL=70 \
	+TRACE_EXECUTION=0 \
	+TRACE_OUTPUT=results/tables/strategy_execution_trace.csv
VCD info: dumpfile results/logs/strategy_comparison.vcd opened for output.
Total run cycles: 50000
Fixed interval: 80
Safe interval: 1
Level intervals: L0=240 L1=200 L2=150 L3=120 L4=100 L5=80 L6=70 L7=70
Threshold levels: low_to_medium=2 medium_to_low=1 medium_to_high=4 high_to_medium=3
Threshold intervals: low=200 medium=120 high=70
Loaded fault events: 610
Loaded control level events: 1295
STRATEGY RESULT: threshold
  total_cycle_count         = 50000
  scrub_cycle_count         = 284
  memory_read_count         = 4544
  memory_write_count        = 391
  corrected_error_count     = 391
  uncorrectable_detections  = 1228
  unique_uncorrectable_words = 8
  interval_switch_count     = 776
  memory_busy_cycle_count   = 4935
  busy_per_mille            = 98
Strategy comparison run passed for strategy threshold.
tb/tb_strategy_comparison.v:1002: $finish called at 500376000 (1ps)
cat results/tables/strategy_comparison.csv
strategy,total_cycles,scrub_cycles,reads,writes,corrected,uncorrectable_detections,unique_uncorrectable_words,interval_switches,safe_entries,safe_cycles,scrub_active_cycles,memory_busy_cycles,scrub_per_mille,busy_per_mille,safe_per_mille
fixed,50000,632,10112,475,475,1696,7,0,0,0,41555,10587,831,211,0
table,50000,246,3936,362,362,1071,10,1295,0,0,16352,4298,327,85,0
threshold,50000,284,4544,391,391,1228,8,776,0,0,18851,4935,377,98,0
make[4]: Leaving directory '/home/z3tm4n/adaptive_scrubbing'
make[4]: Entering directory '/home/z3tm4n/adaptive_scrubbing'
mkdir -p results/logs results/tables results/figures
python3 model/generate_fault_events.py \
	--scenario upsets \
	--input data/upsets.xlsx \
	--output tb/fault_events.csv \
	--control-output tb/control_levels.csv \
	--start-index 0 \
	--window-size 43824 \
	--total-cycles 50000 \
	--event-count 400 \
	--paired-event-count 100 \
	--pair-gap-min 60 \
	--pair-gap-max 300 \
	--cluster-event-count 10 \
	--cluster-bit-count 2 \
	--seed 25 \
	--control-quantization linear_max \
	--control-source risk_policy \
	--control-policy-schedule results/paper/tables/risk_policy_schedule.csv \
	--control-policy-level-map-output results/paper/tables/risk_policy_level_map.csv
Generated fault events: tb/fault_events.csv
Generated control levels: tb/control_levels.csv
Control level changes: 1295
Generated 610 fault injections
Scenario: upsets
Paired events: 100
Addresses with repeated injections: 16
Input: data/upsets.xlsx
Start index: 0
Window size: 43824
Total cycles: 50000
Single events: 400
Paired events: 100
Cluster events: 10
Cluster bit count: 2
Seed: 25
Control source: risk_policy
Control policy schedule: results/paper/tables/risk_policy_schedule.csv
Control policy level map: results/paper/tables/risk_policy_level_map.csv
iverilog -g2012 -o results/logs/strategy_comparison.out rtl/secded_32_39_encoder.v rtl/secded_32_39_decoder.v rtl/protected_memory_model.v rtl/interval_selector.v rtl/adaptive_scrub_controller.v tb/tb_strategy_comparison.v
rm -f results/tables/strategy_comparison.csv
echo "strategy,total_cycles,scrub_cycles,reads,writes,corrected,uncorrectable_detections,unique_uncorrectable_words,interval_switches,safe_entries,safe_cycles,scrub_active_cycles,memory_busy_cycles,scrub_per_mille,busy_per_mille,safe_per_mille" > results/tables/strategy_comparison.csv
vvp results/logs/strategy_comparison.out \
	+STRATEGY=0 \
	+TOTAL_RUN_CYCLES=50000 \
	+FIXED_INTERVAL=80 \
	+SAFE_INTERVAL=1 \
	+LEVEL0_INTERVAL=240 \
	+LEVEL1_INTERVAL=200 \
	+LEVEL2_INTERVAL=150 \
	+LEVEL3_INTERVAL=120 \
	+LEVEL4_INTERVAL=100 \
	+LEVEL5_INTERVAL=80 \
	+LEVEL6_INTERVAL=70 \
	+LEVEL7_INTERVAL=70 \
	+THRESHOLD_LOW_TO_MEDIUM=2 \
	+THRESHOLD_MEDIUM_TO_LOW=1 \
	+THRESHOLD_MEDIUM_TO_HIGH=4 \
	+THRESHOLD_HIGH_TO_MEDIUM=3 \
	+THRESHOLD_LOW_INTERVAL=200 \
	+THRESHOLD_MEDIUM_INTERVAL=120 \
	+THRESHOLD_HIGH_INTERVAL=70 \
	+TRACE_EXECUTION=0 \
	+TRACE_OUTPUT=results/tables/strategy_execution_trace.csv
VCD info: dumpfile results/logs/strategy_comparison.vcd opened for output.
Total run cycles: 50000
Fixed interval: 80
Safe interval: 1
Level intervals: L0=240 L1=200 L2=150 L3=120 L4=100 L5=80 L6=70 L7=70
Threshold levels: low_to_medium=2 medium_to_low=1 medium_to_high=4 high_to_medium=3
Threshold intervals: low=200 medium=120 high=70
Loaded fault events: 610
Loaded control level events: 1295
STRATEGY RESULT: fixed
  total_cycle_count         = 50000
  scrub_cycle_count         = 632
  memory_read_count         = 10112
  memory_write_count        = 451
  corrected_error_count     = 451
  uncorrectable_detections  = 2125
  unique_uncorrectable_words = 6
  interval_switch_count     = 0
  memory_busy_cycle_count   = 10563
  busy_per_mille            = 211
Strategy comparison run passed for strategy fixed.
tb/tb_strategy_comparison.v:1002: $finish called at 500376000 (1ps)
vvp results/logs/strategy_comparison.out \
	+STRATEGY=1 \
	+TOTAL_RUN_CYCLES=50000 \
	+FIXED_INTERVAL=80 \
	+SAFE_INTERVAL=1 \
	+LEVEL0_INTERVAL=240 \
	+LEVEL1_INTERVAL=200 \
	+LEVEL2_INTERVAL=150 \
	+LEVEL3_INTERVAL=120 \
	+LEVEL4_INTERVAL=100 \
	+LEVEL5_INTERVAL=80 \
	+LEVEL6_INTERVAL=70 \
	+LEVEL7_INTERVAL=70 \
	+THRESHOLD_LOW_TO_MEDIUM=2 \
	+THRESHOLD_MEDIUM_TO_LOW=1 \
	+THRESHOLD_MEDIUM_TO_HIGH=4 \
	+THRESHOLD_HIGH_TO_MEDIUM=3 \
	+THRESHOLD_LOW_INTERVAL=200 \
	+THRESHOLD_MEDIUM_INTERVAL=120 \
	+THRESHOLD_HIGH_INTERVAL=70 \
	+TRACE_EXECUTION=0 \
	+TRACE_OUTPUT=results/tables/strategy_execution_trace.csv
VCD info: dumpfile results/logs/strategy_comparison.vcd opened for output.
Total run cycles: 50000
Fixed interval: 80
Safe interval: 1
Level intervals: L0=240 L1=200 L2=150 L3=120 L4=100 L5=80 L6=70 L7=70
Threshold levels: low_to_medium=2 medium_to_low=1 medium_to_high=4 high_to_medium=3
Threshold intervals: low=200 medium=120 high=70
Loaded fault events: 610
Loaded control level events: 1295
STRATEGY RESULT: table
  total_cycle_count         = 50000
  scrub_cycle_count         = 246
  memory_read_count         = 3936
  memory_write_count        = 384
  corrected_error_count     = 384
  uncorrectable_detections  = 1076
  unique_uncorrectable_words = 8
  interval_switch_count     = 1295
  memory_busy_cycle_count   = 4320
  busy_per_mille            = 86
Strategy comparison run passed for strategy table.
tb/tb_strategy_comparison.v:1002: $finish called at 500376000 (1ps)
vvp results/logs/strategy_comparison.out \
	+STRATEGY=2 \
	+TOTAL_RUN_CYCLES=50000 \
	+FIXED_INTERVAL=80 \
	+SAFE_INTERVAL=1 \
	+LEVEL0_INTERVAL=240 \
	+LEVEL1_INTERVAL=200 \
	+LEVEL2_INTERVAL=150 \
	+LEVEL3_INTERVAL=120 \
	+LEVEL4_INTERVAL=100 \
	+LEVEL5_INTERVAL=80 \
	+LEVEL6_INTERVAL=70 \
	+LEVEL7_INTERVAL=70 \
	+THRESHOLD_LOW_TO_MEDIUM=2 \
	+THRESHOLD_MEDIUM_TO_LOW=1 \
	+THRESHOLD_MEDIUM_TO_HIGH=4 \
	+THRESHOLD_HIGH_TO_MEDIUM=3 \
	+THRESHOLD_LOW_INTERVAL=200 \
	+THRESHOLD_MEDIUM_INTERVAL=120 \
	+THRESHOLD_HIGH_INTERVAL=70 \
	+TRACE_EXECUTION=0 \
	+TRACE_OUTPUT=results/tables/strategy_execution_trace.csv
VCD info: dumpfile results/logs/strategy_comparison.vcd opened for output.
Total run cycles: 50000
Fixed interval: 80
Safe interval: 1
Level intervals: L0=240 L1=200 L2=150 L3=120 L4=100 L5=80 L6=70 L7=70
Threshold levels: low_to_medium=2 medium_to_low=1 medium_to_high=4 high_to_medium=3
Threshold intervals: low=200 medium=120 high=70
Loaded fault events: 610
Loaded control level events: 1295
STRATEGY RESULT: threshold
  total_cycle_count         = 50000
  scrub_cycle_count         = 284
  memory_read_count         = 4544
  memory_write_count        = 392
  corrected_error_count     = 392
  uncorrectable_detections  = 1112
  unique_uncorrectable_words = 7
  interval_switch_count     = 776
  memory_busy_cycle_count   = 4936
  busy_per_mille            = 98
Strategy comparison run passed for strategy threshold.
tb/tb_strategy_comparison.v:1002: $finish called at 500376000 (1ps)
cat results/tables/strategy_comparison.csv
strategy,total_cycles,scrub_cycles,reads,writes,corrected,uncorrectable_detections,unique_uncorrectable_words,interval_switches,safe_entries,safe_cycles,scrub_active_cycles,memory_busy_cycles,scrub_per_mille,busy_per_mille,safe_per_mille
fixed,50000,632,10112,451,451,2125,6,0,0,0,41531,10563,830,211,0
table,50000,246,3936,384,384,1076,8,1295,0,0,16374,4320,327,86,0
threshold,50000,284,4544,392,392,1112,7,776,0,0,18852,4936,377,98,0
make[4]: Leaving directory '/home/z3tm4n/adaptive_scrubbing'
make[4]: Entering directory '/home/z3tm4n/adaptive_scrubbing'
mkdir -p results/logs results/tables results/figures
python3 model/generate_fault_events.py \
	--scenario upsets \
	--input data/upsets.xlsx \
	--output tb/fault_events.csv \
	--control-output tb/control_levels.csv \
	--start-index 0 \
	--window-size 43824 \
	--total-cycles 50000 \
	--event-count 400 \
	--paired-event-count 100 \
	--pair-gap-min 60 \
	--pair-gap-max 300 \
	--cluster-event-count 10 \
	--cluster-bit-count 2 \
	--seed 26 \
	--control-quantization linear_max \
	--control-source risk_policy \
	--control-policy-schedule results/paper/tables/risk_policy_schedule.csv \
	--control-policy-level-map-output results/paper/tables/risk_policy_level_map.csv
Generated fault events: tb/fault_events.csv
Generated control levels: tb/control_levels.csv
Control level changes: 1295
Generated 610 fault injections
Scenario: upsets
Paired events: 100
Addresses with repeated injections: 16
Input: data/upsets.xlsx
Start index: 0
Window size: 43824
Total cycles: 50000
Single events: 400
Paired events: 100
Cluster events: 10
Cluster bit count: 2
Seed: 26
Control source: risk_policy
Control policy schedule: results/paper/tables/risk_policy_schedule.csv
Control policy level map: results/paper/tables/risk_policy_level_map.csv
iverilog -g2012 -o results/logs/strategy_comparison.out rtl/secded_32_39_encoder.v rtl/secded_32_39_decoder.v rtl/protected_memory_model.v rtl/interval_selector.v rtl/adaptive_scrub_controller.v tb/tb_strategy_comparison.v
rm -f results/tables/strategy_comparison.csv
echo "strategy,total_cycles,scrub_cycles,reads,writes,corrected,uncorrectable_detections,unique_uncorrectable_words,interval_switches,safe_entries,safe_cycles,scrub_active_cycles,memory_busy_cycles,scrub_per_mille,busy_per_mille,safe_per_mille" > results/tables/strategy_comparison.csv
vvp results/logs/strategy_comparison.out \
	+STRATEGY=0 \
	+TOTAL_RUN_CYCLES=50000 \
	+FIXED_INTERVAL=80 \
	+SAFE_INTERVAL=1 \
	+LEVEL0_INTERVAL=240 \
	+LEVEL1_INTERVAL=200 \
	+LEVEL2_INTERVAL=150 \
	+LEVEL3_INTERVAL=120 \
	+LEVEL4_INTERVAL=100 \
	+LEVEL5_INTERVAL=80 \
	+LEVEL6_INTERVAL=70 \
	+LEVEL7_INTERVAL=70 \
	+THRESHOLD_LOW_TO_MEDIUM=2 \
	+THRESHOLD_MEDIUM_TO_LOW=1 \
	+THRESHOLD_MEDIUM_TO_HIGH=4 \
	+THRESHOLD_HIGH_TO_MEDIUM=3 \
	+THRESHOLD_LOW_INTERVAL=200 \
	+THRESHOLD_MEDIUM_INTERVAL=120 \
	+THRESHOLD_HIGH_INTERVAL=70 \
	+TRACE_EXECUTION=0 \
	+TRACE_OUTPUT=results/tables/strategy_execution_trace.csv
VCD info: dumpfile results/logs/strategy_comparison.vcd opened for output.
Total run cycles: 50000
Fixed interval: 80
Safe interval: 1
Level intervals: L0=240 L1=200 L2=150 L3=120 L4=100 L5=80 L6=70 L7=70
Threshold levels: low_to_medium=2 medium_to_low=1 medium_to_high=4 high_to_medium=3
Threshold intervals: low=200 medium=120 high=70
Loaded fault events: 610
Loaded control level events: 1295
STRATEGY RESULT: fixed
  total_cycle_count         = 50000
  scrub_cycle_count         = 632
  memory_read_count         = 10112
  memory_write_count        = 510
  corrected_error_count     = 510
  uncorrectable_detections  = 943
  unique_uncorrectable_words = 4
  interval_switch_count     = 0
  memory_busy_cycle_count   = 10622
  busy_per_mille            = 212
Strategy comparison run passed for strategy fixed.
tb/tb_strategy_comparison.v:1002: $finish called at 500376000 (1ps)
vvp results/logs/strategy_comparison.out \
	+STRATEGY=1 \
	+TOTAL_RUN_CYCLES=50000 \
	+FIXED_INTERVAL=80 \
	+SAFE_INTERVAL=1 \
	+LEVEL0_INTERVAL=240 \
	+LEVEL1_INTERVAL=200 \
	+LEVEL2_INTERVAL=150 \
	+LEVEL3_INTERVAL=120 \
	+LEVEL4_INTERVAL=100 \
	+LEVEL5_INTERVAL=80 \
	+LEVEL6_INTERVAL=70 \
	+LEVEL7_INTERVAL=70 \
	+THRESHOLD_LOW_TO_MEDIUM=2 \
	+THRESHOLD_MEDIUM_TO_LOW=1 \
	+THRESHOLD_MEDIUM_TO_HIGH=4 \
	+THRESHOLD_HIGH_TO_MEDIUM=3 \
	+THRESHOLD_LOW_INTERVAL=200 \
	+THRESHOLD_MEDIUM_INTERVAL=120 \
	+THRESHOLD_HIGH_INTERVAL=70 \
	+TRACE_EXECUTION=0 \
	+TRACE_OUTPUT=results/tables/strategy_execution_trace.csv
VCD info: dumpfile results/logs/strategy_comparison.vcd opened for output.
Total run cycles: 50000
Fixed interval: 80
Safe interval: 1
Level intervals: L0=240 L1=200 L2=150 L3=120 L4=100 L5=80 L6=70 L7=70
Threshold levels: low_to_medium=2 medium_to_low=1 medium_to_high=4 high_to_medium=3
Threshold intervals: low=200 medium=120 high=70
Loaded fault events: 610
Loaded control level events: 1295
STRATEGY RESULT: table
  total_cycle_count         = 50000
  scrub_cycle_count         = 246
  memory_read_count         = 3936
  memory_write_count        = 408
  corrected_error_count     = 408
  uncorrectable_detections  = 849
  unique_uncorrectable_words = 6
  interval_switch_count     = 1295
  memory_busy_cycle_count   = 4344
  busy_per_mille            = 86
Strategy comparison run passed for strategy table.
tb/tb_strategy_comparison.v:1002: $finish called at 500376000 (1ps)
vvp results/logs/strategy_comparison.out \
	+STRATEGY=2 \
	+TOTAL_RUN_CYCLES=50000 \
	+FIXED_INTERVAL=80 \
	+SAFE_INTERVAL=1 \
	+LEVEL0_INTERVAL=240 \
	+LEVEL1_INTERVAL=200 \
	+LEVEL2_INTERVAL=150 \
	+LEVEL3_INTERVAL=120 \
	+LEVEL4_INTERVAL=100 \
	+LEVEL5_INTERVAL=80 \
	+LEVEL6_INTERVAL=70 \
	+LEVEL7_INTERVAL=70 \
	+THRESHOLD_LOW_TO_MEDIUM=2 \
	+THRESHOLD_MEDIUM_TO_LOW=1 \
	+THRESHOLD_MEDIUM_TO_HIGH=4 \
	+THRESHOLD_HIGH_TO_MEDIUM=3 \
	+THRESHOLD_LOW_INTERVAL=200 \
	+THRESHOLD_MEDIUM_INTERVAL=120 \
	+THRESHOLD_HIGH_INTERVAL=70 \
	+TRACE_EXECUTION=0 \
	+TRACE_OUTPUT=results/tables/strategy_execution_trace.csv
VCD info: dumpfile results/logs/strategy_comparison.vcd opened for output.
Total run cycles: 50000
Fixed interval: 80
Safe interval: 1
Level intervals: L0=240 L1=200 L2=150 L3=120 L4=100 L5=80 L6=70 L7=70
Threshold levels: low_to_medium=2 medium_to_low=1 medium_to_high=4 high_to_medium=3
Threshold intervals: low=200 medium=120 high=70
Loaded fault events: 610
Loaded control level events: 1295
STRATEGY RESULT: threshold
  total_cycle_count         = 50000
  scrub_cycle_count         = 284
  memory_read_count         = 4544
  memory_write_count        = 417
  corrected_error_count     = 417
  uncorrectable_detections  = 1068
  unique_uncorrectable_words = 6
  interval_switch_count     = 776
  memory_busy_cycle_count   = 4961
  busy_per_mille            = 99
Strategy comparison run passed for strategy threshold.
tb/tb_strategy_comparison.v:1002: $finish called at 500376000 (1ps)
cat results/tables/strategy_comparison.csv
strategy,total_cycles,scrub_cycles,reads,writes,corrected,uncorrectable_detections,unique_uncorrectable_words,interval_switches,safe_entries,safe_cycles,scrub_active_cycles,memory_busy_cycles,scrub_per_mille,busy_per_mille,safe_per_mille
fixed,50000,632,10112,510,510,943,4,0,0,0,41590,10622,831,212,0
table,50000,246,3936,408,408,849,6,1295,0,0,16398,4344,327,86,0
threshold,50000,284,4544,417,417,1068,6,776,0,0,18877,4961,377,99,0
make[4]: Leaving directory '/home/z3tm4n/adaptive_scrubbing'
make[4]: Entering directory '/home/z3tm4n/adaptive_scrubbing'
mkdir -p results/logs results/tables results/figures
python3 model/generate_fault_events.py \
	--scenario upsets \
	--input data/upsets.xlsx \
	--output tb/fault_events.csv \
	--control-output tb/control_levels.csv \
	--start-index 0 \
	--window-size 43824 \
	--total-cycles 50000 \
	--event-count 400 \
	--paired-event-count 100 \
	--pair-gap-min 60 \
	--pair-gap-max 300 \
	--cluster-event-count 10 \
	--cluster-bit-count 2 \
	--seed 27 \
	--control-quantization linear_max \
	--control-source risk_policy \
	--control-policy-schedule results/paper/tables/risk_policy_schedule.csv \
	--control-policy-level-map-output results/paper/tables/risk_policy_level_map.csv
Generated fault events: tb/fault_events.csv
Generated control levels: tb/control_levels.csv
Control level changes: 1295
Generated 610 fault injections
Scenario: upsets
Paired events: 100
Addresses with repeated injections: 16
Input: data/upsets.xlsx
Start index: 0
Window size: 43824
Total cycles: 50000
Single events: 400
Paired events: 100
Cluster events: 10
Cluster bit count: 2
Seed: 27
Control source: risk_policy
Control policy schedule: results/paper/tables/risk_policy_schedule.csv
Control policy level map: results/paper/tables/risk_policy_level_map.csv
iverilog -g2012 -o results/logs/strategy_comparison.out rtl/secded_32_39_encoder.v rtl/secded_32_39_decoder.v rtl/protected_memory_model.v rtl/interval_selector.v rtl/adaptive_scrub_controller.v tb/tb_strategy_comparison.v
rm -f results/tables/strategy_comparison.csv
echo "strategy,total_cycles,scrub_cycles,reads,writes,corrected,uncorrectable_detections,unique_uncorrectable_words,interval_switches,safe_entries,safe_cycles,scrub_active_cycles,memory_busy_cycles,scrub_per_mille,busy_per_mille,safe_per_mille" > results/tables/strategy_comparison.csv
vvp results/logs/strategy_comparison.out \
	+STRATEGY=0 \
	+TOTAL_RUN_CYCLES=50000 \
	+FIXED_INTERVAL=80 \
	+SAFE_INTERVAL=1 \
	+LEVEL0_INTERVAL=240 \
	+LEVEL1_INTERVAL=200 \
	+LEVEL2_INTERVAL=150 \
	+LEVEL3_INTERVAL=120 \
	+LEVEL4_INTERVAL=100 \
	+LEVEL5_INTERVAL=80 \
	+LEVEL6_INTERVAL=70 \
	+LEVEL7_INTERVAL=70 \
	+THRESHOLD_LOW_TO_MEDIUM=2 \
	+THRESHOLD_MEDIUM_TO_LOW=1 \
	+THRESHOLD_MEDIUM_TO_HIGH=4 \
	+THRESHOLD_HIGH_TO_MEDIUM=3 \
	+THRESHOLD_LOW_INTERVAL=200 \
	+THRESHOLD_MEDIUM_INTERVAL=120 \
	+THRESHOLD_HIGH_INTERVAL=70 \
	+TRACE_EXECUTION=0 \
	+TRACE_OUTPUT=results/tables/strategy_execution_trace.csv
VCD info: dumpfile results/logs/strategy_comparison.vcd opened for output.
Total run cycles: 50000
Fixed interval: 80
Safe interval: 1
Level intervals: L0=240 L1=200 L2=150 L3=120 L4=100 L5=80 L6=70 L7=70
Threshold levels: low_to_medium=2 medium_to_low=1 medium_to_high=4 high_to_medium=3
Threshold intervals: low=200 medium=120 high=70
Loaded fault events: 610
Loaded control level events: 1295
STRATEGY RESULT: fixed
  total_cycle_count         = 50000
  scrub_cycle_count         = 632
  memory_read_count         = 10112
  memory_write_count        = 516
  corrected_error_count     = 516
  uncorrectable_detections  = 867
  unique_uncorrectable_words = 5
  interval_switch_count     = 0
  memory_busy_cycle_count   = 10628
  busy_per_mille            = 212
Strategy comparison run passed for strategy fixed.
tb/tb_strategy_comparison.v:1002: $finish called at 500376000 (1ps)
vvp results/logs/strategy_comparison.out \
	+STRATEGY=1 \
	+TOTAL_RUN_CYCLES=50000 \
	+FIXED_INTERVAL=80 \
	+SAFE_INTERVAL=1 \
	+LEVEL0_INTERVAL=240 \
	+LEVEL1_INTERVAL=200 \
	+LEVEL2_INTERVAL=150 \
	+LEVEL3_INTERVAL=120 \
	+LEVEL4_INTERVAL=100 \
	+LEVEL5_INTERVAL=80 \
	+LEVEL6_INTERVAL=70 \
	+LEVEL7_INTERVAL=70 \
	+THRESHOLD_LOW_TO_MEDIUM=2 \
	+THRESHOLD_MEDIUM_TO_LOW=1 \
	+THRESHOLD_MEDIUM_TO_HIGH=4 \
	+THRESHOLD_HIGH_TO_MEDIUM=3 \
	+THRESHOLD_LOW_INTERVAL=200 \
	+THRESHOLD_MEDIUM_INTERVAL=120 \
	+THRESHOLD_HIGH_INTERVAL=70 \
	+TRACE_EXECUTION=0 \
	+TRACE_OUTPUT=results/tables/strategy_execution_trace.csv
VCD info: dumpfile results/logs/strategy_comparison.vcd opened for output.
Total run cycles: 50000
Fixed interval: 80
Safe interval: 1
Level intervals: L0=240 L1=200 L2=150 L3=120 L4=100 L5=80 L6=70 L7=70
Threshold levels: low_to_medium=2 medium_to_low=1 medium_to_high=4 high_to_medium=3
Threshold intervals: low=200 medium=120 high=70
Loaded fault events: 610
Loaded control level events: 1295
STRATEGY RESULT: table
  total_cycle_count         = 50000
  scrub_cycle_count         = 246
  memory_read_count         = 3936
  memory_write_count        = 420
  corrected_error_count     = 420
  uncorrectable_detections  = 799
  unique_uncorrectable_words = 3
  interval_switch_count     = 1295
  memory_busy_cycle_count   = 4356
  busy_per_mille            = 87
Strategy comparison run passed for strategy table.
tb/tb_strategy_comparison.v:1002: $finish called at 500376000 (1ps)
vvp results/logs/strategy_comparison.out \
	+STRATEGY=2 \
	+TOTAL_RUN_CYCLES=50000 \
	+FIXED_INTERVAL=80 \
	+SAFE_INTERVAL=1 \
	+LEVEL0_INTERVAL=240 \
	+LEVEL1_INTERVAL=200 \
	+LEVEL2_INTERVAL=150 \
	+LEVEL3_INTERVAL=120 \
	+LEVEL4_INTERVAL=100 \
	+LEVEL5_INTERVAL=80 \
	+LEVEL6_INTERVAL=70 \
	+LEVEL7_INTERVAL=70 \
	+THRESHOLD_LOW_TO_MEDIUM=2 \
	+THRESHOLD_MEDIUM_TO_LOW=1 \
	+THRESHOLD_MEDIUM_TO_HIGH=4 \
	+THRESHOLD_HIGH_TO_MEDIUM=3 \
	+THRESHOLD_LOW_INTERVAL=200 \
	+THRESHOLD_MEDIUM_INTERVAL=120 \
	+THRESHOLD_HIGH_INTERVAL=70 \
	+TRACE_EXECUTION=0 \
	+TRACE_OUTPUT=results/tables/strategy_execution_trace.csv
VCD info: dumpfile results/logs/strategy_comparison.vcd opened for output.
Total run cycles: 50000
Fixed interval: 80
Safe interval: 1
Level intervals: L0=240 L1=200 L2=150 L3=120 L4=100 L5=80 L6=70 L7=70
Threshold levels: low_to_medium=2 medium_to_low=1 medium_to_high=4 high_to_medium=3
Threshold intervals: low=200 medium=120 high=70
Loaded fault events: 610
Loaded control level events: 1295
STRATEGY RESULT: threshold
  total_cycle_count         = 50000
  scrub_cycle_count         = 284
  memory_read_count         = 4544
  memory_write_count        = 383
  corrected_error_count     = 383
  uncorrectable_detections  = 1291
  unique_uncorrectable_words = 6
  interval_switch_count     = 776
  memory_busy_cycle_count   = 4927
  busy_per_mille            = 98
Strategy comparison run passed for strategy threshold.
tb/tb_strategy_comparison.v:1002: $finish called at 500376000 (1ps)
cat results/tables/strategy_comparison.csv
strategy,total_cycles,scrub_cycles,reads,writes,corrected,uncorrectable_detections,unique_uncorrectable_words,interval_switches,safe_entries,safe_cycles,scrub_active_cycles,memory_busy_cycles,scrub_per_mille,busy_per_mille,safe_per_mille
fixed,50000,632,10112,516,516,867,5,0,0,0,41596,10628,831,212,0
table,50000,246,3936,420,420,799,3,1295,0,0,16410,4356,328,87,0
threshold,50000,284,4544,383,383,1291,6,776,0,0,18843,4927,376,98,0
make[4]: Leaving directory '/home/z3tm4n/adaptive_scrubbing'
make[4]: Entering directory '/home/z3tm4n/adaptive_scrubbing'
mkdir -p results/logs results/tables results/figures
python3 model/generate_fault_events.py \
	--scenario upsets \
	--input data/upsets.xlsx \
	--output tb/fault_events.csv \
	--control-output tb/control_levels.csv \
	--start-index 0 \
	--window-size 43824 \
	--total-cycles 50000 \
	--event-count 400 \
	--paired-event-count 100 \
	--pair-gap-min 60 \
	--pair-gap-max 300 \
	--cluster-event-count 10 \
	--cluster-bit-count 2 \
	--seed 28 \
	--control-quantization linear_max \
	--control-source risk_policy \
	--control-policy-schedule results/paper/tables/risk_policy_schedule.csv \
	--control-policy-level-map-output results/paper/tables/risk_policy_level_map.csv
Generated fault events: tb/fault_events.csv
Generated control levels: tb/control_levels.csv
Control level changes: 1295
Generated 610 fault injections
Scenario: upsets
Paired events: 100
Addresses with repeated injections: 16
Input: data/upsets.xlsx
Start index: 0
Window size: 43824
Total cycles: 50000
Single events: 400
Paired events: 100
Cluster events: 10
Cluster bit count: 2
Seed: 28
Control source: risk_policy
Control policy schedule: results/paper/tables/risk_policy_schedule.csv
Control policy level map: results/paper/tables/risk_policy_level_map.csv
iverilog -g2012 -o results/logs/strategy_comparison.out rtl/secded_32_39_encoder.v rtl/secded_32_39_decoder.v rtl/protected_memory_model.v rtl/interval_selector.v rtl/adaptive_scrub_controller.v tb/tb_strategy_comparison.v
rm -f results/tables/strategy_comparison.csv
echo "strategy,total_cycles,scrub_cycles,reads,writes,corrected,uncorrectable_detections,unique_uncorrectable_words,interval_switches,safe_entries,safe_cycles,scrub_active_cycles,memory_busy_cycles,scrub_per_mille,busy_per_mille,safe_per_mille" > results/tables/strategy_comparison.csv
vvp results/logs/strategy_comparison.out \
	+STRATEGY=0 \
	+TOTAL_RUN_CYCLES=50000 \
	+FIXED_INTERVAL=80 \
	+SAFE_INTERVAL=1 \
	+LEVEL0_INTERVAL=240 \
	+LEVEL1_INTERVAL=200 \
	+LEVEL2_INTERVAL=150 \
	+LEVEL3_INTERVAL=120 \
	+LEVEL4_INTERVAL=100 \
	+LEVEL5_INTERVAL=80 \
	+LEVEL6_INTERVAL=70 \
	+LEVEL7_INTERVAL=70 \
	+THRESHOLD_LOW_TO_MEDIUM=2 \
	+THRESHOLD_MEDIUM_TO_LOW=1 \
	+THRESHOLD_MEDIUM_TO_HIGH=4 \
	+THRESHOLD_HIGH_TO_MEDIUM=3 \
	+THRESHOLD_LOW_INTERVAL=200 \
	+THRESHOLD_MEDIUM_INTERVAL=120 \
	+THRESHOLD_HIGH_INTERVAL=70 \
	+TRACE_EXECUTION=0 \
	+TRACE_OUTPUT=results/tables/strategy_execution_trace.csv
VCD info: dumpfile results/logs/strategy_comparison.vcd opened for output.
Total run cycles: 50000
Fixed interval: 80
Safe interval: 1
Level intervals: L0=240 L1=200 L2=150 L3=120 L4=100 L5=80 L6=70 L7=70
Threshold levels: low_to_medium=2 medium_to_low=1 medium_to_high=4 high_to_medium=3
Threshold intervals: low=200 medium=120 high=70
Loaded fault events: 610
Loaded control level events: 1295
STRATEGY RESULT: fixed
  total_cycle_count         = 50000
  scrub_cycle_count         = 632
  memory_read_count         = 10112
  memory_write_count        = 478
  corrected_error_count     = 478
  uncorrectable_detections  = 1583
  unique_uncorrectable_words = 4
  interval_switch_count     = 0
  memory_busy_cycle_count   = 10590
  busy_per_mille            = 211
Strategy comparison run passed for strategy fixed.
tb/tb_strategy_comparison.v:1002: $finish called at 500376000 (1ps)
vvp results/logs/strategy_comparison.out \
	+STRATEGY=1 \
	+TOTAL_RUN_CYCLES=50000 \
	+FIXED_INTERVAL=80 \
	+SAFE_INTERVAL=1 \
	+LEVEL0_INTERVAL=240 \
	+LEVEL1_INTERVAL=200 \
	+LEVEL2_INTERVAL=150 \
	+LEVEL3_INTERVAL=120 \
	+LEVEL4_INTERVAL=100 \
	+LEVEL5_INTERVAL=80 \
	+LEVEL6_INTERVAL=70 \
	+LEVEL7_INTERVAL=70 \
	+THRESHOLD_LOW_TO_MEDIUM=2 \
	+THRESHOLD_MEDIUM_TO_LOW=1 \
	+THRESHOLD_MEDIUM_TO_HIGH=4 \
	+THRESHOLD_HIGH_TO_MEDIUM=3 \
	+THRESHOLD_LOW_INTERVAL=200 \
	+THRESHOLD_MEDIUM_INTERVAL=120 \
	+THRESHOLD_HIGH_INTERVAL=70 \
	+TRACE_EXECUTION=0 \
	+TRACE_OUTPUT=results/tables/strategy_execution_trace.csv
VCD info: dumpfile results/logs/strategy_comparison.vcd opened for output.
Total run cycles: 50000
Fixed interval: 80
Safe interval: 1
Level intervals: L0=240 L1=200 L2=150 L3=120 L4=100 L5=80 L6=70 L7=70
Threshold levels: low_to_medium=2 medium_to_low=1 medium_to_high=4 high_to_medium=3
Threshold intervals: low=200 medium=120 high=70
Loaded fault events: 610
Loaded control level events: 1295
STRATEGY RESULT: table
  total_cycle_count         = 50000
  scrub_cycle_count         = 246
  memory_read_count         = 3936
  memory_write_count        = 381
  corrected_error_count     = 381
  uncorrectable_detections  = 1046
  unique_uncorrectable_words = 4
  interval_switch_count     = 1295
  memory_busy_cycle_count   = 4317
  busy_per_mille            = 86
Strategy comparison run passed for strategy table.
tb/tb_strategy_comparison.v:1002: $finish called at 500376000 (1ps)
vvp results/logs/strategy_comparison.out \
	+STRATEGY=2 \
	+TOTAL_RUN_CYCLES=50000 \
	+FIXED_INTERVAL=80 \
	+SAFE_INTERVAL=1 \
	+LEVEL0_INTERVAL=240 \
	+LEVEL1_INTERVAL=200 \
	+LEVEL2_INTERVAL=150 \
	+LEVEL3_INTERVAL=120 \
	+LEVEL4_INTERVAL=100 \
	+LEVEL5_INTERVAL=80 \
	+LEVEL6_INTERVAL=70 \
	+LEVEL7_INTERVAL=70 \
	+THRESHOLD_LOW_TO_MEDIUM=2 \
	+THRESHOLD_MEDIUM_TO_LOW=1 \
	+THRESHOLD_MEDIUM_TO_HIGH=4 \
	+THRESHOLD_HIGH_TO_MEDIUM=3 \
	+THRESHOLD_LOW_INTERVAL=200 \
	+THRESHOLD_MEDIUM_INTERVAL=120 \
	+THRESHOLD_HIGH_INTERVAL=70 \
	+TRACE_EXECUTION=0 \
	+TRACE_OUTPUT=results/tables/strategy_execution_trace.csv
VCD info: dumpfile results/logs/strategy_comparison.vcd opened for output.
Total run cycles: 50000
Fixed interval: 80
Safe interval: 1
Level intervals: L0=240 L1=200 L2=150 L3=120 L4=100 L5=80 L6=70 L7=70
Threshold levels: low_to_medium=2 medium_to_low=1 medium_to_high=4 high_to_medium=3
Threshold intervals: low=200 medium=120 high=70
Loaded fault events: 610
Loaded control level events: 1295
STRATEGY RESULT: threshold
  total_cycle_count         = 50000
  scrub_cycle_count         = 284
  memory_read_count         = 4544
  memory_write_count        = 417
  corrected_error_count     = 417
  uncorrectable_detections  = 857
  unique_uncorrectable_words = 4
  interval_switch_count     = 776
  memory_busy_cycle_count   = 4961
  busy_per_mille            = 99
Strategy comparison run passed for strategy threshold.
tb/tb_strategy_comparison.v:1002: $finish called at 500376000 (1ps)
cat results/tables/strategy_comparison.csv
strategy,total_cycles,scrub_cycles,reads,writes,corrected,uncorrectable_detections,unique_uncorrectable_words,interval_switches,safe_entries,safe_cycles,scrub_active_cycles,memory_busy_cycles,scrub_per_mille,busy_per_mille,safe_per_mille
fixed,50000,632,10112,478,478,1583,4,0,0,0,41558,10590,831,211,0
table,50000,246,3936,381,381,1046,4,1295,0,0,16371,4317,327,86,0
threshold,50000,284,4544,417,417,857,4,776,0,0,18877,4961,377,99,0
make[4]: Leaving directory '/home/z3tm4n/adaptive_scrubbing'
make[4]: Entering directory '/home/z3tm4n/adaptive_scrubbing'
mkdir -p results/logs results/tables results/figures
python3 model/generate_fault_events.py \
	--scenario upsets \
	--input data/upsets.xlsx \
	--output tb/fault_events.csv \
	--control-output tb/control_levels.csv \
	--start-index 0 \
	--window-size 43824 \
	--total-cycles 50000 \
	--event-count 400 \
	--paired-event-count 100 \
	--pair-gap-min 60 \
	--pair-gap-max 300 \
	--cluster-event-count 10 \
	--cluster-bit-count 2 \
	--seed 29 \
	--control-quantization linear_max \
	--control-source risk_policy \
	--control-policy-schedule results/paper/tables/risk_policy_schedule.csv \
	--control-policy-level-map-output results/paper/tables/risk_policy_level_map.csv
Generated fault events: tb/fault_events.csv
Generated control levels: tb/control_levels.csv
Control level changes: 1295
Generated 610 fault injections
Scenario: upsets
Paired events: 100
Addresses with repeated injections: 16
Input: data/upsets.xlsx
Start index: 0
Window size: 43824
Total cycles: 50000
Single events: 400
Paired events: 100
Cluster events: 10
Cluster bit count: 2
Seed: 29
Control source: risk_policy
Control policy schedule: results/paper/tables/risk_policy_schedule.csv
Control policy level map: results/paper/tables/risk_policy_level_map.csv
iverilog -g2012 -o results/logs/strategy_comparison.out rtl/secded_32_39_encoder.v rtl/secded_32_39_decoder.v rtl/protected_memory_model.v rtl/interval_selector.v rtl/adaptive_scrub_controller.v tb/tb_strategy_comparison.v
rm -f results/tables/strategy_comparison.csv
echo "strategy,total_cycles,scrub_cycles,reads,writes,corrected,uncorrectable_detections,unique_uncorrectable_words,interval_switches,safe_entries,safe_cycles,scrub_active_cycles,memory_busy_cycles,scrub_per_mille,busy_per_mille,safe_per_mille" > results/tables/strategy_comparison.csv
vvp results/logs/strategy_comparison.out \
	+STRATEGY=0 \
	+TOTAL_RUN_CYCLES=50000 \
	+FIXED_INTERVAL=80 \
	+SAFE_INTERVAL=1 \
	+LEVEL0_INTERVAL=240 \
	+LEVEL1_INTERVAL=200 \
	+LEVEL2_INTERVAL=150 \
	+LEVEL3_INTERVAL=120 \
	+LEVEL4_INTERVAL=100 \
	+LEVEL5_INTERVAL=80 \
	+LEVEL6_INTERVAL=70 \
	+LEVEL7_INTERVAL=70 \
	+THRESHOLD_LOW_TO_MEDIUM=2 \
	+THRESHOLD_MEDIUM_TO_LOW=1 \
	+THRESHOLD_MEDIUM_TO_HIGH=4 \
	+THRESHOLD_HIGH_TO_MEDIUM=3 \
	+THRESHOLD_LOW_INTERVAL=200 \
	+THRESHOLD_MEDIUM_INTERVAL=120 \
	+THRESHOLD_HIGH_INTERVAL=70 \
	+TRACE_EXECUTION=0 \
	+TRACE_OUTPUT=results/tables/strategy_execution_trace.csv
VCD info: dumpfile results/logs/strategy_comparison.vcd opened for output.
Total run cycles: 50000
Fixed interval: 80
Safe interval: 1
Level intervals: L0=240 L1=200 L2=150 L3=120 L4=100 L5=80 L6=70 L7=70
Threshold levels: low_to_medium=2 medium_to_low=1 medium_to_high=4 high_to_medium=3
Threshold intervals: low=200 medium=120 high=70
Loaded fault events: 610
Loaded control level events: 1295
STRATEGY RESULT: fixed
  total_cycle_count         = 50000
  scrub_cycle_count         = 632
  memory_read_count         = 10112
  memory_write_count        = 495
  corrected_error_count     = 495
  uncorrectable_detections  = 1441
  unique_uncorrectable_words = 4
  interval_switch_count     = 0
  memory_busy_cycle_count   = 10607
  busy_per_mille            = 212
Strategy comparison run passed for strategy fixed.
tb/tb_strategy_comparison.v:1002: $finish called at 500376000 (1ps)
vvp results/logs/strategy_comparison.out \
	+STRATEGY=1 \
	+TOTAL_RUN_CYCLES=50000 \
	+FIXED_INTERVAL=80 \
	+SAFE_INTERVAL=1 \
	+LEVEL0_INTERVAL=240 \
	+LEVEL1_INTERVAL=200 \
	+LEVEL2_INTERVAL=150 \
	+LEVEL3_INTERVAL=120 \
	+LEVEL4_INTERVAL=100 \
	+LEVEL5_INTERVAL=80 \
	+LEVEL6_INTERVAL=70 \
	+LEVEL7_INTERVAL=70 \
	+THRESHOLD_LOW_TO_MEDIUM=2 \
	+THRESHOLD_MEDIUM_TO_LOW=1 \
	+THRESHOLD_MEDIUM_TO_HIGH=4 \
	+THRESHOLD_HIGH_TO_MEDIUM=3 \
	+THRESHOLD_LOW_INTERVAL=200 \
	+THRESHOLD_MEDIUM_INTERVAL=120 \
	+THRESHOLD_HIGH_INTERVAL=70 \
	+TRACE_EXECUTION=0 \
	+TRACE_OUTPUT=results/tables/strategy_execution_trace.csv
VCD info: dumpfile results/logs/strategy_comparison.vcd opened for output.
Total run cycles: 50000
Fixed interval: 80
Safe interval: 1
Level intervals: L0=240 L1=200 L2=150 L3=120 L4=100 L5=80 L6=70 L7=70
Threshold levels: low_to_medium=2 medium_to_low=1 medium_to_high=4 high_to_medium=3
Threshold intervals: low=200 medium=120 high=70
Loaded fault events: 610
Loaded control level events: 1295
STRATEGY RESULT: table
  total_cycle_count         = 50000
  scrub_cycle_count         = 246
  memory_read_count         = 3936
  memory_write_count        = 373
  corrected_error_count     = 373
  uncorrectable_detections  = 1240
  unique_uncorrectable_words = 7
  interval_switch_count     = 1295
  memory_busy_cycle_count   = 4309
  busy_per_mille            = 86
Strategy comparison run passed for strategy table.
tb/tb_strategy_comparison.v:1002: $finish called at 500376000 (1ps)
vvp results/logs/strategy_comparison.out \
	+STRATEGY=2 \
	+TOTAL_RUN_CYCLES=50000 \
	+FIXED_INTERVAL=80 \
	+SAFE_INTERVAL=1 \
	+LEVEL0_INTERVAL=240 \
	+LEVEL1_INTERVAL=200 \
	+LEVEL2_INTERVAL=150 \
	+LEVEL3_INTERVAL=120 \
	+LEVEL4_INTERVAL=100 \
	+LEVEL5_INTERVAL=80 \
	+LEVEL6_INTERVAL=70 \
	+LEVEL7_INTERVAL=70 \
	+THRESHOLD_LOW_TO_MEDIUM=2 \
	+THRESHOLD_MEDIUM_TO_LOW=1 \
	+THRESHOLD_MEDIUM_TO_HIGH=4 \
	+THRESHOLD_HIGH_TO_MEDIUM=3 \
	+THRESHOLD_LOW_INTERVAL=200 \
	+THRESHOLD_MEDIUM_INTERVAL=120 \
	+THRESHOLD_HIGH_INTERVAL=70 \
	+TRACE_EXECUTION=0 \
	+TRACE_OUTPUT=results/tables/strategy_execution_trace.csv
VCD info: dumpfile results/logs/strategy_comparison.vcd opened for output.
Total run cycles: 50000
Fixed interval: 80
Safe interval: 1
Level intervals: L0=240 L1=200 L2=150 L3=120 L4=100 L5=80 L6=70 L7=70
Threshold levels: low_to_medium=2 medium_to_low=1 medium_to_high=4 high_to_medium=3
Threshold intervals: low=200 medium=120 high=70
Loaded fault events: 610
Loaded control level events: 1295
STRATEGY RESULT: threshold
  total_cycle_count         = 50000
  scrub_cycle_count         = 284
  memory_read_count         = 4544
  memory_write_count        = 427
  corrected_error_count     = 427
  uncorrectable_detections  = 947
  unique_uncorrectable_words = 6
  interval_switch_count     = 776
  memory_busy_cycle_count   = 4971
  busy_per_mille            = 99
Strategy comparison run passed for strategy threshold.
tb/tb_strategy_comparison.v:1002: $finish called at 500376000 (1ps)
cat results/tables/strategy_comparison.csv
strategy,total_cycles,scrub_cycles,reads,writes,corrected,uncorrectable_detections,unique_uncorrectable_words,interval_switches,safe_entries,safe_cycles,scrub_active_cycles,memory_busy_cycles,scrub_per_mille,busy_per_mille,safe_per_mille
fixed,50000,632,10112,495,495,1441,4,0,0,0,41575,10607,831,212,0
table,50000,246,3936,373,373,1240,7,1295,0,0,16363,4309,327,86,0
threshold,50000,284,4544,427,427,947,6,776,0,0,18887,4971,377,99,0
make[4]: Leaving directory '/home/z3tm4n/adaptive_scrubbing'
make[4]: Entering directory '/home/z3tm4n/adaptive_scrubbing'
mkdir -p results/logs results/tables results/figures
python3 model/generate_fault_events.py \
	--scenario upsets \
	--input data/upsets.xlsx \
	--output tb/fault_events.csv \
	--control-output tb/control_levels.csv \
	--start-index 0 \
	--window-size 43824 \
	--total-cycles 50000 \
	--event-count 400 \
	--paired-event-count 100 \
	--pair-gap-min 60 \
	--pair-gap-max 300 \
	--cluster-event-count 10 \
	--cluster-bit-count 2 \
	--seed 30 \
	--control-quantization linear_max \
	--control-source risk_policy \
	--control-policy-schedule results/paper/tables/risk_policy_schedule.csv \
	--control-policy-level-map-output results/paper/tables/risk_policy_level_map.csv
Generated fault events: tb/fault_events.csv
Generated control levels: tb/control_levels.csv
Control level changes: 1295
Generated 610 fault injections
Scenario: upsets
Paired events: 100
Addresses with repeated injections: 16
Input: data/upsets.xlsx
Start index: 0
Window size: 43824
Total cycles: 50000
Single events: 400
Paired events: 100
Cluster events: 10
Cluster bit count: 2
Seed: 30
Control source: risk_policy
Control policy schedule: results/paper/tables/risk_policy_schedule.csv
Control policy level map: results/paper/tables/risk_policy_level_map.csv
iverilog -g2012 -o results/logs/strategy_comparison.out rtl/secded_32_39_encoder.v rtl/secded_32_39_decoder.v rtl/protected_memory_model.v rtl/interval_selector.v rtl/adaptive_scrub_controller.v tb/tb_strategy_comparison.v
rm -f results/tables/strategy_comparison.csv
echo "strategy,total_cycles,scrub_cycles,reads,writes,corrected,uncorrectable_detections,unique_uncorrectable_words,interval_switches,safe_entries,safe_cycles,scrub_active_cycles,memory_busy_cycles,scrub_per_mille,busy_per_mille,safe_per_mille" > results/tables/strategy_comparison.csv
vvp results/logs/strategy_comparison.out \
	+STRATEGY=0 \
	+TOTAL_RUN_CYCLES=50000 \
	+FIXED_INTERVAL=80 \
	+SAFE_INTERVAL=1 \
	+LEVEL0_INTERVAL=240 \
	+LEVEL1_INTERVAL=200 \
	+LEVEL2_INTERVAL=150 \
	+LEVEL3_INTERVAL=120 \
	+LEVEL4_INTERVAL=100 \
	+LEVEL5_INTERVAL=80 \
	+LEVEL6_INTERVAL=70 \
	+LEVEL7_INTERVAL=70 \
	+THRESHOLD_LOW_TO_MEDIUM=2 \
	+THRESHOLD_MEDIUM_TO_LOW=1 \
	+THRESHOLD_MEDIUM_TO_HIGH=4 \
	+THRESHOLD_HIGH_TO_MEDIUM=3 \
	+THRESHOLD_LOW_INTERVAL=200 \
	+THRESHOLD_MEDIUM_INTERVAL=120 \
	+THRESHOLD_HIGH_INTERVAL=70 \
	+TRACE_EXECUTION=0 \
	+TRACE_OUTPUT=results/tables/strategy_execution_trace.csv
VCD info: dumpfile results/logs/strategy_comparison.vcd opened for output.
Total run cycles: 50000
Fixed interval: 80
Safe interval: 1
Level intervals: L0=240 L1=200 L2=150 L3=120 L4=100 L5=80 L6=70 L7=70
Threshold levels: low_to_medium=2 medium_to_low=1 medium_to_high=4 high_to_medium=3
Threshold intervals: low=200 medium=120 high=70
Loaded fault events: 610
Loaded control level events: 1295
STRATEGY RESULT: fixed
  total_cycle_count         = 50000
  scrub_cycle_count         = 632
  memory_read_count         = 10112
  memory_write_count        = 520
  corrected_error_count     = 520
  uncorrectable_detections  = 869
  unique_uncorrectable_words = 5
  interval_switch_count     = 0
  memory_busy_cycle_count   = 10632
  busy_per_mille            = 212
Strategy comparison run passed for strategy fixed.
tb/tb_strategy_comparison.v:1002: $finish called at 500376000 (1ps)
vvp results/logs/strategy_comparison.out \
	+STRATEGY=1 \
	+TOTAL_RUN_CYCLES=50000 \
	+FIXED_INTERVAL=80 \
	+SAFE_INTERVAL=1 \
	+LEVEL0_INTERVAL=240 \
	+LEVEL1_INTERVAL=200 \
	+LEVEL2_INTERVAL=150 \
	+LEVEL3_INTERVAL=120 \
	+LEVEL4_INTERVAL=100 \
	+LEVEL5_INTERVAL=80 \
	+LEVEL6_INTERVAL=70 \
	+LEVEL7_INTERVAL=70 \
	+THRESHOLD_LOW_TO_MEDIUM=2 \
	+THRESHOLD_MEDIUM_TO_LOW=1 \
	+THRESHOLD_MEDIUM_TO_HIGH=4 \
	+THRESHOLD_HIGH_TO_MEDIUM=3 \
	+THRESHOLD_LOW_INTERVAL=200 \
	+THRESHOLD_MEDIUM_INTERVAL=120 \
	+THRESHOLD_HIGH_INTERVAL=70 \
	+TRACE_EXECUTION=0 \
	+TRACE_OUTPUT=results/tables/strategy_execution_trace.csv
VCD info: dumpfile results/logs/strategy_comparison.vcd opened for output.
Total run cycles: 50000
Fixed interval: 80
Safe interval: 1
Level intervals: L0=240 L1=200 L2=150 L3=120 L4=100 L5=80 L6=70 L7=70
Threshold levels: low_to_medium=2 medium_to_low=1 medium_to_high=4 high_to_medium=3
Threshold intervals: low=200 medium=120 high=70
Loaded fault events: 610
Loaded control level events: 1295
STRATEGY RESULT: table
  total_cycle_count         = 50000
  scrub_cycle_count         = 246
  memory_read_count         = 3936
  memory_write_count        = 417
  corrected_error_count     = 417
  uncorrectable_detections  = 812
  unique_uncorrectable_words = 3
  interval_switch_count     = 1295
  memory_busy_cycle_count   = 4353
  busy_per_mille            = 87
Strategy comparison run passed for strategy table.
tb/tb_strategy_comparison.v:1002: $finish called at 500376000 (1ps)
vvp results/logs/strategy_comparison.out \
	+STRATEGY=2 \
	+TOTAL_RUN_CYCLES=50000 \
	+FIXED_INTERVAL=80 \
	+SAFE_INTERVAL=1 \
	+LEVEL0_INTERVAL=240 \
	+LEVEL1_INTERVAL=200 \
	+LEVEL2_INTERVAL=150 \
	+LEVEL3_INTERVAL=120 \
	+LEVEL4_INTERVAL=100 \
	+LEVEL5_INTERVAL=80 \
	+LEVEL6_INTERVAL=70 \
	+LEVEL7_INTERVAL=70 \
	+THRESHOLD_LOW_TO_MEDIUM=2 \
	+THRESHOLD_MEDIUM_TO_LOW=1 \
	+THRESHOLD_MEDIUM_TO_HIGH=4 \
	+THRESHOLD_HIGH_TO_MEDIUM=3 \
	+THRESHOLD_LOW_INTERVAL=200 \
	+THRESHOLD_MEDIUM_INTERVAL=120 \
	+THRESHOLD_HIGH_INTERVAL=70 \
	+TRACE_EXECUTION=0 \
	+TRACE_OUTPUT=results/tables/strategy_execution_trace.csv
VCD info: dumpfile results/logs/strategy_comparison.vcd opened for output.
Total run cycles: 50000
Fixed interval: 80
Safe interval: 1
Level intervals: L0=240 L1=200 L2=150 L3=120 L4=100 L5=80 L6=70 L7=70
Threshold levels: low_to_medium=2 medium_to_low=1 medium_to_high=4 high_to_medium=3
Threshold intervals: low=200 medium=120 high=70
Loaded fault events: 610
Loaded control level events: 1295
STRATEGY RESULT: threshold
  total_cycle_count         = 50000
  scrub_cycle_count         = 284
  memory_read_count         = 4544
  memory_write_count        = 450
  corrected_error_count     = 450
  uncorrectable_detections  = 660
  unique_uncorrectable_words = 4
  interval_switch_count     = 776
  memory_busy_cycle_count   = 4994
  busy_per_mille            = 99
Strategy comparison run passed for strategy threshold.
tb/tb_strategy_comparison.v:1002: $finish called at 500376000 (1ps)
cat results/tables/strategy_comparison.csv
strategy,total_cycles,scrub_cycles,reads,writes,corrected,uncorrectable_detections,unique_uncorrectable_words,interval_switches,safe_entries,safe_cycles,scrub_active_cycles,memory_busy_cycles,scrub_per_mille,busy_per_mille,safe_per_mille
fixed,50000,632,10112,520,520,869,5,0,0,0,41600,10632,832,212,0
table,50000,246,3936,417,417,812,3,1295,0,0,16407,4353,328,87,0
threshold,50000,284,4544,450,450,660,4,776,0,0,18910,4994,378,99,0
make[4]: Leaving directory '/home/z3tm4n/adaptive_scrubbing'

================================================================================
Running seed 1
make test_strategy_comparison FAULT_SCENARIO=upsets FAULT_TOTAL_CYCLES=50000 FAULT_WINDOW_SIZE=43824 FAULT_EVENT_COUNT=400 FAULT_PAIRED_EVENT_COUNT=100 FAULT_PAIR_GAP_MIN=60 FAULT_PAIR_GAP_MAX=300 FAULT_CLUSTER_EVENT_COUNT=10 FAULT_CLUSTER_BIT_COUNT=2 FAULT_SEED=1 CONTROL_QUANTIZATION=linear_max CONTROL_SOURCE=risk_policy CONTROL_POLICY_SCHEDULE=results/paper/tables/risk_policy_schedule.csv CONTROL_POLICY_LEVEL_MAP_OUTPUT=results/paper/tables/risk_policy_level_map.csv SAFE_INTERVAL=1 LEVEL0_INTERVAL=240 LEVEL1_INTERVAL=200 LEVEL2_INTERVAL=150 LEVEL3_INTERVAL=120 LEVEL4_INTERVAL=100 LEVEL5_INTERVAL=80 LEVEL6_INTERVAL=70 LEVEL7_INTERVAL=70 THRESHOLD_LOW_TO_MEDIUM=2 THRESHOLD_MEDIUM_TO_LOW=1 THRESHOLD_MEDIUM_TO_HIGH=4 THRESHOLD_HIGH_TO_MEDIUM=3 THRESHOLD_LOW_INTERVAL=200 THRESHOLD_MEDIUM_INTERVAL=120 THRESHOLD_HIGH_INTERVAL=70
================================================================================

================================================================================
Running seed 2
make test_strategy_comparison FAULT_SCENARIO=upsets FAULT_TOTAL_CYCLES=50000 FAULT_WINDOW_SIZE=43824 FAULT_EVENT_COUNT=400 FAULT_PAIRED_EVENT_COUNT=100 FAULT_PAIR_GAP_MIN=60 FAULT_PAIR_GAP_MAX=300 FAULT_CLUSTER_EVENT_COUNT=10 FAULT_CLUSTER_BIT_COUNT=2 FAULT_SEED=2 CONTROL_QUANTIZATION=linear_max CONTROL_SOURCE=risk_policy CONTROL_POLICY_SCHEDULE=results/paper/tables/risk_policy_schedule.csv CONTROL_POLICY_LEVEL_MAP_OUTPUT=results/paper/tables/risk_policy_level_map.csv SAFE_INTERVAL=1 LEVEL0_INTERVAL=240 LEVEL1_INTERVAL=200 LEVEL2_INTERVAL=150 LEVEL3_INTERVAL=120 LEVEL4_INTERVAL=100 LEVEL5_INTERVAL=80 LEVEL6_INTERVAL=70 LEVEL7_INTERVAL=70 THRESHOLD_LOW_TO_MEDIUM=2 THRESHOLD_MEDIUM_TO_LOW=1 THRESHOLD_MEDIUM_TO_HIGH=4 THRESHOLD_HIGH_TO_MEDIUM=3 THRESHOLD_LOW_INTERVAL=200 THRESHOLD_MEDIUM_INTERVAL=120 THRESHOLD_HIGH_INTERVAL=70
================================================================================

================================================================================
Running seed 3
make test_strategy_comparison FAULT_SCENARIO=upsets FAULT_TOTAL_CYCLES=50000 FAULT_WINDOW_SIZE=43824 FAULT_EVENT_COUNT=400 FAULT_PAIRED_EVENT_COUNT=100 FAULT_PAIR_GAP_MIN=60 FAULT_PAIR_GAP_MAX=300 FAULT_CLUSTER_EVENT_COUNT=10 FAULT_CLUSTER_BIT_COUNT=2 FAULT_SEED=3 CONTROL_QUANTIZATION=linear_max CONTROL_SOURCE=risk_policy CONTROL_POLICY_SCHEDULE=results/paper/tables/risk_policy_schedule.csv CONTROL_POLICY_LEVEL_MAP_OUTPUT=results/paper/tables/risk_policy_level_map.csv SAFE_INTERVAL=1 LEVEL0_INTERVAL=240 LEVEL1_INTERVAL=200 LEVEL2_INTERVAL=150 LEVEL3_INTERVAL=120 LEVEL4_INTERVAL=100 LEVEL5_INTERVAL=80 LEVEL6_INTERVAL=70 LEVEL7_INTERVAL=70 THRESHOLD_LOW_TO_MEDIUM=2 THRESHOLD_MEDIUM_TO_LOW=1 THRESHOLD_MEDIUM_TO_HIGH=4 THRESHOLD_HIGH_TO_MEDIUM=3 THRESHOLD_LOW_INTERVAL=200 THRESHOLD_MEDIUM_INTERVAL=120 THRESHOLD_HIGH_INTERVAL=70
================================================================================

================================================================================
Running seed 4
make test_strategy_comparison FAULT_SCENARIO=upsets FAULT_TOTAL_CYCLES=50000 FAULT_WINDOW_SIZE=43824 FAULT_EVENT_COUNT=400 FAULT_PAIRED_EVENT_COUNT=100 FAULT_PAIR_GAP_MIN=60 FAULT_PAIR_GAP_MAX=300 FAULT_CLUSTER_EVENT_COUNT=10 FAULT_CLUSTER_BIT_COUNT=2 FAULT_SEED=4 CONTROL_QUANTIZATION=linear_max CONTROL_SOURCE=risk_policy CONTROL_POLICY_SCHEDULE=results/paper/tables/risk_policy_schedule.csv CONTROL_POLICY_LEVEL_MAP_OUTPUT=results/paper/tables/risk_policy_level_map.csv SAFE_INTERVAL=1 LEVEL0_INTERVAL=240 LEVEL1_INTERVAL=200 LEVEL2_INTERVAL=150 LEVEL3_INTERVAL=120 LEVEL4_INTERVAL=100 LEVEL5_INTERVAL=80 LEVEL6_INTERVAL=70 LEVEL7_INTERVAL=70 THRESHOLD_LOW_TO_MEDIUM=2 THRESHOLD_MEDIUM_TO_LOW=1 THRESHOLD_MEDIUM_TO_HIGH=4 THRESHOLD_HIGH_TO_MEDIUM=3 THRESHOLD_LOW_INTERVAL=200 THRESHOLD_MEDIUM_INTERVAL=120 THRESHOLD_HIGH_INTERVAL=70
================================================================================

================================================================================
Running seed 5
make test_strategy_comparison FAULT_SCENARIO=upsets FAULT_TOTAL_CYCLES=50000 FAULT_WINDOW_SIZE=43824 FAULT_EVENT_COUNT=400 FAULT_PAIRED_EVENT_COUNT=100 FAULT_PAIR_GAP_MIN=60 FAULT_PAIR_GAP_MAX=300 FAULT_CLUSTER_EVENT_COUNT=10 FAULT_CLUSTER_BIT_COUNT=2 FAULT_SEED=5 CONTROL_QUANTIZATION=linear_max CONTROL_SOURCE=risk_policy CONTROL_POLICY_SCHEDULE=results/paper/tables/risk_policy_schedule.csv CONTROL_POLICY_LEVEL_MAP_OUTPUT=results/paper/tables/risk_policy_level_map.csv SAFE_INTERVAL=1 LEVEL0_INTERVAL=240 LEVEL1_INTERVAL=200 LEVEL2_INTERVAL=150 LEVEL3_INTERVAL=120 LEVEL4_INTERVAL=100 LEVEL5_INTERVAL=80 LEVEL6_INTERVAL=70 LEVEL7_INTERVAL=70 THRESHOLD_LOW_TO_MEDIUM=2 THRESHOLD_MEDIUM_TO_LOW=1 THRESHOLD_MEDIUM_TO_HIGH=4 THRESHOLD_HIGH_TO_MEDIUM=3 THRESHOLD_LOW_INTERVAL=200 THRESHOLD_MEDIUM_INTERVAL=120 THRESHOLD_HIGH_INTERVAL=70
================================================================================

================================================================================
Running seed 6
make test_strategy_comparison FAULT_SCENARIO=upsets FAULT_TOTAL_CYCLES=50000 FAULT_WINDOW_SIZE=43824 FAULT_EVENT_COUNT=400 FAULT_PAIRED_EVENT_COUNT=100 FAULT_PAIR_GAP_MIN=60 FAULT_PAIR_GAP_MAX=300 FAULT_CLUSTER_EVENT_COUNT=10 FAULT_CLUSTER_BIT_COUNT=2 FAULT_SEED=6 CONTROL_QUANTIZATION=linear_max CONTROL_SOURCE=risk_policy CONTROL_POLICY_SCHEDULE=results/paper/tables/risk_policy_schedule.csv CONTROL_POLICY_LEVEL_MAP_OUTPUT=results/paper/tables/risk_policy_level_map.csv SAFE_INTERVAL=1 LEVEL0_INTERVAL=240 LEVEL1_INTERVAL=200 LEVEL2_INTERVAL=150 LEVEL3_INTERVAL=120 LEVEL4_INTERVAL=100 LEVEL5_INTERVAL=80 LEVEL6_INTERVAL=70 LEVEL7_INTERVAL=70 THRESHOLD_LOW_TO_MEDIUM=2 THRESHOLD_MEDIUM_TO_LOW=1 THRESHOLD_MEDIUM_TO_HIGH=4 THRESHOLD_HIGH_TO_MEDIUM=3 THRESHOLD_LOW_INTERVAL=200 THRESHOLD_MEDIUM_INTERVAL=120 THRESHOLD_HIGH_INTERVAL=70
================================================================================

================================================================================
Running seed 7
make test_strategy_comparison FAULT_SCENARIO=upsets FAULT_TOTAL_CYCLES=50000 FAULT_WINDOW_SIZE=43824 FAULT_EVENT_COUNT=400 FAULT_PAIRED_EVENT_COUNT=100 FAULT_PAIR_GAP_MIN=60 FAULT_PAIR_GAP_MAX=300 FAULT_CLUSTER_EVENT_COUNT=10 FAULT_CLUSTER_BIT_COUNT=2 FAULT_SEED=7 CONTROL_QUANTIZATION=linear_max CONTROL_SOURCE=risk_policy CONTROL_POLICY_SCHEDULE=results/paper/tables/risk_policy_schedule.csv CONTROL_POLICY_LEVEL_MAP_OUTPUT=results/paper/tables/risk_policy_level_map.csv SAFE_INTERVAL=1 LEVEL0_INTERVAL=240 LEVEL1_INTERVAL=200 LEVEL2_INTERVAL=150 LEVEL3_INTERVAL=120 LEVEL4_INTERVAL=100 LEVEL5_INTERVAL=80 LEVEL6_INTERVAL=70 LEVEL7_INTERVAL=70 THRESHOLD_LOW_TO_MEDIUM=2 THRESHOLD_MEDIUM_TO_LOW=1 THRESHOLD_MEDIUM_TO_HIGH=4 THRESHOLD_HIGH_TO_MEDIUM=3 THRESHOLD_LOW_INTERVAL=200 THRESHOLD_MEDIUM_INTERVAL=120 THRESHOLD_HIGH_INTERVAL=70
================================================================================

================================================================================
Running seed 8
make test_strategy_comparison FAULT_SCENARIO=upsets FAULT_TOTAL_CYCLES=50000 FAULT_WINDOW_SIZE=43824 FAULT_EVENT_COUNT=400 FAULT_PAIRED_EVENT_COUNT=100 FAULT_PAIR_GAP_MIN=60 FAULT_PAIR_GAP_MAX=300 FAULT_CLUSTER_EVENT_COUNT=10 FAULT_CLUSTER_BIT_COUNT=2 FAULT_SEED=8 CONTROL_QUANTIZATION=linear_max CONTROL_SOURCE=risk_policy CONTROL_POLICY_SCHEDULE=results/paper/tables/risk_policy_schedule.csv CONTROL_POLICY_LEVEL_MAP_OUTPUT=results/paper/tables/risk_policy_level_map.csv SAFE_INTERVAL=1 LEVEL0_INTERVAL=240 LEVEL1_INTERVAL=200 LEVEL2_INTERVAL=150 LEVEL3_INTERVAL=120 LEVEL4_INTERVAL=100 LEVEL5_INTERVAL=80 LEVEL6_INTERVAL=70 LEVEL7_INTERVAL=70 THRESHOLD_LOW_TO_MEDIUM=2 THRESHOLD_MEDIUM_TO_LOW=1 THRESHOLD_MEDIUM_TO_HIGH=4 THRESHOLD_HIGH_TO_MEDIUM=3 THRESHOLD_LOW_INTERVAL=200 THRESHOLD_MEDIUM_INTERVAL=120 THRESHOLD_HIGH_INTERVAL=70
================================================================================

================================================================================
Running seed 9
make test_strategy_comparison FAULT_SCENARIO=upsets FAULT_TOTAL_CYCLES=50000 FAULT_WINDOW_SIZE=43824 FAULT_EVENT_COUNT=400 FAULT_PAIRED_EVENT_COUNT=100 FAULT_PAIR_GAP_MIN=60 FAULT_PAIR_GAP_MAX=300 FAULT_CLUSTER_EVENT_COUNT=10 FAULT_CLUSTER_BIT_COUNT=2 FAULT_SEED=9 CONTROL_QUANTIZATION=linear_max CONTROL_SOURCE=risk_policy CONTROL_POLICY_SCHEDULE=results/paper/tables/risk_policy_schedule.csv CONTROL_POLICY_LEVEL_MAP_OUTPUT=results/paper/tables/risk_policy_level_map.csv SAFE_INTERVAL=1 LEVEL0_INTERVAL=240 LEVEL1_INTERVAL=200 LEVEL2_INTERVAL=150 LEVEL3_INTERVAL=120 LEVEL4_INTERVAL=100 LEVEL5_INTERVAL=80 LEVEL6_INTERVAL=70 LEVEL7_INTERVAL=70 THRESHOLD_LOW_TO_MEDIUM=2 THRESHOLD_MEDIUM_TO_LOW=1 THRESHOLD_MEDIUM_TO_HIGH=4 THRESHOLD_HIGH_TO_MEDIUM=3 THRESHOLD_LOW_INTERVAL=200 THRESHOLD_MEDIUM_INTERVAL=120 THRESHOLD_HIGH_INTERVAL=70
================================================================================

================================================================================
Running seed 10
make test_strategy_comparison FAULT_SCENARIO=upsets FAULT_TOTAL_CYCLES=50000 FAULT_WINDOW_SIZE=43824 FAULT_EVENT_COUNT=400 FAULT_PAIRED_EVENT_COUNT=100 FAULT_PAIR_GAP_MIN=60 FAULT_PAIR_GAP_MAX=300 FAULT_CLUSTER_EVENT_COUNT=10 FAULT_CLUSTER_BIT_COUNT=2 FAULT_SEED=10 CONTROL_QUANTIZATION=linear_max CONTROL_SOURCE=risk_policy CONTROL_POLICY_SCHEDULE=results/paper/tables/risk_policy_schedule.csv CONTROL_POLICY_LEVEL_MAP_OUTPUT=results/paper/tables/risk_policy_level_map.csv SAFE_INTERVAL=1 LEVEL0_INTERVAL=240 LEVEL1_INTERVAL=200 LEVEL2_INTERVAL=150 LEVEL3_INTERVAL=120 LEVEL4_INTERVAL=100 LEVEL5_INTERVAL=80 LEVEL6_INTERVAL=70 LEVEL7_INTERVAL=70 THRESHOLD_LOW_TO_MEDIUM=2 THRESHOLD_MEDIUM_TO_LOW=1 THRESHOLD_MEDIUM_TO_HIGH=4 THRESHOLD_HIGH_TO_MEDIUM=3 THRESHOLD_LOW_INTERVAL=200 THRESHOLD_MEDIUM_INTERVAL=120 THRESHOLD_HIGH_INTERVAL=70
================================================================================

================================================================================
Running seed 11
make test_strategy_comparison FAULT_SCENARIO=upsets FAULT_TOTAL_CYCLES=50000 FAULT_WINDOW_SIZE=43824 FAULT_EVENT_COUNT=400 FAULT_PAIRED_EVENT_COUNT=100 FAULT_PAIR_GAP_MIN=60 FAULT_PAIR_GAP_MAX=300 FAULT_CLUSTER_EVENT_COUNT=10 FAULT_CLUSTER_BIT_COUNT=2 FAULT_SEED=11 CONTROL_QUANTIZATION=linear_max CONTROL_SOURCE=risk_policy CONTROL_POLICY_SCHEDULE=results/paper/tables/risk_policy_schedule.csv CONTROL_POLICY_LEVEL_MAP_OUTPUT=results/paper/tables/risk_policy_level_map.csv SAFE_INTERVAL=1 LEVEL0_INTERVAL=240 LEVEL1_INTERVAL=200 LEVEL2_INTERVAL=150 LEVEL3_INTERVAL=120 LEVEL4_INTERVAL=100 LEVEL5_INTERVAL=80 LEVEL6_INTERVAL=70 LEVEL7_INTERVAL=70 THRESHOLD_LOW_TO_MEDIUM=2 THRESHOLD_MEDIUM_TO_LOW=1 THRESHOLD_MEDIUM_TO_HIGH=4 THRESHOLD_HIGH_TO_MEDIUM=3 THRESHOLD_LOW_INTERVAL=200 THRESHOLD_MEDIUM_INTERVAL=120 THRESHOLD_HIGH_INTERVAL=70
================================================================================

================================================================================
Running seed 12
make test_strategy_comparison FAULT_SCENARIO=upsets FAULT_TOTAL_CYCLES=50000 FAULT_WINDOW_SIZE=43824 FAULT_EVENT_COUNT=400 FAULT_PAIRED_EVENT_COUNT=100 FAULT_PAIR_GAP_MIN=60 FAULT_PAIR_GAP_MAX=300 FAULT_CLUSTER_EVENT_COUNT=10 FAULT_CLUSTER_BIT_COUNT=2 FAULT_SEED=12 CONTROL_QUANTIZATION=linear_max CONTROL_SOURCE=risk_policy CONTROL_POLICY_SCHEDULE=results/paper/tables/risk_policy_schedule.csv CONTROL_POLICY_LEVEL_MAP_OUTPUT=results/paper/tables/risk_policy_level_map.csv SAFE_INTERVAL=1 LEVEL0_INTERVAL=240 LEVEL1_INTERVAL=200 LEVEL2_INTERVAL=150 LEVEL3_INTERVAL=120 LEVEL4_INTERVAL=100 LEVEL5_INTERVAL=80 LEVEL6_INTERVAL=70 LEVEL7_INTERVAL=70 THRESHOLD_LOW_TO_MEDIUM=2 THRESHOLD_MEDIUM_TO_LOW=1 THRESHOLD_MEDIUM_TO_HIGH=4 THRESHOLD_HIGH_TO_MEDIUM=3 THRESHOLD_LOW_INTERVAL=200 THRESHOLD_MEDIUM_INTERVAL=120 THRESHOLD_HIGH_INTERVAL=70
================================================================================

================================================================================
Running seed 13
make test_strategy_comparison FAULT_SCENARIO=upsets FAULT_TOTAL_CYCLES=50000 FAULT_WINDOW_SIZE=43824 FAULT_EVENT_COUNT=400 FAULT_PAIRED_EVENT_COUNT=100 FAULT_PAIR_GAP_MIN=60 FAULT_PAIR_GAP_MAX=300 FAULT_CLUSTER_EVENT_COUNT=10 FAULT_CLUSTER_BIT_COUNT=2 FAULT_SEED=13 CONTROL_QUANTIZATION=linear_max CONTROL_SOURCE=risk_policy CONTROL_POLICY_SCHEDULE=results/paper/tables/risk_policy_schedule.csv CONTROL_POLICY_LEVEL_MAP_OUTPUT=results/paper/tables/risk_policy_level_map.csv SAFE_INTERVAL=1 LEVEL0_INTERVAL=240 LEVEL1_INTERVAL=200 LEVEL2_INTERVAL=150 LEVEL3_INTERVAL=120 LEVEL4_INTERVAL=100 LEVEL5_INTERVAL=80 LEVEL6_INTERVAL=70 LEVEL7_INTERVAL=70 THRESHOLD_LOW_TO_MEDIUM=2 THRESHOLD_MEDIUM_TO_LOW=1 THRESHOLD_MEDIUM_TO_HIGH=4 THRESHOLD_HIGH_TO_MEDIUM=3 THRESHOLD_LOW_INTERVAL=200 THRESHOLD_MEDIUM_INTERVAL=120 THRESHOLD_HIGH_INTERVAL=70
================================================================================

================================================================================
Running seed 14
make test_strategy_comparison FAULT_SCENARIO=upsets FAULT_TOTAL_CYCLES=50000 FAULT_WINDOW_SIZE=43824 FAULT_EVENT_COUNT=400 FAULT_PAIRED_EVENT_COUNT=100 FAULT_PAIR_GAP_MIN=60 FAULT_PAIR_GAP_MAX=300 FAULT_CLUSTER_EVENT_COUNT=10 FAULT_CLUSTER_BIT_COUNT=2 FAULT_SEED=14 CONTROL_QUANTIZATION=linear_max CONTROL_SOURCE=risk_policy CONTROL_POLICY_SCHEDULE=results/paper/tables/risk_policy_schedule.csv CONTROL_POLICY_LEVEL_MAP_OUTPUT=results/paper/tables/risk_policy_level_map.csv SAFE_INTERVAL=1 LEVEL0_INTERVAL=240 LEVEL1_INTERVAL=200 LEVEL2_INTERVAL=150 LEVEL3_INTERVAL=120 LEVEL4_INTERVAL=100 LEVEL5_INTERVAL=80 LEVEL6_INTERVAL=70 LEVEL7_INTERVAL=70 THRESHOLD_LOW_TO_MEDIUM=2 THRESHOLD_MEDIUM_TO_LOW=1 THRESHOLD_MEDIUM_TO_HIGH=4 THRESHOLD_HIGH_TO_MEDIUM=3 THRESHOLD_LOW_INTERVAL=200 THRESHOLD_MEDIUM_INTERVAL=120 THRESHOLD_HIGH_INTERVAL=70
================================================================================

================================================================================
Running seed 15
make test_strategy_comparison FAULT_SCENARIO=upsets FAULT_TOTAL_CYCLES=50000 FAULT_WINDOW_SIZE=43824 FAULT_EVENT_COUNT=400 FAULT_PAIRED_EVENT_COUNT=100 FAULT_PAIR_GAP_MIN=60 FAULT_PAIR_GAP_MAX=300 FAULT_CLUSTER_EVENT_COUNT=10 FAULT_CLUSTER_BIT_COUNT=2 FAULT_SEED=15 CONTROL_QUANTIZATION=linear_max CONTROL_SOURCE=risk_policy CONTROL_POLICY_SCHEDULE=results/paper/tables/risk_policy_schedule.csv CONTROL_POLICY_LEVEL_MAP_OUTPUT=results/paper/tables/risk_policy_level_map.csv SAFE_INTERVAL=1 LEVEL0_INTERVAL=240 LEVEL1_INTERVAL=200 LEVEL2_INTERVAL=150 LEVEL3_INTERVAL=120 LEVEL4_INTERVAL=100 LEVEL5_INTERVAL=80 LEVEL6_INTERVAL=70 LEVEL7_INTERVAL=70 THRESHOLD_LOW_TO_MEDIUM=2 THRESHOLD_MEDIUM_TO_LOW=1 THRESHOLD_MEDIUM_TO_HIGH=4 THRESHOLD_HIGH_TO_MEDIUM=3 THRESHOLD_LOW_INTERVAL=200 THRESHOLD_MEDIUM_INTERVAL=120 THRESHOLD_HIGH_INTERVAL=70
================================================================================

================================================================================
Running seed 16
make test_strategy_comparison FAULT_SCENARIO=upsets FAULT_TOTAL_CYCLES=50000 FAULT_WINDOW_SIZE=43824 FAULT_EVENT_COUNT=400 FAULT_PAIRED_EVENT_COUNT=100 FAULT_PAIR_GAP_MIN=60 FAULT_PAIR_GAP_MAX=300 FAULT_CLUSTER_EVENT_COUNT=10 FAULT_CLUSTER_BIT_COUNT=2 FAULT_SEED=16 CONTROL_QUANTIZATION=linear_max CONTROL_SOURCE=risk_policy CONTROL_POLICY_SCHEDULE=results/paper/tables/risk_policy_schedule.csv CONTROL_POLICY_LEVEL_MAP_OUTPUT=results/paper/tables/risk_policy_level_map.csv SAFE_INTERVAL=1 LEVEL0_INTERVAL=240 LEVEL1_INTERVAL=200 LEVEL2_INTERVAL=150 LEVEL3_INTERVAL=120 LEVEL4_INTERVAL=100 LEVEL5_INTERVAL=80 LEVEL6_INTERVAL=70 LEVEL7_INTERVAL=70 THRESHOLD_LOW_TO_MEDIUM=2 THRESHOLD_MEDIUM_TO_LOW=1 THRESHOLD_MEDIUM_TO_HIGH=4 THRESHOLD_HIGH_TO_MEDIUM=3 THRESHOLD_LOW_INTERVAL=200 THRESHOLD_MEDIUM_INTERVAL=120 THRESHOLD_HIGH_INTERVAL=70
================================================================================

================================================================================
Running seed 17
make test_strategy_comparison FAULT_SCENARIO=upsets FAULT_TOTAL_CYCLES=50000 FAULT_WINDOW_SIZE=43824 FAULT_EVENT_COUNT=400 FAULT_PAIRED_EVENT_COUNT=100 FAULT_PAIR_GAP_MIN=60 FAULT_PAIR_GAP_MAX=300 FAULT_CLUSTER_EVENT_COUNT=10 FAULT_CLUSTER_BIT_COUNT=2 FAULT_SEED=17 CONTROL_QUANTIZATION=linear_max CONTROL_SOURCE=risk_policy CONTROL_POLICY_SCHEDULE=results/paper/tables/risk_policy_schedule.csv CONTROL_POLICY_LEVEL_MAP_OUTPUT=results/paper/tables/risk_policy_level_map.csv SAFE_INTERVAL=1 LEVEL0_INTERVAL=240 LEVEL1_INTERVAL=200 LEVEL2_INTERVAL=150 LEVEL3_INTERVAL=120 LEVEL4_INTERVAL=100 LEVEL5_INTERVAL=80 LEVEL6_INTERVAL=70 LEVEL7_INTERVAL=70 THRESHOLD_LOW_TO_MEDIUM=2 THRESHOLD_MEDIUM_TO_LOW=1 THRESHOLD_MEDIUM_TO_HIGH=4 THRESHOLD_HIGH_TO_MEDIUM=3 THRESHOLD_LOW_INTERVAL=200 THRESHOLD_MEDIUM_INTERVAL=120 THRESHOLD_HIGH_INTERVAL=70
================================================================================

================================================================================
Running seed 18
make test_strategy_comparison FAULT_SCENARIO=upsets FAULT_TOTAL_CYCLES=50000 FAULT_WINDOW_SIZE=43824 FAULT_EVENT_COUNT=400 FAULT_PAIRED_EVENT_COUNT=100 FAULT_PAIR_GAP_MIN=60 FAULT_PAIR_GAP_MAX=300 FAULT_CLUSTER_EVENT_COUNT=10 FAULT_CLUSTER_BIT_COUNT=2 FAULT_SEED=18 CONTROL_QUANTIZATION=linear_max CONTROL_SOURCE=risk_policy CONTROL_POLICY_SCHEDULE=results/paper/tables/risk_policy_schedule.csv CONTROL_POLICY_LEVEL_MAP_OUTPUT=results/paper/tables/risk_policy_level_map.csv SAFE_INTERVAL=1 LEVEL0_INTERVAL=240 LEVEL1_INTERVAL=200 LEVEL2_INTERVAL=150 LEVEL3_INTERVAL=120 LEVEL4_INTERVAL=100 LEVEL5_INTERVAL=80 LEVEL6_INTERVAL=70 LEVEL7_INTERVAL=70 THRESHOLD_LOW_TO_MEDIUM=2 THRESHOLD_MEDIUM_TO_LOW=1 THRESHOLD_MEDIUM_TO_HIGH=4 THRESHOLD_HIGH_TO_MEDIUM=3 THRESHOLD_LOW_INTERVAL=200 THRESHOLD_MEDIUM_INTERVAL=120 THRESHOLD_HIGH_INTERVAL=70
================================================================================

================================================================================
Running seed 19
make test_strategy_comparison FAULT_SCENARIO=upsets FAULT_TOTAL_CYCLES=50000 FAULT_WINDOW_SIZE=43824 FAULT_EVENT_COUNT=400 FAULT_PAIRED_EVENT_COUNT=100 FAULT_PAIR_GAP_MIN=60 FAULT_PAIR_GAP_MAX=300 FAULT_CLUSTER_EVENT_COUNT=10 FAULT_CLUSTER_BIT_COUNT=2 FAULT_SEED=19 CONTROL_QUANTIZATION=linear_max CONTROL_SOURCE=risk_policy CONTROL_POLICY_SCHEDULE=results/paper/tables/risk_policy_schedule.csv CONTROL_POLICY_LEVEL_MAP_OUTPUT=results/paper/tables/risk_policy_level_map.csv SAFE_INTERVAL=1 LEVEL0_INTERVAL=240 LEVEL1_INTERVAL=200 LEVEL2_INTERVAL=150 LEVEL3_INTERVAL=120 LEVEL4_INTERVAL=100 LEVEL5_INTERVAL=80 LEVEL6_INTERVAL=70 LEVEL7_INTERVAL=70 THRESHOLD_LOW_TO_MEDIUM=2 THRESHOLD_MEDIUM_TO_LOW=1 THRESHOLD_MEDIUM_TO_HIGH=4 THRESHOLD_HIGH_TO_MEDIUM=3 THRESHOLD_LOW_INTERVAL=200 THRESHOLD_MEDIUM_INTERVAL=120 THRESHOLD_HIGH_INTERVAL=70
================================================================================

================================================================================
Running seed 20
make test_strategy_comparison FAULT_SCENARIO=upsets FAULT_TOTAL_CYCLES=50000 FAULT_WINDOW_SIZE=43824 FAULT_EVENT_COUNT=400 FAULT_PAIRED_EVENT_COUNT=100 FAULT_PAIR_GAP_MIN=60 FAULT_PAIR_GAP_MAX=300 FAULT_CLUSTER_EVENT_COUNT=10 FAULT_CLUSTER_BIT_COUNT=2 FAULT_SEED=20 CONTROL_QUANTIZATION=linear_max CONTROL_SOURCE=risk_policy CONTROL_POLICY_SCHEDULE=results/paper/tables/risk_policy_schedule.csv CONTROL_POLICY_LEVEL_MAP_OUTPUT=results/paper/tables/risk_policy_level_map.csv SAFE_INTERVAL=1 LEVEL0_INTERVAL=240 LEVEL1_INTERVAL=200 LEVEL2_INTERVAL=150 LEVEL3_INTERVAL=120 LEVEL4_INTERVAL=100 LEVEL5_INTERVAL=80 LEVEL6_INTERVAL=70 LEVEL7_INTERVAL=70 THRESHOLD_LOW_TO_MEDIUM=2 THRESHOLD_MEDIUM_TO_LOW=1 THRESHOLD_MEDIUM_TO_HIGH=4 THRESHOLD_HIGH_TO_MEDIUM=3 THRESHOLD_LOW_INTERVAL=200 THRESHOLD_MEDIUM_INTERVAL=120 THRESHOLD_HIGH_INTERVAL=70
================================================================================

================================================================================
Running seed 21
make test_strategy_comparison FAULT_SCENARIO=upsets FAULT_TOTAL_CYCLES=50000 FAULT_WINDOW_SIZE=43824 FAULT_EVENT_COUNT=400 FAULT_PAIRED_EVENT_COUNT=100 FAULT_PAIR_GAP_MIN=60 FAULT_PAIR_GAP_MAX=300 FAULT_CLUSTER_EVENT_COUNT=10 FAULT_CLUSTER_BIT_COUNT=2 FAULT_SEED=21 CONTROL_QUANTIZATION=linear_max CONTROL_SOURCE=risk_policy CONTROL_POLICY_SCHEDULE=results/paper/tables/risk_policy_schedule.csv CONTROL_POLICY_LEVEL_MAP_OUTPUT=results/paper/tables/risk_policy_level_map.csv SAFE_INTERVAL=1 LEVEL0_INTERVAL=240 LEVEL1_INTERVAL=200 LEVEL2_INTERVAL=150 LEVEL3_INTERVAL=120 LEVEL4_INTERVAL=100 LEVEL5_INTERVAL=80 LEVEL6_INTERVAL=70 LEVEL7_INTERVAL=70 THRESHOLD_LOW_TO_MEDIUM=2 THRESHOLD_MEDIUM_TO_LOW=1 THRESHOLD_MEDIUM_TO_HIGH=4 THRESHOLD_HIGH_TO_MEDIUM=3 THRESHOLD_LOW_INTERVAL=200 THRESHOLD_MEDIUM_INTERVAL=120 THRESHOLD_HIGH_INTERVAL=70
================================================================================

================================================================================
Running seed 22
make test_strategy_comparison FAULT_SCENARIO=upsets FAULT_TOTAL_CYCLES=50000 FAULT_WINDOW_SIZE=43824 FAULT_EVENT_COUNT=400 FAULT_PAIRED_EVENT_COUNT=100 FAULT_PAIR_GAP_MIN=60 FAULT_PAIR_GAP_MAX=300 FAULT_CLUSTER_EVENT_COUNT=10 FAULT_CLUSTER_BIT_COUNT=2 FAULT_SEED=22 CONTROL_QUANTIZATION=linear_max CONTROL_SOURCE=risk_policy CONTROL_POLICY_SCHEDULE=results/paper/tables/risk_policy_schedule.csv CONTROL_POLICY_LEVEL_MAP_OUTPUT=results/paper/tables/risk_policy_level_map.csv SAFE_INTERVAL=1 LEVEL0_INTERVAL=240 LEVEL1_INTERVAL=200 LEVEL2_INTERVAL=150 LEVEL3_INTERVAL=120 LEVEL4_INTERVAL=100 LEVEL5_INTERVAL=80 LEVEL6_INTERVAL=70 LEVEL7_INTERVAL=70 THRESHOLD_LOW_TO_MEDIUM=2 THRESHOLD_MEDIUM_TO_LOW=1 THRESHOLD_MEDIUM_TO_HIGH=4 THRESHOLD_HIGH_TO_MEDIUM=3 THRESHOLD_LOW_INTERVAL=200 THRESHOLD_MEDIUM_INTERVAL=120 THRESHOLD_HIGH_INTERVAL=70
================================================================================

================================================================================
Running seed 23
make test_strategy_comparison FAULT_SCENARIO=upsets FAULT_TOTAL_CYCLES=50000 FAULT_WINDOW_SIZE=43824 FAULT_EVENT_COUNT=400 FAULT_PAIRED_EVENT_COUNT=100 FAULT_PAIR_GAP_MIN=60 FAULT_PAIR_GAP_MAX=300 FAULT_CLUSTER_EVENT_COUNT=10 FAULT_CLUSTER_BIT_COUNT=2 FAULT_SEED=23 CONTROL_QUANTIZATION=linear_max CONTROL_SOURCE=risk_policy CONTROL_POLICY_SCHEDULE=results/paper/tables/risk_policy_schedule.csv CONTROL_POLICY_LEVEL_MAP_OUTPUT=results/paper/tables/risk_policy_level_map.csv SAFE_INTERVAL=1 LEVEL0_INTERVAL=240 LEVEL1_INTERVAL=200 LEVEL2_INTERVAL=150 LEVEL3_INTERVAL=120 LEVEL4_INTERVAL=100 LEVEL5_INTERVAL=80 LEVEL6_INTERVAL=70 LEVEL7_INTERVAL=70 THRESHOLD_LOW_TO_MEDIUM=2 THRESHOLD_MEDIUM_TO_LOW=1 THRESHOLD_MEDIUM_TO_HIGH=4 THRESHOLD_HIGH_TO_MEDIUM=3 THRESHOLD_LOW_INTERVAL=200 THRESHOLD_MEDIUM_INTERVAL=120 THRESHOLD_HIGH_INTERVAL=70
================================================================================

================================================================================
Running seed 24
make test_strategy_comparison FAULT_SCENARIO=upsets FAULT_TOTAL_CYCLES=50000 FAULT_WINDOW_SIZE=43824 FAULT_EVENT_COUNT=400 FAULT_PAIRED_EVENT_COUNT=100 FAULT_PAIR_GAP_MIN=60 FAULT_PAIR_GAP_MAX=300 FAULT_CLUSTER_EVENT_COUNT=10 FAULT_CLUSTER_BIT_COUNT=2 FAULT_SEED=24 CONTROL_QUANTIZATION=linear_max CONTROL_SOURCE=risk_policy CONTROL_POLICY_SCHEDULE=results/paper/tables/risk_policy_schedule.csv CONTROL_POLICY_LEVEL_MAP_OUTPUT=results/paper/tables/risk_policy_level_map.csv SAFE_INTERVAL=1 LEVEL0_INTERVAL=240 LEVEL1_INTERVAL=200 LEVEL2_INTERVAL=150 LEVEL3_INTERVAL=120 LEVEL4_INTERVAL=100 LEVEL5_INTERVAL=80 LEVEL6_INTERVAL=70 LEVEL7_INTERVAL=70 THRESHOLD_LOW_TO_MEDIUM=2 THRESHOLD_MEDIUM_TO_LOW=1 THRESHOLD_MEDIUM_TO_HIGH=4 THRESHOLD_HIGH_TO_MEDIUM=3 THRESHOLD_LOW_INTERVAL=200 THRESHOLD_MEDIUM_INTERVAL=120 THRESHOLD_HIGH_INTERVAL=70
================================================================================

================================================================================
Running seed 25
make test_strategy_comparison FAULT_SCENARIO=upsets FAULT_TOTAL_CYCLES=50000 FAULT_WINDOW_SIZE=43824 FAULT_EVENT_COUNT=400 FAULT_PAIRED_EVENT_COUNT=100 FAULT_PAIR_GAP_MIN=60 FAULT_PAIR_GAP_MAX=300 FAULT_CLUSTER_EVENT_COUNT=10 FAULT_CLUSTER_BIT_COUNT=2 FAULT_SEED=25 CONTROL_QUANTIZATION=linear_max CONTROL_SOURCE=risk_policy CONTROL_POLICY_SCHEDULE=results/paper/tables/risk_policy_schedule.csv CONTROL_POLICY_LEVEL_MAP_OUTPUT=results/paper/tables/risk_policy_level_map.csv SAFE_INTERVAL=1 LEVEL0_INTERVAL=240 LEVEL1_INTERVAL=200 LEVEL2_INTERVAL=150 LEVEL3_INTERVAL=120 LEVEL4_INTERVAL=100 LEVEL5_INTERVAL=80 LEVEL6_INTERVAL=70 LEVEL7_INTERVAL=70 THRESHOLD_LOW_TO_MEDIUM=2 THRESHOLD_MEDIUM_TO_LOW=1 THRESHOLD_MEDIUM_TO_HIGH=4 THRESHOLD_HIGH_TO_MEDIUM=3 THRESHOLD_LOW_INTERVAL=200 THRESHOLD_MEDIUM_INTERVAL=120 THRESHOLD_HIGH_INTERVAL=70
================================================================================

================================================================================
Running seed 26
make test_strategy_comparison FAULT_SCENARIO=upsets FAULT_TOTAL_CYCLES=50000 FAULT_WINDOW_SIZE=43824 FAULT_EVENT_COUNT=400 FAULT_PAIRED_EVENT_COUNT=100 FAULT_PAIR_GAP_MIN=60 FAULT_PAIR_GAP_MAX=300 FAULT_CLUSTER_EVENT_COUNT=10 FAULT_CLUSTER_BIT_COUNT=2 FAULT_SEED=26 CONTROL_QUANTIZATION=linear_max CONTROL_SOURCE=risk_policy CONTROL_POLICY_SCHEDULE=results/paper/tables/risk_policy_schedule.csv CONTROL_POLICY_LEVEL_MAP_OUTPUT=results/paper/tables/risk_policy_level_map.csv SAFE_INTERVAL=1 LEVEL0_INTERVAL=240 LEVEL1_INTERVAL=200 LEVEL2_INTERVAL=150 LEVEL3_INTERVAL=120 LEVEL4_INTERVAL=100 LEVEL5_INTERVAL=80 LEVEL6_INTERVAL=70 LEVEL7_INTERVAL=70 THRESHOLD_LOW_TO_MEDIUM=2 THRESHOLD_MEDIUM_TO_LOW=1 THRESHOLD_MEDIUM_TO_HIGH=4 THRESHOLD_HIGH_TO_MEDIUM=3 THRESHOLD_LOW_INTERVAL=200 THRESHOLD_MEDIUM_INTERVAL=120 THRESHOLD_HIGH_INTERVAL=70
================================================================================

================================================================================
Running seed 27
make test_strategy_comparison FAULT_SCENARIO=upsets FAULT_TOTAL_CYCLES=50000 FAULT_WINDOW_SIZE=43824 FAULT_EVENT_COUNT=400 FAULT_PAIRED_EVENT_COUNT=100 FAULT_PAIR_GAP_MIN=60 FAULT_PAIR_GAP_MAX=300 FAULT_CLUSTER_EVENT_COUNT=10 FAULT_CLUSTER_BIT_COUNT=2 FAULT_SEED=27 CONTROL_QUANTIZATION=linear_max CONTROL_SOURCE=risk_policy CONTROL_POLICY_SCHEDULE=results/paper/tables/risk_policy_schedule.csv CONTROL_POLICY_LEVEL_MAP_OUTPUT=results/paper/tables/risk_policy_level_map.csv SAFE_INTERVAL=1 LEVEL0_INTERVAL=240 LEVEL1_INTERVAL=200 LEVEL2_INTERVAL=150 LEVEL3_INTERVAL=120 LEVEL4_INTERVAL=100 LEVEL5_INTERVAL=80 LEVEL6_INTERVAL=70 LEVEL7_INTERVAL=70 THRESHOLD_LOW_TO_MEDIUM=2 THRESHOLD_MEDIUM_TO_LOW=1 THRESHOLD_MEDIUM_TO_HIGH=4 THRESHOLD_HIGH_TO_MEDIUM=3 THRESHOLD_LOW_INTERVAL=200 THRESHOLD_MEDIUM_INTERVAL=120 THRESHOLD_HIGH_INTERVAL=70
================================================================================

================================================================================
Running seed 28
make test_strategy_comparison FAULT_SCENARIO=upsets FAULT_TOTAL_CYCLES=50000 FAULT_WINDOW_SIZE=43824 FAULT_EVENT_COUNT=400 FAULT_PAIRED_EVENT_COUNT=100 FAULT_PAIR_GAP_MIN=60 FAULT_PAIR_GAP_MAX=300 FAULT_CLUSTER_EVENT_COUNT=10 FAULT_CLUSTER_BIT_COUNT=2 FAULT_SEED=28 CONTROL_QUANTIZATION=linear_max CONTROL_SOURCE=risk_policy CONTROL_POLICY_SCHEDULE=results/paper/tables/risk_policy_schedule.csv CONTROL_POLICY_LEVEL_MAP_OUTPUT=results/paper/tables/risk_policy_level_map.csv SAFE_INTERVAL=1 LEVEL0_INTERVAL=240 LEVEL1_INTERVAL=200 LEVEL2_INTERVAL=150 LEVEL3_INTERVAL=120 LEVEL4_INTERVAL=100 LEVEL5_INTERVAL=80 LEVEL6_INTERVAL=70 LEVEL7_INTERVAL=70 THRESHOLD_LOW_TO_MEDIUM=2 THRESHOLD_MEDIUM_TO_LOW=1 THRESHOLD_MEDIUM_TO_HIGH=4 THRESHOLD_HIGH_TO_MEDIUM=3 THRESHOLD_LOW_INTERVAL=200 THRESHOLD_MEDIUM_INTERVAL=120 THRESHOLD_HIGH_INTERVAL=70
================================================================================

================================================================================
Running seed 29
make test_strategy_comparison FAULT_SCENARIO=upsets FAULT_TOTAL_CYCLES=50000 FAULT_WINDOW_SIZE=43824 FAULT_EVENT_COUNT=400 FAULT_PAIRED_EVENT_COUNT=100 FAULT_PAIR_GAP_MIN=60 FAULT_PAIR_GAP_MAX=300 FAULT_CLUSTER_EVENT_COUNT=10 FAULT_CLUSTER_BIT_COUNT=2 FAULT_SEED=29 CONTROL_QUANTIZATION=linear_max CONTROL_SOURCE=risk_policy CONTROL_POLICY_SCHEDULE=results/paper/tables/risk_policy_schedule.csv CONTROL_POLICY_LEVEL_MAP_OUTPUT=results/paper/tables/risk_policy_level_map.csv SAFE_INTERVAL=1 LEVEL0_INTERVAL=240 LEVEL1_INTERVAL=200 LEVEL2_INTERVAL=150 LEVEL3_INTERVAL=120 LEVEL4_INTERVAL=100 LEVEL5_INTERVAL=80 LEVEL6_INTERVAL=70 LEVEL7_INTERVAL=70 THRESHOLD_LOW_TO_MEDIUM=2 THRESHOLD_MEDIUM_TO_LOW=1 THRESHOLD_MEDIUM_TO_HIGH=4 THRESHOLD_HIGH_TO_MEDIUM=3 THRESHOLD_LOW_INTERVAL=200 THRESHOLD_MEDIUM_INTERVAL=120 THRESHOLD_HIGH_INTERVAL=70
================================================================================

================================================================================
Running seed 30
make test_strategy_comparison FAULT_SCENARIO=upsets FAULT_TOTAL_CYCLES=50000 FAULT_WINDOW_SIZE=43824 FAULT_EVENT_COUNT=400 FAULT_PAIRED_EVENT_COUNT=100 FAULT_PAIR_GAP_MIN=60 FAULT_PAIR_GAP_MAX=300 FAULT_CLUSTER_EVENT_COUNT=10 FAULT_CLUSTER_BIT_COUNT=2 FAULT_SEED=30 CONTROL_QUANTIZATION=linear_max CONTROL_SOURCE=risk_policy CONTROL_POLICY_SCHEDULE=results/paper/tables/risk_policy_schedule.csv CONTROL_POLICY_LEVEL_MAP_OUTPUT=results/paper/tables/risk_policy_level_map.csv SAFE_INTERVAL=1 LEVEL0_INTERVAL=240 LEVEL1_INTERVAL=200 LEVEL2_INTERVAL=150 LEVEL3_INTERVAL=120 LEVEL4_INTERVAL=100 LEVEL5_INTERVAL=80 LEVEL6_INTERVAL=70 LEVEL7_INTERVAL=70 THRESHOLD_LOW_TO_MEDIUM=2 THRESHOLD_MEDIUM_TO_LOW=1 THRESHOLD_MEDIUM_TO_HIGH=4 THRESHOLD_HIGH_TO_MEDIUM=3 THRESHOLD_LOW_INTERVAL=200 THRESHOLD_MEDIUM_INTERVAL=120 THRESHOLD_HIGH_INTERVAL=70
================================================================================

Series complete: results/paper/tables/strategy_comparison_series_with_clusters.csv
python3 model/analyze_strategy_series.py \
	--input results/paper/tables/strategy_comparison_series_with_clusters.csv \
	--csv-output results/paper/tables/strategy_series_summary_with_clusters.csv \
	--md-output results/paper/tables/strategy_series_summary_with_clusters.md
Analyzed series rows: 90
CSV summary: results/paper/tables/strategy_series_summary_with_clusters.csv
Markdown summary: results/paper/tables/strategy_series_summary_with_clusters.md
cat results/paper/tables/strategy_series_summary_with_clusters.md
# Сводка серии сравнительных прогонов

Источник данных: `results/paper/tables/strategy_comparison_series_with_clusters.csv`

## Параметры серии

- Сценарий: upsets
- Длительность моделирования: 50000 тактов
- Размер окна временного ряда: 43824
- Число одиночных событий: 400
- Число накопительных пар: 100
- Минимальный разрыв в накопительной паре: 60
- Максимальный разрыв в накопительной паре: 300
- Число мгновенных кластерных событий: 10
- Число повреждаемых битов в одном мгновенном кластере: 2
- Число зёрен генератора: 30

## Основные метрики по стратегиям

| Стратегия | Прогонов | Исправлено, среднее ± σ | Уникальные неустранимые слова, среднее ± σ | Обнаружения неустранимых, среднее ± σ | Занятость памяти, среднее ± σ, % | Чтения, среднее | Записи, среднее | Переключения интервала, среднее |
|---|---:|---:|---:|---:|---:|---:|---:|---:|
| `fixed` | 30 | 497.800 ± 17.647 | 4.567 ± 1.675 | 1219.067 ± 360.957 | 21.177 ± 0.043 | 10112.000 | 497.800 | 0.000 |
| `table` | 30 | 412.500 ± 20.443 | 5.267 ± 2.406 | 861.567 ± 146.353 | 8.657 ± 0.057 | 3936.000 | 412.500 | 1295.000 |
| `threshold` | 30 | 431.400 ± 21.076 | 5.167 ± 2.167 | 889.600 ± 182.371 | 9.897 ± 0.049 | 4544.000 | 431.400 | 776.000 |

## Сравнение с постоянным интервалом

| Стратегия | Изменение исправленных ошибок | Изменение уникальных неустранимых слов | Изменение занятости памяти |
|---|---:|---:|---:|
| `table` | -85.300 | +0.700 | -12.520 п.п. (-59.12 %) |
| `threshold` | -66.400 | +0.600 | -11.280 п.п. (-53.27 %) |

## Предварительная интерпретация

Минимальное среднее число уникальных неустранимых слов равно 4.567. Среди стратегий с этим значением наименьшую среднюю занятость памяти имеет `fixed` (21.177 %).

Эта сводка является статистическим обобщением серии прогонов по нескольким зёрнам генератора. Поэтому она существенно надёжнее одиночного демонстрационного запуска.

В серии присутствуют мгновенные кластерные события. Они отличаются от накопительных пар тем, что несколько битов одного кодового слова повреждаются в один и тот же модельный такт. Для двухбитового мгновенного кластера код SECDED выполняет обнаружение, но не исправление. Поэтому такие события задают дополнительную нижнюю границу числа неустранимых состояний памяти и должны интерпретироваться отдельно от накопительных ошибок, зависящих от интервала скраббинга.

В данной серии число мгновенных кластерных событий: 10, размер кластера в битах: 2.
python3 model/plot_strategy_series.py \
	--input results/paper/tables/strategy_series_summary_with_clusters.csv \
	--output-dir results/paper/figures/series_with_clusters
Series figures written to: results/paper/figures/series_with_clusters
make[3]: Leaving directory '/home/z3tm4n/adaptive_scrubbing'
mkdir -p results/logs results/tables results/figures
python3 model/compare_series_scenarios.py \
	--no-clusters-input results/paper/tables/strategy_series_summary_no_clusters.csv \
	--with-clusters-input results/paper/tables/strategy_series_summary_with_clusters.csv \
	--csv-output results/paper/tables/strategy_scenario_comparison.csv \
	--md-output results/paper/tables/strategy_scenario_comparison.md
Scenario comparison rows: 6
CSV comparison: results/paper/tables/strategy_scenario_comparison.csv
Markdown comparison: results/paper/tables/strategy_scenario_comparison.md
cat results/paper/tables/strategy_scenario_comparison.md
# Сравнение серийных сценариев

Источник данных:

- Без мгновенных кластеров: `results/paper/tables/strategy_series_summary_no_clusters.csv`
- С мгновенными кластерами: `results/paper/tables/strategy_series_summary_with_clusters.csv`

## Итоговая таблица

| Сценарий | Стратегия | Прогонов | Исправлено, среднее ± σ | Уникальные неустранимые слова, среднее ± σ | Обнаружения неустранимых, среднее ± σ | Занятость памяти, среднее ± σ, % | Переключения интервала, среднее ± σ |
|---|---|---:|---:|---:|---:|---:|---:|
| `no_clusters` | `fixed` | 30 | 507.533 ± 14.414 | 4.200 ± 1.448 | 852.767 ± 259.334 | 21.187 ± 0.035 | 0.000 ± 0.000 |
| `no_clusters` | `table` | 30 | 419.133 ± 16.115 | 4.967 ± 2.157 | 750.467 ± 126.077 | 8.667 ± 0.048 | 1295.000 ± 0.000 |
| `no_clusters` | `threshold` | 30 | 439.633 ± 18.174 | 4.733 ± 1.999 | 748.900 ± 147.636 | 9.920 ± 0.048 | 776.000 ± 0.000 |
| `with_clusters` | `fixed` | 30 | 497.800 ± 17.647 | 4.567 ± 1.675 | 1219.067 ± 360.957 | 21.177 ± 0.043 | 0.000 ± 0.000 |
| `with_clusters` | `table` | 30 | 412.500 ± 20.443 | 5.267 ± 2.406 | 861.567 ± 146.353 | 8.657 ± 0.057 | 1295.000 ± 0.000 |
| `with_clusters` | `threshold` | 30 | 431.400 ± 21.076 | 5.167 ± 2.167 | 889.600 ± 182.371 | 9.897 ± 0.049 | 776.000 ± 0.000 |

## Изменение относительно постоянного интервала внутри каждого сценария

| Сценарий | Стратегия | Δ исправленных | Δ уникальных неустранимых слов | Δ занятости памяти |
|---|---|---:|---:|---:|
| `no_clusters` | `table` | -88.400 | +0.767 | -12.520 п.п. (-59.09 %) |
| `no_clusters` | `threshold` | -67.900 | +0.533 | -11.267 п.п. (-53.18 %) |
| `with_clusters` | `table` | -85.300 | +0.700 | -12.520 п.п. (-59.12 %) |
| `with_clusters` | `threshold` | -66.400 | +0.600 | -11.280 п.п. (-53.27 %) |

## Ключевой численный вывод

### Сценарий `no_clusters`

- `table`: занятость памяти изменилась с 21.187 % до 8.667 % (-12.520 п.п., -59.09 % относительно `fixed`); среднее число уникальных неустранимых слов изменилось с 4.200 до 4.967 (+0.767); среднее число исправленных ошибок изменилось с 507.533 до 419.133 (-88.400).
- `threshold`: занятость памяти изменилась с 21.187 % до 9.920 % (-11.267 п.п., -53.18 % относительно `fixed`); среднее число уникальных неустранимых слов изменилось с 4.200 до 4.733 (+0.533); среднее число исправленных ошибок изменилось с 507.533 до 439.633 (-67.900).

Итог: адаптивные стратегии в данном сценарии обеспечивают сопоставимое среднее число уникальных неустранимых слов при меньшей средней занятости интерфейса памяти.

### Сценарий `with_clusters`

- `table`: занятость памяти изменилась с 21.177 % до 8.657 % (-12.520 п.п., -59.12 % относительно `fixed`); среднее число уникальных неустранимых слов изменилось с 4.567 до 5.267 (+0.700); среднее число исправленных ошибок изменилось с 497.800 до 412.500 (-85.300).
- `threshold`: занятость памяти изменилась с 21.177 % до 9.897 % (-11.280 п.п., -53.27 % относительно `fixed`); среднее число уникальных неустранимых слов изменилось с 4.567 до 5.167 (+0.600); среднее число исправленных ошибок изменилось с 497.800 до 431.400 (-66.400).

Итог: адаптивные стратегии в данном сценарии обеспечивают сопоставимое среднее число уникальных неустранимых слов при меньшей средней занятости интерфейса памяти.

## Вклад мгновенных кластеров

| Стратегия | Δ исправленных при добавлении кластеров | Δ уникальных неустранимых слов | Δ обнаружений неустранимых | Δ занятости памяти |
|---|---:|---:|---:|---:|
| `fixed` | -9.733 | +0.367 | +366.300 | -0.010 п.п. |
| `table` | -6.633 | +0.300 | +111.100 | -0.010 п.п. |
| `threshold` | -8.233 | +0.433 | +140.700 | -0.023 п.п. |

## Интерпретация

Сценарий `no_clusters` изолирует эффект адаптивного скраббинга при одиночных ошибках и накопительных парах. В этом сценарии разница между стратегиями отражает способность контроллера уменьшать вероятность накопления второй ошибки в том же слове.

Сценарий `with_clusters` дополнительно включает мгновенные двухбитовые кластерные события. Такие события возникают за один модельный такт и для SECDED являются обнаруживаемыми, но неисправимыми. Поэтому они формируют дополнительный вклад в число неустранимых состояний, который не может быть полностью устранён уменьшением интервала скраббинга.

Для текста статьи эти два сценария следует интерпретировать отдельно: `no_clusters` — как оценку выигрыша адаптивной стратегии скраббинга, `with_clusters` — как оценку поведения той же архитектуры при наличии кластерной компоненты потока ошибок.
make[2]: Leaving directory '/home/z3tm4n/adaptive_scrubbing'
make[1]: Leaving directory '/home/z3tm4n/adaptive_scrubbing'
