
 /----------------------------------------------------------------------------\
 |  yosys -- Yosys Open SYnthesis Suite                                       |
 |  Copyright (C) 2012 - 2025  Claire Xenia Wolf <claire@yosyshq.com>         |
 |  Distributed under an ISC-like license, type "license" to see terms        |
 \----------------------------------------------------------------------------/
 Yosys 0.52 (git sha1 fee39a3284c90249e1d9684cf6944ffbbcbb8f90)

-- Executing script file `/home/z3tm4n/adaptive_scrubbing/results/paper/synthesis/scripts/adaptive_scrub_controller_xilinx_xc7_estimate.ys' --

1. Executing Verilog-2005 frontend: rtl/secded_32_39_decoder.v
Parsing SystemVerilog input from `rtl/secded_32_39_decoder.v' to AST representation.
Generating RTLIL representation for module `\secded_32_39_decoder'.
Successfully finished Verilog frontend.

2. Executing Verilog-2005 frontend: rtl/interval_selector.v
Parsing SystemVerilog input from `rtl/interval_selector.v' to AST representation.
Generating RTLIL representation for module `\interval_selector'.
Successfully finished Verilog frontend.

3. Executing Verilog-2005 frontend: rtl/measured_control_estimator.v
Parsing SystemVerilog input from `rtl/measured_control_estimator.v' to AST representation.
Generating RTLIL representation for module `\measured_control_estimator'.
Successfully finished Verilog frontend.

4. Executing Verilog-2005 frontend: rtl/adaptive_scrub_controller.v
Parsing SystemVerilog input from `rtl/adaptive_scrub_controller.v' to AST representation.
Generating RTLIL representation for module `\adaptive_scrub_controller'.
Successfully finished Verilog frontend.

5. Executing SYNTH_XILINX pass.

5.1. Executing Verilog-2005 frontend: /usr/bin/../share/yosys/xilinx/cells_sim.v
Parsing Verilog input from `/usr/bin/../share/yosys/xilinx/cells_sim.v' to AST representation.
Generating RTLIL representation for module `\VCC'.
Generating RTLIL representation for module `\GND'.
Generating RTLIL representation for module `\IBUF'.
Generating RTLIL representation for module `\IBUFG'.
Generating RTLIL representation for module `\OBUF'.
Generating RTLIL representation for module `\IOBUF'.
Generating RTLIL representation for module `\OBUFT'.
Generating RTLIL representation for module `\BUFG'.
Generating RTLIL representation for module `\BUFGCTRL'.
Generating RTLIL representation for module `\BUFHCE'.
Generating RTLIL representation for module `\INV'.
Generating RTLIL representation for module `\LUT1'.
Generating RTLIL representation for module `\LUT2'.
Generating RTLIL representation for module `\LUT3'.
Generating RTLIL representation for module `\LUT4'.
Generating RTLIL representation for module `\LUT5'.
Generating RTLIL representation for module `\LUT6'.
Generating RTLIL representation for module `\LUT6_2'.
Generating RTLIL representation for module `\$__ABC9_LUT7'.
Generating RTLIL representation for module `\$__ABC9_LUT8'.
Generating RTLIL representation for module `\MUXCY'.
Generating RTLIL representation for module `\MUXF5'.
Generating RTLIL representation for module `\MUXF6'.
Generating RTLIL representation for module `\MUXF7'.
Generating RTLIL representation for module `\MUXF8'.
Generating RTLIL representation for module `\MUXF9'.
Generating RTLIL representation for module `\XORCY'.
Generating RTLIL representation for module `\CARRY4'.
Generating RTLIL representation for module `\CARRY8'.
Generating RTLIL representation for module `\ORCY'.
Generating RTLIL representation for module `\MULT_AND'.
Generating RTLIL representation for module `\FDRE'.
Generating RTLIL representation for module `\FDRE_1'.
Generating RTLIL representation for module `\FDSE'.
Generating RTLIL representation for module `\FDSE_1'.
Generating RTLIL representation for module `\FDRSE'.
Generating RTLIL representation for module `\FDRSE_1'.
Generating RTLIL representation for module `\FDCE'.
Generating RTLIL representation for module `\FDCE_1'.
Generating RTLIL representation for module `\FDPE'.
Generating RTLIL representation for module `\FDPE_1'.
Generating RTLIL representation for module `\FDCPE'.
Generating RTLIL representation for module `\FDCPE_1'.
Generating RTLIL representation for module `\LDCE'.
Generating RTLIL representation for module `\LDPE'.
Generating RTLIL representation for module `\LDCPE'.
Generating RTLIL representation for module `\AND2B1L'.
Generating RTLIL representation for module `\OR2L'.
Generating RTLIL representation for module `\RAM16X1S'.
Generating RTLIL representation for module `\RAM16X1S_1'.
Generating RTLIL representation for module `\RAM32X1S'.
Generating RTLIL representation for module `\RAM32X1S_1'.
Generating RTLIL representation for module `\RAM64X1S'.
Generating RTLIL representation for module `\RAM64X1S_1'.
Generating RTLIL representation for module `\RAM128X1S'.
Generating RTLIL representation for module `\RAM128X1S_1'.
Generating RTLIL representation for module `\RAM256X1S'.
Generating RTLIL representation for module `\RAM512X1S'.
Generating RTLIL representation for module `\RAM16X2S'.
Generating RTLIL representation for module `\RAM32X2S'.
Generating RTLIL representation for module `\RAM64X2S'.
Generating RTLIL representation for module `\RAM16X4S'.
Generating RTLIL representation for module `\RAM32X4S'.
Generating RTLIL representation for module `\RAM16X8S'.
Generating RTLIL representation for module `\RAM32X8S'.
Generating RTLIL representation for module `\RAM16X1D'.
Generating RTLIL representation for module `\RAM16X1D_1'.
Generating RTLIL representation for module `\RAM32X1D'.
Generating RTLIL representation for module `\RAM32X1D_1'.
Generating RTLIL representation for module `\RAM64X1D'.
Generating RTLIL representation for module `\RAM64X1D_1'.
Generating RTLIL representation for module `\RAM128X1D'.
Generating RTLIL representation for module `\RAM256X1D'.
Generating RTLIL representation for module `\RAM32M'.
Generating RTLIL representation for module `\RAM32M16'.
Generating RTLIL representation for module `\RAM64M'.
Generating RTLIL representation for module `\RAM64M8'.
Generating RTLIL representation for module `\RAM32X16DR8'.
Generating RTLIL representation for module `\RAM64X8SW'.
Generating RTLIL representation for module `\ROM16X1'.
Generating RTLIL representation for module `\ROM32X1'.
Generating RTLIL representation for module `\ROM64X1'.
Generating RTLIL representation for module `\ROM128X1'.
Generating RTLIL representation for module `\ROM256X1'.
Generating RTLIL representation for module `\SRL16'.
Generating RTLIL representation for module `\SRL16E'.
Generating RTLIL representation for module `\SRLC16'.
Generating RTLIL representation for module `\SRLC16E'.
Generating RTLIL representation for module `\SRLC32E'.
Generating RTLIL representation for module `\CFGLUT5'.
Generating RTLIL representation for module `\MULT18X18'.
Generating RTLIL representation for module `\MULT18X18S'.
Generating RTLIL representation for module `\MULT18X18SIO'.
Generating RTLIL representation for module `\DSP48A'.
Generating RTLIL representation for module `\DSP48A1'.
Generating RTLIL representation for module `\DSP48'.
Generating RTLIL representation for module `\DSP48E1'.
Generating RTLIL representation for module `\RAMB18E1'.
Generating RTLIL representation for module `\RAMB36E1'.
Successfully finished Verilog frontend.

5.2. Executing Verilog-2005 frontend: /usr/bin/../share/yosys/xilinx/cells_xtra.v
Parsing Verilog input from `/usr/bin/../share/yosys/xilinx/cells_xtra.v' to AST representation.
Generating RTLIL representation for module `\RAMB4_S1'.
Generating RTLIL representation for module `\RAMB4_S2'.
Generating RTLIL representation for module `\RAMB4_S4'.
Generating RTLIL representation for module `\RAMB4_S8'.
Generating RTLIL representation for module `\RAMB4_S16'.
Generating RTLIL representation for module `\RAMB4_S1_S1'.
Generating RTLIL representation for module `\RAMB4_S1_S2'.
Generating RTLIL representation for module `\RAMB4_S1_S4'.
Generating RTLIL representation for module `\RAMB4_S1_S8'.
Generating RTLIL representation for module `\RAMB4_S1_S16'.
Generating RTLIL representation for module `\RAMB4_S2_S2'.
Generating RTLIL representation for module `\RAMB4_S2_S4'.
Generating RTLIL representation for module `\RAMB4_S2_S8'.
Generating RTLIL representation for module `\RAMB4_S2_S16'.
Generating RTLIL representation for module `\RAMB4_S4_S4'.
Generating RTLIL representation for module `\RAMB4_S4_S8'.
Generating RTLIL representation for module `\RAMB4_S4_S16'.
Generating RTLIL representation for module `\RAMB4_S8_S8'.
Generating RTLIL representation for module `\RAMB4_S8_S16'.
Generating RTLIL representation for module `\RAMB4_S16_S16'.
Generating RTLIL representation for module `\RAMB16_S1'.
Generating RTLIL representation for module `\RAMB16_S2'.
Generating RTLIL representation for module `\RAMB16_S4'.
Generating RTLIL representation for module `\RAMB16_S9'.
Generating RTLIL representation for module `\RAMB16_S18'.
Generating RTLIL representation for module `\RAMB16_S36'.
Generating RTLIL representation for module `\RAMB16_S1_S1'.
Generating RTLIL representation for module `\RAMB16_S1_S2'.
Generating RTLIL representation for module `\RAMB16_S1_S4'.
Generating RTLIL representation for module `\RAMB16_S1_S9'.
Generating RTLIL representation for module `\RAMB16_S1_S18'.
Generating RTLIL representation for module `\RAMB16_S1_S36'.
Generating RTLIL representation for module `\RAMB16_S2_S2'.
Generating RTLIL representation for module `\RAMB16_S2_S4'.
Generating RTLIL representation for module `\RAMB16_S2_S9'.
Generating RTLIL representation for module `\RAMB16_S2_S18'.
Generating RTLIL representation for module `\RAMB16_S2_S36'.
Generating RTLIL representation for module `\RAMB16_S4_S4'.
Generating RTLIL representation for module `\RAMB16_S4_S9'.
Generating RTLIL representation for module `\RAMB16_S4_S18'.
Generating RTLIL representation for module `\RAMB16_S4_S36'.
Generating RTLIL representation for module `\RAMB16_S9_S9'.
Generating RTLIL representation for module `\RAMB16_S9_S18'.
Generating RTLIL representation for module `\RAMB16_S9_S36'.
Generating RTLIL representation for module `\RAMB16_S18_S18'.
Generating RTLIL representation for module `\RAMB16_S18_S36'.
Generating RTLIL representation for module `\RAMB16_S36_S36'.
Generating RTLIL representation for module `\RAMB16BWE_S18'.
Generating RTLIL representation for module `\RAMB16BWE_S36'.
Generating RTLIL representation for module `\RAMB16BWE_S18_S9'.
Generating RTLIL representation for module `\RAMB16BWE_S18_S18'.
Generating RTLIL representation for module `\RAMB16BWE_S36_S9'.
Generating RTLIL representation for module `\RAMB16BWE_S36_S18'.
Generating RTLIL representation for module `\RAMB16BWE_S36_S36'.
Generating RTLIL representation for module `\RAMB16BWER'.
Generating RTLIL representation for module `\RAMB8BWER'.
Generating RTLIL representation for module `\FIFO16'.
Generating RTLIL representation for module `\RAMB16'.
Generating RTLIL representation for module `\RAMB32_S64_ECC'.
Generating RTLIL representation for module `\FIFO18'.
Generating RTLIL representation for module `\FIFO18_36'.
Generating RTLIL representation for module `\FIFO36'.
Generating RTLIL representation for module `\FIFO36_72'.
Generating RTLIL representation for module `\RAMB18'.
Generating RTLIL representation for module `\RAMB36'.
Generating RTLIL representation for module `\RAMB18SDP'.
Generating RTLIL representation for module `\RAMB36SDP'.
Generating RTLIL representation for module `\FIFO18E1'.
Generating RTLIL representation for module `\FIFO36E1'.
Generating RTLIL representation for module `\FIFO18E2'.
Generating RTLIL representation for module `\FIFO36E2'.
Generating RTLIL representation for module `\RAMB18E2'.
Generating RTLIL representation for module `\RAMB36E2'.
Generating RTLIL representation for module `\URAM288'.
Generating RTLIL representation for module `\URAM288_BASE'.
Generating RTLIL representation for module `\DSP48E'.
Generating RTLIL representation for module `\DSP48E2'.
Generating RTLIL representation for module `\FDDRCPE'.
Generating RTLIL representation for module `\FDDRRSE'.
Generating RTLIL representation for module `\IFDDRCPE'.
Generating RTLIL representation for module `\IFDDRRSE'.
Generating RTLIL representation for module `\OFDDRCPE'.
Generating RTLIL representation for module `\OFDDRRSE'.
Generating RTLIL representation for module `\OFDDRTCPE'.
Generating RTLIL representation for module `\OFDDRTRSE'.
Generating RTLIL representation for module `\IDDR2'.
Generating RTLIL representation for module `\ODDR2'.
Generating RTLIL representation for module `\IDDR'.
Generating RTLIL representation for module `\IDDR_2CLK'.
Generating RTLIL representation for module `\ODDR'.
Generating RTLIL representation for module `\IDELAYCTRL'.
Generating RTLIL representation for module `\IDELAY'.
Generating RTLIL representation for module `\ISERDES'.
Generating RTLIL representation for module `\OSERDES'.
Generating RTLIL representation for module `\IODELAY'.
Generating RTLIL representation for module `\ISERDES_NODELAY'.
Generating RTLIL representation for module `\IODELAYE1'.
Generating RTLIL representation for module `\ISERDESE1'.
Generating RTLIL representation for module `\OSERDESE1'.
Generating RTLIL representation for module `\IDELAYE2'.
Generating RTLIL representation for module `\ODELAYE2'.
Generating RTLIL representation for module `\ISERDESE2'.
Generating RTLIL representation for module `\OSERDESE2'.
Generating RTLIL representation for module `\PHASER_IN'.
Generating RTLIL representation for module `\PHASER_IN_PHY'.
Generating RTLIL representation for module `\PHASER_OUT'.
Generating RTLIL representation for module `\PHASER_OUT_PHY'.
Generating RTLIL representation for module `\PHASER_REF'.
Generating RTLIL representation for module `\PHY_CONTROL'.
Generating RTLIL representation for module `\IDDRE1'.
Generating RTLIL representation for module `\ODDRE1'.
Generating RTLIL representation for module `\IDELAYE3'.
Generating RTLIL representation for module `\ODELAYE3'.
Generating RTLIL representation for module `\ISERDESE3'.
Generating RTLIL representation for module `\OSERDESE3'.
Generating RTLIL representation for module `\BITSLICE_CONTROL'.
Generating RTLIL representation for module `\RIU_OR'.
Generating RTLIL representation for module `\RX_BITSLICE'.
Generating RTLIL representation for module `\RXTX_BITSLICE'.
Generating RTLIL representation for module `\TX_BITSLICE'.
Generating RTLIL representation for module `\TX_BITSLICE_TRI'.
Generating RTLIL representation for module `\IODELAY2'.
Generating RTLIL representation for module `\IODRP2'.
Generating RTLIL representation for module `\IODRP2_MCB'.
Generating RTLIL representation for module `\ISERDES2'.
Generating RTLIL representation for module `\OSERDES2'.
Generating RTLIL representation for module `\IBUF_DLY_ADJ'.
Generating RTLIL representation for module `\IBUF_IBUFDISABLE'.
Generating RTLIL representation for module `\IBUF_INTERMDISABLE'.
Generating RTLIL representation for module `\IBUF_ANALOG'.
Generating RTLIL representation for module `\IBUFE3'.
Generating RTLIL representation for module `\IBUFDS'.
Generating RTLIL representation for module `\IBUFDS_DLY_ADJ'.
Generating RTLIL representation for module `\IBUFDS_IBUFDISABLE'.
Generating RTLIL representation for module `\IBUFDS_INTERMDISABLE'.
Generating RTLIL representation for module `\IBUFDS_DIFF_OUT'.
Generating RTLIL representation for module `\IBUFDS_DIFF_OUT_IBUFDISABLE'.
Generating RTLIL representation for module `\IBUFDS_DIFF_OUT_INTERMDISABLE'.
Generating RTLIL representation for module `\IBUFDSE3'.
Generating RTLIL representation for module `\IBUFDS_DPHY'.
Generating RTLIL representation for module `\IBUFGDS'.
Generating RTLIL representation for module `\IBUFGDS_DIFF_OUT'.
Generating RTLIL representation for module `\IOBUF_DCIEN'.
Generating RTLIL representation for module `\IOBUF_INTERMDISABLE'.
Generating RTLIL representation for module `\IOBUFE3'.
Generating RTLIL representation for module `\IOBUFDS'.
Generating RTLIL representation for module `\IOBUFDS_DCIEN'.
Generating RTLIL representation for module `\IOBUFDS_INTERMDISABLE'.
Generating RTLIL representation for module `\IOBUFDS_DIFF_OUT'.
Generating RTLIL representation for module `\IOBUFDS_DIFF_OUT_DCIEN'.
Generating RTLIL representation for module `\IOBUFDS_DIFF_OUT_INTERMDISABLE'.
Generating RTLIL representation for module `\IOBUFDSE3'.
Generating RTLIL representation for module `\OBUFDS'.
Generating RTLIL representation for module `\OBUFDS_DPHY'.
Generating RTLIL representation for module `\OBUFTDS'.
Generating RTLIL representation for module `\KEEPER'.
Generating RTLIL representation for module `\PULLDOWN'.
Generating RTLIL representation for module `\PULLUP'.
Generating RTLIL representation for module `\DCIRESET'.
Generating RTLIL representation for module `\HPIO_VREF'.
Generating RTLIL representation for module `\BUFGCE'.
Generating RTLIL representation for module `\BUFGCE_1'.
Generating RTLIL representation for module `\BUFGMUX'.
Generating RTLIL representation for module `\BUFGMUX_1'.
Generating RTLIL representation for module `\BUFGMUX_CTRL'.
Generating RTLIL representation for module `\BUFGMUX_VIRTEX4'.
Generating RTLIL representation for module `\BUFG_GT'.
Generating RTLIL representation for module `\BUFG_GT_SYNC'.
Generating RTLIL representation for module `\BUFG_PS'.
Generating RTLIL representation for module `\BUFGCE_DIV'.
Generating RTLIL representation for module `\BUFH'.
Generating RTLIL representation for module `\BUFIO2'.
Generating RTLIL representation for module `\BUFIO2_2CLK'.
Generating RTLIL representation for module `\BUFIO2FB'.
Generating RTLIL representation for module `\BUFPLL'.
Generating RTLIL representation for module `\BUFPLL_MCB'.
Generating RTLIL representation for module `\BUFIO'.
Generating RTLIL representation for module `\BUFIODQS'.
Generating RTLIL representation for module `\BUFR'.
Generating RTLIL representation for module `\BUFMR'.
Generating RTLIL representation for module `\BUFMRCE'.
Generating RTLIL representation for module `\DCM'.
Generating RTLIL representation for module `\DCM_SP'.
Generating RTLIL representation for module `\DCM_CLKGEN'.
Generating RTLIL representation for module `\DCM_ADV'.
Generating RTLIL representation for module `\DCM_BASE'.
Generating RTLIL representation for module `\DCM_PS'.
Generating RTLIL representation for module `\PMCD'.
Generating RTLIL representation for module `\PLL_ADV'.
Generating RTLIL representation for module `\PLL_BASE'.
Generating RTLIL representation for module `\MMCM_ADV'.
Generating RTLIL representation for module `\MMCM_BASE'.
Generating RTLIL representation for module `\MMCME2_ADV'.
Generating RTLIL representation for module `\MMCME2_BASE'.
Generating RTLIL representation for module `\PLLE2_ADV'.
Generating RTLIL representation for module `\PLLE2_BASE'.
Generating RTLIL representation for module `\MMCME3_ADV'.
Generating RTLIL representation for module `\MMCME3_BASE'.
Generating RTLIL representation for module `\PLLE3_ADV'.
Generating RTLIL representation for module `\PLLE3_BASE'.
Generating RTLIL representation for module `\MMCME4_ADV'.
Generating RTLIL representation for module `\MMCME4_BASE'.
Generating RTLIL representation for module `\PLLE4_ADV'.
Generating RTLIL representation for module `\PLLE4_BASE'.
Generating RTLIL representation for module `\BUFT'.
Generating RTLIL representation for module `\IN_FIFO'.
Generating RTLIL representation for module `\OUT_FIFO'.
Generating RTLIL representation for module `\HARD_SYNC'.
Generating RTLIL representation for module `\STARTUP_SPARTAN3'.
Generating RTLIL representation for module `\STARTUP_SPARTAN3E'.
Generating RTLIL representation for module `\STARTUP_SPARTAN3A'.
Generating RTLIL representation for module `\STARTUP_SPARTAN6'.
Generating RTLIL representation for module `\STARTUP_VIRTEX4'.
Generating RTLIL representation for module `\STARTUP_VIRTEX5'.
Generating RTLIL representation for module `\STARTUP_VIRTEX6'.
Generating RTLIL representation for module `\STARTUPE2'.
Generating RTLIL representation for module `\STARTUPE3'.
Generating RTLIL representation for module `\CAPTURE_SPARTAN3'.
Generating RTLIL representation for module `\CAPTURE_SPARTAN3A'.
Generating RTLIL representation for module `\CAPTURE_VIRTEX4'.
Generating RTLIL representation for module `\CAPTURE_VIRTEX5'.
Generating RTLIL representation for module `\CAPTURE_VIRTEX6'.
Generating RTLIL representation for module `\CAPTUREE2'.
Generating RTLIL representation for module `\ICAP_SPARTAN3A'.
Generating RTLIL representation for module `\ICAP_SPARTAN6'.
Generating RTLIL representation for module `\ICAP_VIRTEX4'.
Generating RTLIL representation for module `\ICAP_VIRTEX5'.
Generating RTLIL representation for module `\ICAP_VIRTEX6'.
Generating RTLIL representation for module `\ICAPE2'.
Generating RTLIL representation for module `\ICAPE3'.
Generating RTLIL representation for module `\BSCAN_SPARTAN3'.
Generating RTLIL representation for module `\BSCAN_SPARTAN3A'.
Generating RTLIL representation for module `\BSCAN_SPARTAN6'.
Generating RTLIL representation for module `\BSCAN_VIRTEX4'.
Generating RTLIL representation for module `\BSCAN_VIRTEX5'.
Generating RTLIL representation for module `\BSCAN_VIRTEX6'.
Generating RTLIL representation for module `\BSCANE2'.
Generating RTLIL representation for module `\DNA_PORT'.
Generating RTLIL representation for module `\DNA_PORTE2'.
Generating RTLIL representation for module `\FRAME_ECC_VIRTEX4'.
Generating RTLIL representation for module `\FRAME_ECC_VIRTEX5'.
Generating RTLIL representation for module `\FRAME_ECC_VIRTEX6'.
Generating RTLIL representation for module `\FRAME_ECCE2'.
Generating RTLIL representation for module `\FRAME_ECCE3'.
Generating RTLIL representation for module `\FRAME_ECCE4'.
Generating RTLIL representation for module `\USR_ACCESS_VIRTEX4'.
Generating RTLIL representation for module `\USR_ACCESS_VIRTEX5'.
Generating RTLIL representation for module `\USR_ACCESS_VIRTEX6'.
Generating RTLIL representation for module `\USR_ACCESSE2'.
Generating RTLIL representation for module `\POST_CRC_INTERNAL'.
Generating RTLIL representation for module `\SUSPEND_SYNC'.
Generating RTLIL representation for module `\KEY_CLEAR'.
Generating RTLIL representation for module `\MASTER_JTAG'.
Generating RTLIL representation for module `\SPI_ACCESS'.
Generating RTLIL representation for module `\EFUSE_USR'.
Generating RTLIL representation for module `\SYSMON'.
Generating RTLIL representation for module `\XADC'.
Generating RTLIL representation for module `\SYSMONE1'.
Generating RTLIL representation for module `\SYSMONE4'.
Generating RTLIL representation for module `\GTPA1_DUAL'.
Generating RTLIL representation for module `\GT11_CUSTOM'.
Generating RTLIL representation for module `\GT11_DUAL'.
Generating RTLIL representation for module `\GT11CLK'.
Generating RTLIL representation for module `\GT11CLK_MGT'.
Generating RTLIL representation for module `\GTP_DUAL'.
Generating RTLIL representation for module `\GTX_DUAL'.
Generating RTLIL representation for module `\CRC32'.
Generating RTLIL representation for module `\CRC64'.
Generating RTLIL representation for module `\GTHE1_QUAD'.
Generating RTLIL representation for module `\GTXE1'.
Generating RTLIL representation for module `\IBUFDS_GTXE1'.
Generating RTLIL representation for module `\IBUFDS_GTHE1'.
Generating RTLIL representation for module `\GTHE2_CHANNEL'.
Generating RTLIL representation for module `\GTHE2_COMMON'.
Generating RTLIL representation for module `\GTPE2_CHANNEL'.
Generating RTLIL representation for module `\GTPE2_COMMON'.
Generating RTLIL representation for module `\GTXE2_CHANNEL'.
Generating RTLIL representation for module `\GTXE2_COMMON'.
Generating RTLIL representation for module `\IBUFDS_GTE2'.
Generating RTLIL representation for module `\GTHE3_CHANNEL'.
Generating RTLIL representation for module `\GTHE3_COMMON'.
Generating RTLIL representation for module `\GTYE3_CHANNEL'.
Generating RTLIL representation for module `\GTYE3_COMMON'.
Generating RTLIL representation for module `\IBUFDS_GTE3'.
Generating RTLIL representation for module `\OBUFDS_GTE3'.
Generating RTLIL representation for module `\OBUFDS_GTE3_ADV'.
Generating RTLIL representation for module `\GTHE4_CHANNEL'.
Generating RTLIL representation for module `\GTHE4_COMMON'.
Generating RTLIL representation for module `\GTYE4_CHANNEL'.
Generating RTLIL representation for module `\GTYE4_COMMON'.
Generating RTLIL representation for module `\IBUFDS_GTE4'.
Generating RTLIL representation for module `\OBUFDS_GTE4'.
Generating RTLIL representation for module `\OBUFDS_GTE4_ADV'.
Generating RTLIL representation for module `\GTM_DUAL'.
Generating RTLIL representation for module `\IBUFDS_GTM'.
Generating RTLIL representation for module `\OBUFDS_GTM'.
Generating RTLIL representation for module `\OBUFDS_GTM_ADV'.
Generating RTLIL representation for module `\HSDAC'.
Generating RTLIL representation for module `\HSADC'.
Generating RTLIL representation for module `\RFDAC'.
Generating RTLIL representation for module `\RFADC'.
Generating RTLIL representation for module `\PCIE_A1'.
Generating RTLIL representation for module `\PCIE_EP'.
Generating RTLIL representation for module `\PCIE_2_0'.
Generating RTLIL representation for module `\PCIE_2_1'.
Generating RTLIL representation for module `\PCIE_3_0'.
Generating RTLIL representation for module `\PCIE_3_1'.
Generating RTLIL representation for module `\PCIE40E4'.
Generating RTLIL representation for module `\PCIE4CE4'.
Generating RTLIL representation for module `\EMAC'.
Generating RTLIL representation for module `\TEMAC'.
Generating RTLIL representation for module `\TEMAC_SINGLE'.
Generating RTLIL representation for module `\CMAC'.
Generating RTLIL representation for module `\CMACE4'.
Generating RTLIL representation for module `\MCB'.
Generating RTLIL representation for module `\HBM_REF_CLK'.
Generating RTLIL representation for module `\HBM_SNGLBLI_INTF_APB'.
Generating RTLIL representation for module `\HBM_SNGLBLI_INTF_AXI'.
Generating RTLIL representation for module `\HBM_ONE_STACK_INTF'.
Generating RTLIL representation for module `\HBM_TWO_STACK_INTF'.
Generating RTLIL representation for module `\PPC405_ADV'.
Generating RTLIL representation for module `\PPC440'.
Generating RTLIL representation for module `\PS7'.
Generating RTLIL representation for module `\PS8'.
Generating RTLIL representation for module `\ILKN'.
Generating RTLIL representation for module `\ILKNE4'.
Generating RTLIL representation for module `\VCU'.
Generating RTLIL representation for module `\FE'.
Successfully finished Verilog frontend.

5.3. Executing HIERARCHY pass (managing design hierarchy).

5.3.1. Analyzing design hierarchy..
Top module:  \adaptive_scrub_controller
Used module:     \secded_32_39_decoder
Used module:     \interval_selector
Used module:     \measured_control_estimator
Parameter \LEVEL_WIDTH = 3
Parameter \INTERVAL_WIDTH = 32

5.3.2. Executing AST frontend in derive mode using pre-parsed AST for module `\interval_selector'.
Parameter \LEVEL_WIDTH = 3
Parameter \INTERVAL_WIDTH = 32
Generating RTLIL representation for module `$paramod$bb9691242f7c16163833672c3bc3501f754d7220\interval_selector'.
Parameter \LEVEL_WIDTH = 3
Parameter \COUNTER_WIDTH = 32
Parameter \SCORE_WIDTH = 32
Parameter \WINDOW_CYCLES = 25000
Parameter \CORRECTED_WEIGHT = 2
Parameter \UNCORRECTABLE_WEIGHT = 1
Parameter \THRESHOLD_LEVEL1 = 8
Parameter \THRESHOLD_LEVEL2 = 22
Parameter \THRESHOLD_LEVEL3 = 36
Parameter \THRESHOLD_LEVEL4 = 50
Parameter \THRESHOLD_LEVEL5 = 65
Parameter \THRESHOLD_LEVEL6 = 79
Parameter \THRESHOLD_LEVEL7 = 93
Parameter \INITIAL_LEVEL = 0

5.3.3. Executing AST frontend in derive mode using pre-parsed AST for module `\measured_control_estimator'.
Parameter \LEVEL_WIDTH = 3
Parameter \COUNTER_WIDTH = 32
Parameter \SCORE_WIDTH = 32
Parameter \WINDOW_CYCLES = 25000
Parameter \CORRECTED_WEIGHT = 2
Parameter \UNCORRECTABLE_WEIGHT = 1
Parameter \THRESHOLD_LEVEL1 = 8
Parameter \THRESHOLD_LEVEL2 = 22
Parameter \THRESHOLD_LEVEL3 = 36
Parameter \THRESHOLD_LEVEL4 = 50
Parameter \THRESHOLD_LEVEL5 = 65
Parameter \THRESHOLD_LEVEL6 = 79
Parameter \THRESHOLD_LEVEL7 = 93
Parameter \INITIAL_LEVEL = 0
Generating RTLIL representation for module `$paramod$0ba38a2bcf6fefd2b87fb17fc2460c7b3083d935\measured_control_estimator'.

5.3.4. Analyzing design hierarchy..
Top module:  \adaptive_scrub_controller
Used module:     \secded_32_39_decoder
Used module:     $paramod$bb9691242f7c16163833672c3bc3501f754d7220\interval_selector
Used module:     $paramod$0ba38a2bcf6fefd2b87fb17fc2460c7b3083d935\measured_control_estimator

5.3.5. Analyzing design hierarchy..
Top module:  \adaptive_scrub_controller
Used module:     \secded_32_39_decoder
Used module:     $paramod$bb9691242f7c16163833672c3bc3501f754d7220\interval_selector
Used module:     $paramod$0ba38a2bcf6fefd2b87fb17fc2460c7b3083d935\measured_control_estimator
Removing unused module `\measured_control_estimator'.
Removing unused module `\interval_selector'.
Removed 2 unused modules.

5.4. Executing PROC pass (convert processes to netlists).

5.4.1. Executing PROC_CLEAN pass (remove empty switches from decision trees).
Found and cleaned up 151 empty switches in `\secded_32_39_decoder.$proc$rtl/secded_32_39_decoder.v:18$7'.
Cleaned up 151 empty switches.

5.4.2. Executing PROC_RMDEAD pass (remove dead branches from decision trees).
Marked 1 switch rules as full_case in process $proc$/usr/bin/../share/yosys/xilinx/cells_sim.v:1986$1131 in module RAM64M.
Marked 1 switch rules as full_case in process $proc$/usr/bin/../share/yosys/xilinx/cells_sim.v:1812$1011 in module RAM32M.
Marked 1 switch rules as full_case in process $proc$/usr/bin/../share/yosys/xilinx/cells_sim.v:1716$958 in module RAM128X1D.
Marked 1 switch rules as full_case in process $proc$/usr/bin/../share/yosys/xilinx/cells_sim.v:1611$921 in module RAM64X1D.
Marked 1 switch rules as full_case in process $proc$/usr/bin/../share/yosys/xilinx/cells_sim.v:1565$903 in module RAM32X1D_1.
Marked 1 switch rules as full_case in process $proc$/usr/bin/../share/yosys/xilinx/cells_sim.v:1506$873 in module RAM32X1D.
Marked 1 switch rules as full_case in process $proc$/usr/bin/../share/yosys/xilinx/cells_sim.v:815$822 in module FDPE_1.
Marked 1 switch rules as full_case in process $proc$/usr/bin/../share/yosys/xilinx/cells_sim.v:774$819 in module FDPE.
Marked 1 switch rules as full_case in process $proc$/usr/bin/../share/yosys/xilinx/cells_sim.v:736$804 in module FDCE_1.
Marked 1 switch rules as full_case in process $proc$/usr/bin/../share/yosys/xilinx/cells_sim.v:695$801 in module FDCE.
Marked 1 switch rules as full_case in process $proc$/usr/bin/../share/yosys/xilinx/cells_sim.v:592$786 in module FDSE_1.
Marked 1 switch rules as full_case in process $proc$/usr/bin/../share/yosys/xilinx/cells_sim.v:559$782 in module FDSE.
Marked 1 switch rules as full_case in process $proc$/usr/bin/../share/yosys/xilinx/cells_sim.v:527$764 in module FDRE_1.
Marked 1 switch rules as full_case in process $proc$/usr/bin/../share/yosys/xilinx/cells_sim.v:494$760 in module FDRE.
Marked 7 switch rules as full_case in process $proc$rtl/adaptive_scrub_controller.v:293$188 in module adaptive_scrub_controller.
Marked 10 switch rules as full_case in process $proc$rtl/measured_control_estimator.v:115$1332 in module $paramod$0ba38a2bcf6fefd2b87fb17fc2460c7b3083d935\measured_control_estimator.
Removed 1 dead cases from process $proc$rtl/interval_selector.v:115$1323 in module $paramod$bb9691242f7c16163833672c3bc3501f754d7220\interval_selector.
Marked 4 switch rules as full_case in process $proc$rtl/interval_selector.v:115$1323 in module $paramod$bb9691242f7c16163833672c3bc3501f754d7220\interval_selector.
Marked 8 switch rules as full_case in process $proc$rtl/interval_selector.v:52$1313 in module $paramod$bb9691242f7c16163833672c3bc3501f754d7220\interval_selector.
Marked 87 switch rules as full_case in process $proc$rtl/secded_32_39_decoder.v:18$7 in module secded_32_39_decoder.
Removed a total of 1 dead cases.

5.4.3. Executing PROC_PRUNE pass (remove redundant assignments in processes).
Removed 3 redundant assignments.
Promoted 126 assignments to connections.

5.4.4. Executing PROC_INIT pass (extract init attributes).
Found init rule in `\SRLC32E.$proc$/usr/bin/../share/yosys/xilinx/cells_sim.v:2405$1260'.
  Set init value: \r = 0
Found init rule in `\SRLC16E.$proc$/usr/bin/../share/yosys/xilinx/cells_sim.v:2361$1253'.
  Set init value: \r = 16'0000000000000000
Found init rule in `\SRLC16.$proc$/usr/bin/../share/yosys/xilinx/cells_sim.v:2329$1246'.
  Set init value: \r = 16'0000000000000000
Found init rule in `\SRL16E.$proc$/usr/bin/../share/yosys/xilinx/cells_sim.v:2292$1243'.
  Set init value: \r = 16'0000000000000000
Found init rule in `\SRL16.$proc$/usr/bin/../share/yosys/xilinx/cells_sim.v:2264$1236'.
  Set init value: \r = 16'0000000000000000
Found init rule in `\RAM64M.$proc$/usr/bin/../share/yosys/xilinx/cells_sim.v:1980$1209'.
  Set init value: \mem_d = 64'0000000000000000000000000000000000000000000000000000000000000000
Found init rule in `\RAM64M.$proc$/usr/bin/../share/yosys/xilinx/cells_sim.v:1979$1208'.
  Set init value: \mem_c = 64'0000000000000000000000000000000000000000000000000000000000000000
Found init rule in `\RAM64M.$proc$/usr/bin/../share/yosys/xilinx/cells_sim.v:1978$1207'.
  Set init value: \mem_b = 64'0000000000000000000000000000000000000000000000000000000000000000
Found init rule in `\RAM64M.$proc$/usr/bin/../share/yosys/xilinx/cells_sim.v:1977$1206'.
  Set init value: \mem_a = 64'0000000000000000000000000000000000000000000000000000000000000000
Found init rule in `\RAM32M.$proc$/usr/bin/../share/yosys/xilinx/cells_sim.v:1806$1109'.
  Set init value: \mem_d = 64'0000000000000000000000000000000000000000000000000000000000000000
Found init rule in `\RAM32M.$proc$/usr/bin/../share/yosys/xilinx/cells_sim.v:1805$1108'.
  Set init value: \mem_c = 64'0000000000000000000000000000000000000000000000000000000000000000
Found init rule in `\RAM32M.$proc$/usr/bin/../share/yosys/xilinx/cells_sim.v:1804$1107'.
  Set init value: \mem_b = 64'0000000000000000000000000000000000000000000000000000000000000000
Found init rule in `\RAM32M.$proc$/usr/bin/../share/yosys/xilinx/cells_sim.v:1803$1106'.
  Set init value: \mem_a = 64'0000000000000000000000000000000000000000000000000000000000000000
Found init rule in `\RAM128X1D.$proc$/usr/bin/../share/yosys/xilinx/cells_sim.v:1712$988'.
  Set init value: \mem = 128'00000000000000000000000000000000000000000000000000000000000000000000000000000000000000000000000000000000000000000000000000000000
Found init rule in `\RAM64X1D.$proc$/usr/bin/../share/yosys/xilinx/cells_sim.v:1607$951'.
  Set init value: \mem = 64'0000000000000000000000000000000000000000000000000000000000000000
Found init rule in `\RAM32X1D_1.$proc$/usr/bin/../share/yosys/xilinx/cells_sim.v:1561$915'.
  Set init value: \mem = 0
Found init rule in `\RAM32X1D.$proc$/usr/bin/../share/yosys/xilinx/cells_sim.v:1502$897'.
  Set init value: \mem = 0
Found init rule in `\FDPE_1.$proc$/usr/bin/../share/yosys/xilinx/cells_sim.v:0$825'.
  Set init value: \Q = 1'1
Found init rule in `\FDPE.$proc$/usr/bin/../share/yosys/xilinx/cells_sim.v:0$821'.
  Set init value: \Q = 1'1
Found init rule in `\FDCE_1.$proc$/usr/bin/../share/yosys/xilinx/cells_sim.v:0$807'.
  Set init value: \Q = 1'0
Found init rule in `\FDCE.$proc$/usr/bin/../share/yosys/xilinx/cells_sim.v:0$803'.
  Set init value: \Q = 1'0
Found init rule in `\FDSE_1.$proc$/usr/bin/../share/yosys/xilinx/cells_sim.v:0$789'.
  Set init value: \Q = 1'1
Found init rule in `\FDSE.$proc$/usr/bin/../share/yosys/xilinx/cells_sim.v:0$785'.
  Set init value: \Q = 1'1
Found init rule in `\FDRE_1.$proc$/usr/bin/../share/yosys/xilinx/cells_sim.v:0$767'.
  Set init value: \Q = 1'0
Found init rule in `\FDRE.$proc$/usr/bin/../share/yosys/xilinx/cells_sim.v:0$763'.
  Set init value: \Q = 1'0

5.4.5. Executing PROC_ARST pass (detect async resets in processes).
Found async reset \PRE in `\FDPE_1.$proc$/usr/bin/../share/yosys/xilinx/cells_sim.v:815$822'.
Found async reset \PRE in `\FDPE.$proc$/usr/bin/../share/yosys/xilinx/cells_sim.v:774$819'.
Found async reset \CLR in `\FDCE_1.$proc$/usr/bin/../share/yosys/xilinx/cells_sim.v:736$804'.
Found async reset \CLR in `\FDCE.$proc$/usr/bin/../share/yosys/xilinx/cells_sim.v:695$801'.

5.4.6. Executing PROC_ROM pass (convert switches to ROMs).
Converted 0 switches.
<suppressed ~147 debug messages>

5.4.7. Executing PROC_MUX pass (convert decision trees to multiplexers).
Creating decoders for process `\SRLC32E.$proc$/usr/bin/../share/yosys/xilinx/cells_sim.v:2405$1260'.
Creating decoders for process `\SRLC32E.$proc$/usr/bin/../share/yosys/xilinx/cells_sim.v:2413$1259'.
     1/1: $0\r[31:0]
Creating decoders for process `\SRLC16E.$proc$/usr/bin/../share/yosys/xilinx/cells_sim.v:2361$1253'.
Creating decoders for process `\SRLC16E.$proc$/usr/bin/../share/yosys/xilinx/cells_sim.v:2369$1252'.
     1/1: $0\r[15:0]
Creating decoders for process `\SRLC16.$proc$/usr/bin/../share/yosys/xilinx/cells_sim.v:2329$1246'.
Creating decoders for process `\SRLC16.$proc$/usr/bin/../share/yosys/xilinx/cells_sim.v:2332$1245'.
Creating decoders for process `\SRL16E.$proc$/usr/bin/../share/yosys/xilinx/cells_sim.v:2292$1243'.
Creating decoders for process `\SRL16E.$proc$/usr/bin/../share/yosys/xilinx/cells_sim.v:2299$1242'.
     1/1: $0\r[15:0]
Creating decoders for process `\SRL16.$proc$/usr/bin/../share/yosys/xilinx/cells_sim.v:2264$1236'.
Creating decoders for process `\SRL16.$proc$/usr/bin/../share/yosys/xilinx/cells_sim.v:2266$1235'.
Creating decoders for process `\RAM64M.$proc$/usr/bin/../share/yosys/xilinx/cells_sim.v:1980$1209'.
Creating decoders for process `\RAM64M.$proc$/usr/bin/../share/yosys/xilinx/cells_sim.v:1979$1208'.
Creating decoders for process `\RAM64M.$proc$/usr/bin/../share/yosys/xilinx/cells_sim.v:1978$1207'.
Creating decoders for process `\RAM64M.$proc$/usr/bin/../share/yosys/xilinx/cells_sim.v:1977$1206'.
Creating decoders for process `\RAM64M.$proc$/usr/bin/../share/yosys/xilinx/cells_sim.v:1986$1131'.
     1/8: $1$lookahead\mem_d$1130[63:0]$1147
     2/8: $1$bitselwrite$pos$/usr/bin/../share/yosys/xilinx/cells_sim.v:1991$1121[5:0]$1143
     3/8: $1$lookahead\mem_c$1129[63:0]$1146
     4/8: $1$bitselwrite$pos$/usr/bin/../share/yosys/xilinx/cells_sim.v:1990$1120[5:0]$1142
     5/8: $1$lookahead\mem_b$1128[63:0]$1145
     6/8: $1$bitselwrite$pos$/usr/bin/../share/yosys/xilinx/cells_sim.v:1989$1119[5:0]$1141
     7/8: $1$lookahead\mem_a$1127[63:0]$1144
     8/8: $1$bitselwrite$pos$/usr/bin/../share/yosys/xilinx/cells_sim.v:1988$1118[5:0]$1140
Creating decoders for process `\RAM32M.$proc$/usr/bin/../share/yosys/xilinx/cells_sim.v:1806$1109'.
Creating decoders for process `\RAM32M.$proc$/usr/bin/../share/yosys/xilinx/cells_sim.v:1805$1108'.
Creating decoders for process `\RAM32M.$proc$/usr/bin/../share/yosys/xilinx/cells_sim.v:1804$1107'.
Creating decoders for process `\RAM32M.$proc$/usr/bin/../share/yosys/xilinx/cells_sim.v:1803$1106'.
Creating decoders for process `\RAM32M.$proc$/usr/bin/../share/yosys/xilinx/cells_sim.v:1812$1011'.
     1/8: $1$lookahead\mem_d$1010[63:0]$1027
     2/8: $1$bitselwrite$pos$/usr/bin/../share/yosys/xilinx/cells_sim.v:1817$993[31:0]$1023
     3/8: $1$lookahead\mem_c$1009[63:0]$1026
     4/8: $1$bitselwrite$pos$/usr/bin/../share/yosys/xilinx/cells_sim.v:1816$992[31:0]$1022
     5/8: $1$lookahead\mem_b$1008[63:0]$1025
     6/8: $1$bitselwrite$pos$/usr/bin/../share/yosys/xilinx/cells_sim.v:1815$991[31:0]$1021
     7/8: $1$lookahead\mem_a$1007[63:0]$1024
     8/8: $1$bitselwrite$pos$/usr/bin/../share/yosys/xilinx/cells_sim.v:1814$990[31:0]$1020
Creating decoders for process `\RAM128X1D.$proc$/usr/bin/../share/yosys/xilinx/cells_sim.v:1712$988'.
Creating decoders for process `\RAM128X1D.$proc$/usr/bin/../share/yosys/xilinx/cells_sim.v:1716$958'.
     1/2: $1$lookahead\mem$957[127:0]$962
     2/2: $1$bitselwrite$pos$/usr/bin/../share/yosys/xilinx/cells_sim.v:1716$953[6:0]$961
Creating decoders for process `\RAM64X1D.$proc$/usr/bin/../share/yosys/xilinx/cells_sim.v:1607$951'.
Creating decoders for process `\RAM64X1D.$proc$/usr/bin/../share/yosys/xilinx/cells_sim.v:1611$921'.
     1/2: $1$lookahead\mem$920[63:0]$925
     2/2: $1$bitselwrite$pos$/usr/bin/../share/yosys/xilinx/cells_sim.v:1611$916[5:0]$924
Creating decoders for process `\RAM32X1D_1.$proc$/usr/bin/../share/yosys/xilinx/cells_sim.v:1561$915'.
Creating decoders for process `\RAM32X1D_1.$proc$/usr/bin/../share/yosys/xilinx/cells_sim.v:1565$903'.
     1/2: $1$lookahead\mem$902[31:0]$907
     2/2: $1$bitselwrite$pos$/usr/bin/../share/yosys/xilinx/cells_sim.v:1565$898[4:0]$906
Creating decoders for process `\RAM32X1D.$proc$/usr/bin/../share/yosys/xilinx/cells_sim.v:1502$897'.
Creating decoders for process `\RAM32X1D.$proc$/usr/bin/../share/yosys/xilinx/cells_sim.v:1506$873'.
     1/2: $1$lookahead\mem$872[31:0]$877
     2/2: $1$bitselwrite$pos$/usr/bin/../share/yosys/xilinx/cells_sim.v:1506$868[4:0]$876
Creating decoders for process `\FDPE_1.$proc$/usr/bin/../share/yosys/xilinx/cells_sim.v:0$825'.
Creating decoders for process `\FDPE_1.$proc$/usr/bin/../share/yosys/xilinx/cells_sim.v:815$822'.
     1/1: $0\Q[0:0]
Creating decoders for process `\FDPE.$proc$/usr/bin/../share/yosys/xilinx/cells_sim.v:0$821'.
Creating decoders for process `\FDPE.$proc$/usr/bin/../share/yosys/xilinx/cells_sim.v:774$819'.
     1/1: $0\Q[0:0]
Creating decoders for process `\FDCE_1.$proc$/usr/bin/../share/yosys/xilinx/cells_sim.v:0$807'.
Creating decoders for process `\FDCE_1.$proc$/usr/bin/../share/yosys/xilinx/cells_sim.v:736$804'.
     1/1: $0\Q[0:0]
Creating decoders for process `\FDCE.$proc$/usr/bin/../share/yosys/xilinx/cells_sim.v:0$803'.
Creating decoders for process `\FDCE.$proc$/usr/bin/../share/yosys/xilinx/cells_sim.v:695$801'.
     1/1: $0\Q[0:0]
Creating decoders for process `\FDSE_1.$proc$/usr/bin/../share/yosys/xilinx/cells_sim.v:0$789'.
Creating decoders for process `\FDSE_1.$proc$/usr/bin/../share/yosys/xilinx/cells_sim.v:592$786'.
     1/1: $0\Q[0:0]
Creating decoders for process `\FDSE.$proc$/usr/bin/../share/yosys/xilinx/cells_sim.v:0$785'.
Creating decoders for process `\FDSE.$proc$/usr/bin/../share/yosys/xilinx/cells_sim.v:559$782'.
     1/1: $0\Q[0:0]
Creating decoders for process `\FDRE_1.$proc$/usr/bin/../share/yosys/xilinx/cells_sim.v:0$767'.
Creating decoders for process `\FDRE_1.$proc$/usr/bin/../share/yosys/xilinx/cells_sim.v:527$764'.
     1/1: $0\Q[0:0]
Creating decoders for process `\FDRE.$proc$/usr/bin/../share/yosys/xilinx/cells_sim.v:0$763'.
Creating decoders for process `\FDRE.$proc$/usr/bin/../share/yosys/xilinx/cells_sim.v:494$760'.
     1/1: $0\Q[0:0]
Creating decoders for process `\adaptive_scrub_controller.$proc$rtl/adaptive_scrub_controller.v:293$188'.
     1/21: $0\previous_safe_mode_active[0:0]
     2/21: $0\state[2:0]
     3/21: $0\completed_first_pass[0:0]
     4/21: $0\pass_duration_counter[31:0]
     5/21: $0\interval_initialized[0:0]
     6/21: $0\previous_selected_interval[31:0]
     7/21: $0\current_addr[3:0]
     8/21: $0\interval_counter[31:0]
     9/21: $0\last_pass_duration[31:0]
    10/21: $0\safe_mode_entry_count[31:0]
    11/21: $0\safe_mode_cycle_count[31:0]
    12/21: $0\memory_busy_cycle_count[31:0]
    13/21: $0\scrub_active_cycle_count[31:0]
    14/21: $0\total_cycle_count[31:0]
    15/21: $0\interval_switch_count[31:0]
    16/21: $0\memory_write_count[31:0]
    17/21: $0\memory_read_count[31:0]
    18/21: $0\scrub_cycle_count[31:0]
    19/21: $0\scrub_active[0:0]
    20/21: $0\uncorrectable_error_count[31:0]
    21/21: $0\corrected_error_count[31:0]
Creating decoders for process `$paramod$0ba38a2bcf6fefd2b87fb17fc2460c7b3083d935\measured_control_estimator.$proc$rtl/measured_control_estimator.v:115$1332'.
     1/22: $10\score_to_level$func$rtl/measured_control_estimator.v:139$1324.$result[2:0]$1356
     2/22: $9\score_to_level$func$rtl/measured_control_estimator.v:139$1324.$result[2:0]$1354
     3/22: $8\score_to_level$func$rtl/measured_control_estimator.v:139$1324.$result[2:0]$1352
     4/22: $7\score_to_level$func$rtl/measured_control_estimator.v:139$1324.$result[2:0]$1350
     5/22: $6\score_to_level$func$rtl/measured_control_estimator.v:139$1324.$result[2:0]$1348
     6/22: $5\score_to_level$func$rtl/measured_control_estimator.v:139$1324.$result[2:0]$1346
     7/22: $4\score_to_level$func$rtl/measured_control_estimator.v:139$1324.$result[2:0]$1344
     8/22: $3\score_to_level$func$rtl/measured_control_estimator.v:139$1324.$result[2:0]$1341
     9/22: $3\score_to_level$func$rtl/measured_control_estimator.v:139$1324.score[31:0]$1342
    10/22: $2\score_to_level$func$rtl/measured_control_estimator.v:139$1324.score[31:0]$1338
    11/22: $2\score_to_level$func$rtl/measured_control_estimator.v:139$1324.$result[2:0]$1337
    12/22: $0\measured_ctrl_update[0:0]
    13/22: $1\score_to_level$func$rtl/measured_control_estimator.v:139$1324.score[31:0]$1336
    14/22: $1\score_to_level$func$rtl/measured_control_estimator.v:139$1324.$result[2:0]$1335
    15/22: $0\previous_uncorrectable_error_count[31:0]
    16/22: $0\previous_corrected_error_count[31:0]
    17/22: $0\measured_raw_score[31:0]
    18/22: $0\measured_uncorrectable_delta[31:0]
    19/22: $0\measured_corrected_delta[31:0]
    20/22: $0\measured_window_count[31:0]
    21/22: $0\measured_ctrl_valid[0:0]
    22/22: $0\measured_ctrl_level[2:0]
Creating decoders for process `$paramod$bb9691242f7c16163833672c3bc3501f754d7220\interval_selector.$proc$rtl/interval_selector.v:115$1323'.
     1/4: $4\selected_interval[31:0]
     2/4: $3\selected_interval[31:0]
     3/4: $2\selected_interval[31:0]
     4/4: $1\selected_interval[31:0]
Creating decoders for process `$paramod$bb9691242f7c16163833672c3bc3501f754d7220\interval_selector.$proc$rtl/interval_selector.v:52$1313'.
     1/4: $0\control_age[31:0]
     2/4: $0\threshold_state[1:0]
     3/4: $0\current_level[2:0]
     4/4: $0\safe_mode_active[0:0]
Creating decoders for process `\secded_32_39_decoder.$proc$rtl/secded_32_39_decoder.v:18$7'.
     1/103: $4\error_position[5:0]
     2/103: $4\uncorrectable[0:0]
     3/103: $4\double_error[0:0]
     4/103: $4\single_error[0:0]
     5/103: $4\codeword_corrected[38:0]
     6/103: $3\error_position[5:0]
     7/103: $3\uncorrectable[0:0]
     8/103: $3\double_error[0:0]
     9/103: $3\single_error[0:0]
    10/103: $3\codeword_corrected[38:0]
    11/103: $2\error_position[5:0]
    12/103: $2\uncorrectable[0:0]
    13/103: $2\double_error[0:0]
    14/103: $2\single_error[0:0]
    15/103: $2\codeword_corrected[38:0]
    16/103: $1\error_position[5:0]
    17/103: $1\uncorrectable[0:0]
    18/103: $1\double_error[0:0]
    19/103: $1\single_error[0:0]
    20/103: $1\codeword_corrected[38:0]
    21/103: $6\syndrome[5:0]
    22/103: $96\parity[0:0]
    23/103: $95\parity[0:0]
    24/103: $94\parity[0:0]
    25/103: $93\parity[0:0]
    26/103: $92\parity[0:0]
    27/103: $91\parity[0:0]
    28/103: $90\parity[0:0]
    29/103: $5\syndrome[5:0]
    30/103: $89\parity[0:0]
    31/103: $88\parity[0:0]
    32/103: $87\parity[0:0]
    33/103: $86\parity[0:0]
    34/103: $85\parity[0:0]
    35/103: $84\parity[0:0]
    36/103: $83\parity[0:0]
    37/103: $82\parity[0:0]
    38/103: $81\parity[0:0]
    39/103: $80\parity[0:0]
    40/103: $79\parity[0:0]
    41/103: $78\parity[0:0]
    42/103: $77\parity[0:0]
    43/103: $76\parity[0:0]
    44/103: $75\parity[0:0]
    45/103: $74\parity[0:0]
    46/103: $4\syndrome[5:0]
    47/103: $73\parity[0:0]
    48/103: $72\parity[0:0]
    49/103: $71\parity[0:0]
    50/103: $70\parity[0:0]
    51/103: $69\parity[0:0]
    52/103: $68\parity[0:0]
    53/103: $67\parity[0:0]
    54/103: $66\parity[0:0]
    55/103: $65\parity[0:0]
    56/103: $64\parity[0:0]
    57/103: $63\parity[0:0]
    58/103: $62\parity[0:0]
    59/103: $61\parity[0:0]
    60/103: $60\parity[0:0]
    61/103: $59\parity[0:0]
    62/103: $58\parity[0:0]
    63/103: $3\syndrome[5:0]
    64/103: $57\parity[0:0]
    65/103: $56\parity[0:0]
    66/103: $55\parity[0:0]
    67/103: $54\parity[0:0]
    68/103: $53\parity[0:0]
    69/103: $52\parity[0:0]
    70/103: $51\parity[0:0]
    71/103: $50\parity[0:0]
    72/103: $49\parity[0:0]
    73/103: $48\parity[0:0]
    74/103: $47\parity[0:0]
    75/103: $46\parity[0:0]
    76/103: $45\parity[0:0]
    77/103: $44\parity[0:0]
    78/103: $43\parity[0:0]
    79/103: $42\parity[0:0]
    80/103: $41\parity[0:0]
    81/103: $40\parity[0:0]
    82/103: $39\parity[0:0]
    83/103: $2\syndrome[5:0]
    84/103: $38\parity[0:0]
    85/103: $37\parity[0:0]
    86/103: $36\parity[0:0]
    87/103: $35\parity[0:0]
    88/103: $34\parity[0:0]
    89/103: $33\parity[0:0]
    90/103: $32\parity[0:0]
    91/103: $31\parity[0:0]
    92/103: $30\parity[0:0]
    93/103: $29\parity[0:0]
    94/103: $28\parity[0:0]
    95/103: $27\parity[0:0]
    96/103: $26\parity[0:0]
    97/103: $25\parity[0:0]
    98/103: $24\parity[0:0]
    99/103: $23\parity[0:0]
   100/103: $22\parity[0:0]
   101/103: $21\parity[0:0]
   102/103: $20\parity[0:0]
   103/103: $1\syndrome[5:0]

5.4.8. Executing PROC_DLATCH pass (convert process syncs to latches).
No latch inferred for signal `$paramod$bb9691242f7c16163833672c3bc3501f754d7220\interval_selector.\selected_interval' from process `$paramod$bb9691242f7c16163833672c3bc3501f754d7220\interval_selector.$proc$rtl/interval_selector.v:115$1323'.
No latch inferred for signal `\secded_32_39_decoder.\codeword_corrected' from process `\secded_32_39_decoder.$proc$rtl/secded_32_39_decoder.v:18$7'.
No latch inferred for signal `\secded_32_39_decoder.\data_out' from process `\secded_32_39_decoder.$proc$rtl/secded_32_39_decoder.v:18$7'.
No latch inferred for signal `\secded_32_39_decoder.\single_error' from process `\secded_32_39_decoder.$proc$rtl/secded_32_39_decoder.v:18$7'.
No latch inferred for signal `\secded_32_39_decoder.\double_error' from process `\secded_32_39_decoder.$proc$rtl/secded_32_39_decoder.v:18$7'.
No latch inferred for signal `\secded_32_39_decoder.\uncorrectable' from process `\secded_32_39_decoder.$proc$rtl/secded_32_39_decoder.v:18$7'.
No latch inferred for signal `\secded_32_39_decoder.\error_position' from process `\secded_32_39_decoder.$proc$rtl/secded_32_39_decoder.v:18$7'.
No latch inferred for signal `\secded_32_39_decoder.\syndrome' from process `\secded_32_39_decoder.$proc$rtl/secded_32_39_decoder.v:18$7'.
No latch inferred for signal `\secded_32_39_decoder.\overall_parity_error' from process `\secded_32_39_decoder.$proc$rtl/secded_32_39_decoder.v:18$7'.
No latch inferred for signal `\secded_32_39_decoder.\parity' from process `\secded_32_39_decoder.$proc$rtl/secded_32_39_decoder.v:18$7'.
No latch inferred for signal `\secded_32_39_decoder.\pos' from process `\secded_32_39_decoder.$proc$rtl/secded_32_39_decoder.v:18$7'.

5.4.9. Executing PROC_DFF pass (convert process syncs to FFs).
Creating register for signal `\SRLC32E.\r' using process `\SRLC32E.$proc$/usr/bin/../share/yosys/xilinx/cells_sim.v:2413$1259'.
  created $dff cell `$procdff$2272' with positive edge clock.
Creating register for signal `\SRLC16E.\r' using process `\SRLC16E.$proc$/usr/bin/../share/yosys/xilinx/cells_sim.v:2369$1252'.
  created $dff cell `$procdff$2273' with positive edge clock.
Creating register for signal `\SRLC16.\r' using process `\SRLC16.$proc$/usr/bin/../share/yosys/xilinx/cells_sim.v:2332$1245'.
  created $dff cell `$procdff$2274' with positive edge clock.
Creating register for signal `\SRL16E.\r' using process `\SRL16E.$proc$/usr/bin/../share/yosys/xilinx/cells_sim.v:2299$1242'.
  created $dff cell `$procdff$2275' with positive edge clock.
Creating register for signal `\SRL16.\r' using process `\SRL16.$proc$/usr/bin/../share/yosys/xilinx/cells_sim.v:2266$1235'.
  created $dff cell `$procdff$2276' with positive edge clock.
Creating register for signal `\RAM64M.\mem_a' using process `\RAM64M.$proc$/usr/bin/../share/yosys/xilinx/cells_sim.v:1986$1131'.
  created $dff cell `$procdff$2277' with positive edge clock.
Creating register for signal `\RAM64M.\mem_b' using process `\RAM64M.$proc$/usr/bin/../share/yosys/xilinx/cells_sim.v:1986$1131'.
  created $dff cell `$procdff$2278' with positive edge clock.
Creating register for signal `\RAM64M.\mem_c' using process `\RAM64M.$proc$/usr/bin/../share/yosys/xilinx/cells_sim.v:1986$1131'.
  created $dff cell `$procdff$2279' with positive edge clock.
Creating register for signal `\RAM64M.\mem_d' using process `\RAM64M.$proc$/usr/bin/../share/yosys/xilinx/cells_sim.v:1986$1131'.
  created $dff cell `$procdff$2280' with positive edge clock.
Creating register for signal `\RAM64M.$bitselwrite$pos$/usr/bin/../share/yosys/xilinx/cells_sim.v:1988$1118' using process `\RAM64M.$proc$/usr/bin/../share/yosys/xilinx/cells_sim.v:1986$1131'.
  created $dff cell `$procdff$2281' with positive edge clock.
Creating register for signal `\RAM64M.$bitselwrite$pos$/usr/bin/../share/yosys/xilinx/cells_sim.v:1989$1119' using process `\RAM64M.$proc$/usr/bin/../share/yosys/xilinx/cells_sim.v:1986$1131'.
  created $dff cell `$procdff$2282' with positive edge clock.
Creating register for signal `\RAM64M.$bitselwrite$pos$/usr/bin/../share/yosys/xilinx/cells_sim.v:1990$1120' using process `\RAM64M.$proc$/usr/bin/../share/yosys/xilinx/cells_sim.v:1986$1131'.
  created $dff cell `$procdff$2283' with positive edge clock.
Creating register for signal `\RAM64M.$bitselwrite$pos$/usr/bin/../share/yosys/xilinx/cells_sim.v:1991$1121' using process `\RAM64M.$proc$/usr/bin/../share/yosys/xilinx/cells_sim.v:1986$1131'.
  created $dff cell `$procdff$2284' with positive edge clock.
Creating register for signal `\RAM64M.$lookahead\mem_a$1127' using process `\RAM64M.$proc$/usr/bin/../share/yosys/xilinx/cells_sim.v:1986$1131'.
  created $dff cell `$procdff$2285' with positive edge clock.
Creating register for signal `\RAM64M.$lookahead\mem_b$1128' using process `\RAM64M.$proc$/usr/bin/../share/yosys/xilinx/cells_sim.v:1986$1131'.
  created $dff cell `$procdff$2286' with positive edge clock.
Creating register for signal `\RAM64M.$lookahead\mem_c$1129' using process `\RAM64M.$proc$/usr/bin/../share/yosys/xilinx/cells_sim.v:1986$1131'.
  created $dff cell `$procdff$2287' with positive edge clock.
Creating register for signal `\RAM64M.$lookahead\mem_d$1130' using process `\RAM64M.$proc$/usr/bin/../share/yosys/xilinx/cells_sim.v:1986$1131'.
  created $dff cell `$procdff$2288' with positive edge clock.
Creating register for signal `\RAM32M.\mem_a' using process `\RAM32M.$proc$/usr/bin/../share/yosys/xilinx/cells_sim.v:1812$1011'.
  created $dff cell `$procdff$2289' with positive edge clock.
Creating register for signal `\RAM32M.\mem_b' using process `\RAM32M.$proc$/usr/bin/../share/yosys/xilinx/cells_sim.v:1812$1011'.
  created $dff cell `$procdff$2290' with positive edge clock.
Creating register for signal `\RAM32M.\mem_c' using process `\RAM32M.$proc$/usr/bin/../share/yosys/xilinx/cells_sim.v:1812$1011'.
  created $dff cell `$procdff$2291' with positive edge clock.
Creating register for signal `\RAM32M.\mem_d' using process `\RAM32M.$proc$/usr/bin/../share/yosys/xilinx/cells_sim.v:1812$1011'.
  created $dff cell `$procdff$2292' with positive edge clock.
Creating register for signal `\RAM32M.$bitselwrite$pos$/usr/bin/../share/yosys/xilinx/cells_sim.v:1814$990' using process `\RAM32M.$proc$/usr/bin/../share/yosys/xilinx/cells_sim.v:1812$1011'.
  created $dff cell `$procdff$2293' with positive edge clock.
Creating register for signal `\RAM32M.$bitselwrite$pos$/usr/bin/../share/yosys/xilinx/cells_sim.v:1815$991' using process `\RAM32M.$proc$/usr/bin/../share/yosys/xilinx/cells_sim.v:1812$1011'.
  created $dff cell `$procdff$2294' with positive edge clock.
Creating register for signal `\RAM32M.$bitselwrite$pos$/usr/bin/../share/yosys/xilinx/cells_sim.v:1816$992' using process `\RAM32M.$proc$/usr/bin/../share/yosys/xilinx/cells_sim.v:1812$1011'.
  created $dff cell `$procdff$2295' with positive edge clock.
Creating register for signal `\RAM32M.$bitselwrite$pos$/usr/bin/../share/yosys/xilinx/cells_sim.v:1817$993' using process `\RAM32M.$proc$/usr/bin/../share/yosys/xilinx/cells_sim.v:1812$1011'.
  created $dff cell `$procdff$2296' with positive edge clock.
Creating register for signal `\RAM32M.$lookahead\mem_a$1007' using process `\RAM32M.$proc$/usr/bin/../share/yosys/xilinx/cells_sim.v:1812$1011'.
  created $dff cell `$procdff$2297' with positive edge clock.
Creating register for signal `\RAM32M.$lookahead\mem_b$1008' using process `\RAM32M.$proc$/usr/bin/../share/yosys/xilinx/cells_sim.v:1812$1011'.
  created $dff cell `$procdff$2298' with positive edge clock.
Creating register for signal `\RAM32M.$lookahead\mem_c$1009' using process `\RAM32M.$proc$/usr/bin/../share/yosys/xilinx/cells_sim.v:1812$1011'.
  created $dff cell `$procdff$2299' with positive edge clock.
Creating register for signal `\RAM32M.$lookahead\mem_d$1010' using process `\RAM32M.$proc$/usr/bin/../share/yosys/xilinx/cells_sim.v:1812$1011'.
  created $dff cell `$procdff$2300' with positive edge clock.
Creating register for signal `\RAM128X1D.\mem' using process `\RAM128X1D.$proc$/usr/bin/../share/yosys/xilinx/cells_sim.v:1716$958'.
  created $dff cell `$procdff$2301' with positive edge clock.
Creating register for signal `\RAM128X1D.$bitselwrite$pos$/usr/bin/../share/yosys/xilinx/cells_sim.v:1716$953' using process `\RAM128X1D.$proc$/usr/bin/../share/yosys/xilinx/cells_sim.v:1716$958'.
  created $dff cell `$procdff$2302' with positive edge clock.
Creating register for signal `\RAM128X1D.$lookahead\mem$957' using process `\RAM128X1D.$proc$/usr/bin/../share/yosys/xilinx/cells_sim.v:1716$958'.
  created $dff cell `$procdff$2303' with positive edge clock.
Creating register for signal `\RAM64X1D.\mem' using process `\RAM64X1D.$proc$/usr/bin/../share/yosys/xilinx/cells_sim.v:1611$921'.
  created $dff cell `$procdff$2304' with positive edge clock.
Creating register for signal `\RAM64X1D.$bitselwrite$pos$/usr/bin/../share/yosys/xilinx/cells_sim.v:1611$916' using process `\RAM64X1D.$proc$/usr/bin/../share/yosys/xilinx/cells_sim.v:1611$921'.
  created $dff cell `$procdff$2305' with positive edge clock.
Creating register for signal `\RAM64X1D.$lookahead\mem$920' using process `\RAM64X1D.$proc$/usr/bin/../share/yosys/xilinx/cells_sim.v:1611$921'.
  created $dff cell `$procdff$2306' with positive edge clock.
Creating register for signal `\RAM32X1D_1.\mem' using process `\RAM32X1D_1.$proc$/usr/bin/../share/yosys/xilinx/cells_sim.v:1565$903'.
  created $dff cell `$procdff$2307' with negative edge clock.
Creating register for signal `\RAM32X1D_1.$bitselwrite$pos$/usr/bin/../share/yosys/xilinx/cells_sim.v:1565$898' using process `\RAM32X1D_1.$proc$/usr/bin/../share/yosys/xilinx/cells_sim.v:1565$903'.
  created $dff cell `$procdff$2308' with negative edge clock.
Creating register for signal `\RAM32X1D_1.$lookahead\mem$902' using process `\RAM32X1D_1.$proc$/usr/bin/../share/yosys/xilinx/cells_sim.v:1565$903'.
  created $dff cell `$procdff$2309' with negative edge clock.
Creating register for signal `\RAM32X1D.\mem' using process `\RAM32X1D.$proc$/usr/bin/../share/yosys/xilinx/cells_sim.v:1506$873'.
  created $dff cell `$procdff$2310' with positive edge clock.
Creating register for signal `\RAM32X1D.$bitselwrite$pos$/usr/bin/../share/yosys/xilinx/cells_sim.v:1506$868' using process `\RAM32X1D.$proc$/usr/bin/../share/yosys/xilinx/cells_sim.v:1506$873'.
  created $dff cell `$procdff$2311' with positive edge clock.
Creating register for signal `\RAM32X1D.$lookahead\mem$872' using process `\RAM32X1D.$proc$/usr/bin/../share/yosys/xilinx/cells_sim.v:1506$873'.
  created $dff cell `$procdff$2312' with positive edge clock.
Creating register for signal `\FDPE_1.\Q' using process `\FDPE_1.$proc$/usr/bin/../share/yosys/xilinx/cells_sim.v:815$822'.
  created $adff cell `$procdff$2315' with negative edge clock and positive level reset.
Creating register for signal `\FDPE.\Q' using process `\FDPE.$proc$/usr/bin/../share/yosys/xilinx/cells_sim.v:774$819'.
  created $adff cell `$procdff$2318' with positive edge clock and positive level reset.
Creating register for signal `\FDCE_1.\Q' using process `\FDCE_1.$proc$/usr/bin/../share/yosys/xilinx/cells_sim.v:736$804'.
  created $adff cell `$procdff$2321' with negative edge clock and positive level reset.
Creating register for signal `\FDCE.\Q' using process `\FDCE.$proc$/usr/bin/../share/yosys/xilinx/cells_sim.v:695$801'.
  created $adff cell `$procdff$2324' with positive edge clock and positive level reset.
Creating register for signal `\FDSE_1.\Q' using process `\FDSE_1.$proc$/usr/bin/../share/yosys/xilinx/cells_sim.v:592$786'.
  created $dff cell `$procdff$2325' with negative edge clock.
Creating register for signal `\FDSE.\Q' using process `\FDSE.$proc$/usr/bin/../share/yosys/xilinx/cells_sim.v:559$782'.
  created $dff cell `$procdff$2326' with positive edge clock.
Creating register for signal `\FDRE_1.\Q' using process `\FDRE_1.$proc$/usr/bin/../share/yosys/xilinx/cells_sim.v:527$764'.
  created $dff cell `$procdff$2327' with negative edge clock.
Creating register for signal `\FDRE.\Q' using process `\FDRE.$proc$/usr/bin/../share/yosys/xilinx/cells_sim.v:494$760'.
  created $dff cell `$procdff$2328' with positive edge clock.
Creating register for signal `\adaptive_scrub_controller.\corrected_error_count' using process `\adaptive_scrub_controller.$proc$rtl/adaptive_scrub_controller.v:293$188'.
  created $dff cell `$procdff$2329' with positive edge clock.
Creating register for signal `\adaptive_scrub_controller.\uncorrectable_error_count' using process `\adaptive_scrub_controller.$proc$rtl/adaptive_scrub_controller.v:293$188'.
  created $dff cell `$procdff$2330' with positive edge clock.
Creating register for signal `\adaptive_scrub_controller.\scrub_active' using process `\adaptive_scrub_controller.$proc$rtl/adaptive_scrub_controller.v:293$188'.
  created $dff cell `$procdff$2331' with positive edge clock.
Creating register for signal `\adaptive_scrub_controller.\scrub_cycle_count' using process `\adaptive_scrub_controller.$proc$rtl/adaptive_scrub_controller.v:293$188'.
  created $dff cell `$procdff$2332' with positive edge clock.
Creating register for signal `\adaptive_scrub_controller.\memory_read_count' using process `\adaptive_scrub_controller.$proc$rtl/adaptive_scrub_controller.v:293$188'.
  created $dff cell `$procdff$2333' with positive edge clock.
Creating register for signal `\adaptive_scrub_controller.\memory_write_count' using process `\adaptive_scrub_controller.$proc$rtl/adaptive_scrub_controller.v:293$188'.
  created $dff cell `$procdff$2334' with positive edge clock.
Creating register for signal `\adaptive_scrub_controller.\interval_switch_count' using process `\adaptive_scrub_controller.$proc$rtl/adaptive_scrub_controller.v:293$188'.
  created $dff cell `$procdff$2335' with positive edge clock.
Creating register for signal `\adaptive_scrub_controller.\total_cycle_count' using process `\adaptive_scrub_controller.$proc$rtl/adaptive_scrub_controller.v:293$188'.
  created $dff cell `$procdff$2336' with positive edge clock.
Creating register for signal `\adaptive_scrub_controller.\scrub_active_cycle_count' using process `\adaptive_scrub_controller.$proc$rtl/adaptive_scrub_controller.v:293$188'.
  created $dff cell `$procdff$2337' with positive edge clock.
Creating register for signal `\adaptive_scrub_controller.\memory_busy_cycle_count' using process `\adaptive_scrub_controller.$proc$rtl/adaptive_scrub_controller.v:293$188'.
  created $dff cell `$procdff$2338' with positive edge clock.
Creating register for signal `\adaptive_scrub_controller.\safe_mode_cycle_count' using process `\adaptive_scrub_controller.$proc$rtl/adaptive_scrub_controller.v:293$188'.
  created $dff cell `$procdff$2339' with positive edge clock.
Creating register for signal `\adaptive_scrub_controller.\safe_mode_entry_count' using process `\adaptive_scrub_controller.$proc$rtl/adaptive_scrub_controller.v:293$188'.
  created $dff cell `$procdff$2340' with positive edge clock.
Creating register for signal `\adaptive_scrub_controller.\last_pass_duration' using process `\adaptive_scrub_controller.$proc$rtl/adaptive_scrub_controller.v:293$188'.
  created $dff cell `$procdff$2341' with positive edge clock.
Creating register for signal `\adaptive_scrub_controller.\state' using process `\adaptive_scrub_controller.$proc$rtl/adaptive_scrub_controller.v:293$188'.
  created $dff cell `$procdff$2342' with positive edge clock.
Creating register for signal `\adaptive_scrub_controller.\interval_counter' using process `\adaptive_scrub_controller.$proc$rtl/adaptive_scrub_controller.v:293$188'.
  created $dff cell `$procdff$2343' with positive edge clock.
Creating register for signal `\adaptive_scrub_controller.\current_addr' using process `\adaptive_scrub_controller.$proc$rtl/adaptive_scrub_controller.v:293$188'.
  created $dff cell `$procdff$2344' with positive edge clock.
Creating register for signal `\adaptive_scrub_controller.\previous_selected_interval' using process `\adaptive_scrub_controller.$proc$rtl/adaptive_scrub_controller.v:293$188'.
  created $dff cell `$procdff$2345' with positive edge clock.
Creating register for signal `\adaptive_scrub_controller.\interval_initialized' using process `\adaptive_scrub_controller.$proc$rtl/adaptive_scrub_controller.v:293$188'.
  created $dff cell `$procdff$2346' with positive edge clock.
Creating register for signal `\adaptive_scrub_controller.\previous_safe_mode_active' using process `\adaptive_scrub_controller.$proc$rtl/adaptive_scrub_controller.v:293$188'.
  created $dff cell `$procdff$2347' with positive edge clock.
Creating register for signal `\adaptive_scrub_controller.\pass_duration_counter' using process `\adaptive_scrub_controller.$proc$rtl/adaptive_scrub_controller.v:293$188'.
  created $dff cell `$procdff$2348' with positive edge clock.
Creating register for signal `\adaptive_scrub_controller.\completed_first_pass' using process `\adaptive_scrub_controller.$proc$rtl/adaptive_scrub_controller.v:293$188'.
  created $dff cell `$procdff$2349' with positive edge clock.
Creating register for signal `$paramod$0ba38a2bcf6fefd2b87fb17fc2460c7b3083d935\measured_control_estimator.\measured_ctrl_level' using process `$paramod$0ba38a2bcf6fefd2b87fb17fc2460c7b3083d935\measured_control_estimator.$proc$rtl/measured_control_estimator.v:115$1332'.
  created $dff cell `$procdff$2350' with positive edge clock.
Creating register for signal `$paramod$0ba38a2bcf6fefd2b87fb17fc2460c7b3083d935\measured_control_estimator.\measured_ctrl_valid' using process `$paramod$0ba38a2bcf6fefd2b87fb17fc2460c7b3083d935\measured_control_estimator.$proc$rtl/measured_control_estimator.v:115$1332'.
  created $dff cell `$procdff$2351' with positive edge clock.
Creating register for signal `$paramod$0ba38a2bcf6fefd2b87fb17fc2460c7b3083d935\measured_control_estimator.\measured_ctrl_update' using process `$paramod$0ba38a2bcf6fefd2b87fb17fc2460c7b3083d935\measured_control_estimator.$proc$rtl/measured_control_estimator.v:115$1332'.
  created $dff cell `$procdff$2352' with positive edge clock.
Creating register for signal `$paramod$0ba38a2bcf6fefd2b87fb17fc2460c7b3083d935\measured_control_estimator.\measured_window_count' using process `$paramod$0ba38a2bcf6fefd2b87fb17fc2460c7b3083d935\measured_control_estimator.$proc$rtl/measured_control_estimator.v:115$1332'.
  created $dff cell `$procdff$2353' with positive edge clock.
Creating register for signal `$paramod$0ba38a2bcf6fefd2b87fb17fc2460c7b3083d935\measured_control_estimator.\measured_corrected_delta' using process `$paramod$0ba38a2bcf6fefd2b87fb17fc2460c7b3083d935\measured_control_estimator.$proc$rtl/measured_control_estimator.v:115$1332'.
  created $dff cell `$procdff$2354' with positive edge clock.
Creating register for signal `$paramod$0ba38a2bcf6fefd2b87fb17fc2460c7b3083d935\measured_control_estimator.\measured_uncorrectable_delta' using process `$paramod$0ba38a2bcf6fefd2b87fb17fc2460c7b3083d935\measured_control_estimator.$proc$rtl/measured_control_estimator.v:115$1332'.
  created $dff cell `$procdff$2355' with positive edge clock.
Creating register for signal `$paramod$0ba38a2bcf6fefd2b87fb17fc2460c7b3083d935\measured_control_estimator.\measured_raw_score' using process `$paramod$0ba38a2bcf6fefd2b87fb17fc2460c7b3083d935\measured_control_estimator.$proc$rtl/measured_control_estimator.v:115$1332'.
  created $dff cell `$procdff$2356' with positive edge clock.
Creating register for signal `$paramod$0ba38a2bcf6fefd2b87fb17fc2460c7b3083d935\measured_control_estimator.\previous_corrected_error_count' using process `$paramod$0ba38a2bcf6fefd2b87fb17fc2460c7b3083d935\measured_control_estimator.$proc$rtl/measured_control_estimator.v:115$1332'.
  created $dff cell `$procdff$2357' with positive edge clock.
Creating register for signal `$paramod$0ba38a2bcf6fefd2b87fb17fc2460c7b3083d935\measured_control_estimator.\previous_uncorrectable_error_count' using process `$paramod$0ba38a2bcf6fefd2b87fb17fc2460c7b3083d935\measured_control_estimator.$proc$rtl/measured_control_estimator.v:115$1332'.
  created $dff cell `$procdff$2358' with positive edge clock.
Creating register for signal `$paramod$0ba38a2bcf6fefd2b87fb17fc2460c7b3083d935\measured_control_estimator.\score_to_level$func$rtl/measured_control_estimator.v:139$1324.$result' using process `$paramod$0ba38a2bcf6fefd2b87fb17fc2460c7b3083d935\measured_control_estimator.$proc$rtl/measured_control_estimator.v:115$1332'.
  created $dff cell `$procdff$2359' with positive edge clock.
Creating register for signal `$paramod$0ba38a2bcf6fefd2b87fb17fc2460c7b3083d935\measured_control_estimator.\score_to_level$func$rtl/measured_control_estimator.v:139$1324.score' using process `$paramod$0ba38a2bcf6fefd2b87fb17fc2460c7b3083d935\measured_control_estimator.$proc$rtl/measured_control_estimator.v:115$1332'.
  created $dff cell `$procdff$2360' with positive edge clock.
Creating register for signal `$paramod$bb9691242f7c16163833672c3bc3501f754d7220\interval_selector.\safe_mode_active' using process `$paramod$bb9691242f7c16163833672c3bc3501f754d7220\interval_selector.$proc$rtl/interval_selector.v:52$1313'.
  created $dff cell `$procdff$2361' with positive edge clock.
Creating register for signal `$paramod$bb9691242f7c16163833672c3bc3501f754d7220\interval_selector.\current_level' using process `$paramod$bb9691242f7c16163833672c3bc3501f754d7220\interval_selector.$proc$rtl/interval_selector.v:52$1313'.
  created $dff cell `$procdff$2362' with positive edge clock.
Creating register for signal `$paramod$bb9691242f7c16163833672c3bc3501f754d7220\interval_selector.\threshold_state' using process `$paramod$bb9691242f7c16163833672c3bc3501f754d7220\interval_selector.$proc$rtl/interval_selector.v:52$1313'.
  created $dff cell `$procdff$2363' with positive edge clock.
Creating register for signal `$paramod$bb9691242f7c16163833672c3bc3501f754d7220\interval_selector.\control_age' using process `$paramod$bb9691242f7c16163833672c3bc3501f754d7220\interval_selector.$proc$rtl/interval_selector.v:52$1313'.
  created $dff cell `$procdff$2364' with positive edge clock.

5.4.10. Executing PROC_MEMWR pass (convert process memory writes to cells).

5.4.11. Executing PROC_CLEAN pass (remove empty switches from decision trees).
Removing empty process `SRLC32E.$proc$/usr/bin/../share/yosys/xilinx/cells_sim.v:2405$1260'.
Found and cleaned up 1 empty switch in `\SRLC32E.$proc$/usr/bin/../share/yosys/xilinx/cells_sim.v:2413$1259'.
Removing empty process `SRLC32E.$proc$/usr/bin/../share/yosys/xilinx/cells_sim.v:2413$1259'.
Removing empty process `SRLC16E.$proc$/usr/bin/../share/yosys/xilinx/cells_sim.v:2361$1253'.
Found and cleaned up 1 empty switch in `\SRLC16E.$proc$/usr/bin/../share/yosys/xilinx/cells_sim.v:2369$1252'.
Removing empty process `SRLC16E.$proc$/usr/bin/../share/yosys/xilinx/cells_sim.v:2369$1252'.
Removing empty process `SRLC16.$proc$/usr/bin/../share/yosys/xilinx/cells_sim.v:2329$1246'.
Removing empty process `SRLC16.$proc$/usr/bin/../share/yosys/xilinx/cells_sim.v:2332$1245'.
Removing empty process `SRL16E.$proc$/usr/bin/../share/yosys/xilinx/cells_sim.v:2292$1243'.
Found and cleaned up 1 empty switch in `\SRL16E.$proc$/usr/bin/../share/yosys/xilinx/cells_sim.v:2299$1242'.
Removing empty process `SRL16E.$proc$/usr/bin/../share/yosys/xilinx/cells_sim.v:2299$1242'.
Removing empty process `SRL16.$proc$/usr/bin/../share/yosys/xilinx/cells_sim.v:2264$1236'.
Removing empty process `SRL16.$proc$/usr/bin/../share/yosys/xilinx/cells_sim.v:2266$1235'.
Removing empty process `RAM64M.$proc$/usr/bin/../share/yosys/xilinx/cells_sim.v:1980$1209'.
Removing empty process `RAM64M.$proc$/usr/bin/../share/yosys/xilinx/cells_sim.v:1979$1208'.
Removing empty process `RAM64M.$proc$/usr/bin/../share/yosys/xilinx/cells_sim.v:1978$1207'.
Removing empty process `RAM64M.$proc$/usr/bin/../share/yosys/xilinx/cells_sim.v:1977$1206'.
Found and cleaned up 1 empty switch in `\RAM64M.$proc$/usr/bin/../share/yosys/xilinx/cells_sim.v:1986$1131'.
Removing empty process `RAM64M.$proc$/usr/bin/../share/yosys/xilinx/cells_sim.v:1986$1131'.
Removing empty process `RAM32M.$proc$/usr/bin/../share/yosys/xilinx/cells_sim.v:1806$1109'.
Removing empty process `RAM32M.$proc$/usr/bin/../share/yosys/xilinx/cells_sim.v:1805$1108'.
Removing empty process `RAM32M.$proc$/usr/bin/../share/yosys/xilinx/cells_sim.v:1804$1107'.
Removing empty process `RAM32M.$proc$/usr/bin/../share/yosys/xilinx/cells_sim.v:1803$1106'.
Found and cleaned up 1 empty switch in `\RAM32M.$proc$/usr/bin/../share/yosys/xilinx/cells_sim.v:1812$1011'.
Removing empty process `RAM32M.$proc$/usr/bin/../share/yosys/xilinx/cells_sim.v:1812$1011'.
Removing empty process `RAM128X1D.$proc$/usr/bin/../share/yosys/xilinx/cells_sim.v:1712$988'.
Found and cleaned up 1 empty switch in `\RAM128X1D.$proc$/usr/bin/../share/yosys/xilinx/cells_sim.v:1716$958'.
Removing empty process `RAM128X1D.$proc$/usr/bin/../share/yosys/xilinx/cells_sim.v:1716$958'.
Removing empty process `RAM64X1D.$proc$/usr/bin/../share/yosys/xilinx/cells_sim.v:1607$951'.
Found and cleaned up 1 empty switch in `\RAM64X1D.$proc$/usr/bin/../share/yosys/xilinx/cells_sim.v:1611$921'.
Removing empty process `RAM64X1D.$proc$/usr/bin/../share/yosys/xilinx/cells_sim.v:1611$921'.
Removing empty process `RAM32X1D_1.$proc$/usr/bin/../share/yosys/xilinx/cells_sim.v:1561$915'.
Found and cleaned up 1 empty switch in `\RAM32X1D_1.$proc$/usr/bin/../share/yosys/xilinx/cells_sim.v:1565$903'.
Removing empty process `RAM32X1D_1.$proc$/usr/bin/../share/yosys/xilinx/cells_sim.v:1565$903'.
Removing empty process `RAM32X1D.$proc$/usr/bin/../share/yosys/xilinx/cells_sim.v:1502$897'.
Found and cleaned up 1 empty switch in `\RAM32X1D.$proc$/usr/bin/../share/yosys/xilinx/cells_sim.v:1506$873'.
Removing empty process `RAM32X1D.$proc$/usr/bin/../share/yosys/xilinx/cells_sim.v:1506$873'.
Removing empty process `FDPE_1.$proc$/usr/bin/../share/yosys/xilinx/cells_sim.v:0$825'.
Found and cleaned up 1 empty switch in `\FDPE_1.$proc$/usr/bin/../share/yosys/xilinx/cells_sim.v:815$822'.
Removing empty process `FDPE_1.$proc$/usr/bin/../share/yosys/xilinx/cells_sim.v:815$822'.
Removing empty process `FDPE.$proc$/usr/bin/../share/yosys/xilinx/cells_sim.v:0$821'.
Found and cleaned up 1 empty switch in `\FDPE.$proc$/usr/bin/../share/yosys/xilinx/cells_sim.v:774$819'.
Removing empty process `FDPE.$proc$/usr/bin/../share/yosys/xilinx/cells_sim.v:774$819'.
Removing empty process `FDCE_1.$proc$/usr/bin/../share/yosys/xilinx/cells_sim.v:0$807'.
Found and cleaned up 1 empty switch in `\FDCE_1.$proc$/usr/bin/../share/yosys/xilinx/cells_sim.v:736$804'.
Removing empty process `FDCE_1.$proc$/usr/bin/../share/yosys/xilinx/cells_sim.v:736$804'.
Removing empty process `FDCE.$proc$/usr/bin/../share/yosys/xilinx/cells_sim.v:0$803'.
Found and cleaned up 1 empty switch in `\FDCE.$proc$/usr/bin/../share/yosys/xilinx/cells_sim.v:695$801'.
Removing empty process `FDCE.$proc$/usr/bin/../share/yosys/xilinx/cells_sim.v:695$801'.
Removing empty process `FDSE_1.$proc$/usr/bin/../share/yosys/xilinx/cells_sim.v:0$789'.
Found and cleaned up 2 empty switches in `\FDSE_1.$proc$/usr/bin/../share/yosys/xilinx/cells_sim.v:592$786'.
Removing empty process `FDSE_1.$proc$/usr/bin/../share/yosys/xilinx/cells_sim.v:592$786'.
Removing empty process `FDSE.$proc$/usr/bin/../share/yosys/xilinx/cells_sim.v:0$785'.
Found and cleaned up 2 empty switches in `\FDSE.$proc$/usr/bin/../share/yosys/xilinx/cells_sim.v:559$782'.
Removing empty process `FDSE.$proc$/usr/bin/../share/yosys/xilinx/cells_sim.v:559$782'.
Removing empty process `FDRE_1.$proc$/usr/bin/../share/yosys/xilinx/cells_sim.v:0$767'.
Found and cleaned up 2 empty switches in `\FDRE_1.$proc$/usr/bin/../share/yosys/xilinx/cells_sim.v:527$764'.
Removing empty process `FDRE_1.$proc$/usr/bin/../share/yosys/xilinx/cells_sim.v:527$764'.
Removing empty process `FDRE.$proc$/usr/bin/../share/yosys/xilinx/cells_sim.v:0$763'.
Found and cleaned up 2 empty switches in `\FDRE.$proc$/usr/bin/../share/yosys/xilinx/cells_sim.v:494$760'.
Removing empty process `FDRE.$proc$/usr/bin/../share/yosys/xilinx/cells_sim.v:494$760'.
Found and cleaned up 15 empty switches in `\adaptive_scrub_controller.$proc$rtl/adaptive_scrub_controller.v:293$188'.
Removing empty process `adaptive_scrub_controller.$proc$rtl/adaptive_scrub_controller.v:293$188'.
Found and cleaned up 10 empty switches in `$paramod$0ba38a2bcf6fefd2b87fb17fc2460c7b3083d935\measured_control_estimator.$proc$rtl/measured_control_estimator.v:115$1332'.
Removing empty process `$paramod$0ba38a2bcf6fefd2b87fb17fc2460c7b3083d935\measured_control_estimator.$proc$rtl/measured_control_estimator.v:115$1332'.
Found and cleaned up 4 empty switches in `$paramod$bb9691242f7c16163833672c3bc3501f754d7220\interval_selector.$proc$rtl/interval_selector.v:115$1323'.
Removing empty process `$paramod$bb9691242f7c16163833672c3bc3501f754d7220\interval_selector.$proc$rtl/interval_selector.v:115$1323'.
Found and cleaned up 10 empty switches in `$paramod$bb9691242f7c16163833672c3bc3501f754d7220\interval_selector.$proc$rtl/interval_selector.v:52$1313'.
Removing empty process `$paramod$bb9691242f7c16163833672c3bc3501f754d7220\interval_selector.$proc$rtl/interval_selector.v:52$1313'.
Found and cleaned up 87 empty switches in `\secded_32_39_decoder.$proc$rtl/secded_32_39_decoder.v:18$7'.
Removing empty process `secded_32_39_decoder.$proc$rtl/secded_32_39_decoder.v:18$7'.
Cleaned up 147 empty switches.

5.4.12. Executing OPT_EXPR pass (perform const folding).
Optimizing module adaptive_scrub_controller.
<suppressed ~15 debug messages>
Optimizing module $paramod$0ba38a2bcf6fefd2b87fb17fc2460c7b3083d935\measured_control_estimator.
Optimizing module $paramod$bb9691242f7c16163833672c3bc3501f754d7220\interval_selector.
<suppressed ~8 debug messages>
Optimizing module secded_32_39_decoder.
<suppressed ~19 debug messages>

5.5. Executing FLATTEN pass (flatten design).
Deleting now unused module $paramod$0ba38a2bcf6fefd2b87fb17fc2460c7b3083d935\measured_control_estimator.
Deleting now unused module $paramod$bb9691242f7c16163833672c3bc3501f754d7220\interval_selector.
Deleting now unused module secded_32_39_decoder.
<suppressed ~3 debug messages>

5.6. Executing TRIBUF pass.

5.7. Executing DEMINOUT pass (demote inout ports to input or output).

5.8. Executing OPT_EXPR pass (perform const folding).
Optimizing module adaptive_scrub_controller.
<suppressed ~4 debug messages>

5.9. Executing OPT_CLEAN pass (remove unused cells and wires).
Finding unused cells or wires in module \adaptive_scrub_controller..
Removed 34 unused cells and 471 unused wires.
<suppressed ~36 debug messages>

5.10. Executing CHECK pass (checking for obvious problems).
Checking module adaptive_scrub_controller...
Found and reported 0 problems.

5.11. Executing OPT pass (performing simple optimizations).

5.11.1. Executing OPT_EXPR pass (perform const folding).
Optimizing module adaptive_scrub_controller.

5.11.2. Executing OPT_MERGE pass (detect identical cells).
Finding identical cells in module `\adaptive_scrub_controller'.
<suppressed ~132 debug messages>
Removed a total of 44 cells.

5.11.3. Executing OPT_MUXTREE pass (detect dead branches in mux trees).
Running muxtree optimizer on module \adaptive_scrub_controller..
  Creating internal representation of mux trees.
  Evaluating internal representation of mux trees.
      Replacing known input bits on port B of cell $procmux$1520: \interval_initialized -> 1'1
  Analyzing evaluation results.
    dead port 1/2 on $mux $flatten\decoder_inst.$procmux$2083.
    dead port 1/2 on $mux $flatten\decoder_inst.$procmux$2086.
    dead port 2/2 on $mux $flatten\decoder_inst.$procmux$2101.
    dead port 1/2 on $mux $flatten\decoder_inst.$procmux$2104.
    dead port 2/2 on $mux $flatten\decoder_inst.$procmux$2118.
    dead port 1/2 on $mux $flatten\decoder_inst.$procmux$2121.
    dead port 2/2 on $mux $flatten\decoder_inst.$procmux$2127.
    dead port 1/2 on $mux $flatten\decoder_inst.$procmux$2130.
    dead port 1/2 on $mux $flatten\decoder_inst.$procmux$2142.
    dead port 1/2 on $mux $flatten\decoder_inst.$procmux$2154.
    dead port 1/2 on $mux $flatten\decoder_inst.$procmux$2160.
    dead port 2/2 on $mux $flatten\interval_selector_inst.$procmux$1954.
    dead port 1/2 on $mux $flatten\interval_selector_inst.$procmux$1957.
    dead port 2/2 on $mux $flatten\interval_selector_inst.$procmux$1970.
    dead port 1/2 on $mux $flatten\interval_selector_inst.$procmux$1973.
    dead port 1/2 on $mux $flatten\interval_selector_inst.$procmux$1981.
    dead port 1/2 on $mux $flatten\measured_control_estimator_inst.$procmux$1690.
    dead port 1/2 on $mux $flatten\measured_control_estimator_inst.$procmux$1693.
    dead port 1/2 on $mux $flatten\measured_control_estimator_inst.$procmux$1696.
    dead port 1/2 on $mux $flatten\measured_control_estimator_inst.$procmux$1699.
    dead port 1/2 on $mux $flatten\measured_control_estimator_inst.$procmux$1702.
    dead port 1/2 on $mux $flatten\measured_control_estimator_inst.$procmux$1705.
    dead port 2/2 on $mux $flatten\measured_control_estimator_inst.$procmux$1707.
    dead port 2/2 on $mux $flatten\measured_control_estimator_inst.$procmux$1709.
    dead port 1/2 on $mux $flatten\measured_control_estimator_inst.$procmux$1712.
    dead port 1/2 on $mux $flatten\measured_control_estimator_inst.$procmux$1720.
    dead port 1/2 on $mux $flatten\measured_control_estimator_inst.$procmux$1723.
    dead port 1/2 on $mux $flatten\measured_control_estimator_inst.$procmux$1726.
    dead port 1/2 on $mux $flatten\measured_control_estimator_inst.$procmux$1729.
    dead port 1/2 on $mux $flatten\measured_control_estimator_inst.$procmux$1732.
    dead port 2/2 on $mux $flatten\measured_control_estimator_inst.$procmux$1734.
    dead port 2/2 on $mux $flatten\measured_control_estimator_inst.$procmux$1736.
    dead port 1/2 on $mux $flatten\measured_control_estimator_inst.$procmux$1739.
    dead port 1/2 on $mux $flatten\measured_control_estimator_inst.$procmux$1747.
    dead port 1/2 on $mux $flatten\measured_control_estimator_inst.$procmux$1750.
    dead port 1/2 on $mux $flatten\measured_control_estimator_inst.$procmux$1753.
    dead port 1/2 on $mux $flatten\measured_control_estimator_inst.$procmux$1756.
    dead port 2/2 on $mux $flatten\measured_control_estimator_inst.$procmux$1758.
    dead port 2/2 on $mux $flatten\measured_control_estimator_inst.$procmux$1760.
    dead port 1/2 on $mux $flatten\measured_control_estimator_inst.$procmux$1763.
    dead port 1/2 on $mux $flatten\measured_control_estimator_inst.$procmux$1771.
    dead port 1/2 on $mux $flatten\measured_control_estimator_inst.$procmux$1774.
    dead port 1/2 on $mux $flatten\measured_control_estimator_inst.$procmux$1777.
    dead port 2/2 on $mux $flatten\measured_control_estimator_inst.$procmux$1779.
    dead port 2/2 on $mux $flatten\measured_control_estimator_inst.$procmux$1781.
    dead port 1/2 on $mux $flatten\measured_control_estimator_inst.$procmux$1784.
    dead port 1/2 on $mux $flatten\measured_control_estimator_inst.$procmux$1792.
    dead port 1/2 on $mux $flatten\measured_control_estimator_inst.$procmux$1795.
    dead port 2/2 on $mux $flatten\measured_control_estimator_inst.$procmux$1797.
    dead port 2/2 on $mux $flatten\measured_control_estimator_inst.$procmux$1799.
    dead port 1/2 on $mux $flatten\measured_control_estimator_inst.$procmux$1802.
    dead port 1/2 on $mux $flatten\measured_control_estimator_inst.$procmux$1810.
    dead port 2/2 on $mux $flatten\measured_control_estimator_inst.$procmux$1812.
    dead port 2/2 on $mux $flatten\measured_control_estimator_inst.$procmux$1814.
    dead port 1/2 on $mux $flatten\measured_control_estimator_inst.$procmux$1817.
    dead port 2/2 on $mux $flatten\measured_control_estimator_inst.$procmux$1824.
    dead port 2/2 on $mux $flatten\measured_control_estimator_inst.$procmux$1826.
    dead port 1/2 on $mux $flatten\measured_control_estimator_inst.$procmux$1829.
    dead port 1/2 on $mux $flatten\decoder_inst.$procmux$2056.
    dead port 1/2 on $mux $flatten\decoder_inst.$procmux$2059.
    dead port 1/2 on $mux $flatten\decoder_inst.$procmux$2074.
    dead port 1/2 on $mux $flatten\decoder_inst.$procmux$2077.
Removed 62 multiplexer ports.
<suppressed ~46 debug messages>

5.11.4. Executing OPT_REDUCE pass (consolidate $*mux and $reduce_* inputs).
  Optimizing cells in module \adaptive_scrub_controller.
    New ctrl vector for $pmux cell $procmux$1502: { $procmux$1487_CMP $auto$opt_reduce.cc:137:opt_pmux$2371 $procmux$1493_CMP }
    New ctrl vector for $pmux cell $procmux$1538: { $procmux$1473_CMP $auto$opt_reduce.cc:137:opt_pmux$2373 }
    New ctrl vector for $pmux cell $procmux$1641: { $procmux$1487_CMP $auto$opt_reduce.cc:137:opt_pmux$2375 $procmux$1493_CMP }
  Optimizing cells in module \adaptive_scrub_controller.
Performed a total of 4 changes.

5.11.5. Executing OPT_MERGE pass (detect identical cells).
Finding identical cells in module `\adaptive_scrub_controller'.
<suppressed ~3 debug messages>
Removed a total of 1 cells.

5.11.6. Executing OPT_DFF pass (perform DFF optimizations).

5.11.7. Executing OPT_CLEAN pass (remove unused cells and wires).
Finding unused cells or wires in module \adaptive_scrub_controller..
Removed 0 unused cells and 112 unused wires.
<suppressed ~5 debug messages>

5.11.8. Executing OPT_EXPR pass (perform const folding).
Optimizing module adaptive_scrub_controller.

5.11.9. Rerunning OPT passes. (Maybe there is more to do..)

5.11.10. Executing OPT_MUXTREE pass (detect dead branches in mux trees).
Running muxtree optimizer on module \adaptive_scrub_controller..
  Creating internal representation of mux trees.
  Evaluating internal representation of mux trees.
  Analyzing evaluation results.
Removed 0 multiplexer ports.
<suppressed ~46 debug messages>

5.11.11. Executing OPT_REDUCE pass (consolidate $*mux and $reduce_* inputs).
  Optimizing cells in module \adaptive_scrub_controller.
Performed a total of 0 changes.

5.11.12. Executing OPT_MERGE pass (detect identical cells).
Finding identical cells in module `\adaptive_scrub_controller'.
Removed a total of 0 cells.

5.11.13. Executing OPT_DFF pass (perform DFF optimizations).

5.11.14. Executing OPT_CLEAN pass (remove unused cells and wires).
Finding unused cells or wires in module \adaptive_scrub_controller..

5.11.15. Executing OPT_EXPR pass (perform const folding).
Optimizing module adaptive_scrub_controller.

5.11.16. Finished OPT passes. (There is nothing left to do.)

5.12. Executing FSM pass (extract and optimize FSM).

5.12.1. Executing FSM_DETECT pass (finding FSMs in design).
Not marking adaptive_scrub_controller.interval_selector_inst.threshold_state as FSM state register:
    Register is connected to module port.
    Users of register don't seem to benefit from recoding.
Not marking adaptive_scrub_controller.measured_control_estimator_inst.measured_ctrl_level as FSM state register:
    Register is connected to module port.
    Users of register don't seem to benefit from recoding.
Found FSM state register adaptive_scrub_controller.state.

5.12.2. Executing FSM_EXTRACT pass (extracting FSM from design).
Extracting FSM `\state' from module `\adaptive_scrub_controller'.
  found $dff cell for state register: $procdff$2342
  root of input selection tree: $0\state[2:0]
  found reset state: 3'000 (guessed from mux tree)
  found ctrl input: \rst
  found ctrl input: $procmux$1473_CMP
  found ctrl input: \mem_write_en
  found ctrl input: $procmux$1478_CMP
  found ctrl input: $procmux$1479_CMP
  found ctrl input: \mem_read_en
  found ctrl input: $procmux$1487_CMP
  found state code: 3'000
  found ctrl input: $eq$rtl/adaptive_scrub_controller.v:436$213_Y
  found state code: 3'001
  found state code: 3'110
  found state code: 3'101
  found ctrl input: \decoder_inst.single_error
  found state code: 3'100
  found state code: 3'011
  found state code: 3'010
  found ctrl input: \enable
  found ctrl input: $ge$rtl/adaptive_scrub_controller.v:384$202_Y
  found ctrl output: \mem_read_en
  found ctrl output: \mem_write_en
  found ctrl output: $procmux$1473_CMP
  found ctrl output: $procmux$1478_CMP
  found ctrl output: $procmux$1479_CMP
  found ctrl output: $procmux$1487_CMP
  found ctrl output: $procmux$1493_CMP
  ctrl inputs: { \decoder_inst.single_error $eq$rtl/adaptive_scrub_controller.v:436$213_Y $ge$rtl/adaptive_scrub_controller.v:384$202_Y \enable \rst }
  ctrl outputs: { $procmux$1493_CMP $procmux$1487_CMP $procmux$1479_CMP $procmux$1478_CMP $procmux$1473_CMP $0\state[2:0] \mem_write_en \mem_read_en }
  transition:      3'000 5'---00 ->      3'000 10'0100000000
  transition:      3'000 5'--010 ->      3'000 10'0100000000
  transition:      3'000 5'--110 ->      3'001 10'0100000100
  transition:      3'000 5'----1 ->      3'000 10'0100000000
  transition:      3'100 5'----0 ->      3'101 10'0000010110
  transition:      3'100 5'----1 ->      3'000 10'0000000010
  transition:      3'010 5'----0 ->      3'011 10'0010001100
  transition:      3'010 5'----1 ->      3'000 10'0010000000
  transition:      3'110 5'----0 ->      3'000 10'1000000000
  transition:      3'110 5'----1 ->      3'000 10'1000000000
  transition:      3'001 5'----0 ->      3'010 10'0000001001
  transition:      3'001 5'----1 ->      3'000 10'0000000001
  transition:      3'101 5'-0--0 ->      3'001 10'0000100100
  transition:      3'101 5'-1--0 ->      3'110 10'0000111000
  transition:      3'101 5'----1 ->      3'000 10'0000100000
  transition:      3'011 5'0---0 ->      3'101 10'0001010100
  transition:      3'011 5'1---0 ->      3'100 10'0001010000
  transition:      3'011 5'----1 ->      3'000 10'0001000000

5.12.3. Executing FSM_OPT pass (simple optimizations of FSMs).
Optimizing FSM `$fsm$\state$2376' from module `\adaptive_scrub_controller'.
  Merging pattern 5'----0 and 5'----1 from group (3 0 10'1000000000).
  Merging pattern 5'----1 and 5'----0 from group (3 0 10'1000000000).

5.12.4. Executing OPT_CLEAN pass (remove unused cells and wires).
Finding unused cells or wires in module \adaptive_scrub_controller..
Removed 14 unused cells and 14 unused wires.
<suppressed ~15 debug messages>

5.12.5. Executing FSM_OPT pass (simple optimizations of FSMs).
Optimizing FSM `$fsm$\state$2376' from module `\adaptive_scrub_controller'.
  Removing unused output signal $0\state[2:0] [0].
  Removing unused output signal $0\state[2:0] [1].
  Removing unused output signal $0\state[2:0] [2].

5.12.6. Executing FSM_RECODE pass (re-assigning FSM state encoding).
Recoding FSM `$fsm$\state$2376' from module `\adaptive_scrub_controller' using `auto' encoding:
  mapping auto encoding to `one-hot` for this FSM.
  000 -> ------1
  100 -> -----1-
  010 -> ----1--
  110 -> ---1---
  001 -> --1----
  101 -> -1-----
  011 -> 1------

5.12.7. Executing FSM_INFO pass (dumping all available information on FSM cells).

FSM `$fsm$\state$2376' from module `adaptive_scrub_controller':
-------------------------------------

  Information on FSM $fsm$\state$2376 (\state):

  Number of input signals:    5
  Number of output signals:   7
  Number of state bits:       7

  Input signals:
    0: \rst
    1: \enable
    2: $ge$rtl/adaptive_scrub_controller.v:384$202_Y
    3: $eq$rtl/adaptive_scrub_controller.v:436$213_Y
    4: \decoder_inst.single_error

  Output signals:
    0: \mem_read_en
    1: \mem_write_en
    2: $procmux$1473_CMP
    3: $procmux$1478_CMP
    4: $procmux$1479_CMP
    5: $procmux$1487_CMP
    6: $procmux$1493_CMP

  State encoding:
    0:  7'------1  <RESET STATE>
    1:  7'-----1-
    2:  7'----1--
    3:  7'---1---
    4:  7'--1----
    5:  7'-1-----
    6:  7'1------

  Transition Table (state_in, ctrl_in, state_out, ctrl_out):
      0:     0 5'---00   ->     0 7'0100000
      1:     0 5'--010   ->     0 7'0100000
      2:     0 5'----1   ->     0 7'0100000
      3:     0 5'--110   ->     4 7'0100000
      4:     1 5'----1   ->     0 7'0000010
      5:     1 5'----0   ->     5 7'0000010
      6:     2 5'----1   ->     0 7'0010000
      7:     2 5'----0   ->     6 7'0010000
      8:     3 5'-----   ->     0 7'1000000
      9:     4 5'----1   ->     0 7'0000001
     10:     4 5'----0   ->     2 7'0000001
     11:     5 5'----1   ->     0 7'0000100
     12:     5 5'-1--0   ->     3 7'0000100
     13:     5 5'-0--0   ->     4 7'0000100
     14:     6 5'----1   ->     0 7'0001000
     15:     6 5'1---0   ->     1 7'0001000
     16:     6 5'0---0   ->     5 7'0001000

-------------------------------------

5.12.8. Executing FSM_MAP pass (mapping FSMs to basic logic).
Mapping FSM `$fsm$\state$2376' from module `\adaptive_scrub_controller'.

5.13. Executing OPT pass (performing simple optimizations).

5.13.1. Executing OPT_EXPR pass (perform const folding).
Optimizing module adaptive_scrub_controller.
<suppressed ~7 debug messages>

5.13.2. Executing OPT_MERGE pass (detect identical cells).
Finding identical cells in module `\adaptive_scrub_controller'.
<suppressed ~6 debug messages>
Removed a total of 2 cells.

5.13.3. Executing OPT_MUXTREE pass (detect dead branches in mux trees).
Running muxtree optimizer on module \adaptive_scrub_controller..
  Creating internal representation of mux trees.
  Evaluating internal representation of mux trees.
  Analyzing evaluation results.
Removed 0 multiplexer ports.
<suppressed ~45 debug messages>

5.13.4. Executing OPT_REDUCE pass (consolidate $*mux and $reduce_* inputs).
  Optimizing cells in module \adaptive_scrub_controller.
Performed a total of 0 changes.

5.13.5. Executing OPT_MERGE pass (detect identical cells).
Finding identical cells in module `\adaptive_scrub_controller'.
Removed a total of 0 cells.

5.13.6. Executing OPT_DFF pass (perform DFF optimizations).
Adding SRST signal on $procdff$2349 ($dff) from module adaptive_scrub_controller (D = $procmux$1492_Y, Q = \completed_first_pass, rval = 1'0).
Adding EN signal on $auto$ff.cc:266:slice$2434 ($sdff) from module adaptive_scrub_controller (D = $procmux$1492_Y, Q = \completed_first_pass).
Adding SRST signal on $procdff$2348 ($dff) from module adaptive_scrub_controller (D = $procmux$1502_Y, Q = \pass_duration_counter, rval = 0).
Adding EN signal on $auto$ff.cc:266:slice$2442 ($sdff) from module adaptive_scrub_controller (D = $procmux$1502_Y, Q = \pass_duration_counter).
Adding SRST signal on $procdff$2347 ($dff) from module adaptive_scrub_controller (D = \interval_selector_inst.safe_mode_active, Q = \previous_safe_mode_active, rval = 1'0).
Adding SRST signal on $procdff$2346 ($dff) from module adaptive_scrub_controller (D = $procmux$1522_Y, Q = \interval_initialized, rval = 1'0).
Adding EN signal on $auto$ff.cc:266:slice$2451 ($sdff) from module adaptive_scrub_controller (D = 1'1, Q = \interval_initialized).
Adding SRST signal on $procdff$2345 ($dff) from module adaptive_scrub_controller (D = $procmux$1532_Y, Q = \previous_selected_interval, rval = 0).
Adding EN signal on $auto$ff.cc:266:slice$2453 ($sdff) from module adaptive_scrub_controller (D = $procmux$1530_Y, Q = \previous_selected_interval).
Adding SRST signal on $procdff$2344 ($dff) from module adaptive_scrub_controller (D = $procmux$1538_Y, Q = \current_addr, rval = 4'0000).
Adding EN signal on $auto$ff.cc:266:slice$2459 ($sdff) from module adaptive_scrub_controller (D = $procmux$1538_Y, Q = \current_addr).
Adding SRST signal on $procdff$2343 ($dff) from module adaptive_scrub_controller (D = $procmux$1561_Y, Q = \interval_counter, rval = 0).
Adding EN signal on $auto$ff.cc:266:slice$2467 ($sdff) from module adaptive_scrub_controller (D = $procmux$1559_Y, Q = \interval_counter).
Adding SRST signal on $procdff$2341 ($dff) from module adaptive_scrub_controller (D = $procmux$1567_Y, Q = \last_pass_duration, rval = 0).
Adding EN signal on $auto$ff.cc:266:slice$2469 ($sdff) from module adaptive_scrub_controller (D = $add$rtl/adaptive_scrub_controller.v:398$204_Y, Q = \last_pass_duration).
Adding SRST signal on $procdff$2340 ($dff) from module adaptive_scrub_controller (D = $procmux$1574_Y, Q = \safe_mode_entry_count, rval = 0).
Adding EN signal on $auto$ff.cc:266:slice$2471 ($sdff) from module adaptive_scrub_controller (D = $add$rtl/adaptive_scrub_controller.v:351$196_Y, Q = \safe_mode_entry_count).
Adding SRST signal on $procdff$2339 ($dff) from module adaptive_scrub_controller (D = $procmux$1581_Y, Q = \safe_mode_cycle_count, rval = 0).
Adding EN signal on $auto$ff.cc:266:slice$2475 ($sdff) from module adaptive_scrub_controller (D = $add$rtl/adaptive_scrub_controller.v:347$193_Y, Q = \safe_mode_cycle_count).
Adding SRST signal on $procdff$2338 ($dff) from module adaptive_scrub_controller (D = $procmux$1588_Y, Q = \memory_busy_cycle_count, rval = 0).
Adding EN signal on $auto$ff.cc:266:slice$2479 ($sdff) from module adaptive_scrub_controller (D = $add$rtl/adaptive_scrub_controller.v:343$192_Y, Q = \memory_busy_cycle_count).
Adding SRST signal on $procdff$2337 ($dff) from module adaptive_scrub_controller (D = $procmux$1595_Y, Q = \scrub_active_cycle_count, rval = 0).
Adding EN signal on $auto$ff.cc:266:slice$2483 ($sdff) from module adaptive_scrub_controller (D = $add$rtl/adaptive_scrub_controller.v:339$190_Y, Q = \scrub_active_cycle_count).
Adding SRST signal on $procdff$2336 ($dff) from module adaptive_scrub_controller (D = $procmux$1600_Y, Q = \total_cycle_count, rval = 0).
Adding EN signal on $auto$ff.cc:266:slice$2487 ($sdff) from module adaptive_scrub_controller (D = $add$rtl/adaptive_scrub_controller.v:336$189_Y, Q = \total_cycle_count).
Adding SRST signal on $procdff$2335 ($dff) from module adaptive_scrub_controller (D = $procmux$1610_Y, Q = \interval_switch_count, rval = 0).
Adding EN signal on $auto$ff.cc:266:slice$2489 ($sdff) from module adaptive_scrub_controller (D = $add$rtl/adaptive_scrub_controller.v:366$199_Y, Q = \interval_switch_count).
Adding SRST signal on $procdff$2334 ($dff) from module adaptive_scrub_controller (D = $procmux$1618_Y, Q = \memory_write_count, rval = 0).
Adding EN signal on $auto$ff.cc:266:slice$2493 ($sdff) from module adaptive_scrub_controller (D = $add$rtl/adaptive_scrub_controller.v:428$211_Y, Q = \memory_write_count).
Adding SRST signal on $procdff$2333 ($dff) from module adaptive_scrub_controller (D = $procmux$1629_Y, Q = \memory_read_count, rval = 0).
Adding EN signal on $auto$ff.cc:266:slice$2495 ($sdff) from module adaptive_scrub_controller (D = $add$rtl/adaptive_scrub_controller.v:399$205_Y, Q = \memory_read_count).
Adding SRST signal on $procdff$2332 ($dff) from module adaptive_scrub_controller (D = $procmux$1635_Y, Q = \scrub_cycle_count, rval = 0).
Adding EN signal on $auto$ff.cc:266:slice$2497 ($sdff) from module adaptive_scrub_controller (D = $add$rtl/adaptive_scrub_controller.v:446$215_Y, Q = \scrub_cycle_count).
Adding SRST signal on $procdff$2331 ($dff) from module adaptive_scrub_controller (D = $procmux$1641_Y, Q = \scrub_active, rval = 1'0).
Adding EN signal on $auto$ff.cc:266:slice$2499 ($sdff) from module adaptive_scrub_controller (D = $procmux$1641_Y, Q = \scrub_active).
Adding SRST signal on $procdff$2330 ($dff) from module adaptive_scrub_controller (D = $procmux$1667_Y, Q = \uncorrectable_error_count, rval = 0).
Adding EN signal on $auto$ff.cc:266:slice$2503 ($sdff) from module adaptive_scrub_controller (D = $add$rtl/adaptive_scrub_controller.v:418$209_Y, Q = \uncorrectable_error_count).
Adding SRST signal on $procdff$2329 ($dff) from module adaptive_scrub_controller (D = $procmux$1679_Y, Q = \corrected_error_count, rval = 0).
Adding EN signal on $auto$ff.cc:266:slice$2509 ($sdff) from module adaptive_scrub_controller (D = $add$rtl/adaptive_scrub_controller.v:414$208_Y, Q = \corrected_error_count).
Adding SRST signal on $flatten\measured_control_estimator_inst.$procdff$2358 ($dff) from module adaptive_scrub_controller (D = $flatten\measured_control_estimator_inst.$procmux$1880_Y, Q = \measured_control_estimator_inst.previous_uncorrectable_error_count, rval = 0).
Adding EN signal on $auto$ff.cc:266:slice$2513 ($sdff) from module adaptive_scrub_controller (D = \uncorrectable_error_count, Q = \measured_control_estimator_inst.previous_uncorrectable_error_count).
Adding SRST signal on $flatten\measured_control_estimator_inst.$procdff$2357 ($dff) from module adaptive_scrub_controller (D = $flatten\measured_control_estimator_inst.$procmux$1889_Y, Q = \measured_control_estimator_inst.previous_corrected_error_count, rval = 0).
Adding EN signal on $auto$ff.cc:266:slice$2517 ($sdff) from module adaptive_scrub_controller (D = \corrected_error_count, Q = \measured_control_estimator_inst.previous_corrected_error_count).
Adding SRST signal on $flatten\measured_control_estimator_inst.$procdff$2356 ($dff) from module adaptive_scrub_controller (D = $flatten\measured_control_estimator_inst.$procmux$1898_Y, Q = \measured_control_estimator_inst.measured_raw_score, rval = 0).
Adding EN signal on $auto$ff.cc:266:slice$2521 ($sdff) from module adaptive_scrub_controller (D = \measured_control_estimator_inst.raw_score_saturated, Q = \measured_control_estimator_inst.measured_raw_score).
Adding SRST signal on $flatten\measured_control_estimator_inst.$procdff$2355 ($dff) from module adaptive_scrub_controller (D = $flatten\measured_control_estimator_inst.$procmux$1907_Y, Q = \measured_control_estimator_inst.measured_uncorrectable_delta, rval = 0).
Adding EN signal on $auto$ff.cc:266:slice$2525 ($sdff) from module adaptive_scrub_controller (D = \measured_control_estimator_inst.uncorrectable_delta_wire, Q = \measured_control_estimator_inst.measured_uncorrectable_delta).
Adding SRST signal on $flatten\measured_control_estimator_inst.$procdff$2354 ($dff) from module adaptive_scrub_controller (D = $flatten\measured_control_estimator_inst.$procmux$1916_Y, Q = \measured_control_estimator_inst.measured_corrected_delta, rval = 0).
Adding EN signal on $auto$ff.cc:266:slice$2529 ($sdff) from module adaptive_scrub_controller (D = \measured_control_estimator_inst.corrected_delta_wire, Q = \measured_control_estimator_inst.measured_corrected_delta).
Adding SRST signal on $flatten\measured_control_estimator_inst.$procdff$2353 ($dff) from module adaptive_scrub_controller (D = $flatten\measured_control_estimator_inst.$procmux$1925_Y, Q = \measured_control_estimator_inst.measured_window_count, rval = 0).
Adding EN signal on $auto$ff.cc:266:slice$2533 ($sdff) from module adaptive_scrub_controller (D = $flatten\measured_control_estimator_inst.$procmux$1923_Y, Q = \measured_control_estimator_inst.measured_window_count).
Adding SRST signal on $flatten\measured_control_estimator_inst.$procdff$2352 ($dff) from module adaptive_scrub_controller (D = $flatten\measured_control_estimator_inst.$procmux$1863_Y, Q = \measured_control_estimator_inst.measured_ctrl_update, rval = 1'0).
Adding SRST signal on $flatten\measured_control_estimator_inst.$procdff$2351 ($dff) from module adaptive_scrub_controller (D = $flatten\measured_control_estimator_inst.$procmux$1934_Y, Q = \measured_control_estimator_inst.measured_ctrl_valid, rval = 1'0).
Adding EN signal on $auto$ff.cc:266:slice$2540 ($sdff) from module adaptive_scrub_controller (D = 1'1, Q = \measured_control_estimator_inst.measured_ctrl_valid).
Adding SRST signal on $flatten\measured_control_estimator_inst.$procdff$2350 ($dff) from module adaptive_scrub_controller (D = $flatten\measured_control_estimator_inst.$procmux$1943_Y, Q = \measured_control_estimator_inst.measured_ctrl_level, rval = 3'000).
Adding EN signal on $auto$ff.cc:266:slice$2544 ($sdff) from module adaptive_scrub_controller (D = $flatten\measured_control_estimator_inst.$4\score_to_level$func$rtl/measured_control_estimator.v:139$1324.$result[2:0]$1344, Q = \measured_control_estimator_inst.measured_ctrl_level).
Adding SRST signal on $flatten\interval_selector_inst.$procdff$2364 ($dff) from module adaptive_scrub_controller (D = $flatten\interval_selector_inst.$procmux$1986_Y, Q = \interval_selector_inst.control_age, rval = 0).
Adding EN signal on $auto$ff.cc:266:slice$2548 ($sdff) from module adaptive_scrub_controller (D = $flatten\interval_selector_inst.$add$rtl/interval_selector.v:106$1321_Y, Q = \interval_selector_inst.control_age).
Adding SRST signal on $flatten\interval_selector_inst.$procdff$2363 ($dff) from module adaptive_scrub_controller (D = $flatten\interval_selector_inst.$procmux$2015_Y, Q = \interval_selector_inst.threshold_state, rval = 2'00).
Adding EN signal on $auto$ff.cc:266:slice$2554 ($sdff) from module adaptive_scrub_controller (D = $flatten\interval_selector_inst.$procmux$2002_Y, Q = \interval_selector_inst.threshold_state).
Adding SRST signal on $flatten\interval_selector_inst.$procdff$2362 ($dff) from module adaptive_scrub_controller (D = $flatten\interval_selector_inst.$procmux$2024_Y, Q = \interval_selector_inst.current_level, rval = 3'000).
Adding EN signal on $auto$ff.cc:266:slice$2560 ($sdff) from module adaptive_scrub_controller (D = \interval_selector_inst.ctrl_level, Q = \interval_selector_inst.current_level).
Adding SRST signal on $flatten\interval_selector_inst.$procdff$2361 ($dff) from module adaptive_scrub_controller (D = $flatten\interval_selector_inst.$procmux$2032_Y, Q = \interval_selector_inst.safe_mode_active, rval = 1'0).
Adding EN signal on $auto$ff.cc:266:slice$2566 ($sdff) from module adaptive_scrub_controller (D = 1'1, Q = \interval_selector_inst.safe_mode_active).

5.13.7. Executing OPT_CLEAN pass (remove unused cells and wires).
Finding unused cells or wires in module \adaptive_scrub_controller..
Removed 83 unused cells and 94 unused wires.
<suppressed ~84 debug messages>

5.13.8. Executing OPT_EXPR pass (perform const folding).
Optimizing module adaptive_scrub_controller.
<suppressed ~4 debug messages>

5.13.9. Rerunning OPT passes. (Maybe there is more to do..)

5.13.10. Executing OPT_MUXTREE pass (detect dead branches in mux trees).
Running muxtree optimizer on module \adaptive_scrub_controller..
  Creating internal representation of mux trees.
  Evaluating internal representation of mux trees.
  Analyzing evaluation results.
Removed 0 multiplexer ports.
<suppressed ~22 debug messages>

5.13.11. Executing OPT_REDUCE pass (consolidate $*mux and $reduce_* inputs).
  Optimizing cells in module \adaptive_scrub_controller.
Performed a total of 0 changes.

5.13.12. Executing OPT_MERGE pass (detect identical cells).
Finding identical cells in module `\adaptive_scrub_controller'.
<suppressed ~36 debug messages>
Removed a total of 12 cells.

5.13.13. Executing OPT_DFF pass (perform DFF optimizations).

5.13.14. Executing OPT_CLEAN pass (remove unused cells and wires).
Finding unused cells or wires in module \adaptive_scrub_controller..
Removed 0 unused cells and 12 unused wires.
<suppressed ~1 debug messages>

5.13.15. Executing OPT_EXPR pass (perform const folding).
Optimizing module adaptive_scrub_controller.

5.13.16. Rerunning OPT passes. (Maybe there is more to do..)

5.13.17. Executing OPT_MUXTREE pass (detect dead branches in mux trees).
Running muxtree optimizer on module \adaptive_scrub_controller..
  Creating internal representation of mux trees.
  Evaluating internal representation of mux trees.
  Analyzing evaluation results.
Removed 0 multiplexer ports.
<suppressed ~22 debug messages>

5.13.18. Executing OPT_REDUCE pass (consolidate $*mux and $reduce_* inputs).
  Optimizing cells in module \adaptive_scrub_controller.
Performed a total of 0 changes.

5.13.19. Executing OPT_MERGE pass (detect identical cells).
Finding identical cells in module `\adaptive_scrub_controller'.
Removed a total of 0 cells.

5.13.20. Executing OPT_DFF pass (perform DFF optimizations).

5.13.21. Executing OPT_CLEAN pass (remove unused cells and wires).
Finding unused cells or wires in module \adaptive_scrub_controller..

5.13.22. Executing OPT_EXPR pass (perform const folding).
Optimizing module adaptive_scrub_controller.

5.13.23. Finished OPT passes. (There is nothing left to do.)

5.14. Executing WREDUCE pass (reducing word size of cells).
Removed top 31 bits (of 32) from port B of cell adaptive_scrub_controller.$add$rtl/adaptive_scrub_controller.v:336$189 ($add).
Removed top 31 bits (of 32) from port B of cell adaptive_scrub_controller.$add$rtl/adaptive_scrub_controller.v:339$190 ($add).
Removed top 31 bits (of 32) from port B of cell adaptive_scrub_controller.$add$rtl/adaptive_scrub_controller.v:343$192 ($add).
Removed top 31 bits (of 32) from port B of cell adaptive_scrub_controller.$add$rtl/adaptive_scrub_controller.v:347$193 ($add).
Removed top 31 bits (of 32) from port B of cell adaptive_scrub_controller.$add$rtl/adaptive_scrub_controller.v:351$196 ($add).
Removed top 31 bits (of 32) from port B of cell adaptive_scrub_controller.$add$rtl/adaptive_scrub_controller.v:366$199 ($add).
Removed top 31 bits (of 32) from port B of cell adaptive_scrub_controller.$add$rtl/adaptive_scrub_controller.v:384$201 ($add).
Removed top 31 bits (of 32) from port B of cell adaptive_scrub_controller.$add$rtl/adaptive_scrub_controller.v:398$204 ($add).
Removed top 31 bits (of 32) from port B of cell adaptive_scrub_controller.$add$rtl/adaptive_scrub_controller.v:399$205 ($add).
Removed top 31 bits (of 32) from port B of cell adaptive_scrub_controller.$add$rtl/adaptive_scrub_controller.v:414$208 ($add).
Removed top 31 bits (of 32) from port B of cell adaptive_scrub_controller.$add$rtl/adaptive_scrub_controller.v:418$209 ($add).
Removed top 31 bits (of 32) from port B of cell adaptive_scrub_controller.$add$rtl/adaptive_scrub_controller.v:428$211 ($add).
Removed top 3 bits (of 4) from port B of cell adaptive_scrub_controller.$add$rtl/adaptive_scrub_controller.v:439$214 ($add).
Removed top 31 bits (of 32) from port B of cell adaptive_scrub_controller.$add$rtl/adaptive_scrub_controller.v:446$215 ($add).
Removed top 1 bits (of 3) from port B of cell adaptive_scrub_controller.$auto$fsm_map.cc:77:implement_pattern_cache$2394 ($eq).
Removed top 1 bits (of 2) from port B of cell adaptive_scrub_controller.$auto$opt_dff.cc:195:make_patterns_logic$2456 ($ne).
Removed top 2 bits (of 3) from mux cell adaptive_scrub_controller.$flatten\measured_control_estimator_inst.$procmux$1687 ($mux).
Removed top 28 bits (of 32) from port B of cell adaptive_scrub_controller.$flatten\measured_control_estimator_inst.$ge$rtl/measured_control_estimator.v:107$1355 ($ge).
Removed top 27 bits (of 32) from port B of cell adaptive_scrub_controller.$flatten\measured_control_estimator_inst.$ge$rtl/measured_control_estimator.v:105$1353 ($ge).
Removed top 26 bits (of 32) from port B of cell adaptive_scrub_controller.$flatten\measured_control_estimator_inst.$ge$rtl/measured_control_estimator.v:103$1351 ($ge).
Removed top 26 bits (of 32) from port B of cell adaptive_scrub_controller.$flatten\measured_control_estimator_inst.$ge$rtl/measured_control_estimator.v:101$1349 ($ge).
Removed top 25 bits (of 32) from port B of cell adaptive_scrub_controller.$flatten\measured_control_estimator_inst.$ge$rtl/measured_control_estimator.v:99$1347 ($ge).
Removed top 25 bits (of 32) from port B of cell adaptive_scrub_controller.$flatten\measured_control_estimator_inst.$ge$rtl/measured_control_estimator.v:97$1345 ($ge).
Removed top 25 bits (of 32) from port B of cell adaptive_scrub_controller.$flatten\measured_control_estimator_inst.$ge$rtl/measured_control_estimator.v:95$1343 ($ge).
Removed top 17 bits (of 32) from port B of cell adaptive_scrub_controller.$flatten\measured_control_estimator_inst.$ge$rtl/measured_control_estimator.v:132$1340 ($ge).
Removed top 31 bits (of 32) from port B of cell adaptive_scrub_controller.$flatten\measured_control_estimator_inst.$add$rtl/measured_control_estimator.v:132$1339 ($add).
Removed top 31 bits (of 64) from port A of cell adaptive_scrub_controller.$flatten\measured_control_estimator_inst.$add$rtl/measured_control_estimator.v:85$1329 ($add).
Removed top 32 bits (of 64) from port B of cell adaptive_scrub_controller.$flatten\measured_control_estimator_inst.$add$rtl/measured_control_estimator.v:85$1329 ($add).
Removed top 30 bits (of 64) from port Y of cell adaptive_scrub_controller.$flatten\measured_control_estimator_inst.$add$rtl/measured_control_estimator.v:85$1329 ($add).
Removed top 1 bits (of 2) from mux cell adaptive_scrub_controller.$flatten\interval_selector_inst.$procmux$2012 ($mux).
Removed top 1 bits (of 2) from mux cell adaptive_scrub_controller.$flatten\interval_selector_inst.$procmux$2005 ($mux).
Removed top 1 bits (of 2) from port B of cell adaptive_scrub_controller.$flatten\interval_selector_inst.$procmux$1971_CMP0 ($eq).
Removed top 2 bits (of 3) from port B of cell adaptive_scrub_controller.$flatten\interval_selector_inst.$procmux$1968_CMP0 ($eq).
Removed top 1 bits (of 3) from port B of cell adaptive_scrub_controller.$flatten\interval_selector_inst.$procmux$1967_CMP0 ($eq).
Removed top 1 bits (of 3) from port B of cell adaptive_scrub_controller.$flatten\interval_selector_inst.$procmux$1966_CMP0 ($eq).
Removed top 1 bits (of 2) from port B of cell adaptive_scrub_controller.$flatten\interval_selector_inst.$procmux$1952_CMP0 ($eq).
Removed top 31 bits (of 32) from port B of cell adaptive_scrub_controller.$flatten\interval_selector_inst.$add$rtl/interval_selector.v:106$1321 ($add).
Removed top 38 bits (of 39) from port A of cell adaptive_scrub_controller.$flatten\decoder_inst.$shl$rtl/secded_32_39_decoder.v:124$119 ($shl).
Removed top 5 bits (of 6) from port B of cell adaptive_scrub_controller.$flatten\decoder_inst.$sub$rtl/secded_32_39_decoder.v:124$118 ($sub).
Removed top 1 bits (of 6) from mux cell adaptive_scrub_controller.$flatten\decoder_inst.$procmux$2188 ($mux).
Removed top 2 bits (of 6) from mux cell adaptive_scrub_controller.$flatten\decoder_inst.$procmux$2207 ($mux).
Removed top 3 bits (of 6) from mux cell adaptive_scrub_controller.$flatten\decoder_inst.$procmux$2226 ($mux).
Removed top 4 bits (of 6) from mux cell adaptive_scrub_controller.$flatten\decoder_inst.$procmux$2248 ($mux).
Removed top 5 bits (of 6) from mux cell adaptive_scrub_controller.$flatten\decoder_inst.$procmux$2270 ($mux).
Removed top 5 bits (of 6) from wire adaptive_scrub_controller.$flatten\decoder_inst.$1\syndrome[5:0].
Removed top 4 bits (of 6) from wire adaptive_scrub_controller.$flatten\decoder_inst.$2\syndrome[5:0].
Removed top 3 bits (of 6) from wire adaptive_scrub_controller.$flatten\decoder_inst.$3\syndrome[5:0].
Removed top 2 bits (of 6) from wire adaptive_scrub_controller.$flatten\decoder_inst.$4\syndrome[5:0].
Removed top 1 bits (of 6) from wire adaptive_scrub_controller.$flatten\decoder_inst.$5\syndrome[5:0].
Removed top 1 bits (of 2) from wire adaptive_scrub_controller.$flatten\interval_selector_inst.$procmux$2005_Y.
Removed top 1 bits (of 2) from wire adaptive_scrub_controller.$flatten\interval_selector_inst.$procmux$2012_Y.
Removed top 2 bits (of 3) from wire adaptive_scrub_controller.$flatten\measured_control_estimator_inst.$10\score_to_level$func$rtl/measured_control_estimator.v:139$1324.$result[2:0]$1356.

5.15. Executing PEEPOPT pass (run peephole optimizers).

5.16. Executing OPT_CLEAN pass (remove unused cells and wires).
Finding unused cells or wires in module \adaptive_scrub_controller..
Removed 0 unused cells and 8 unused wires.
<suppressed ~1 debug messages>

5.17. Executing PMUX2SHIFTX pass.
Inspecting $pmux cell adaptive_scrub_controller/$flatten\interval_selector_inst.$procmux$1950.
  data width: 32 (next power-of-2 = 32, log2 = 5)
  checking ctrl signal \interval_selector_inst.threshold_state
    best permutation: \interval_selector_inst.threshold_state
    best xor mask: 2'00
      0: 2'10 -> 2'10 -> 2'10: \threshold_high_interval
      1: 2'01 -> 2'01 -> 2'01: \threshold_medium_interval
      2: 2'00 -> 2'00 -> 2'00: \threshold_low_interval
    choices: 3
    min choice: 0
    max choice: 2
    range density: 100%
    absolute density: 100%
    full density: 75%
    update to full case.
    new min choice: 0
    new max choice: 3
    full case: true
    created $shiftx cell $auto$pmux2shiftx.cc:712:execute$2581.
Inspecting $pmux cell adaptive_scrub_controller/$flatten\interval_selector_inst.$procmux$1961.
  data width: 32 (next power-of-2 = 32, log2 = 5)
  checking ctrl signal \interval_selector_inst.current_level
    best permutation: \interval_selector_inst.current_level
    best xor mask: 3'000
      0: 3'111 -> 3'111 -> 3'111: \level7_interval
      1: 3'110 -> 3'110 -> 3'110: \level6_interval
      2: 3'101 -> 3'101 -> 3'101: \level5_interval
      3: 3'100 -> 3'100 -> 3'100: \level4_interval
      4: 3'011 -> 3'011 -> 3'011: \level3_interval
      5: 3'010 -> 3'010 -> 3'010: \level2_interval
      6: 3'001 -> 3'001 -> 3'001: \level1_interval
      7: 3'000 -> 3'000 -> 3'000: \level0_interval
    choices: 8
    min choice: 0
    max choice: 7
    range density: 100%
    absolute density: 100%
    full density: 100%
    update to full case.
    new min choice: 0
    new max choice: 7
    full case: true
    created $shiftx cell $auto$pmux2shiftx.cc:712:execute$2583.
Inspecting $pmux cell adaptive_scrub_controller/$flatten\interval_selector_inst.$procmux$1976.
  data width: 32 (next power-of-2 = 32, log2 = 5)
  checking ctrl signal \interval_selector_inst.mode
    best permutation: \interval_selector_inst.mode
    best xor mask: 2'00
      0: 2'10 -> 2'10 -> 2'10: $flatten\interval_selector_inst.$4\selected_interval[31:0]
      1: 2'01 -> 2'01 -> 2'01: $flatten\interval_selector_inst.$3\selected_interval[31:0]
      2: 2'00 -> 2'00 -> 2'00: \fixed_interval
    choices: 3
    min choice: 0
    max choice: 2
    range density: 100%
    absolute density: 100%
    full density: 75%
    update to full case.
    new min choice: 0
    new max choice: 3
    full case: true
    created $shiftx cell $auto$pmux2shiftx.cc:712:execute$2585.
Inspecting $pmux cell adaptive_scrub_controller/$flatten\interval_selector_inst.$procmux$2002.
  data width: 2 (next power-of-2 = 2, log2 = 1)
  checking ctrl signal \interval_selector_inst.threshold_state
    best permutation: \interval_selector_inst.threshold_state
    best xor mask: 2'00
      0: 2'10 -> 2'10 -> 2'10: $flatten\interval_selector_inst.$procmux$2000_Y
      1: 2'01 -> 2'01 -> 2'01: $flatten\interval_selector_inst.$procmux$2008_Y
      2: 2'00 -> 2'00 -> 2'00: { 1'0 $auto$wreduce.cc:514:run$2578 [0] }
    choices: 3
    min choice: 0
    max choice: 2
    range density: 100%
    absolute density: 100%
    full density: 75%
    update to full case.
    new min choice: 0
    new max choice: 3
    full case: true
    created $shiftx cell $auto$pmux2shiftx.cc:712:execute$2587.
Removed 14 unused cells and 14 unused wires.

5.18. Executing MEMORY_DFF pass (merging $dff cells to $memrd).

5.19. Executing TECHMAP pass (map to technology primitives).

5.19.1. Executing Verilog-2005 frontend: /usr/bin/../share/yosys/mul2dsp.v
Parsing Verilog input from `/usr/bin/../share/yosys/mul2dsp.v' to AST representation.
Generating RTLIL representation for module `\_80_mul'.
Generating RTLIL representation for module `\_90_soft_mul'.
Successfully finished Verilog frontend.

5.19.2. Executing Verilog-2005 frontend: /usr/bin/../share/yosys/xilinx/xc7_dsp_map.v
Parsing Verilog input from `/usr/bin/../share/yosys/xilinx/xc7_dsp_map.v' to AST representation.
Generating RTLIL representation for module `\$__MUL25X18'.
Successfully finished Verilog frontend.

5.19.3. Continuing TECHMAP pass.
No more expansions possible.
<suppressed ~5 debug messages>

5.20. Executing OPT_EXPR pass (perform const folding).

5.21. Executing WREDUCE pass (reducing word size of cells).

5.22. Executing XILINX_DSP pass (pack resources into DSPs).

5.23. Executing TECHMAP pass (map to technology primitives).

5.23.1. Executing Verilog-2005 frontend: /usr/bin/../share/yosys/cmp2lut.v
Parsing Verilog input from `/usr/bin/../share/yosys/cmp2lut.v' to AST representation.
Generating RTLIL representation for module `\_90_lut_cmp_'.
Successfully finished Verilog frontend.

5.23.2. Executing Verilog-2005 frontend: /usr/bin/../share/yosys/cmp2lcu.v
Parsing Verilog input from `/usr/bin/../share/yosys/cmp2lcu.v' to AST representation.
Generating RTLIL representation for module `\_80_lcu_cmp_'.
Generating RTLIL representation for module `\$__CMP2LCU'.
Successfully finished Verilog frontend.

5.23.3. Continuing TECHMAP pass.
Using template $paramod$6e8819634dba5cdc7e697381ffbfdedbca1d79d1\_80_lcu_cmp_ for cells of type $le.
Using template $paramod$f783a44f10e10a34a7cf5ebde1db72ed4c3eaf9b\_80_lcu_cmp_ for cells of type $ge.
Using template $paramod$fbd3b813641125203744dd69661de0665d219185\_80_lcu_cmp_ for cells of type $ge.
Using template $paramod$bd923dd1e4dbc03d7fad54e49e919a85d415341c\_80_lcu_cmp_ for cells of type $ge.
Using template $paramod$66bd3758d1ed042db44bc5ef0bb00e91c222aa67\_80_lcu_cmp_ for cells of type $ge.
Using template $paramod$0ceca1d8735788841a61d688e5960959889e8505\_80_lcu_cmp_ for cells of type $ge.
Using template $paramod$73bb982b7bd7be726392bfad4e4b3b17f77c7d80\_80_lcu_cmp_ for cells of type $ge.
Using template $paramod$e6918366009196fc23ed7ba126c7b50a9c15f003\_80_lcu_cmp_ for cells of type $gt.
Using template $paramod$3069faf56c7035515a13499db07fbec81a68c7f4\_80_lcu_cmp_ for cells of type $le.
Using template $paramod$f6897d0e7652978ed884a6b5aa0446bfbef5f56c\_80_lcu_cmp_ for cells of type $ge.
Using template $paramod$d656af39af942aa747e236aff23160bd86094663\_80_lcu_cmp_ for cells of type $le.
Using template $paramod$563250f4040fc01753bb1ff1494e60afafc45d57\$__CMP2LCU for cells of type $__CMP2LCU.
Using template $paramod$f7d5d0eedf5abf60dacbca37e1f70863b34bd030\$__CMP2LCU for cells of type $__CMP2LCU.
Using template $paramod$bc4e7a197c4827eacacb178e0c4ffeff99983a62\$__CMP2LCU for cells of type $__CMP2LCU.
Using template $paramod$93c97b1572d2f12c8cdccd75a64ff4f42db668ed\_80_lcu_cmp_ for cells of type $ge.
Using template $paramod$ea1141854b9c0a406903f0ae5e71e241dfa716ac\$__CMP2LCU for cells of type $__CMP2LCU.
Using template $paramod$40cfd7382004e7c7b7df6c752c5a7db3c62c5349\$__CMP2LCU for cells of type $__CMP2LCU.
Using template $paramod$1fc177d0c9899157d1b4b67104d82998f7c99c6b\$__CMP2LCU for cells of type $__CMP2LCU.
Using template $paramod$958da947ad772c98b8a2e7e1053efaef6cbfa6db\$__CMP2LCU for cells of type $__CMP2LCU.
Using template $paramod$b2b14417c9c830d873e3b42df8b76dc18f967295\$__CMP2LCU for cells of type $__CMP2LCU.
Using template $paramod$60013674c5043b2962efeaca8783ff93a368c244\$__CMP2LCU for cells of type $__CMP2LCU.
Using template $paramod$15f9ccc80271d61c14a57a37433c1af0584c95f4\$__CMP2LCU for cells of type $__CMP2LCU.
Using template $paramod$5128cb6dd44b023f769c54e1a970d0052e9c7bf2\$__CMP2LCU for cells of type $__CMP2LCU.
Using template $paramod$c20b45813777a4ebff00b2178e7bf0278837b929\$__CMP2LCU for cells of type $__CMP2LCU.
Using template $paramod$e7426c5ca1c8016023e050789e28d0e9b26d1c07\$__CMP2LCU for cells of type $__CMP2LCU.
Using template $paramod$646f152cb774c76644f69434f700b23ef6670efe\$__CMP2LCU for cells of type $__CMP2LCU.
Using template $paramod$b07f4499f2901f3d50ae3a891afd3a24c29afa8a\$__CMP2LCU for cells of type $__CMP2LCU.
Using template $paramod$2c393f1ef053e60503daf5d0320a830ba0fd874e\$__CMP2LCU for cells of type $__CMP2LCU.
Using template $paramod$681d857642e9e3a0c6c51299fb40d48f939b9bfa\$__CMP2LCU for cells of type $__CMP2LCU.
Using template $paramod$4690411ccd02a17b1db2dc5b2a96ad5124292dda\$__CMP2LCU for cells of type $__CMP2LCU.
Using template $paramod$16c1bb8ffea125824085fad1015a88f7fede3823\$__CMP2LCU for cells of type $__CMP2LCU.
Using template $paramod$daa2fc1eda5d26b37adca5378a6dcb7cc2c670eb\$__CMP2LCU for cells of type $__CMP2LCU.
Using template $paramod$ef984a50d8a8b64b59f288442c7a64e9536e611a\$__CMP2LCU for cells of type $__CMP2LCU.
Using template $paramod$f7205ba83260b2c1023a0cdb99dff9665becdd8f\$__CMP2LCU for cells of type $__CMP2LCU.
Using template $paramod$4af460228d8da41a4b494363cec2e3547f801948\$__CMP2LCU for cells of type $__CMP2LCU.
Using template $paramod$15991d3cf7cdb91e60324631b7780a239738aaee\$__CMP2LCU for cells of type $__CMP2LCU.
Using template $paramod$bd6969c0909603decbfe0257cccc385465f418d8\$__CMP2LCU for cells of type $__CMP2LCU.
Using template $paramod$911c209fc808d6e81e4d6d4f56304d6c5823b16e\$__CMP2LCU for cells of type $__CMP2LCU.
Using template $paramod$f4a82366df2fd8e590db68d24990a9827774520a\$__CMP2LCU for cells of type $__CMP2LCU.
Using template $paramod$32c8a2f4982ca753df3846a72fa473a587db00b7\$__CMP2LCU for cells of type $__CMP2LCU.
Using template $paramod$41293d2ce2ee9bc2d9333428e9a69e02fbf44b34\$__CMP2LCU for cells of type $__CMP2LCU.
Using template $paramod$be1158db8171952627f4222fda787206ff0e5f23\$__CMP2LCU for cells of type $__CMP2LCU.
Using template $paramod$f69b44520f0f2b15157a0336277b85e7de94a7ca\$__CMP2LCU for cells of type $__CMP2LCU.
Using template $paramod$041aa5e7f50730218ea42ebc906c2fdcb4f14736\$__CMP2LCU for cells of type $__CMP2LCU.
Using template $paramod$352b94cc7b0218229c069276014e31d726dce2e0\$__CMP2LCU for cells of type $__CMP2LCU.
Using template $paramod$ac1363851be138939c56adb3b42751049902957b\$__CMP2LCU for cells of type $__CMP2LCU.
Using template $paramod$ef291593d40b02bbdd0181bfb84d08a1e057c755\$__CMP2LCU for cells of type $__CMP2LCU.
Using template $paramod$3c0046fec62e26b660142940f014e7b0fc1cdc78\$__CMP2LCU for cells of type $__CMP2LCU.
Using template $paramod$53f039dd28cb6071aa24593750d0c0e5535f6ea9\$__CMP2LCU for cells of type $__CMP2LCU.
Using template $paramod$012f2d0cd52af9a48dc57d0f8c1a749176ad03eb\$__CMP2LCU for cells of type $__CMP2LCU.
Using template $paramod$3fbe19e458b0c1ae3c50182e1875eee2250573b0\$__CMP2LCU for cells of type $__CMP2LCU.
Using template $paramod$147d0dc2035c5835762204e24ab1512b7d70664e\$__CMP2LCU for cells of type $__CMP2LCU.
Using template $paramod$d099e244dd9b0dc93097962eebedbf7ecb6a1f1e\$__CMP2LCU for cells of type $__CMP2LCU.
Using template $paramod$659c7aacf2906ad3f7f987d26e939daf352acf6a\$__CMP2LCU for cells of type $__CMP2LCU.
Using template $paramod$60146fbcdfd669b991c3d7ca8f127e01fbc8818e\$__CMP2LCU for cells of type $__CMP2LCU.
Using template $paramod$c09a13df41210ae2e868a14b7f4da0019e55b9f6\$__CMP2LCU for cells of type $__CMP2LCU.
Using template $paramod$2165ceea3698585bb2b79495db2e3f56c7bebc94\$__CMP2LCU for cells of type $__CMP2LCU.
Using template $paramod$44f4f6c65bd15938247178eefdc9012ec3ede4b2\$__CMP2LCU for cells of type $__CMP2LCU.
Using template $paramod$2149c6cf41348acdc0ea8c0f309b12db6b6f8c70\$__CMP2LCU for cells of type $__CMP2LCU.
Using template $paramod$6a40ba38f7ab90aa20a1a7dd0985a695307aec2f\$__CMP2LCU for cells of type $__CMP2LCU.
Using template $paramod$dd3df63d43f90eb47e81a11e92d66fb7368ac0c2\$__CMP2LCU for cells of type $__CMP2LCU.
Using template $paramod$508213505aabe6105f9b3afe99d667bc7255fe5d\$__CMP2LCU for cells of type $__CMP2LCU.
Using template $paramod$a4457c35b81d6afb2533d49cedb1d3c9e9be70f1\$__CMP2LCU for cells of type $__CMP2LCU.
Using template $paramod$9bca1ffb3717f0fcf69c0c5861cd89073d2a4962\$__CMP2LCU for cells of type $__CMP2LCU.
Using template $paramod$c8ce2b1d789c04379ee16593d08a9ccaf2d4a220\$__CMP2LCU for cells of type $__CMP2LCU.
Using template $paramod$26d4c01f77c5eee2f85f3a5690a11ba75057b9fb\$__CMP2LCU for cells of type $__CMP2LCU.
Using template $paramod$2d0b3c9bff3ce7dfc731fae291466eae1f78bb1a\$__CMP2LCU for cells of type $__CMP2LCU.
Using template $paramod$e5b366943cc9c6868e553495bbe1b56dc162fe28\$__CMP2LCU for cells of type $__CMP2LCU.
Using template $paramod$532dd41f8f01688c32395cc5538baef0410aa7c4\$__CMP2LCU for cells of type $__CMP2LCU.
Using template $paramod$b23e10ade99f55f727fc77aa8c967c8392cd4073\$__CMP2LCU for cells of type $__CMP2LCU.
Using template $paramod$3a78ae448bd5c87887a9637f133b1084df0801a7\$__CMP2LCU for cells of type $__CMP2LCU.
Using template $paramod$a5aac38c0c78da641def3907b5d6f8900a75ee21\$__CMP2LCU for cells of type $__CMP2LCU.
Using template $paramod$0d2a06bd5acbf69c26af64c44477e2a6b2b23d46\$__CMP2LCU for cells of type $__CMP2LCU.
Using template $paramod$b9b57395dea2b26f0732d980e245a01722ac7b7b\$__CMP2LCU for cells of type $__CMP2LCU.
Using template $paramod$d067a74ab341348ea39b1668ae76e10433749846\$__CMP2LCU for cells of type $__CMP2LCU.
Using template $paramod$2095237edda55575a7704c23ba6da8a54bf25765\$__CMP2LCU for cells of type $__CMP2LCU.
Using template $paramod$4bc8fdb6ad574c0987fa96d30cdee338e105d7c2\$__CMP2LCU for cells of type $__CMP2LCU.
Using template $paramod$a08b9d4c03b69a3165526b398374284b5a02b2f5\$__CMP2LCU for cells of type $__CMP2LCU.
Using template $paramod$03cd7cc08c2cad692096d273cf6cc67f4eb2b28a\$__CMP2LCU for cells of type $__CMP2LCU.
Using template $paramod$8f92327b54c73ea9fcbec75de0555df5b740cc0d\$__CMP2LCU for cells of type $__CMP2LCU.
Using template $paramod$f7d70b1217da71a4d895ed47b2a0eed646188352\$__CMP2LCU for cells of type $__CMP2LCU.
Using template $paramod$6b1343ee50da2e047ae90af7069b4f66f128845b\$__CMP2LCU for cells of type $__CMP2LCU.
Using template $paramod$88c30cd2a72a23f47f3d899717f782dd03fa163c\$__CMP2LCU for cells of type $__CMP2LCU.
Using template $paramod$3659adbd8e02a4bd26846e45857d5fd34952744e\$__CMP2LCU for cells of type $__CMP2LCU.
Using template $paramod$93ae2cb4a54e0537f2058f295b3d6cfc873fac0c\$__CMP2LCU for cells of type $__CMP2LCU.
Using template $paramod$6a74e7cf8e651a2716b075beb645b75ad4ec94a0\$__CMP2LCU for cells of type $__CMP2LCU.
Using template $paramod$aa8bd6a36b2350b48a45e896bb31ba7e150d2486\$__CMP2LCU for cells of type $__CMP2LCU.
Using template $paramod$ed8bcd2c2578dbed537f7e9a42648811519bb35e\$__CMP2LCU for cells of type $__CMP2LCU.
Using template $paramod$4eaee49cc82f7ae80c48946f15c1416c10ad3c8a\$__CMP2LCU for cells of type $__CMP2LCU.
Using template $paramod$eb05f50ce596e0e69760f8beceb95de31dec869f\$__CMP2LCU for cells of type $__CMP2LCU.
Using template $paramod$b2ef429676f52d7464723d2eda90791036601f4b\$__CMP2LCU for cells of type $__CMP2LCU.
Using template $paramod$664b06fa09ef54d9d31f8c96564ae19cb73d9809\$__CMP2LCU for cells of type $__CMP2LCU.
Using template $paramod$a8e8c3ee2b39770e4a1bc645204b84bb4f552634\$__CMP2LCU for cells of type $__CMP2LCU.
Using template $paramod$a7a7609e593ba65bdf21d945c46f7fa946d4560e\$__CMP2LCU for cells of type $__CMP2LCU.
Using template $paramod$ed875251c3fd4c06528ae537b3273ac25c2eaa4f\$__CMP2LCU for cells of type $__CMP2LCU.
Using template $paramod$c5790189c6207d0e2ae9d6439b2df7ad5ba9583f\$__CMP2LCU for cells of type $__CMP2LCU.
Using template $paramod$3d7ba60e5202d04d9b6710ed52b618766251cc30\$__CMP2LCU for cells of type $__CMP2LCU.
Using template $paramod$594c57c1fab06aa502a33414a7dd9e30228287c0\$__CMP2LCU for cells of type $__CMP2LCU.
Using template $paramod$d2f81044f6c39102b25b0f7b13df830c1c048bf9\$__CMP2LCU for cells of type $__CMP2LCU.
Using template $paramod$6198341220385c3ad4b0790e0cb5fd190db74ab1\$__CMP2LCU for cells of type $__CMP2LCU.
Using template $paramod$8726e33cf289d628836acffbd0a7fbdc4822787e\$__CMP2LCU for cells of type $__CMP2LCU.
Using template $paramod$599041d7e9a0b44e47f109749faac9293e510356\$__CMP2LCU for cells of type $__CMP2LCU.
Using template $paramod$59374afeada380843a78228bd79a208ba392e03e\$__CMP2LCU for cells of type $__CMP2LCU.
Using template $paramod$5e26cd707ce6cb68e260e10c1df19359b5a03a81\$__CMP2LCU for cells of type $__CMP2LCU.
Using template $paramod$377ae03436b77feedd8153a32cddd2f7c0b5fd19\$__CMP2LCU for cells of type $__CMP2LCU.
Using template $paramod$16c72c2a08a4ab96984f43691a05ec9731790bd6\$__CMP2LCU for cells of type $__CMP2LCU.
Using template $paramod$7c2d3d81e44cb45813ef376c979a6ce959d98b41\$__CMP2LCU for cells of type $__CMP2LCU.
Using template $paramod$d335b07457fb547084f4410c1b9cac59016b3f41\$__CMP2LCU for cells of type $__CMP2LCU.
Using template $paramod$40b3283fbbf556b98b998eeef72e5379b8e530c9\$__CMP2LCU for cells of type $__CMP2LCU.
Using template $paramod$d7edf18ba4185834fcebdc8207875c2a9c585833\$__CMP2LCU for cells of type $__CMP2LCU.
Using template $paramod$c13d66bb0cb97a56a4ed2e39ecf9d888c0db4687\$__CMP2LCU for cells of type $__CMP2LCU.
Using template $paramod$532d6c7f80b99720327ec13f4bed15f8f67aacfb\$__CMP2LCU for cells of type $__CMP2LCU.
Using template $paramod$ec5594a0d5ad3e75f69162db0530b56f54c21098\$__CMP2LCU for cells of type $__CMP2LCU.
Using template $paramod$9f5eee08493225dc075f1e373617c8095dbfc58f\$__CMP2LCU for cells of type $__CMP2LCU.
Using template $paramod$22b9e785c2004c4a545c7cab1fee7209f997dd0c\$__CMP2LCU for cells of type $__CMP2LCU.
Using template $paramod$22ad9e870fce2ed4c73360e1e10e53ea53e46dc6\$__CMP2LCU for cells of type $__CMP2LCU.
Using template $paramod$615160aed7836bd7dd51187c458487a9cd57bdd7\$__CMP2LCU for cells of type $__CMP2LCU.
Using template $paramod$179b082bc7786a89b161f05a9b7e5969ee13e674\$__CMP2LCU for cells of type $__CMP2LCU.
Using template $paramod$5cbc37e78d31e3419cda21799dceac98a3a5b553\$__CMP2LCU for cells of type $__CMP2LCU.
Using template $paramod$e18f65b3504bb3fdc3a554ece006f77425bca8e2\$__CMP2LCU for cells of type $__CMP2LCU.
Using template $paramod$3d8f7392cec5557a1cad387bb58877ea2643c3ad\$__CMP2LCU for cells of type $__CMP2LCU.
Using template $paramod$c86bc95425acf0b5e900c6d9085057595e5eb151\$__CMP2LCU for cells of type $__CMP2LCU.
Using template $paramod$d9904d1231e61f022350ec6d9d90520f60177a5e\$__CMP2LCU for cells of type $__CMP2LCU.
Using template $paramod$54929c58fd4b27b386173e02adec81c53681bff0\$__CMP2LCU for cells of type $__CMP2LCU.
Using template $paramod$781a875153a8b2953342acd932592b44be2d03a1\$__CMP2LCU for cells of type $__CMP2LCU.
Using template $paramod$7bab7ea130feccceee35f23b7db41b7f2ea5c6cd\$__CMP2LCU for cells of type $__CMP2LCU.
Using template $paramod$02d2187653027e86732216d8827e585440c8771d\$__CMP2LCU for cells of type $__CMP2LCU.
Using template $paramod$4cca0930140ede19bc06c5c2b4fc79dcc2b46558\$__CMP2LCU for cells of type $__CMP2LCU.
Using template $paramod$f214cc27f718e48142ee47d013ed2e099637235f\$__CMP2LCU for cells of type $__CMP2LCU.
Using template $paramod$3e6916f3c27e37c3a11b7b7c3219001f86bc4b3b\$__CMP2LCU for cells of type $__CMP2LCU.
Using template $paramod$b94493b5b106a34af4a573fd2f9d5cd3657f7697\$__CMP2LCU for cells of type $__CMP2LCU.
Using template $paramod$87451cd741070b3d5043881b7d369a85e6dc799e\$__CMP2LCU for cells of type $__CMP2LCU.
Using template $paramod$5bf0a834ea0c8e4bc844301949239ed467c42b0d\$__CMP2LCU for cells of type $__CMP2LCU.
Using template $paramod$26c79d4b0a81e55731f3bf4577232c606a833ee3\$__CMP2LCU for cells of type $__CMP2LCU.
Using template $paramod$ba6597664186ac8a0243b849675d5e82ad8f9c26\$__CMP2LCU for cells of type $__CMP2LCU.
Using template $paramod$dc9f6272f8c4621c723a2b0f7022172dd1a5ac5f\$__CMP2LCU for cells of type $__CMP2LCU.
Using template $paramod$e0d475b258edc447d48ecc804788acdfbd0d4919\$__CMP2LCU for cells of type $__CMP2LCU.
Using template $paramod$b353873cbf3534e27ff25ffb46f93eaaac6a1504\$__CMP2LCU for cells of type $__CMP2LCU.
Using template $paramod$b38103e11e0d322b295dd3ad5a2640b569a395e6\$__CMP2LCU for cells of type $__CMP2LCU.
Using template $paramod$6affa56012ec7d2027c9a6c329214b682f1a8abd\$__CMP2LCU for cells of type $__CMP2LCU.
Using template $paramod$478c023b875493d5c6130a15a21e94e6cf6a8f86\$__CMP2LCU for cells of type $__CMP2LCU.
Using template $paramod$7dadf833cb95bfd95521b769560643ecd7bad01b\$__CMP2LCU for cells of type $__CMP2LCU.
Using template $paramod$0f346d5d23b7b2adc3f7862523138a258ce4416a\$__CMP2LCU for cells of type $__CMP2LCU.
Using template $paramod$b09d1212e0509726748d61ecaf810157d33c36a5\$__CMP2LCU for cells of type $__CMP2LCU.
Using template $paramod$3a8c6a2a2d939e0f65046e6d44088001d7c64f8a\$__CMP2LCU for cells of type $__CMP2LCU.
Using template $paramod$73cf28b96662ebb7c0529189204a810d0eb47ead\$__CMP2LCU for cells of type $__CMP2LCU.
Using template $paramod$5d31207c450e864d71afc41b516b94786339d5af\$__CMP2LCU for cells of type $__CMP2LCU.
Using template $paramod$1fb5b51de290ea20dd696792d68b09bb618c73dd\$__CMP2LCU for cells of type $__CMP2LCU.
Using template $paramod$f822d7af5be5b1db9a582f5a45fbb1f50ab5e160\$__CMP2LCU for cells of type $__CMP2LCU.
Using template $paramod$66fd32a28ab14d9b291a6fe6c6e9ea12f486f395\$__CMP2LCU for cells of type $__CMP2LCU.
Using template $paramod$d5e369032ba5d0c5779a2da93253c737373927f7\$__CMP2LCU for cells of type $__CMP2LCU.
Using template $paramod$94fbd5aac195d4bdcb848120acf34a7dc0b1973d\$__CMP2LCU for cells of type $__CMP2LCU.
Using template $paramod$d09aeb728fe720e6decee07bc52fb770189794d5\$__CMP2LCU for cells of type $__CMP2LCU.
Using template $paramod$4316823bead5049594fa0a8d740bc31b1517232d\$__CMP2LCU for cells of type $__CMP2LCU.
Using template $paramod$1696fea93014ef851b6b10788a9f03c5c5433b0b\$__CMP2LCU for cells of type $__CMP2LCU.
Using template $paramod$d2d8c7d599846c0b1986f53a630e20ee21959c70\$__CMP2LCU for cells of type $__CMP2LCU.
Using template $paramod$b17400740d99193d8c57139135cd781c876e39ce\$__CMP2LCU for cells of type $__CMP2LCU.
Using template $paramod$9a3aac7640c21993dfd22d217aef2fedfc6a8a38\$__CMP2LCU for cells of type $__CMP2LCU.
Using template $paramod$1baf7bd6f538fcd0f775857a3bae860f74287428\$__CMP2LCU for cells of type $__CMP2LCU.
Using template $paramod$95a445ecd86f1338908a25867eef3aacf44e3105\$__CMP2LCU for cells of type $__CMP2LCU.
Using template $paramod$eb71fea56776b72fa7312f341f485e629f18ef87\$__CMP2LCU for cells of type $__CMP2LCU.
Using template $paramod$05dd89def4aced85a0d802bbfa19d3ae3f712f26\$__CMP2LCU for cells of type $__CMP2LCU.
Using template $paramod$5d32cab75235043107041c1843adf8b4b10b0c5c\$__CMP2LCU for cells of type $__CMP2LCU.
Using template $paramod$003569fad21151c0814f95ecb19a8293e3482463\$__CMP2LCU for cells of type $__CMP2LCU.
Using template $paramod$9b1c1546cd12937703e23f4bd33957377348e869\$__CMP2LCU for cells of type $__CMP2LCU.
Using template $paramod$96e34cf61b499c8271cc9792ba3414eb36754dc3\$__CMP2LCU for cells of type $__CMP2LCU.
Using template $paramod$5e5f24bea681c050272b9e82fa8c67f83d8ff5f8\$__CMP2LCU for cells of type $__CMP2LCU.
Using template $paramod$f867953d3b08769660ba8f08b668361d0dd3532c\$__CMP2LCU for cells of type $__CMP2LCU.
Using template $paramod$913f8fc00f84b22402a6d38a50a80db84c9f7682\$__CMP2LCU for cells of type $__CMP2LCU.
Using template $paramod$bc0e57d2f1c686bc4abe93f1c89309f9302acb76\$__CMP2LCU for cells of type $__CMP2LCU.
Using template $paramod$cf3f3cc3f50b5f4a042555f65a8b9798b2daadfe\$__CMP2LCU for cells of type $__CMP2LCU.
Using template $paramod$3dcfe5db26891705a80ea4c449c73419cd10adbd\$__CMP2LCU for cells of type $__CMP2LCU.
Using template $paramod$064728b1ff0c6a50d598e55de63370fc5ffd229f\$__CMP2LCU for cells of type $__CMP2LCU.
No more expansions possible.
<suppressed ~4831 debug messages>

5.24. Executing ALUMACC pass (create $alu and $macc cells).
Extracting $alu and $macc cells in module adaptive_scrub_controller:
  creating $macc model for $add$rtl/adaptive_scrub_controller.v:339$190 ($add).
  creating $macc model for $add$rtl/adaptive_scrub_controller.v:343$192 ($add).
  creating $macc model for $add$rtl/adaptive_scrub_controller.v:347$193 ($add).
  creating $macc model for $add$rtl/adaptive_scrub_controller.v:351$196 ($add).
  creating $macc model for $add$rtl/adaptive_scrub_controller.v:366$199 ($add).
  creating $macc model for $add$rtl/adaptive_scrub_controller.v:384$201 ($add).
  creating $macc model for $add$rtl/adaptive_scrub_controller.v:398$204 ($add).
  creating $macc model for $add$rtl/adaptive_scrub_controller.v:399$205 ($add).
  creating $macc model for $add$rtl/adaptive_scrub_controller.v:414$208 ($add).
  creating $macc model for $add$rtl/adaptive_scrub_controller.v:418$209 ($add).
  creating $macc model for $add$rtl/adaptive_scrub_controller.v:428$211 ($add).
  creating $macc model for $add$rtl/adaptive_scrub_controller.v:439$214 ($add).
  creating $macc model for $add$rtl/adaptive_scrub_controller.v:446$215 ($add).
  creating $macc model for $flatten\decoder_inst.$sub$rtl/secded_32_39_decoder.v:124$118 ($sub).
  creating $macc model for $flatten\interval_selector_inst.$add$rtl/interval_selector.v:106$1321 ($add).
  creating $macc model for $flatten\measured_control_estimator_inst.$add$rtl/measured_control_estimator.v:132$1339 ($add).
  creating $macc model for $flatten\measured_control_estimator_inst.$add$rtl/measured_control_estimator.v:85$1329 ($add).
  creating $macc model for $flatten\measured_control_estimator_inst.$sub$rtl/measured_control_estimator.v:73$1325 ($sub).
  creating $macc model for $flatten\measured_control_estimator_inst.$sub$rtl/measured_control_estimator.v:76$1326 ($sub).
  creating $macc model for $add$rtl/adaptive_scrub_controller.v:336$189 ($add).
  creating $macc model for $sub$rtl/adaptive_scrub_controller.v:184$181 ($sub).
  creating $alu model for $macc $sub$rtl/adaptive_scrub_controller.v:184$181.
  creating $alu model for $macc $add$rtl/adaptive_scrub_controller.v:336$189.
  creating $alu model for $macc $flatten\measured_control_estimator_inst.$sub$rtl/measured_control_estimator.v:76$1326.
  creating $alu model for $macc $flatten\measured_control_estimator_inst.$sub$rtl/measured_control_estimator.v:73$1325.
  creating $alu model for $macc $flatten\measured_control_estimator_inst.$add$rtl/measured_control_estimator.v:85$1329.
  creating $alu model for $macc $flatten\measured_control_estimator_inst.$add$rtl/measured_control_estimator.v:132$1339.
  creating $alu model for $macc $flatten\interval_selector_inst.$add$rtl/interval_selector.v:106$1321.
  creating $alu model for $macc $flatten\decoder_inst.$sub$rtl/secded_32_39_decoder.v:124$118.
  creating $alu model for $macc $add$rtl/adaptive_scrub_controller.v:446$215.
  creating $alu model for $macc $add$rtl/adaptive_scrub_controller.v:439$214.
  creating $alu model for $macc $add$rtl/adaptive_scrub_controller.v:428$211.
  creating $alu model for $macc $add$rtl/adaptive_scrub_controller.v:418$209.
  creating $alu model for $macc $add$rtl/adaptive_scrub_controller.v:414$208.
  creating $alu model for $macc $add$rtl/adaptive_scrub_controller.v:399$205.
  creating $alu model for $macc $add$rtl/adaptive_scrub_controller.v:398$204.
  creating $alu model for $macc $add$rtl/adaptive_scrub_controller.v:384$201.
  creating $alu model for $macc $add$rtl/adaptive_scrub_controller.v:366$199.
  creating $alu model for $macc $add$rtl/adaptive_scrub_controller.v:351$196.
  creating $alu model for $macc $add$rtl/adaptive_scrub_controller.v:347$193.
  creating $alu model for $macc $add$rtl/adaptive_scrub_controller.v:343$192.
  creating $alu model for $macc $add$rtl/adaptive_scrub_controller.v:339$190.
  creating $alu cell for $add$rtl/adaptive_scrub_controller.v:339$190: $auto$alumacc.cc:495:replace_alu$3954
  creating $alu cell for $add$rtl/adaptive_scrub_controller.v:343$192: $auto$alumacc.cc:495:replace_alu$3957
  creating $alu cell for $add$rtl/adaptive_scrub_controller.v:347$193: $auto$alumacc.cc:495:replace_alu$3960
  creating $alu cell for $add$rtl/adaptive_scrub_controller.v:351$196: $auto$alumacc.cc:495:replace_alu$3963
  creating $alu cell for $add$rtl/adaptive_scrub_controller.v:366$199: $auto$alumacc.cc:495:replace_alu$3966
  creating $alu cell for $add$rtl/adaptive_scrub_controller.v:384$201: $auto$alumacc.cc:495:replace_alu$3969
  creating $alu cell for $add$rtl/adaptive_scrub_controller.v:398$204: $auto$alumacc.cc:495:replace_alu$3972
  creating $alu cell for $add$rtl/adaptive_scrub_controller.v:399$205: $auto$alumacc.cc:495:replace_alu$3975
  creating $alu cell for $add$rtl/adaptive_scrub_controller.v:414$208: $auto$alumacc.cc:495:replace_alu$3978
  creating $alu cell for $add$rtl/adaptive_scrub_controller.v:418$209: $auto$alumacc.cc:495:replace_alu$3981
  creating $alu cell for $add$rtl/adaptive_scrub_controller.v:428$211: $auto$alumacc.cc:495:replace_alu$3984
  creating $alu cell for $add$rtl/adaptive_scrub_controller.v:439$214: $auto$alumacc.cc:495:replace_alu$3987
  creating $alu cell for $add$rtl/adaptive_scrub_controller.v:446$215: $auto$alumacc.cc:495:replace_alu$3990
  creating $alu cell for $flatten\decoder_inst.$sub$rtl/secded_32_39_decoder.v:124$118: $auto$alumacc.cc:495:replace_alu$3993
  creating $alu cell for $flatten\interval_selector_inst.$add$rtl/interval_selector.v:106$1321: $auto$alumacc.cc:495:replace_alu$3996
  creating $alu cell for $flatten\measured_control_estimator_inst.$add$rtl/measured_control_estimator.v:132$1339: $auto$alumacc.cc:495:replace_alu$3999
  creating $alu cell for $flatten\measured_control_estimator_inst.$add$rtl/measured_control_estimator.v:85$1329: $auto$alumacc.cc:495:replace_alu$4002
  creating $alu cell for $flatten\measured_control_estimator_inst.$sub$rtl/measured_control_estimator.v:73$1325: $auto$alumacc.cc:495:replace_alu$4005
  creating $alu cell for $flatten\measured_control_estimator_inst.$sub$rtl/measured_control_estimator.v:76$1326: $auto$alumacc.cc:495:replace_alu$4008
  creating $alu cell for $add$rtl/adaptive_scrub_controller.v:336$189: $auto$alumacc.cc:495:replace_alu$4011
  creating $alu cell for $sub$rtl/adaptive_scrub_controller.v:184$181: $auto$alumacc.cc:495:replace_alu$4014
  created 21 $alu and 0 $macc cells.

5.25. Executing SHARE pass (SAT-based resource sharing).

5.26. Executing OPT pass (performing simple optimizations).

5.26.1. Executing OPT_EXPR pass (perform const folding).
Optimizing module adaptive_scrub_controller.
<suppressed ~1429 debug messages>

5.26.2. Executing OPT_MERGE pass (detect identical cells).
Finding identical cells in module `\adaptive_scrub_controller'.
<suppressed ~1725 debug messages>
Removed a total of 575 cells.

5.26.3. Executing OPT_MUXTREE pass (detect dead branches in mux trees).
Running muxtree optimizer on module \adaptive_scrub_controller..
  Creating internal representation of mux trees.
  Evaluating internal representation of mux trees.
  Analyzing evaluation results.
    dead port 1/5 on $pmux $flatten\interval_selector_inst.$procmux$1950.
    dead port 2/5 on $pmux $flatten\interval_selector_inst.$procmux$1950.
    dead port 3/5 on $pmux $flatten\interval_selector_inst.$procmux$1950.
    dead port 5/5 on $pmux $flatten\interval_selector_inst.$procmux$1950.
    dead port 1/10 on $pmux $flatten\interval_selector_inst.$procmux$1961.
    dead port 2/10 on $pmux $flatten\interval_selector_inst.$procmux$1961.
    dead port 3/10 on $pmux $flatten\interval_selector_inst.$procmux$1961.
    dead port 4/10 on $pmux $flatten\interval_selector_inst.$procmux$1961.
    dead port 5/10 on $pmux $flatten\interval_selector_inst.$procmux$1961.
    dead port 6/10 on $pmux $flatten\interval_selector_inst.$procmux$1961.
    dead port 7/10 on $pmux $flatten\interval_selector_inst.$procmux$1961.
    dead port 8/10 on $pmux $flatten\interval_selector_inst.$procmux$1961.
    dead port 10/10 on $pmux $flatten\interval_selector_inst.$procmux$1961.
    dead port 1/5 on $pmux $flatten\interval_selector_inst.$procmux$1976.
    dead port 2/5 on $pmux $flatten\interval_selector_inst.$procmux$1976.
    dead port 3/5 on $pmux $flatten\interval_selector_inst.$procmux$1976.
    dead port 5/5 on $pmux $flatten\interval_selector_inst.$procmux$1976.
    dead port 1/5 on $pmux $flatten\interval_selector_inst.$procmux$2002.
    dead port 2/5 on $pmux $flatten\interval_selector_inst.$procmux$2002.
    dead port 3/5 on $pmux $flatten\interval_selector_inst.$procmux$2002.
    dead port 5/5 on $pmux $flatten\interval_selector_inst.$procmux$2002.
Removed 21 multiplexer ports.
<suppressed ~27 debug messages>

5.26.4. Executing OPT_REDUCE pass (consolidate $*mux and $reduce_* inputs).
  Optimizing cells in module \adaptive_scrub_controller.
Performed a total of 0 changes.

5.26.5. Executing OPT_MERGE pass (detect identical cells).
Finding identical cells in module `\adaptive_scrub_controller'.
Removed a total of 0 cells.

5.26.6. Executing OPT_DFF pass (perform DFF optimizations).

5.26.7. Executing OPT_CLEAN pass (remove unused cells and wires).
Finding unused cells or wires in module \adaptive_scrub_controller..
Removed 0 unused cells and 6476 unused wires.
<suppressed ~1 debug messages>

5.26.8. Executing OPT_EXPR pass (perform const folding).
Optimizing module adaptive_scrub_controller.

5.26.9. Rerunning OPT passes. (Maybe there is more to do..)

5.26.10. Executing OPT_MUXTREE pass (detect dead branches in mux trees).
Running muxtree optimizer on module \adaptive_scrub_controller..
  Creating internal representation of mux trees.
  Evaluating internal representation of mux trees.
  Analyzing evaluation results.
Removed 0 multiplexer ports.
<suppressed ~24 debug messages>

5.26.11. Executing OPT_REDUCE pass (consolidate $*mux and $reduce_* inputs).
  Optimizing cells in module \adaptive_scrub_controller.
Performed a total of 0 changes.

5.26.12. Executing OPT_MERGE pass (detect identical cells).
Finding identical cells in module `\adaptive_scrub_controller'.
Removed a total of 0 cells.

5.26.13. Executing OPT_DFF pass (perform DFF optimizations).

5.26.14. Executing OPT_CLEAN pass (remove unused cells and wires).
Finding unused cells or wires in module \adaptive_scrub_controller..

5.26.15. Executing OPT_EXPR pass (perform const folding).
Optimizing module adaptive_scrub_controller.

5.26.16. Finished OPT passes. (There is nothing left to do.)

5.27. Executing MEMORY pass.

5.27.1. Executing OPT_MEM pass (optimize memories).
Performed a total of 0 transformations.

5.27.2. Executing OPT_MEM_PRIORITY pass (removing unnecessary memory write priority relations).
Performed a total of 0 transformations.

5.27.3. Executing OPT_MEM_FEEDBACK pass (finding memory read-to-write feedback paths).

5.27.4. Executing MEMORY_BMUX2ROM pass (converting muxes to ROMs).

5.27.5. Executing MEMORY_DFF pass (merging $dff cells to $memrd).

5.27.6. Executing OPT_CLEAN pass (remove unused cells and wires).
Finding unused cells or wires in module \adaptive_scrub_controller..

5.27.7. Executing MEMORY_SHARE pass (consolidating $memrd/$memwr cells).

5.27.8. Executing OPT_MEM_WIDEN pass (optimize memories where all ports are wide).
Performed a total of 0 transformations.

5.27.9. Executing OPT_CLEAN pass (remove unused cells and wires).
Finding unused cells or wires in module \adaptive_scrub_controller..

5.27.10. Executing MEMORY_COLLECT pass (generating $mem cells).

5.28. Executing OPT_CLEAN pass (remove unused cells and wires).
Finding unused cells or wires in module \adaptive_scrub_controller..

5.29. Executing MEMORY_LIBMAP pass (mapping memories to cells).

5.30. Executing TECHMAP pass (map to technology primitives).

5.30.1. Executing Verilog-2005 frontend: /usr/bin/../share/yosys/xilinx/lutrams_xc5v_map.v
Parsing Verilog input from `/usr/bin/../share/yosys/xilinx/lutrams_xc5v_map.v' to AST representation.
Generating RTLIL representation for module `\$__XILINX_LUTRAM_SP_'.
Generating RTLIL representation for module `\$__XILINX_LUTRAM_DP_'.
Generating RTLIL representation for module `\$__XILINX_LUTRAM_QP_'.
Generating RTLIL representation for module `\$__XILINX_LUTRAM_OP_'.
Generating RTLIL representation for module `\$__XILINX_LUTRAM_SDP_'.
Generating RTLIL representation for module `\$__XILINX_LUTRAM_64X8SW_'.
Generating RTLIL representation for module `\$__XILINX_LUTRAM_32X16DR8_'.
Successfully finished Verilog frontend.

5.30.2. Continuing TECHMAP pass.
No more expansions possible.
<suppressed ~9 debug messages>

5.31. Executing TECHMAP pass (map to technology primitives).

5.31.1. Executing Verilog-2005 frontend: /usr/bin/../share/yosys/xilinx/brams_xc6v_map.v
Parsing Verilog input from `/usr/bin/../share/yosys/xilinx/brams_xc6v_map.v' to AST representation.
Generating RTLIL representation for module `\$__XILINX_BLOCKRAM_TDP_'.
Generating RTLIL representation for module `\$__XILINX_BLOCKRAM_SDP_'.
Successfully finished Verilog frontend.

5.31.2. Continuing TECHMAP pass.
No more expansions possible.
<suppressed ~4 debug messages>

5.32. Executing OPT pass (performing simple optimizations).

5.32.1. Executing OPT_EXPR pass (perform const folding).
Optimizing module adaptive_scrub_controller.
<suppressed ~23 debug messages>

5.32.2. Executing OPT_MERGE pass (detect identical cells).
Finding identical cells in module `\adaptive_scrub_controller'.
Removed a total of 0 cells.

5.32.3. Executing OPT_DFF pass (perform DFF optimizations).

5.32.4. Executing OPT_CLEAN pass (remove unused cells and wires).
Finding unused cells or wires in module \adaptive_scrub_controller..
Removed 0 unused cells and 13 unused wires.
<suppressed ~1 debug messages>

5.32.5. Finished fast OPT passes.

5.33. Executing MEMORY_MAP pass (converting memories to logic and flip-flops).

5.34. Executing OPT pass (performing simple optimizations).

5.34.1. Executing OPT_EXPR pass (perform const folding).
Optimizing module adaptive_scrub_controller.

5.34.2. Executing OPT_MERGE pass (detect identical cells).
Finding identical cells in module `\adaptive_scrub_controller'.
Removed a total of 0 cells.

5.34.3. Executing OPT_MUXTREE pass (detect dead branches in mux trees).
Running muxtree optimizer on module \adaptive_scrub_controller..
  Creating internal representation of mux trees.
  Evaluating internal representation of mux trees.
  Analyzing evaluation results.
Removed 0 multiplexer ports.
<suppressed ~20 debug messages>

5.34.4. Executing OPT_REDUCE pass (consolidate $*mux and $reduce_* inputs).
  Optimizing cells in module \adaptive_scrub_controller.
    Consolidated identical input bits for $mux cell $flatten\decoder_inst.$procmux$2080:
      Old ports: A=\mem_read_data, B={ $flatten\decoder_inst.$auto$rtlil.cc:2779:Not$2366 \mem_read_data [37:0] }, Y=$flatten\decoder_inst.$4\codeword_corrected[38:0]
      New ports: A=\mem_read_data [38], B=$flatten\decoder_inst.$auto$rtlil.cc:2779:Not$2366, Y=$flatten\decoder_inst.$4\codeword_corrected[38:0] [38]
      New connections: $flatten\decoder_inst.$4\codeword_corrected[38:0] [37:0] = \mem_read_data [37:0]
    Consolidated identical input bits for $mux cell $flatten\decoder_inst.$procmux$2178:
      Old ports: A={ 1'0 $auto$wreduce.cc:514:run$2576 [4:0] }, B={ 1'1 $auto$wreduce.cc:514:run$2576 [4:0] }, Y=\decoder_inst.syndrome
      New ports: A=1'0, B=1'1, Y=\decoder_inst.syndrome [5]
      New connections: \decoder_inst.syndrome [4:0] = $auto$wreduce.cc:514:run$2576 [4:0]
    Consolidated identical input bits for $mux cell $flatten\decoder_inst.$procmux$2188:
      Old ports: A={ 1'0 $auto$wreduce.cc:514:run$2575 [3:0] }, B={ 1'1 $auto$wreduce.cc:514:run$2575 [3:0] }, Y=$auto$wreduce.cc:514:run$2576 [4:0]
      New ports: A=1'0, B=1'1, Y=$auto$wreduce.cc:514:run$2576 [4]
      New connections: $auto$wreduce.cc:514:run$2576 [3:0] = $auto$wreduce.cc:514:run$2575 [3:0]
    Consolidated identical input bits for $mux cell $flatten\decoder_inst.$procmux$2207:
      Old ports: A={ 1'0 $auto$wreduce.cc:514:run$2574 [2:0] }, B={ 1'1 $auto$wreduce.cc:514:run$2574 [2:0] }, Y=$auto$wreduce.cc:514:run$2575 [3:0]
      New ports: A=1'0, B=1'1, Y=$auto$wreduce.cc:514:run$2575 [3]
      New connections: $auto$wreduce.cc:514:run$2575 [2:0] = $auto$wreduce.cc:514:run$2574 [2:0]
    Consolidated identical input bits for $mux cell $flatten\decoder_inst.$procmux$2226:
      Old ports: A={ 1'0 $auto$wreduce.cc:514:run$2573 [1:0] }, B={ 1'1 $auto$wreduce.cc:514:run$2573 [1:0] }, Y=$auto$wreduce.cc:514:run$2574 [2:0]
      New ports: A=1'0, B=1'1, Y=$auto$wreduce.cc:514:run$2574 [2]
      New connections: $auto$wreduce.cc:514:run$2574 [1:0] = $auto$wreduce.cc:514:run$2573 [1:0]
    Consolidated identical input bits for $mux cell $flatten\decoder_inst.$procmux$2248:
      Old ports: A={ 1'0 $auto$wreduce.cc:514:run$2572 [0] }, B={ 1'1 $auto$wreduce.cc:514:run$2572 [0] }, Y=$auto$wreduce.cc:514:run$2573 [1:0]
      New ports: A=1'0, B=1'1, Y=$auto$wreduce.cc:514:run$2573 [1]
      New connections: $auto$wreduce.cc:514:run$2573 [0] = $auto$wreduce.cc:514:run$2572 [0]
    Consolidated identical input bits for $mux cell $flatten\measured_control_estimator_inst.$procmux$1717:
      Old ports: A={ 2'00 $techmap2592$flatten\measured_control_estimator_inst.$ge$rtl/measured_control_estimator.v:107$1355.Y }, B=3'010, Y=$flatten\measured_control_estimator_inst.$9\score_to_level$func$rtl/measured_control_estimator.v:139$1324.$result[2:0]$1354
      New ports: A={ 1'0 $techmap2592$flatten\measured_control_estimator_inst.$ge$rtl/measured_control_estimator.v:107$1355.Y }, B=2'10, Y=$flatten\measured_control_estimator_inst.$9\score_to_level$func$rtl/measured_control_estimator.v:139$1324.$result[2:0]$1354 [1:0]
      New connections: $flatten\measured_control_estimator_inst.$9\score_to_level$func$rtl/measured_control_estimator.v:139$1324.$result[2:0]$1354 [2] = 1'0
    Consolidated identical input bits for $mux cell $procmux$1513:
      Old ports: A=0, B=1, Y=$procmux$1513_Y
      New ports: A=1'0, B=1'1, Y=$procmux$1513_Y [0]
      New connections: $procmux$1513_Y [31:1] = 31'0000000000000000000000000000000
  Optimizing cells in module \adaptive_scrub_controller.
    Consolidated identical input bits for $mux cell $flatten\measured_control_estimator_inst.$procmux$1744:
      Old ports: A=$flatten\measured_control_estimator_inst.$9\score_to_level$func$rtl/measured_control_estimator.v:139$1324.$result[2:0]$1354, B=3'011, Y=$flatten\measured_control_estimator_inst.$8\score_to_level$func$rtl/measured_control_estimator.v:139$1324.$result[2:0]$1352
      New ports: A=$flatten\measured_control_estimator_inst.$9\score_to_level$func$rtl/measured_control_estimator.v:139$1324.$result[2:0]$1354 [1:0], B=2'11, Y=$flatten\measured_control_estimator_inst.$8\score_to_level$func$rtl/measured_control_estimator.v:139$1324.$result[2:0]$1352 [1:0]
      New connections: $flatten\measured_control_estimator_inst.$8\score_to_level$func$rtl/measured_control_estimator.v:139$1324.$result[2:0]$1352 [2] = 1'0
  Optimizing cells in module \adaptive_scrub_controller.
Performed a total of 9 changes.

5.34.5. Executing OPT_MERGE pass (detect identical cells).
Finding identical cells in module `\adaptive_scrub_controller'.
Removed a total of 0 cells.

5.34.6. Executing OPT_SHARE pass.

5.34.7. Executing OPT_DFF pass (perform DFF optimizations).

5.34.8. Executing OPT_CLEAN pass (remove unused cells and wires).
Finding unused cells or wires in module \adaptive_scrub_controller..
Removed 0 unused cells and 5 unused wires.
<suppressed ~1 debug messages>

5.34.9. Executing OPT_EXPR pass (perform const folding).
Optimizing module adaptive_scrub_controller.
<suppressed ~6 debug messages>

5.34.10. Rerunning OPT passes. (Maybe there is more to do..)

5.34.11. Executing OPT_MUXTREE pass (detect dead branches in mux trees).
Running muxtree optimizer on module \adaptive_scrub_controller..
  Creating internal representation of mux trees.
  Evaluating internal representation of mux trees.
  Analyzing evaluation results.
Removed 0 multiplexer ports.
<suppressed ~19 debug messages>

5.34.12. Executing OPT_REDUCE pass (consolidate $*mux and $reduce_* inputs).
  Optimizing cells in module \adaptive_scrub_controller.
Performed a total of 0 changes.

5.34.13. Executing OPT_MERGE pass (detect identical cells).
Finding identical cells in module `\adaptive_scrub_controller'.
Removed a total of 0 cells.

5.34.14. Executing OPT_SHARE pass.

5.34.15. Executing OPT_DFF pass (perform DFF optimizations).

5.34.16. Executing OPT_CLEAN pass (remove unused cells and wires).
Finding unused cells or wires in module \adaptive_scrub_controller..
Removed 0 unused cells and 5 unused wires.
<suppressed ~1 debug messages>

5.34.17. Executing OPT_EXPR pass (perform const folding).
Optimizing module adaptive_scrub_controller.

5.34.18. Rerunning OPT passes. (Maybe there is more to do..)

5.34.19. Executing OPT_MUXTREE pass (detect dead branches in mux trees).
Running muxtree optimizer on module \adaptive_scrub_controller..
  Creating internal representation of mux trees.
  Evaluating internal representation of mux trees.
  Analyzing evaluation results.
Removed 0 multiplexer ports.
<suppressed ~19 debug messages>

5.34.20. Executing OPT_REDUCE pass (consolidate $*mux and $reduce_* inputs).
  Optimizing cells in module \adaptive_scrub_controller.
Performed a total of 0 changes.

5.34.21. Executing OPT_MERGE pass (detect identical cells).
Finding identical cells in module `\adaptive_scrub_controller'.
Removed a total of 0 cells.

5.34.22. Executing OPT_SHARE pass.

5.34.23. Executing OPT_DFF pass (perform DFF optimizations).

5.34.24. Executing OPT_CLEAN pass (remove unused cells and wires).
Finding unused cells or wires in module \adaptive_scrub_controller..

5.34.25. Executing OPT_EXPR pass (perform const folding).
Optimizing module adaptive_scrub_controller.

5.34.26. Finished OPT passes. (There is nothing left to do.)

5.35. Executing XILINX_SRL pass (Xilinx shift register extraction).

5.36. Executing TECHMAP pass (map to technology primitives).

5.36.1. Executing Verilog-2005 frontend: /usr/bin/../share/yosys/techmap.v
Parsing Verilog input from `/usr/bin/../share/yosys/techmap.v' to AST representation.
Generating RTLIL representation for module `\_90_simplemap_bool_ops'.
Generating RTLIL representation for module `\_90_simplemap_reduce_ops'.
Generating RTLIL representation for module `\_90_simplemap_logic_ops'.
Generating RTLIL representation for module `\_90_simplemap_compare_ops'.
Generating RTLIL representation for module `\_90_simplemap_various'.
Generating RTLIL representation for module `\_90_simplemap_registers'.
Generating RTLIL representation for module `\_90_shift_ops_shr_shl_sshl_sshr'.
Generating RTLIL representation for module `\_90_shift_shiftx'.
Generating RTLIL representation for module `\_90_fa'.
Generating RTLIL representation for module `\_90_lcu_brent_kung'.
Generating RTLIL representation for module `\_90_alu'.
Generating RTLIL representation for module `\_90_macc'.
Generating RTLIL representation for module `\_90_alumacc'.
Generating RTLIL representation for module `\$__div_mod_u'.
Generating RTLIL representation for module `\$__div_mod_trunc'.
Generating RTLIL representation for module `\_90_div'.
Generating RTLIL representation for module `\_90_mod'.
Generating RTLIL representation for module `\$__div_mod_floor'.
Generating RTLIL representation for module `\_90_divfloor'.
Generating RTLIL representation for module `\_90_modfloor'.
Generating RTLIL representation for module `\_90_pow'.
Generating RTLIL representation for module `\_90_pmux'.
Generating RTLIL representation for module `\_90_demux'.
Generating RTLIL representation for module `\_90_lut'.
Successfully finished Verilog frontend.

5.36.2. Executing Verilog-2005 frontend: /usr/bin/../share/yosys/xilinx/arith_map.v
Parsing Verilog input from `/usr/bin/../share/yosys/xilinx/arith_map.v' to AST representation.
Generating RTLIL representation for module `\_80_xilinx_lcu'.
Generating RTLIL representation for module `\_80_xilinx_alu'.
Successfully finished Verilog frontend.

5.36.3. Continuing TECHMAP pass.
Using extmapper simplemap for cells of type $and.
Using extmapper simplemap for cells of type $not.
Using extmapper simplemap for cells of type $xnor.
Using extmapper simplemap for cells of type $or.
Using template $paramod\_90_lcu_brent_kung\WIDTH=s32'00000000000000000000000000000001 for cells of type $lcu.
Using extmapper simplemap for cells of type $eq.
Using extmapper simplemap for cells of type $mux.
Using extmapper simplemap for cells of type $logic_not.
Using extmapper simplemap for cells of type $logic_and.
Using template $paramod$25c4246495a9f56061a0efa92b046161d5d15f2e\_80_xilinx_alu for cells of type $alu.
Using template $paramod$d735c1bd8e4aaeb55e846141d44dc1e2c1104582\_80_xilinx_alu for cells of type $alu.
Using extmapper simplemap for cells of type $logic_or.
Using extmapper simplemap for cells of type $ne.
Using extmapper simplemap for cells of type $dff.
Using template $paramod$674141544fade965cf052b5e9d5b65813fc4e151\_80_xilinx_alu for cells of type $alu.
Using template $paramod$c42caf3e41ba7493233b38145f363d0af0f315ca\_80_xilinx_alu for cells of type $alu.
Using extmapper simplemap for cells of type $reduce_or.
Using template $paramod$8fabc56b80a569262acfc42757a02ca0b8e91278\_90_pmux for cells of type $pmux.
Using template $paramod$c5c783b17ab1d780abfad8cfe6563a0a7b47a3b0\_90_pmux for cells of type $pmux.
Using extmapper simplemap for cells of type $sdffe.
Using extmapper simplemap for cells of type $sdff.
Using extmapper simplemap for cells of type $reduce_and.
Using extmapper simplemap for cells of type $reduce_bool.
Using template $paramod$7f78a3bd00e43e777a8407a47ec3e635d33827c1\_80_xilinx_alu for cells of type $alu.
Using template $paramod$constmap:7636a2338dd4c3218db7ac301d9a9ad2c3b95894$paramod$4fc8950128a90640c5390348e0defa9fa5a7fd3e\_90_shift_shiftx for cells of type $shiftx.
Using template $paramod$constmap:b984bda7243fd31d574598ad5e0ebe0e93cc7578$paramod$70307b0c46f360cdc944ccde23e9e2e58bd145d8\_90_shift_shiftx for cells of type $shiftx.
Using template $paramod$constmap:2807e8398629ea7b9c56bc56d1f28d5277219066$paramod$32d74cfbaa940f39e561c6a3d936c3201b928992\_90_shift_shiftx for cells of type $shiftx.
Using extmapper simplemap for cells of type $xor.
Using template $paramod$constmap:a256332f02cfd7731eef0f9ee081a6148f93f905$paramod$a12d97710cfc51d1195fa9113855dc840bea3353\_90_shift_ops_shr_shl_sshl_sshr for cells of type $shl.
Using extmapper simplemap for cells of type $reduce_xor.
Using template $paramod\_80_xilinx_lcu\WIDTH=s32'00000000000000000000000000000110 for cells of type $lcu.
Using template $paramod\_80_xilinx_lcu\WIDTH=s32'00000000000000000000000000001011 for cells of type $lcu.
Using extmapper simplemap for cells of type $pos.
No more expansions possible.
<suppressed ~2623 debug messages>

5.37. Executing OPT pass (performing simple optimizations).

5.37.1. Executing OPT_EXPR pass (perform const folding).
Optimizing module adaptive_scrub_controller.
<suppressed ~1304 debug messages>

5.37.2. Executing OPT_MERGE pass (detect identical cells).
Finding identical cells in module `\adaptive_scrub_controller'.
<suppressed ~393 debug messages>
Removed a total of 131 cells.

5.37.3. Executing OPT_DFF pass (perform DFF optimizations).

5.37.4. Executing OPT_CLEAN pass (remove unused cells and wires).
Finding unused cells or wires in module \adaptive_scrub_controller..
Removed 1339 unused cells and 866 unused wires.
<suppressed ~1340 debug messages>

5.37.5. Finished fast OPT passes.

5.38. Executing IOPADMAP pass (mapping inputs/outputs to IO-PAD cells).
Mapping port adaptive_scrub_controller.clk using IBUF.
Mapping port adaptive_scrub_controller.control_age using OBUF.
Mapping port adaptive_scrub_controller.corrected_error_count using OBUF.
Mapping port adaptive_scrub_controller.ctrl_level using IBUF.
Mapping port adaptive_scrub_controller.ctrl_update using IBUF.
Mapping port adaptive_scrub_controller.ctrl_valid using IBUF.
Mapping port adaptive_scrub_controller.current_level using OBUF.
Mapping port adaptive_scrub_controller.effective_wait_interval using OBUF.
Mapping port adaptive_scrub_controller.enable using IBUF.
Mapping port adaptive_scrub_controller.fixed_interval using IBUF.
Mapping port adaptive_scrub_controller.interval_switch_count using OBUF.
Mapping port adaptive_scrub_controller.last_pass_duration using OBUF.
Mapping port adaptive_scrub_controller.level0_interval using IBUF.
Mapping port adaptive_scrub_controller.level1_interval using IBUF.
Mapping port adaptive_scrub_controller.level2_interval using IBUF.
Mapping port adaptive_scrub_controller.level3_interval using IBUF.
Mapping port adaptive_scrub_controller.level4_interval using IBUF.
Mapping port adaptive_scrub_controller.level5_interval using IBUF.
Mapping port adaptive_scrub_controller.level6_interval using IBUF.
Mapping port adaptive_scrub_controller.level7_interval using IBUF.
Mapping port adaptive_scrub_controller.max_control_age using IBUF.
Mapping port adaptive_scrub_controller.measured_corrected_delta using OBUF.
Mapping port adaptive_scrub_controller.measured_ctrl_level using OBUF.
Mapping port adaptive_scrub_controller.measured_ctrl_update using OBUF.
Mapping port adaptive_scrub_controller.measured_ctrl_valid using OBUF.
Mapping port adaptive_scrub_controller.measured_raw_score using OBUF.
Mapping port adaptive_scrub_controller.measured_uncorrectable_delta using OBUF.
Mapping port adaptive_scrub_controller.measured_window_count using OBUF.
Mapping port adaptive_scrub_controller.mem_read_addr using OBUF.
Mapping port adaptive_scrub_controller.mem_read_data using IBUF.
Mapping port adaptive_scrub_controller.mem_read_en using OBUF.
Mapping port adaptive_scrub_controller.mem_write_addr using OBUF.
Mapping port adaptive_scrub_controller.mem_write_data using OBUF.
Mapping port adaptive_scrub_controller.mem_write_en using OBUF.
Mapping port adaptive_scrub_controller.memory_busy_cycle_count using OBUF.
Mapping port adaptive_scrub_controller.memory_read_count using OBUF.
Mapping port adaptive_scrub_controller.memory_write_count using OBUF.
Mapping port adaptive_scrub_controller.mode using IBUF.
Mapping port adaptive_scrub_controller.rst using IBUF.
Mapping port adaptive_scrub_controller.safe_interval using IBUF.
Mapping port adaptive_scrub_controller.safe_mode_active using OBUF.
Mapping port adaptive_scrub_controller.safe_mode_cycle_count using OBUF.
Mapping port adaptive_scrub_controller.safe_mode_entry_count using OBUF.
Mapping port adaptive_scrub_controller.scrub_active using OBUF.
Mapping port adaptive_scrub_controller.scrub_active_cycle_count using OBUF.
Mapping port adaptive_scrub_controller.scrub_cycle_count using OBUF.
Mapping port adaptive_scrub_controller.selected_interval using OBUF.
Mapping port adaptive_scrub_controller.threshold_high_interval using IBUF.
Mapping port adaptive_scrub_controller.threshold_high_to_medium using IBUF.
Mapping port adaptive_scrub_controller.threshold_low_interval using IBUF.
Mapping port adaptive_scrub_controller.threshold_low_to_medium using IBUF.
Mapping port adaptive_scrub_controller.threshold_medium_interval using IBUF.
Mapping port adaptive_scrub_controller.threshold_medium_to_high using IBUF.
Mapping port adaptive_scrub_controller.threshold_medium_to_low using IBUF.
Mapping port adaptive_scrub_controller.threshold_state using OBUF.
Mapping port adaptive_scrub_controller.total_cycle_count using OBUF.
Mapping port adaptive_scrub_controller.uncorrectable_error_count using OBUF.

5.39. Executing TECHMAP pass (map to technology primitives).

5.39.1. Executing Verilog-2005 frontend: /usr/bin/../share/yosys/techmap.v
Parsing Verilog input from `/usr/bin/../share/yosys/techmap.v' to AST representation.
Generating RTLIL representation for module `\_90_simplemap_bool_ops'.
Generating RTLIL representation for module `\_90_simplemap_reduce_ops'.
Generating RTLIL representation for module `\_90_simplemap_logic_ops'.
Generating RTLIL representation for module `\_90_simplemap_compare_ops'.
Generating RTLIL representation for module `\_90_simplemap_various'.
Generating RTLIL representation for module `\_90_simplemap_registers'.
Generating RTLIL representation for module `\_90_shift_ops_shr_shl_sshl_sshr'.
Generating RTLIL representation for module `\_90_shift_shiftx'.
Generating RTLIL representation for module `\_90_fa'.
Generating RTLIL representation for module `\_90_lcu_brent_kung'.
Generating RTLIL representation for module `\_90_alu'.
Generating RTLIL representation for module `\_90_macc'.
Generating RTLIL representation for module `\_90_alumacc'.
Generating RTLIL representation for module `\$__div_mod_u'.
Generating RTLIL representation for module `\$__div_mod_trunc'.
Generating RTLIL representation for module `\_90_div'.
Generating RTLIL representation for module `\_90_mod'.
Generating RTLIL representation for module `\$__div_mod_floor'.
Generating RTLIL representation for module `\_90_divfloor'.
Generating RTLIL representation for module `\_90_modfloor'.
Generating RTLIL representation for module `\_90_pow'.
Generating RTLIL representation for module `\_90_pmux'.
Generating RTLIL representation for module `\_90_demux'.
Generating RTLIL representation for module `\_90_lut'.
Successfully finished Verilog frontend.

5.39.2. Executing Verilog-2005 frontend: /usr/bin/../share/yosys/xilinx/cells_map.v
Parsing Verilog input from `/usr/bin/../share/yosys/xilinx/cells_map.v' to AST representation.
Generating RTLIL representation for module `\$__SHREG_'.
Generating RTLIL representation for module `\$__XILINX_SHREG_'.
Generating RTLIL representation for module `\$__XILINX_MUXF78'.
Successfully finished Verilog frontend.

5.39.3. Continuing TECHMAP pass.
No more expansions possible.
<suppressed ~78 debug messages>
Removed 0 unused cells and 42 unused wires.

5.40. Executing DFFLEGALIZE pass (convert FFs to types supported by the target).

5.41. Executing OPT_EXPR pass (perform const folding).
Optimizing module adaptive_scrub_controller.

5.42. Executing ABC pass (technology mapping using ABC).

5.42.1. Extracting gate netlist of module `\adaptive_scrub_controller' to `<abc-temp-dir>/input.blif'..
Extracted 2581 gates and 3598 wires to a netlist network with 1015 inputs and 568 outputs.

5.42.1.1. Executing ABC.
Running ABC command: "<yosys-exe-dir>/yosys-abc" -s -f <abc-temp-dir>/abc.script 2>&1
ABC: ABC command line: "source <abc-temp-dir>/abc.script".
ABC: 
ABC: + read_blif <abc-temp-dir>/input.blif 
ABC: + read_lut <abc-temp-dir>/lutdefs.txt 
ABC: + strash 
ABC: + &get -n 
ABC: + &fraig -x 
ABC: + &put 
ABC: + scorr 
ABC: Warning: The network is combinational (run "fraig" or "fraig_sweep").
ABC: + dc2 
ABC: + dretime 
ABC: + strash 
ABC: + dch -f 
ABC: + if 
ABC: + mfs2 
ABC: + write_blif <abc-temp-dir>/output.blif 

5.42.1.2. Re-integrating ABC results.
ABC RESULTS:              $lut cells:      795
ABC RESULTS:        internal signals:     2015
ABC RESULTS:           input signals:     1015
ABC RESULTS:          output signals:      568
Removing temp directory.
Removed 0 unused cells and 2452 unused wires.

5.43. Executing TECHMAP pass (map to technology primitives).

5.43.1. Executing Verilog-2005 frontend: /usr/bin/../share/yosys/xilinx/ff_map.v
Parsing Verilog input from `/usr/bin/../share/yosys/xilinx/ff_map.v' to AST representation.
Generating RTLIL representation for module `\$_DFFE_NP0P_'.
Generating RTLIL representation for module `\$_DFFE_PP0P_'.
Generating RTLIL representation for module `\$_DFFE_NP1P_'.
Generating RTLIL representation for module `\$_DFFE_PP1P_'.
Generating RTLIL representation for module `\$_DFFSRE_NPPP_'.
Generating RTLIL representation for module `\$_DFFSRE_PPPP_'.
Generating RTLIL representation for module `\$_SDFFE_NP0P_'.
Generating RTLIL representation for module `\$_SDFFE_PP0P_'.
Generating RTLIL representation for module `\$_SDFFE_NP1P_'.
Generating RTLIL representation for module `\$_SDFFE_PP1P_'.
Generating RTLIL representation for module `\$_DLATCH_NP0_'.
Generating RTLIL representation for module `\$_DLATCH_PP0_'.
Generating RTLIL representation for module `\$_DLATCH_NP1_'.
Generating RTLIL representation for module `\$_DLATCH_PP1_'.
Generating RTLIL representation for module `\$_DLATCH_NPP_'.
Generating RTLIL representation for module `\$_DLATCH_PPP_'.
Successfully finished Verilog frontend.

5.43.2. Continuing TECHMAP pass.
Using template $paramod\$_SDFFE_PP0P_\_TECHMAP_WIREINIT_Q_=1'x for cells of type $_SDFFE_PP0P_.
No more expansions possible.
<suppressed ~759 debug messages>

5.44. Executing XILINX_SRL pass (Xilinx shift register extraction).

5.45. Executing TECHMAP pass (map to technology primitives).

5.45.1. Executing Verilog-2005 frontend: /usr/bin/../share/yosys/xilinx/lut_map.v
Parsing Verilog input from `/usr/bin/../share/yosys/xilinx/lut_map.v' to AST representation.
Generating RTLIL representation for module `\$lut'.
Successfully finished Verilog frontend.

5.45.2. Executing Verilog-2005 frontend: /usr/bin/../share/yosys/xilinx/cells_map.v
Parsing Verilog input from `/usr/bin/../share/yosys/xilinx/cells_map.v' to AST representation.
Generating RTLIL representation for module `\$__SHREG_'.
Generating RTLIL representation for module `\$__XILINX_SHREG_'.
Generating RTLIL representation for module `\$__XILINX_MUXF78'.
Successfully finished Verilog frontend.

5.45.3. Continuing TECHMAP pass.
Using template $paramod\$lut\WIDTH=32'00000000000000000000000000000010\LUT=4'0100 for cells of type $lut.
Using template $paramod$7bb6a37e65823eeb4b38c370fec30ab082759a14\$lut for cells of type $lut.
Using template $paramod\$lut\WIDTH=32'00000000000000000000000000000010\LUT=4'0001 for cells of type $lut.
Using template $paramod\$lut\WIDTH=32'00000000000000000000000000000010\LUT=4'0111 for cells of type $lut.
Using template $paramod$338815fc666b20422ded25dc59f19322966d7b75\$lut for cells of type $lut.
Using template $paramod\$lut\WIDTH=32'00000000000000000000000000000010\LUT=4'1110 for cells of type $lut.
Using template $paramod$359fe4e746656bf9c72aecaff84fc7bdea9f55a5\$lut for cells of type $lut.
Using template $paramod\$lut\WIDTH=32'00000000000000000000000000000010\LUT=4'0110 for cells of type $lut.
Using template $paramod\$lut\WIDTH=32'00000000000000000000000000000010\LUT=4'1001 for cells of type $lut.
Using template $paramod$f05d4b8888c79762c43743d193b4196209b4613e\$lut for cells of type $lut.
Using template $paramod$48858a0cdda2de6934604a272e0a7e64a67fda48\$lut for cells of type $lut.
Using template $paramod$fd904e9e35cfd343a9df248824bd3f1408724879\$lut for cells of type $lut.
Using template $paramod\$lut\WIDTH=32'00000000000000000000000000000011\LUT=8'01101001 for cells of type $lut.
Using template $paramod$4282def8dbd6df3d1248ad282c629bee684502c2\$lut for cells of type $lut.
Using template $paramod\$lut\WIDTH=32'00000000000000000000000000000011\LUT=8'10010110 for cells of type $lut.
Using template $paramod$8cea672a7c5ca4227f3ae8bd57b50d9020e54b66\$lut for cells of type $lut.
Using template $paramod$d6bf7d2d793f136dec3f4c41ac362c9d5337d4c7\$lut for cells of type $lut.
Using template $paramod$d8e3c0b5f748cd2f2e9fa0554e3b9fd725f5cd49\$lut for cells of type $lut.
Using template $paramod\$lut\WIDTH=32'00000000000000000000000000000010\LUT=4'1000 for cells of type $lut.
Using template $paramod$4f08736ae74b20f70b669b20830b7ac9199dde87\$lut for cells of type $lut.
Using template $paramod$ad7246a24b6e56b3b67deb6ce92da7632476b727\$lut for cells of type $lut.
Using template $paramod$f4924a540c4ea4d43cb1bf2a5fe4c3ffa35ac3f1\$lut for cells of type $lut.
Using template $paramod$a38bd13c25ca329aa99a3acb394b4ba4ac1dd1c2\$lut for cells of type $lut.
Using template $paramod\$lut\WIDTH=32'00000000000000000000000000000011\LUT=8'01110000 for cells of type $lut.
Using template $paramod$4422c4ca5122e3602f08e424543fbde651fb600a\$lut for cells of type $lut.
Using template $paramod$272652f6c6fbe9a75eff76e45cc7e2788835518b\$lut for cells of type $lut.
Using template $paramod$59993c6b2ffee75a20d8850e1fd1f6c93c571221\$lut for cells of type $lut.
Using template $paramod\$lut\WIDTH=32'00000000000000000000000000000011\LUT=8'11001010 for cells of type $lut.
Using template $paramod$9386982668ecd496c67a14fcd3a9520641583058\$lut for cells of type $lut.
Using template $paramod$ea88a06962d1884df863d9765f42571fd11bcb32\$lut for cells of type $lut.
Using template $paramod$891e76347cfefe738978394f6982e214e5561ae9\$lut for cells of type $lut.
Using template $paramod$2a036dd6ad091ce9d3ab5973097733bc2d94a203\$lut for cells of type $lut.
Using template $paramod\$lut\WIDTH=32'00000000000000000000000000000011\LUT=8'10110010 for cells of type $lut.
Using template $paramod$bd60b1b4168f6a207a26aac0197793f4b68d45a3\$lut for cells of type $lut.
Using template $paramod$0f462d30e97e3a95497ed3ed4c5670bec4507088\$lut for cells of type $lut.
Using template $paramod$e84cbadb272cf6e7c0969270fa68324ae967d086\$lut for cells of type $lut.
Using template $paramod$5944af64be2c61cc3607b10725964a8affd57606\$lut for cells of type $lut.
Using template $paramod$10fa98f10eb15451a9e12606c600c38fa2e1e0ac\$lut for cells of type $lut.
Using template $paramod$3a456086f9aadd68ee04d4d7afbad8c702368bc8\$lut for cells of type $lut.
Using template $paramod$bf0916c6d7935eef0257c8c924841f67bcefce14\$lut for cells of type $lut.
Using template $paramod$6f309d67474cb0c8cacbed3e080b02ddef32d02a\$lut for cells of type $lut.
Using template $paramod$7c3eec98c2aa11a6913a6385f21250f4a56d42bd\$lut for cells of type $lut.
Using template $paramod$08d87fef41aa7a2ce307cec8afe945350491ee6d\$lut for cells of type $lut.
Using template $paramod$a4808a44b6b61b959d24a850f0470444a72a5b00\$lut for cells of type $lut.
Using template $paramod$a45652774d19e46f687136d6d6c543d48edd2193\$lut for cells of type $lut.
Using template $paramod$0ff104e3f0177a5006027b83b6230d6e7d46f816\$lut for cells of type $lut.
Using template $paramod$8d72414de2d12be4a021173359f01ce29075b82c\$lut for cells of type $lut.
Using template $paramod$19e6bcd6bd2340dc9e7f0ff22a605071efcfcb4e\$lut for cells of type $lut.
Using template $paramod$8722d7b6fcc1b120cb8ba9bf94b1b3aaa116eac4\$lut for cells of type $lut.
Using template $paramod$68351969364472d358a7ebd19e713cf1b49d1fb9\$lut for cells of type $lut.
Using template $paramod$70ebb6cf5bc7d63c5c1a98ccefefa2af79e8f2a9\$lut for cells of type $lut.
Using template $paramod$ae9b8abdb4f811ce37985dd5106af9cd21223954\$lut for cells of type $lut.
Using template $paramod\$lut\WIDTH=32'00000000000000000000000000000011\LUT=8'01001111 for cells of type $lut.
Using template $paramod\$lut\WIDTH=32'00000000000000000000000000000011\LUT=8'11111000 for cells of type $lut.
Using template $paramod$ee19d45db61acb4c70d938b97483a4ed4b792645\$lut for cells of type $lut.
Using template $paramod$8e7ce4722d6b69df2e49bd1c89c61396ce266ab7\$lut for cells of type $lut.
Using template $paramod$658b9ed803f0d3d335616d3858b53e0a2522f1e8\$lut for cells of type $lut.
Using template $paramod\$lut\WIDTH=32'00000000000000000000000000000011\LUT=8'00010000 for cells of type $lut.
Using template $paramod\$lut\WIDTH=32'00000000000000000000000000000011\LUT=8'11110100 for cells of type $lut.
Using template $paramod$33e58adf67c6b686a154c9ce8ebbc4b04b8cabc5\$lut for cells of type $lut.
Using template $paramod$6f8c8cdc4b3e951baba96b2acd13eabbb5e850fe\$lut for cells of type $lut.
Using template $paramod\$lut\WIDTH=32'00000000000000000000000000000011\LUT=8'10000000 for cells of type $lut.
Using template $paramod$8adf7fbd410d2cc654c288d5be5f7508ee8809b0\$lut for cells of type $lut.
Using template $paramod$2d07c1a6c53c7b878509360922c4fa5ebedc3011\$lut for cells of type $lut.
Using template $paramod$8b09f347504cfc0d3d65fbb4601497936543b1b3\$lut for cells of type $lut.
Using template $paramod$eab1d779251e0a76321723835eec1547d8085abc\$lut for cells of type $lut.
Using template $paramod$9cf044275e70b6dc34d2f815a6f8ffc23f9694a0\$lut for cells of type $lut.
Using template $paramod$80fd3f90b6a7b38da9d25588666decbe3adaf5ec\$lut for cells of type $lut.
Using template $paramod\$lut\WIDTH=32'00000000000000000000000000000011\LUT=8'01000000 for cells of type $lut.
Using template $paramod$e86ede842e63af180eb24c83ae99aa927890a240\$lut for cells of type $lut.
Using template $paramod\$lut\WIDTH=32'00000000000000000000000000000001\LUT=2'01 for cells of type $lut.
Using template $paramod$571404c0889eaf57f492cb5e37f8acb5df5852f9\$lut for cells of type $lut.
Using template $paramod$4972722c284f07fee673f7cb99e6a36ce4a244f0\$lut for cells of type $lut.
Using template $paramod$21a9cf1c7cffed4ea7970972274e8bcced7c7005\$lut for cells of type $lut.
Using template $paramod\$lut\WIDTH=32'00000000000000000000000000000010\LUT=4'1011 for cells of type $lut.
Using template $paramod$4f20b4034816949520594101d1b6008f50f5748d\$lut for cells of type $lut.
Using template $paramod$8b6e4ea4173a3f00f883f0f7a3ab4b7d501a5a2e\$lut for cells of type $lut.
Using template $paramod\$lut\WIDTH=32'00000000000000000000000000000011\LUT=8'01010011 for cells of type $lut.
Using template $paramod$a983ea25b3a615b1d42681467881858c720b39d6\$lut for cells of type $lut.
Using template $paramod$725c9b3cf227cd6890335a82c013f145b872f38b\$lut for cells of type $lut.
Using template $paramod$31ae921fc23f73bb75edcd9dd80d1d9a1acd20b0\$lut for cells of type $lut.
Using template $paramod$4866c660909410a502f247884ba470a4ec4def4c\$lut for cells of type $lut.
Using template $paramod$a0fa15d303174969c33b9522bb38dcc41f694adf\$lut for cells of type $lut.
Using template $paramod$1e64c597b8ccaf9d1a5c37352b3f50e43057f274\$lut for cells of type $lut.
Using template $paramod\$lut\WIDTH=32'00000000000000000000000000000011\LUT=8'11110001 for cells of type $lut.
Using template $paramod$54051743e7ad19555c019c649033245e3c5bd4c1\$lut for cells of type $lut.
Using template $paramod$19fb16d943e794aca09960ef04d6d01647609403\$lut for cells of type $lut.
Using template $paramod$3060f6d972a4f33a83746b15f8e9ce6d5a0f86fd\$lut for cells of type $lut.
Using template $paramod$911ce2c2ed06f63589760952a728b60224a26237\$lut for cells of type $lut.
Using template $paramod$b5d7208cb4e125c48b25c538b44ed75b8951b892\$lut for cells of type $lut.
Using template $paramod$decd7d44aed8170c3826b15dbafe01496fe539f9\$lut for cells of type $lut.
Using template $paramod$b297295e19b03521716155b85537bbe86d6a9ae6\$lut for cells of type $lut.
Using template $paramod\$lut\WIDTH=32'00000000000000000000000000000011\LUT=8'11100000 for cells of type $lut.
Using template $paramod$a15fd389a2f54cb7b94707b25934d226e68d9e2e\$lut for cells of type $lut.
Using template $paramod\$lut\WIDTH=32'00000000000000000000000000000011\LUT=8'00111010 for cells of type $lut.
Using template $paramod$12fa3ff14814e9df4ba8fdbdb02cdcbdf7301bcd\$lut for cells of type $lut.
Using template $paramod$697fe26fef32bc62143c55a622867bdf9781bf4c\$lut for cells of type $lut.
Using template $paramod$f248e3893191397f8346d332d53b042ef3754be4\$lut for cells of type $lut.
Using template $paramod$91c94fc6723b68dbd7e827edd7f6b75855863715\$lut for cells of type $lut.
Using template $paramod$1a0e2b41b703e4f9a4473c978be3fcac3e4019a9\$lut for cells of type $lut.
Using template $paramod$f9d5cb7f3a24a3978811c5219d2f4f07ec60cef0\$lut for cells of type $lut.
Using template $paramod$a2b4ddfa3906001b2ef9f2414d79c3048f2a3a6e\$lut for cells of type $lut.
Using template $paramod$1df080f2cd98c6056ef201d23e18e2bb641d9514\$lut for cells of type $lut.
Using template $paramod$cdf32637fd2af4e65f2eb45ccb2a3364ac2e8959\$lut for cells of type $lut.
Using template $paramod$ba0282023f6ac7394013adc3f22006575206d5b0\$lut for cells of type $lut.
Using template $paramod$be1b8643867f9cf17f6b0da3ad212ef84733aa58\$lut for cells of type $lut.
Using template $paramod$692927e279b3d5c42ee4aacb287247c0b34943ed\$lut for cells of type $lut.
Using template $paramod$57216e43f7740bfc754414dbe254d2cda9a5e00c\$lut for cells of type $lut.
Using template $paramod$6697df5c5aca941082ed4427c190c12e0b8b1208\$lut for cells of type $lut.
Using template $paramod$2b6c94704f9abc394a27ecd4da7cf391db2c5bf1\$lut for cells of type $lut.
Using template $paramod$8f9df5f78689253601ffce03bdf088e63e08b4e7\$lut for cells of type $lut.
Using template $paramod$8f81f0c38ae541f955ad17f9f86b131d06265ffa\$lut for cells of type $lut.
Using template $paramod$c64b7517fc2f663fc967e3272ed8f33ff1184910\$lut for cells of type $lut.
Using template $paramod$a98327c539ffa63a13034176f10dde9a2a722028\$lut for cells of type $lut.
Using template $paramod$7ddf9ddc25cc2648b916d0a3b8cc4105a016fc7b\$lut for cells of type $lut.
Using template $paramod$8d2e2016230e93dc58be1742494c457384539e79\$lut for cells of type $lut.
Using template $paramod$ea7f486419707470519f6f994c58e79a146a28f3\$lut for cells of type $lut.
Using template $paramod$ddbe71b5663ef92fe2d05daf9c2d927a45266af8\$lut for cells of type $lut.
Using template $paramod$2645a2f6ab6a0425393814befef8001dc8a8fddc\$lut for cells of type $lut.
Using template $paramod$03c22e4fc4f5432408d79b7206f2495882c081e5\$lut for cells of type $lut.
Using template $paramod$ed61c7f21a240ba6b1f987887138a1f33d42f573\$lut for cells of type $lut.
Using template $paramod$042236749f3684de27317068e16c37ef466b5c35\$lut for cells of type $lut.
Using template $paramod$e553ae3907dcd8007b31e14bf6889dfccf7c319b\$lut for cells of type $lut.
Using template $paramod$0f870651cb4280a7ac454e331c3471ce31d1c8ac\$lut for cells of type $lut.
Using template $paramod$7690d29a43b3ff40d17e028e4aaa6d640f71b929\$lut for cells of type $lut.
Using template $paramod$d80c5823320acf0772edc2d0818320471184ccdd\$lut for cells of type $lut.
Using template $paramod$999e88b03730e7c768ca679f0b836b066a19e580\$lut for cells of type $lut.
Using template $paramod$20fa504de890150d32eef7e976296d032a4b11ef\$lut for cells of type $lut.
Using template $paramod$8038a0efa268c6c6be8c1b0f5aa40127252be676\$lut for cells of type $lut.
Using template $paramod$b8a3a2c810cf35d37bfb408c289f54af0a5a1bad\$lut for cells of type $lut.
Using template $paramod$e71acd1fd0d505c5322a040014ca4f2fbd36a053\$lut for cells of type $lut.
Using template $paramod$a9d84daecdbb63c0e5acd82ac973d29db07401bf\$lut for cells of type $lut.
Using template $paramod$0a00ed8025e5743582913d0d7af69c3cd10ac8d0\$lut for cells of type $lut.
Using template $paramod$c315fd171a22ad0b563d890e3adda172ea240769\$lut for cells of type $lut.
Using template $paramod$136612812ab41ce1b180493ae406283f2a7182bd\$lut for cells of type $lut.
Using template $paramod$c011d6c3fbb048343c8f7a49e3e49d5652b7e099\$lut for cells of type $lut.
Using template $paramod$28f22e1be14b035ab0b97068b2ca05319f0b5636\$lut for cells of type $lut.
Using template $paramod$4897892d79f7728ad818e1f2e193f65d13bc8960\$lut for cells of type $lut.
Using template $paramod$fc02434b43564f839dca9e2fb3fbb364085ec31b\$lut for cells of type $lut.
Using template $paramod$218da0d31466fb082a0dabd250936cef151d492d\$lut for cells of type $lut.
Using template $paramod$de15bd26dea0405def57d53ef53f3727a2d5c425\$lut for cells of type $lut.
Using template $paramod$9b7d501e2fa18d1677bf254bcfcd57bc381697bf\$lut for cells of type $lut.
Using template $paramod$3ae6f3416023ad6ad098c8d3e98afe5ecde9c4cb\$lut for cells of type $lut.
No more expansions possible.
<suppressed ~3057 debug messages>

5.46. Executing XILINX_DFFOPT pass (optimize FF control signal usage).
Optimizing FFs in adaptive_scrub_controller.
  Merging D + CE LUTs for $auto$ff.cc:266:slice$5526/$abc$11857$iopadmap$scrub_active (2 -> 4)
  Merging D + CE LUTs for $auto$ff.cc:266:slice$6084/measured_control_estimator_inst.measured_raw_score (2 -> 5)
  Merging D + CE LUTs for $auto$ff.cc:266:slice$6082/measured_control_estimator_inst.measured_raw_score (2 -> 5)
  Merging D + CE LUTs for $auto$ff.cc:266:slice$6172/measured_control_estimator_inst.measured_window_count (2 -> 5)
  Merging D + CE LUTs for $auto$ff.cc:266:slice$5888/current_addr (2 -> 5)
  Merging D + CE LUTs for $auto$ff.cc:266:slice$6186/measured_control_estimator_inst.measured_window_count (2 -> 5)
  Merging D + CE LUTs for $auto$ff.cc:266:slice$5889/current_addr (2 -> 5)
  Merging D + CE LUTs for $auto$ff.cc:266:slice$5945/pass_duration_counter (2 -> 6)
  Merging D + CE LUTs for $auto$ff.cc:266:slice$5931/pass_duration_counter (2 -> 6)
  Merging D + CE LUTs for $auto$ff.cc:266:slice$5954/pass_duration_counter (2 -> 6)
  Merging D + CE LUTs for $auto$ff.cc:266:slice$5886/current_addr (2 -> 5)
  Merging D + CE LUTs for $auto$ff.cc:266:slice$5887/current_addr (2 -> 5)
  Merging D + CE LUTs for $auto$ff.cc:266:slice$6083/measured_control_estimator_inst.measured_raw_score (2 -> 5)
  Merging D + CE LUTs for $auto$ff.cc:266:slice$5946/pass_duration_counter (2 -> 6)
  Merging D + CE LUTs for $auto$ff.cc:266:slice$5936/pass_duration_counter (2 -> 6)
  Merging D + CE LUTs for $auto$ff.cc:266:slice$5935/pass_duration_counter (2 -> 6)
  Merging D + CE LUTs for $auto$ff.cc:266:slice$5934/pass_duration_counter (2 -> 6)
  Merging D + CE LUTs for $auto$ff.cc:266:slice$5933/pass_duration_counter (2 -> 6)
  Merging D + CE LUTs for $auto$ff.cc:266:slice$6095/measured_control_estimator_inst.measured_raw_score (2 -> 5)
  Merging D + CE LUTs for $auto$ff.cc:266:slice$5932/pass_duration_counter (2 -> 6)
  Merging D + CE LUTs for $auto$ff.cc:266:slice$5929/pass_duration_counter (2 -> 6)
  Merging D + CE LUTs for $auto$ff.cc:266:slice$5928/pass_duration_counter (2 -> 6)
  Merging D + CE LUTs for $auto$ff.cc:266:slice$5927/pass_duration_counter (2 -> 6)
  Merging D + CE LUTs for $auto$ff.cc:266:slice$5926/pass_duration_counter (2 -> 6)
  Merging D + CE LUTs for $auto$ff.cc:266:slice$5937/pass_duration_counter (2 -> 6)
  Merging D + CE LUTs for $auto$ff.cc:266:slice$5938/pass_duration_counter (2 -> 6)
  Merging D + CE LUTs for $auto$ff.cc:266:slice$5955/pass_duration_counter (2 -> 6)
  Merging D + CE LUTs for $auto$ff.cc:266:slice$5950/pass_duration_counter (2 -> 6)
  Merging D + CE LUTs for $auto$ff.cc:266:slice$5949/pass_duration_counter (2 -> 6)
  Merging D + CE LUTs for $auto$ff.cc:266:slice$5948/pass_duration_counter (2 -> 6)
  Merging D + CE LUTs for $auto$ff.cc:266:slice$5947/pass_duration_counter (2 -> 6)
  Merging D + CE LUTs for $auto$ff.cc:266:slice$5925/pass_duration_counter (2 -> 6)
  Merging D + CE LUTs for $auto$ff.cc:266:slice$5943/pass_duration_counter (2 -> 6)
  Merging D + CE LUTs for $auto$ff.cc:266:slice$5942/pass_duration_counter (2 -> 6)
  Merging D + CE LUTs for $auto$ff.cc:266:slice$5941/pass_duration_counter (2 -> 6)
  Merging D + CE LUTs for $auto$ff.cc:266:slice$5940/pass_duration_counter (2 -> 6)
  Merging D + CE LUTs for $auto$ff.cc:266:slice$5951/pass_duration_counter (2 -> 6)
  Merging D + CE LUTs for $auto$ff.cc:266:slice$5939/pass_duration_counter (2 -> 6)
  Merging D + CE LUTs for $auto$ff.cc:266:slice$5952/pass_duration_counter (2 -> 6)
  Merging D + CE LUTs for $auto$ff.cc:266:slice$6096/measured_control_estimator_inst.measured_raw_score (2 -> 5)
  Merging D + CE LUTs for $auto$ff.cc:266:slice$6088/measured_control_estimator_inst.measured_raw_score (2 -> 5)
  Merging D + CE LUTs for $auto$ff.cc:266:slice$6087/measured_control_estimator_inst.measured_raw_score (2 -> 5)
  Merging D + CE LUTs for $auto$ff.cc:266:slice$6085/measured_control_estimator_inst.measured_raw_score (2 -> 5)
  Merging D + CE LUTs for $auto$ff.cc:266:slice$6094/measured_control_estimator_inst.measured_raw_score (2 -> 5)
  Merging D + CE LUTs for $auto$ff.cc:266:slice$6081/measured_control_estimator_inst.measured_raw_score (2 -> 5)
  Merging D + CE LUTs for $auto$ff.cc:266:slice$6078/measured_control_estimator_inst.measured_raw_score (2 -> 5)
  Merging D + CE LUTs for $auto$ff.cc:266:slice$6089/measured_control_estimator_inst.measured_raw_score (2 -> 5)
  Merging D + CE LUTs for $auto$ff.cc:266:slice$5930/pass_duration_counter (2 -> 6)
  Merging D + CE LUTs for $auto$ff.cc:266:slice$6099/measured_control_estimator_inst.measured_raw_score (2 -> 5)
  Merging D + CE LUTs for $auto$ff.cc:266:slice$6097/measured_control_estimator_inst.measured_raw_score (2 -> 5)
  Merging D + CE LUTs for $auto$ff.cc:266:slice$6077/measured_control_estimator_inst.measured_raw_score (2 -> 5)
  Merging D + CE LUTs for $auto$ff.cc:266:slice$6093/measured_control_estimator_inst.measured_raw_score (2 -> 5)
  Merging D + CE LUTs for $auto$ff.cc:266:slice$6091/measured_control_estimator_inst.measured_raw_score (2 -> 5)
  Merging D + CE LUTs for $auto$ff.cc:266:slice$6100/measured_control_estimator_inst.measured_raw_score (2 -> 5)
  Merging D + CE LUTs for $auto$ff.cc:266:slice$6101/measured_control_estimator_inst.measured_raw_score (2 -> 5)
  Merging D + CE LUTs for $auto$ff.cc:266:slice$6102/measured_control_estimator_inst.measured_raw_score (2 -> 5)
  Merging D + CE LUTs for $auto$ff.cc:266:slice$6103/measured_control_estimator_inst.measured_raw_score (2 -> 5)
  Merging D + CE LUTs for $auto$ff.cc:266:slice$5944/pass_duration_counter (2 -> 6)
  Merging D + CE LUTs for $auto$ff.cc:266:slice$6090/measured_control_estimator_inst.measured_raw_score (2 -> 5)
  Merging D + CE LUTs for $auto$ff.cc:266:slice$5953/pass_duration_counter (2 -> 6)
  Merging D + CE LUTs for $auto$ff.cc:266:slice$6171/measured_control_estimator_inst.measured_window_count (2 -> 5)
  Merging D + CE LUTs for $auto$ff.cc:266:slice$6177/measured_control_estimator_inst.measured_window_count (2 -> 5)
  Merging D + CE LUTs for $auto$ff.cc:266:slice$6176/measured_control_estimator_inst.measured_window_count (2 -> 5)
  Merging D + CE LUTs for $auto$ff.cc:266:slice$6175/measured_control_estimator_inst.measured_window_count (2 -> 5)
  Merging D + CE LUTs for $auto$ff.cc:266:slice$6174/measured_control_estimator_inst.measured_window_count (2 -> 5)
  Merging D + CE LUTs for $auto$ff.cc:266:slice$6185/measured_control_estimator_inst.measured_window_count (2 -> 5)
  Merging D + CE LUTs for $auto$ff.cc:266:slice$6173/measured_control_estimator_inst.measured_window_count (2 -> 5)
  Merging D + CE LUTs for $auto$ff.cc:266:slice$6170/measured_control_estimator_inst.measured_window_count (2 -> 5)
  Merging D + CE LUTs for $auto$ff.cc:266:slice$6169/measured_control_estimator_inst.measured_window_count (2 -> 5)
  Merging D + CE LUTs for $auto$ff.cc:266:slice$6178/measured_control_estimator_inst.measured_window_count (2 -> 5)
  Merging D + CE LUTs for $auto$ff.cc:266:slice$6179/measured_control_estimator_inst.measured_window_count (2 -> 5)
  Merging D + CE LUTs for $auto$ff.cc:266:slice$6180/measured_control_estimator_inst.measured_window_count (2 -> 5)
  Merging D + CE LUTs for $auto$ff.cc:266:slice$6181/measured_control_estimator_inst.measured_window_count (2 -> 5)
  Merging D + CE LUTs for $auto$ff.cc:266:slice$6182/measured_control_estimator_inst.measured_window_count (2 -> 5)
  Merging D + CE LUTs for $auto$ff.cc:266:slice$6183/measured_control_estimator_inst.measured_window_count (2 -> 5)
  Merging D + CE LUTs for $auto$ff.cc:266:slice$6184/measured_control_estimator_inst.measured_window_count (2 -> 5)
  Merging D + CE LUTs for $auto$ff.cc:266:slice$6187/measured_control_estimator_inst.measured_window_count (2 -> 5)
  Merging D + CE LUTs for $auto$ff.cc:266:slice$6188/measured_control_estimator_inst.measured_window_count (2 -> 5)
  Merging D + CE LUTs for $auto$ff.cc:266:slice$6189/measured_control_estimator_inst.measured_window_count (2 -> 5)
  Merging D + CE LUTs for $auto$ff.cc:266:slice$6190/measured_control_estimator_inst.measured_window_count (2 -> 5)
  Merging D + CE LUTs for $auto$ff.cc:266:slice$6191/measured_control_estimator_inst.measured_window_count (2 -> 5)
  Merging D + CE LUTs for $auto$ff.cc:266:slice$6192/measured_control_estimator_inst.measured_window_count (2 -> 5)
  Merging D + CE LUTs for $auto$ff.cc:266:slice$6193/measured_control_estimator_inst.measured_window_count (2 -> 5)
  Merging D + CE LUTs for $auto$ff.cc:266:slice$6194/measured_control_estimator_inst.measured_window_count (2 -> 5)
  Merging D + CE LUTs for $auto$ff.cc:266:slice$6195/measured_control_estimator_inst.measured_window_count (2 -> 5)
  Merging D + CE LUTs for $auto$ff.cc:266:slice$6196/measured_control_estimator_inst.measured_window_count (2 -> 5)
  Merging D + CE LUTs for $auto$ff.cc:266:slice$6197/measured_control_estimator_inst.measured_window_count (2 -> 5)
  Merging D + CE LUTs for $auto$ff.cc:266:slice$6198/measured_control_estimator_inst.measured_window_count (2 -> 5)
  Merging D + CE LUTs for $auto$ff.cc:266:slice$6168/measured_control_estimator_inst.measured_window_count (2 -> 5)
  Merging D + CE LUTs for $auto$ff.cc:266:slice$6199/measured_control_estimator_inst.measured_window_count (2 -> 5)
  Merging D + CE LUTs for $auto$ff.cc:266:slice$6201/measured_control_estimator_inst.measured_ctrl_level (2 -> 5)

5.47. Executing OPT_LUT_INS pass (discard unused LUT inputs).
Optimizing LUTs in adaptive_scrub_controller.
  Optimizing lut $abc$11857$auto$blifparse.cc:535:parse_blif$11996.genblk1.genblk1.genblk1.genblk1.genblk1.genblk1.genblk1.genblk1.genblk1.genblk1.lut1.genblk1.genblk1.genblk1.genblk1.genblk1.genblk1.genblk1.genblk1.genblk1.lut1 (6 -> 3)
  Optimizing lut $abc$11857$auto$blifparse.cc:535:parse_blif$12019.genblk1.genblk1.genblk1.genblk1.genblk1.genblk1.genblk1.genblk1.genblk1.lut0 (6 -> 0)
  Optimizing lut $abc$11857$auto$blifparse.cc:535:parse_blif$11934.genblk1.genblk1.genblk1.genblk1.genblk1.genblk1.genblk1.genblk1.genblk1.lut0 (6 -> 5)
  Optimizing lut $abc$11857$auto$blifparse.cc:535:parse_blif$11929.genblk1.genblk1.genblk1.genblk1.genblk1.genblk1.genblk1.genblk1.genblk1.genblk1.lut0.genblk1.genblk1.genblk1.genblk1.genblk1.genblk1.genblk1.genblk1.genblk1.lut1 (6 -> 1)
  Optimizing lut $abc$11857$auto$blifparse.cc:535:parse_blif$12006.genblk1.genblk1.genblk1.genblk1.genblk1.genblk1.genblk1.genblk1.genblk1.lut0 (6 -> 0)
  Optimizing lut $abc$11857$auto$blifparse.cc:535:parse_blif$11937.genblk1.genblk1.genblk1.genblk1.genblk1.genblk1.genblk1.genblk1.genblk1.genblk1.lut1.genblk1.genblk1.genblk1.genblk1.genblk1.genblk1.genblk1.genblk1.genblk1.lut1 (6 -> 3)
  Optimizing lut $abc$11857$auto$blifparse.cc:535:parse_blif$11970.genblk1.genblk1.genblk1.genblk1.genblk1.genblk1.genblk1.genblk1.genblk1.lut0 (6 -> 4)
  Optimizing lut $abc$11857$auto$blifparse.cc:535:parse_blif$12137.genblk1.genblk1.genblk1.genblk1.genblk1.genblk1.genblk1.genblk1.genblk1.genblk1.lut1.genblk1.genblk1.genblk1.genblk1.genblk1.genblk1.genblk1.genblk1.genblk1.lut1 (6 -> 0)
  Optimizing lut $abc$11857$auto$blifparse.cc:535:parse_blif$11952.genblk1.genblk1.genblk1.genblk1.genblk1.genblk1.genblk1.genblk1.genblk1.lut0 (6 -> 0)
  Optimizing lut $abc$11857$auto$blifparse.cc:535:parse_blif$11953.genblk1.genblk1.genblk1.genblk1.genblk1.genblk1.genblk1.genblk1.genblk1.lut0 (6 -> 4)
  Optimizing lut $abc$11857$auto$blifparse.cc:535:parse_blif$11991.genblk1.genblk1.genblk1.genblk1.genblk1.genblk1.genblk1.genblk1.genblk1.lut0 (6 -> 4)
  Optimizing lut $abc$11857$auto$blifparse.cc:535:parse_blif$12004.genblk1.genblk1.genblk1.genblk1.genblk1.genblk1.genblk1.genblk1.genblk1.lut1 (6 -> 4)
  Optimizing lut $abc$11857$auto$blifparse.cc:535:parse_blif$11922.genblk1.genblk1.genblk1.genblk1.genblk1.genblk1.genblk1.genblk1.genblk1.genblk1.lut1.genblk1.genblk1.genblk1.genblk1.genblk1.genblk1.genblk1.genblk1.genblk1.lut0 (6 -> 3)
  Optimizing lut $abc$11857$auto$blifparse.cc:535:parse_blif$11985.genblk1.genblk1.genblk1.genblk1.genblk1.genblk1.genblk1.genblk1.genblk1.genblk1.lut1.genblk1.genblk1.genblk1.genblk1.genblk1.genblk1.genblk1.genblk1.genblk1.lut0 (6 -> 3)
  Optimizing lut $abc$11857$auto$blifparse.cc:535:parse_blif$11922.genblk1.genblk1.genblk1.genblk1.genblk1.genblk1.genblk1.genblk1.genblk1.genblk1.lut0.genblk1.genblk1.genblk1.genblk1.genblk1.genblk1.genblk1.genblk1.genblk1.lut0 (6 -> 1)
  Optimizing lut $abc$11857$auto$blifparse.cc:535:parse_blif$11923.genblk1.genblk1.genblk1.genblk1.genblk1.genblk1.genblk1.genblk1.genblk1.lut0 (6 -> 0)
  Optimizing lut $abc$11857$auto$blifparse.cc:535:parse_blif$11972.genblk1.genblk1.genblk1.genblk1.genblk1.genblk1.genblk1.genblk1.genblk1.lut0 (6 -> 0)
  Optimizing lut $abc$11857$auto$blifparse.cc:535:parse_blif$11945.genblk1.genblk1.genblk1.genblk1.genblk1.genblk1.genblk1.genblk1.genblk1.lut1 (6 -> 4)
  Optimizing lut $abc$11857$auto$blifparse.cc:535:parse_blif$11943.genblk1.genblk1.genblk1.genblk1.genblk1.genblk1.genblk1.genblk1.genblk1.genblk1.lut0.genblk1.genblk1.genblk1.genblk1.genblk1.genblk1.genblk1.genblk1.genblk1.lut1 (6 -> 1)
  Optimizing lut $abc$11857$auto$blifparse.cc:535:parse_blif$11941.genblk1.genblk1.genblk1.genblk1.genblk1.genblk1.genblk1.genblk1.genblk1.genblk1.lut1.genblk1.genblk1.genblk1.genblk1.genblk1.genblk1.genblk1.genblk1.genblk1.lut0 (6 -> 3)
  Optimizing lut $abc$11857$auto$blifparse.cc:535:parse_blif$11974.genblk1.genblk1.genblk1.genblk1.genblk1.genblk1.genblk1.genblk1.genblk1.genblk1.lut0.genblk1.genblk1.genblk1.genblk1.genblk1.genblk1.genblk1.genblk1.genblk1.lut1 (6 -> 1)
  Optimizing lut $abc$11857$auto$blifparse.cc:535:parse_blif$12016.genblk1.genblk1.genblk1.genblk1.genblk1.genblk1.genblk1.genblk1.genblk1.genblk1.lut0.genblk1.genblk1.genblk1.genblk1.genblk1.genblk1.genblk1.genblk1.genblk1.lut1 (6 -> 1)
  Optimizing lut $abc$11857$auto$blifparse.cc:535:parse_blif$12037.genblk1.genblk1.genblk1.genblk1.genblk1.genblk1.genblk1.genblk1.genblk1.genblk1.lut1.genblk1.genblk1.genblk1.genblk1.genblk1.genblk1.genblk1.genblk1.genblk1.lut1 (6 -> 3)
  Optimizing lut $abc$11857$auto$blifparse.cc:535:parse_blif$12036.genblk1.genblk1.genblk1.genblk1.genblk1.genblk1.genblk1.genblk1.genblk1.lut0 (6 -> 4)
  Optimizing lut $abc$11857$auto$blifparse.cc:535:parse_blif$12008.genblk1.genblk1.genblk1.genblk1.genblk1.genblk1.genblk1.genblk1.genblk1.genblk1.lut1.genblk1.genblk1.genblk1.genblk1.genblk1.genblk1.genblk1.genblk1.genblk1.lut1 (6 -> 3)
  Optimizing lut $abc$11857$auto$blifparse.cc:535:parse_blif$11924.genblk1.genblk1.genblk1.genblk1.genblk1.genblk1.genblk1.genblk1.genblk1.lut0 (6 -> 4)
  Optimizing lut $abc$11857$auto$blifparse.cc:535:parse_blif$11966.genblk1.genblk1.genblk1.genblk1.genblk1.genblk1.genblk1.genblk1.genblk1.genblk1.lut1.genblk1.genblk1.genblk1.genblk1.genblk1.genblk1.genblk1.genblk1.genblk1.lut1 (6 -> 3)
  Optimizing lut $abc$11857$auto$blifparse.cc:535:parse_blif$12037.genblk1.genblk1.genblk1.genblk1.genblk1.genblk1.genblk1.genblk1.genblk1.genblk1.lut0.genblk1.genblk1.genblk1.genblk1.genblk1.genblk1.genblk1.genblk1.genblk1.lut1 (6 -> 1)
  Optimizing lut $abc$11857$auto$blifparse.cc:535:parse_blif$12016.genblk1.genblk1.genblk1.genblk1.genblk1.genblk1.genblk1.genblk1.genblk1.genblk1.lut1.genblk1.genblk1.genblk1.genblk1.genblk1.genblk1.genblk1.genblk1.genblk1.lut0 (6 -> 3)
  Optimizing lut $abc$11857$auto$blifparse.cc:535:parse_blif$12016.genblk1.genblk1.genblk1.genblk1.genblk1.genblk1.genblk1.genblk1.genblk1.genblk1.lut0.genblk1.genblk1.genblk1.genblk1.genblk1.genblk1.genblk1.genblk1.genblk1.lut0 (6 -> 1)
  Optimizing lut $abc$11857$auto$blifparse.cc:535:parse_blif$12018.genblk1.genblk1.genblk1.genblk1.genblk1.genblk1.genblk1.genblk1.genblk1.lut0 (6 -> 4)
  Optimizing lut $abc$11857$auto$blifparse.cc:535:parse_blif$11964.genblk1.genblk1.genblk1.genblk1.genblk1.genblk1.genblk1.genblk1.genblk1.lut0 (6 -> 0)
  Optimizing lut $abc$11857$auto$blifparse.cc:535:parse_blif$12023.genblk1.genblk1.genblk1.genblk1.genblk1.genblk1.genblk1.genblk1.genblk1.lut0 (6 -> 4)
  Optimizing lut $abc$11857$auto$blifparse.cc:535:parse_blif$12023.genblk1.genblk1.genblk1.genblk1.genblk1.genblk1.genblk1.genblk1.genblk1.lut1 (6 -> 4)
  Optimizing lut $abc$11857$auto$blifparse.cc:535:parse_blif$11937.genblk1.genblk1.genblk1.genblk1.genblk1.genblk1.genblk1.genblk1.genblk1.genblk1.lut0.genblk1.genblk1.genblk1.genblk1.genblk1.genblk1.genblk1.genblk1.genblk1.lut1 (6 -> 1)
  Optimizing lut $abc$11857$auto$blifparse.cc:535:parse_blif$11928.genblk1.genblk1.genblk1.genblk1.genblk1.genblk1.genblk1.genblk1.genblk1.lut0 (6 -> 4)
  Optimizing lut $abc$11857$auto$blifparse.cc:535:parse_blif$12026.genblk1.genblk1.genblk1.genblk1.genblk1.genblk1.genblk1.genblk1.genblk1.genblk1.lut1.genblk1.genblk1.genblk1.genblk1.genblk1.genblk1.genblk1.genblk1.genblk1.lut1 (6 -> 3)
  Optimizing lut $abc$11857$auto$blifparse.cc:535:parse_blif$12040.genblk1.genblk1.genblk1.genblk1.genblk1.genblk1.genblk1.genblk1.genblk1.lut0 (6 -> 0)
  Optimizing lut $abc$11857$auto$blifparse.cc:535:parse_blif$12018.genblk1.genblk1.genblk1.genblk1.genblk1.genblk1.genblk1.genblk1.genblk1.lut1 (6 -> 4)
  Optimizing lut $abc$11857$auto$blifparse.cc:535:parse_blif$11979.genblk1.genblk1.genblk1.genblk1.genblk1.genblk1.genblk1.genblk1.genblk1.genblk1.lut1.genblk1.genblk1.genblk1.genblk1.genblk1.genblk1.genblk1.genblk1.genblk1.lut0 (6 -> 3)
  Optimizing lut $abc$11857$auto$blifparse.cc:535:parse_blif$12054.genblk1.genblk1.genblk1.genblk1.genblk1.genblk1.genblk1.genblk1.genblk1.lut1 (6 -> 4)
  Optimizing lut $abc$11857$auto$blifparse.cc:535:parse_blif$12055.genblk1.genblk1.genblk1.genblk1.genblk1.genblk1.genblk1.genblk1.genblk1.genblk1.lut0.genblk1.genblk1.genblk1.genblk1.genblk1.genblk1.genblk1.genblk1.genblk1.lut0 (6 -> 1)
  Optimizing lut $abc$11857$auto$blifparse.cc:535:parse_blif$11918.genblk1.genblk1.genblk1.genblk1.genblk1.genblk1.genblk1.genblk1.genblk1.genblk1.lut1.genblk1.genblk1.genblk1.genblk1.genblk1.genblk1.genblk1.genblk1.genblk1.lut0 (6 -> 3)
  Optimizing lut $abc$11857$auto$blifparse.cc:535:parse_blif$12051.genblk1.genblk1.genblk1.genblk1.genblk1.genblk1.genblk1.genblk1.genblk1.genblk1.lut0.genblk1.genblk1.genblk1.genblk1.genblk1.genblk1.genblk1.genblk1.genblk1.lut0 (6 -> 1)
  Optimizing lut $abc$11857$auto$blifparse.cc:535:parse_blif$12002.genblk1.genblk1.genblk1.genblk1.genblk1.genblk1.genblk1.genblk1.genblk1.genblk1.lut0.genblk1.genblk1.genblk1.genblk1.genblk1.genblk1.genblk1.genblk1.genblk1.lut1 (6 -> 1)
  Optimizing lut $abc$11857$auto$blifparse.cc:535:parse_blif$11989.genblk1.genblk1.genblk1.genblk1.genblk1.genblk1.genblk1.genblk1.genblk1.genblk1.lut0.genblk1.genblk1.genblk1.genblk1.genblk1.genblk1.genblk1.genblk1.genblk1.lut1 (6 -> 1)
  Optimizing lut $abc$11857$auto$blifparse.cc:535:parse_blif$11996.genblk1.genblk1.genblk1.genblk1.genblk1.genblk1.genblk1.genblk1.genblk1.genblk1.lut1.genblk1.genblk1.genblk1.genblk1.genblk1.genblk1.genblk1.genblk1.genblk1.lut0 (6 -> 3)
  Optimizing lut $abc$11857$auto$blifparse.cc:535:parse_blif$11995.genblk1.genblk1.genblk1.genblk1.genblk1.genblk1.genblk1.genblk1.genblk1.lut0 (6 -> 4)
  Optimizing lut $abc$11857$auto$blifparse.cc:535:parse_blif$11956.genblk1.genblk1.genblk1.genblk1.genblk1.genblk1.genblk1.genblk1.genblk1.genblk1.lut0.genblk1.genblk1.genblk1.genblk1.genblk1.genblk1.genblk1.genblk1.genblk1.lut1 (6 -> 1)
  Optimizing lut $abc$11857$auto$blifparse.cc:535:parse_blif$12032.genblk1.genblk1.genblk1.genblk1.genblk1.genblk1.genblk1.genblk1.genblk1.lut0 (6 -> 4)
  Optimizing lut $abc$11857$auto$blifparse.cc:535:parse_blif$12028.genblk1.genblk1.genblk1.genblk1.genblk1.genblk1.genblk1.genblk1.genblk1.lut1 (6 -> 4)
  Optimizing lut $abc$11857$auto$blifparse.cc:535:parse_blif$11931.genblk1.genblk1.genblk1.genblk1.genblk1.genblk1.genblk1.genblk1.genblk1.genblk1.lut1.genblk1.genblk1.genblk1.genblk1.genblk1.genblk1.genblk1.genblk1.genblk1.lut0 (6 -> 3)
  Optimizing lut $abc$11857$auto$blifparse.cc:535:parse_blif$12031.genblk1.genblk1.genblk1.genblk1.genblk1.genblk1.genblk1.genblk1.genblk1.lut0 (6 -> 0)
  Optimizing lut $abc$11857$auto$blifparse.cc:535:parse_blif$12039.genblk1.genblk1.genblk1.genblk1.genblk1.genblk1.genblk1.genblk1.genblk1.genblk1.lut0.genblk1.genblk1.genblk1.genblk1.genblk1.genblk1.genblk1.genblk1.genblk1.lut0 (6 -> 1)
  Optimizing lut $abc$11857$auto$blifparse.cc:535:parse_blif$11977.genblk1.genblk1.genblk1.genblk1.genblk1.genblk1.genblk1.genblk1.genblk1.lut0 (6 -> 0)
  Optimizing lut $abc$11857$auto$blifparse.cc:535:parse_blif$11978.genblk1.genblk1.genblk1.genblk1.genblk1.genblk1.genblk1.genblk1.genblk1.lut0 (6 -> 4)
  Optimizing lut $abc$11857$auto$blifparse.cc:535:parse_blif$12046.genblk1.genblk1.genblk1.genblk1.genblk1.genblk1.genblk1.genblk1.genblk1.lut1 (6 -> 4)
  Optimizing lut $abc$11857$auto$blifparse.cc:535:parse_blif$11983.genblk1.genblk1.genblk1.genblk1.genblk1.genblk1.genblk1.genblk1.genblk1.lut1 (6 -> 4)
  Optimizing lut $abc$11857$auto$blifparse.cc:535:parse_blif$11979.genblk1.genblk1.genblk1.genblk1.genblk1.genblk1.genblk1.genblk1.genblk1.genblk1.lut0.genblk1.genblk1.genblk1.genblk1.genblk1.genblk1.genblk1.genblk1.genblk1.lut0 (6 -> 1)
  Optimizing lut $abc$11857$auto$blifparse.cc:535:parse_blif$12024.genblk1.genblk1.genblk1.genblk1.genblk1.genblk1.genblk1.genblk1.genblk1.genblk1.lut0.genblk1.genblk1.genblk1.genblk1.genblk1.genblk1.genblk1.genblk1.genblk1.lut1 (6 -> 0)
  Optimizing lut $abc$11857$auto$blifparse.cc:535:parse_blif$12024.genblk1.genblk1.genblk1.genblk1.genblk1.genblk1.genblk1.genblk1.genblk1.genblk1.lut1.genblk1.genblk1.genblk1.genblk1.genblk1.genblk1.genblk1.genblk1.genblk1.lut0 (6 -> 0)
  Optimizing lut $abc$11857$auto$blifparse.cc:535:parse_blif$11969.genblk1.genblk1.genblk1.genblk1.genblk1.genblk1.genblk1.genblk1.genblk1.lut0 (6 -> 0)
  Optimizing lut $abc$11857$auto$blifparse.cc:535:parse_blif$11950.genblk1.genblk1.genblk1.genblk1.genblk1.genblk1.genblk1.genblk1.genblk1.genblk1.lut0.genblk1.genblk1.genblk1.genblk1.genblk1.genblk1.genblk1.genblk1.genblk1.lut1 (6 -> 0)
  Optimizing lut $abc$11857$auto$blifparse.cc:535:parse_blif$11975.genblk1.genblk1.genblk1.genblk1.genblk1.genblk1.genblk1.genblk1.genblk1.genblk1.lut0.genblk1.genblk1.genblk1.genblk1.genblk1.genblk1.genblk1.genblk1.genblk1.lut1 (6 -> 0)
  Optimizing lut $abc$11857$auto$blifparse.cc:535:parse_blif$12005.genblk1.genblk1.genblk1.genblk1.genblk1.genblk1.genblk1.genblk1.genblk1.genblk1.lut1.genblk1.genblk1.genblk1.genblk1.genblk1.genblk1.genblk1.genblk1.genblk1.lut0 (6 -> 0)
  Optimizing lut $abc$11857$auto$blifparse.cc:535:parse_blif$11915.genblk1.genblk1.genblk1.genblk1.genblk1.genblk1.genblk1.genblk1.genblk1.genblk1.lut1.genblk1.genblk1.genblk1.genblk1.genblk1.genblk1.genblk1.genblk1.genblk1.lut0 (6 -> 0)
  Optimizing lut $abc$11857$auto$blifparse.cc:535:parse_blif$12042.genblk1.genblk1.genblk1.genblk1.genblk1.genblk1.genblk1.genblk1.genblk1.genblk1.lut1.genblk1.genblk1.genblk1.genblk1.genblk1.genblk1.genblk1.genblk1.genblk1.lut0 (6 -> 0)
  Optimizing lut $abc$11857$auto$blifparse.cc:535:parse_blif$12026.genblk1.genblk1.genblk1.genblk1.genblk1.genblk1.genblk1.genblk1.genblk1.genblk1.lut0.genblk1.genblk1.genblk1.genblk1.genblk1.genblk1.genblk1.genblk1.genblk1.lut0 (6 -> 1)
  Optimizing lut $abc$11857$auto$blifparse.cc:535:parse_blif$11918.genblk1.genblk1.genblk1.genblk1.genblk1.genblk1.genblk1.genblk1.genblk1.genblk1.lut0.genblk1.genblk1.genblk1.genblk1.genblk1.genblk1.genblk1.genblk1.genblk1.lut0 (6 -> 1)
  Optimizing lut $abc$11857$auto$blifparse.cc:535:parse_blif$12041.genblk1.genblk1.genblk1.genblk1.genblk1.genblk1.genblk1.genblk1.genblk1.lut0 (6 -> 4)
  Optimizing lut $abc$11857$auto$blifparse.cc:535:parse_blif$11947.genblk1.genblk1.genblk1.genblk1.genblk1.genblk1.genblk1.genblk1.genblk1.genblk1.lut0.genblk1.genblk1.genblk1.genblk1.genblk1.genblk1.genblk1.genblk1.genblk1.lut1 (6 -> 1)
  Optimizing lut $abc$11857$auto$blifparse.cc:535:parse_blif$12134.genblk1.genblk1.genblk1.genblk1.genblk1.genblk1.genblk1.genblk1.genblk1.lut1 (6 -> 0)
  Optimizing lut $abc$11857$auto$blifparse.cc:535:parse_blif$12022.genblk1.genblk1.genblk1.genblk1.genblk1.genblk1.genblk1.genblk1.genblk1.lut0 (6 -> 0)
  Optimizing lut $abc$11857$auto$blifparse.cc:535:parse_blif$12137.genblk1.genblk1.genblk1.genblk1.genblk1.genblk1.genblk1.genblk1.genblk1.genblk1.lut1.genblk1.genblk1.genblk1.genblk1.genblk1.genblk1.genblk1.genblk1.genblk1.lut0 (6 -> 0)
  Optimizing lut $abc$11857$auto$blifparse.cc:535:parse_blif$12133.genblk1.genblk1.genblk1.genblk1.genblk1.genblk1.genblk1.genblk1.genblk1.genblk1.lut1.genblk1.genblk1.genblk1.genblk1.genblk1.genblk1.genblk1.genblk1.genblk1.lut0 (6 -> 0)
  Optimizing lut $abc$11857$auto$blifparse.cc:535:parse_blif$12133.genblk1.genblk1.genblk1.genblk1.genblk1.genblk1.genblk1.genblk1.genblk1.genblk1.lut0.genblk1.genblk1.genblk1.genblk1.genblk1.genblk1.genblk1.genblk1.genblk1.lut1 (6 -> 0)
  Optimizing lut $abc$11857$auto$blifparse.cc:535:parse_blif$12016.genblk1.genblk1.genblk1.genblk1.genblk1.genblk1.genblk1.genblk1.genblk1.genblk1.lut1.genblk1.genblk1.genblk1.genblk1.genblk1.genblk1.genblk1.genblk1.genblk1.lut1 (6 -> 3)
  Optimizing lut $abc$11857$auto$blifparse.cc:535:parse_blif$11961.genblk1.genblk1.genblk1.genblk1.genblk1.genblk1.genblk1.genblk1.genblk1.lut0 (6 -> 0)
  Optimizing lut $abc$11857$auto$blifparse.cc:535:parse_blif$11940.genblk1.genblk1.genblk1.genblk1.genblk1.genblk1.genblk1.genblk1.genblk1.lut0 (6 -> 4)
  Optimizing lut $abc$11857$auto$blifparse.cc:535:parse_blif$11939.genblk1.genblk1.genblk1.genblk1.genblk1.genblk1.genblk1.genblk1.genblk1.lut0 (6 -> 0)
  Optimizing lut $abc$11857$auto$blifparse.cc:535:parse_blif$11966.genblk1.genblk1.genblk1.genblk1.genblk1.genblk1.genblk1.genblk1.genblk1.genblk1.lut1.genblk1.genblk1.genblk1.genblk1.genblk1.genblk1.genblk1.genblk1.genblk1.lut0 (6 -> 3)
  Optimizing lut $abc$11857$auto$blifparse.cc:535:parse_blif$11974.genblk1.genblk1.genblk1.genblk1.genblk1.genblk1.genblk1.genblk1.genblk1.genblk1.lut1.genblk1.genblk1.genblk1.genblk1.genblk1.genblk1.genblk1.genblk1.genblk1.lut1 (6 -> 3)
  Optimizing lut $abc$11857$auto$blifparse.cc:535:parse_blif$12035.genblk1.genblk1.genblk1.genblk1.genblk1.genblk1.genblk1.genblk1.genblk1.lut0 (6 -> 0)
  Optimizing lut $abc$11857$auto$blifparse.cc:535:parse_blif$12000.genblk1.genblk1.genblk1.genblk1.genblk1.genblk1.genblk1.genblk1.genblk1.genblk1.lut1.genblk1.genblk1.genblk1.genblk1.genblk1.genblk1.genblk1.genblk1.genblk1.lut0 (6 -> 3)
  Optimizing lut $abc$11857$auto$blifparse.cc:535:parse_blif$11999.genblk1.genblk1.genblk1.genblk1.genblk1.genblk1.genblk1.genblk1.genblk1.lut0 (6 -> 4)
  Optimizing lut $abc$11857$auto$blifparse.cc:535:parse_blif$11998.genblk1.genblk1.genblk1.genblk1.genblk1.genblk1.genblk1.genblk1.genblk1.lut0 (6 -> 0)
  Optimizing lut $abc$11857$auto$blifparse.cc:535:parse_blif$11943.genblk1.genblk1.genblk1.genblk1.genblk1.genblk1.genblk1.genblk1.genblk1.genblk1.lut0.genblk1.genblk1.genblk1.genblk1.genblk1.genblk1.genblk1.genblk1.genblk1.lut0 (6 -> 1)
  Optimizing lut $abc$11857$auto$blifparse.cc:535:parse_blif$12051.genblk1.genblk1.genblk1.genblk1.genblk1.genblk1.genblk1.genblk1.genblk1.genblk1.lut0.genblk1.genblk1.genblk1.genblk1.genblk1.genblk1.genblk1.genblk1.genblk1.lut1 (6 -> 1)
  Optimizing lut $abc$11857$auto$blifparse.cc:535:parse_blif$11973.genblk1.genblk1.genblk1.genblk1.genblk1.genblk1.genblk1.genblk1.genblk1.lut0 (6 -> 4)
  Optimizing lut $abc$11857$auto$blifparse.cc:535:parse_blif$11922.genblk1.genblk1.genblk1.genblk1.genblk1.genblk1.genblk1.genblk1.genblk1.genblk1.lut1.genblk1.genblk1.genblk1.genblk1.genblk1.genblk1.genblk1.genblk1.genblk1.lut1 (6 -> 3)
  Optimizing lut $abc$11857$auto$blifparse.cc:535:parse_blif$11924.genblk1.genblk1.genblk1.genblk1.genblk1.genblk1.genblk1.genblk1.genblk1.lut1 (6 -> 4)
  Optimizing lut $abc$11857$auto$blifparse.cc:535:parse_blif$11941.genblk1.genblk1.genblk1.genblk1.genblk1.genblk1.genblk1.genblk1.genblk1.genblk1.lut0.genblk1.genblk1.genblk1.genblk1.genblk1.genblk1.genblk1.genblk1.genblk1.lut0 (6 -> 1)
  Optimizing lut $abc$11857$auto$blifparse.cc:535:parse_blif$11960.genblk1.genblk1.genblk1.genblk1.genblk1.genblk1.genblk1.genblk1.genblk1.genblk1.lut1.genblk1.genblk1.genblk1.genblk1.genblk1.genblk1.genblk1.genblk1.genblk1.lut1 (6 -> 3)
  Optimizing lut $abc$11857$auto$blifparse.cc:535:parse_blif$12013.genblk1.genblk1.genblk1.genblk1.genblk1.genblk1.genblk1.genblk1.genblk1.lut0 (6 -> 0)
  Optimizing lut $abc$11857$auto$blifparse.cc:535:parse_blif$12012.genblk1.genblk1.genblk1.genblk1.genblk1.genblk1.genblk1.genblk1.genblk1.genblk1.lut0.genblk1.genblk1.genblk1.genblk1.genblk1.genblk1.genblk1.genblk1.genblk1.lut1 (6 -> 1)
  Optimizing lut $abc$11857$auto$blifparse.cc:535:parse_blif$12002.genblk1.genblk1.genblk1.genblk1.genblk1.genblk1.genblk1.genblk1.genblk1.genblk1.lut1.genblk1.genblk1.genblk1.genblk1.genblk1.genblk1.genblk1.genblk1.genblk1.lut1 (6 -> 3)
  Optimizing lut $abc$11857$auto$blifparse.cc:535:parse_blif$11989.genblk1.genblk1.genblk1.genblk1.genblk1.genblk1.genblk1.genblk1.genblk1.genblk1.lut1.genblk1.genblk1.genblk1.genblk1.genblk1.genblk1.genblk1.genblk1.genblk1.lut1 (6 -> 3)
  Optimizing lut $abc$11857$auto$blifparse.cc:535:parse_blif$11989.genblk1.genblk1.genblk1.genblk1.genblk1.genblk1.genblk1.genblk1.genblk1.genblk1.lut0.genblk1.genblk1.genblk1.genblk1.genblk1.genblk1.genblk1.genblk1.genblk1.lut0 (6 -> 1)
  Optimizing lut $abc$11857$auto$blifparse.cc:535:parse_blif$11915.genblk1.genblk1.genblk1.genblk1.genblk1.genblk1.genblk1.genblk1.genblk1.genblk1.lut0.genblk1.genblk1.genblk1.genblk1.genblk1.genblk1.genblk1.genblk1.genblk1.lut1 (6 -> 0)
  Optimizing lut $abc$11857$auto$blifparse.cc:535:parse_blif$11935.genblk1.genblk1.genblk1.genblk1.genblk1.genblk1.genblk1.genblk1.genblk1.lut0 (6 -> 0)
  Optimizing lut $abc$11857$auto$blifparse.cc:535:parse_blif$12002.genblk1.genblk1.genblk1.genblk1.genblk1.genblk1.genblk1.genblk1.genblk1.genblk1.lut1.genblk1.genblk1.genblk1.genblk1.genblk1.genblk1.genblk1.genblk1.genblk1.lut0 (6 -> 3)
  Optimizing lut $abc$11857$auto$blifparse.cc:535:parse_blif$11927.genblk1.genblk1.genblk1.genblk1.genblk1.genblk1.genblk1.genblk1.genblk1.lut0 (6 -> 0)
  Optimizing lut $abc$11857$auto$blifparse.cc:535:parse_blif$11918.genblk1.genblk1.genblk1.genblk1.genblk1.genblk1.genblk1.genblk1.genblk1.genblk1.lut1.genblk1.genblk1.genblk1.genblk1.genblk1.genblk1.genblk1.genblk1.genblk1.lut1 (6 -> 3)
  Optimizing lut $abc$11857$auto$blifparse.cc:535:parse_blif$11983.genblk1.genblk1.genblk1.genblk1.genblk1.genblk1.genblk1.genblk1.genblk1.lut0 (6 -> 4)
  Optimizing lut $abc$11857$auto$blifparse.cc:535:parse_blif$12055.genblk1.genblk1.genblk1.genblk1.genblk1.genblk1.genblk1.genblk1.genblk1.genblk1.lut0.genblk1.genblk1.genblk1.genblk1.genblk1.genblk1.genblk1.genblk1.genblk1.lut1 (6 -> 1)
  Optimizing lut $abc$11857$auto$blifparse.cc:535:parse_blif$12045.genblk1.genblk1.genblk1.genblk1.genblk1.genblk1.genblk1.genblk1.genblk1.lut0 (6 -> 0)
  Optimizing lut $abc$11857$auto$blifparse.cc:535:parse_blif$11979.genblk1.genblk1.genblk1.genblk1.genblk1.genblk1.genblk1.genblk1.genblk1.genblk1.lut1.genblk1.genblk1.genblk1.genblk1.genblk1.genblk1.genblk1.genblk1.genblk1.lut1 (6 -> 3)
  Optimizing lut $abc$11857$auto$blifparse.cc:535:parse_blif$11948.genblk1.genblk1.genblk1.genblk1.genblk1.genblk1.genblk1.genblk1.genblk1.lut0 (6 -> 0)
  Optimizing lut $abc$11857$auto$blifparse.cc:535:parse_blif$11968.genblk1.genblk1.genblk1.genblk1.genblk1.genblk1.genblk1.genblk1.genblk1.genblk1.lut0.genblk1.genblk1.genblk1.genblk1.genblk1.genblk1.genblk1.genblk1.genblk1.lut1 (6 -> 1)
  Optimizing lut $abc$11857$auto$blifparse.cc:535:parse_blif$11933.genblk1.genblk1.genblk1.genblk1.genblk1.genblk1.genblk1.genblk1.genblk1.lut0 (6 -> 4)
  Optimizing lut $abc$11857$auto$blifparse.cc:535:parse_blif$11931.genblk1.genblk1.genblk1.genblk1.genblk1.genblk1.genblk1.genblk1.genblk1.genblk1.lut1.genblk1.genblk1.genblk1.genblk1.genblk1.genblk1.genblk1.genblk1.genblk1.lut1 (6 -> 3)
  Optimizing lut $abc$11857$auto$blifparse.cc:535:parse_blif$11966.genblk1.genblk1.genblk1.genblk1.genblk1.genblk1.genblk1.genblk1.genblk1.genblk1.lut0.genblk1.genblk1.genblk1.genblk1.genblk1.genblk1.genblk1.genblk1.genblk1.lut1 (6 -> 1)
  Optimizing lut $abc$11857$auto$blifparse.cc:535:parse_blif$12026.genblk1.genblk1.genblk1.genblk1.genblk1.genblk1.genblk1.genblk1.genblk1.genblk1.lut0.genblk1.genblk1.genblk1.genblk1.genblk1.genblk1.genblk1.genblk1.genblk1.lut1 (6 -> 1)
  Optimizing lut $abc$11857$auto$blifparse.cc:535:parse_blif$12030.genblk1.genblk1.genblk1.genblk1.genblk1.genblk1.genblk1.genblk1.genblk1.genblk1.lut1.genblk1.genblk1.genblk1.genblk1.genblk1.genblk1.genblk1.genblk1.genblk1.lut1 (6 -> 3)
  Optimizing lut $abc$11857$auto$blifparse.cc:535:parse_blif$11956.genblk1.genblk1.genblk1.genblk1.genblk1.genblk1.genblk1.genblk1.genblk1.genblk1.lut1.genblk1.genblk1.genblk1.genblk1.genblk1.genblk1.genblk1.genblk1.genblk1.lut1 (6 -> 3)
  Optimizing lut $abc$11857$auto$blifparse.cc:535:parse_blif$11994.genblk1.genblk1.genblk1.genblk1.genblk1.genblk1.genblk1.genblk1.genblk1.lut0 (6 -> 0)
  Optimizing lut $abc$11857$auto$blifparse.cc:535:parse_blif$11954.genblk1.genblk1.genblk1.genblk1.genblk1.genblk1.genblk1.genblk1.genblk1.genblk1.lut0.genblk1.genblk1.genblk1.genblk1.genblk1.genblk1.genblk1.genblk1.genblk1.lut0 (6 -> 1)
  Optimizing lut $abc$11857$auto$blifparse.cc:535:parse_blif$12050.genblk1.genblk1.genblk1.genblk1.genblk1.genblk1.genblk1.genblk1.genblk1.lut0 (6 -> 4)
  Optimizing lut $abc$11857$auto$blifparse.cc:535:parse_blif$12049.genblk1.genblk1.genblk1.genblk1.genblk1.genblk1.genblk1.genblk1.genblk1.lut0 (6 -> 0)
  Optimizing lut $abc$11857$auto$blifparse.cc:535:parse_blif$11919.genblk1.genblk1.genblk1.genblk1.genblk1.genblk1.genblk1.genblk1.genblk1.lut0 (6 -> 0)
  Optimizing lut $abc$11857$auto$blifparse.cc:535:parse_blif$11981.genblk1.genblk1.genblk1.genblk1.genblk1.genblk1.genblk1.genblk1.genblk1.genblk1.lut0.genblk1.genblk1.genblk1.genblk1.genblk1.genblk1.genblk1.genblk1.genblk1.lut0 (6 -> 1)
  Optimizing lut $abc$11857$auto$blifparse.cc:535:parse_blif$11947.genblk1.genblk1.genblk1.genblk1.genblk1.genblk1.genblk1.genblk1.genblk1.genblk1.lut1.genblk1.genblk1.genblk1.genblk1.genblk1.genblk1.genblk1.genblk1.genblk1.lut1 (6 -> 3)
  Optimizing lut $abc$11857$auto$blifparse.cc:535:parse_blif$12055.genblk1.genblk1.genblk1.genblk1.genblk1.genblk1.genblk1.genblk1.genblk1.genblk1.lut1.genblk1.genblk1.genblk1.genblk1.genblk1.genblk1.genblk1.genblk1.genblk1.lut0 (6 -> 3)
  Optimizing lut $abc$11857$auto$blifparse.cc:535:parse_blif$11968.genblk1.genblk1.genblk1.genblk1.genblk1.genblk1.genblk1.genblk1.genblk1.genblk1.lut1.genblk1.genblk1.genblk1.genblk1.genblk1.genblk1.genblk1.genblk1.genblk1.lut1 (6 -> 3)
  Optimizing lut $abc$11857$auto$blifparse.cc:535:parse_blif$11929.genblk1.genblk1.genblk1.genblk1.genblk1.genblk1.genblk1.genblk1.genblk1.genblk1.lut1.genblk1.genblk1.genblk1.genblk1.genblk1.genblk1.genblk1.genblk1.genblk1.lut1 (6 -> 3)
  Optimizing lut $abc$11857$auto$blifparse.cc:535:parse_blif$11936.genblk1.genblk1.genblk1.genblk1.genblk1.genblk1.genblk1.genblk1.genblk1.lut0 (6 -> 4)
  Optimizing lut $abc$11857$auto$blifparse.cc:535:parse_blif$11958.genblk1.genblk1.genblk1.genblk1.genblk1.genblk1.genblk1.genblk1.genblk1.lut1 (6 -> 4)
  Optimizing lut $abc$11857$auto$blifparse.cc:535:parse_blif$11954.genblk1.genblk1.genblk1.genblk1.genblk1.genblk1.genblk1.genblk1.genblk1.genblk1.lut0.genblk1.genblk1.genblk1.genblk1.genblk1.genblk1.genblk1.genblk1.genblk1.lut1 (6 -> 1)
  Optimizing lut $abc$11857$auto$blifparse.cc:535:parse_blif$11920.genblk1.genblk1.genblk1.genblk1.genblk1.genblk1.genblk1.genblk1.genblk1.lut0 (6 -> 4)
  Optimizing lut $abc$11857$auto$blifparse.cc:535:parse_blif$12044.genblk1.genblk1.genblk1.genblk1.genblk1.genblk1.genblk1.genblk1.genblk1.genblk1.lut1.genblk1.genblk1.genblk1.genblk1.genblk1.genblk1.genblk1.genblk1.genblk1.lut1 (6 -> 3)
  Optimizing lut $abc$11857$auto$blifparse.cc:535:parse_blif$11920.genblk1.genblk1.genblk1.genblk1.genblk1.genblk1.genblk1.genblk1.genblk1.lut1 (6 -> 4)
  Optimizing lut $abc$11857$auto$blifparse.cc:535:parse_blif$11973.genblk1.genblk1.genblk1.genblk1.genblk1.genblk1.genblk1.genblk1.genblk1.lut1 (6 -> 4)
  Optimizing lut $abc$11857$auto$blifparse.cc:535:parse_blif$11943.genblk1.genblk1.genblk1.genblk1.genblk1.genblk1.genblk1.genblk1.genblk1.genblk1.lut1.genblk1.genblk1.genblk1.genblk1.genblk1.genblk1.genblk1.genblk1.genblk1.lut1 (6 -> 3)
  Optimizing lut $abc$11857$auto$blifparse.cc:535:parse_blif$12010.genblk1.genblk1.genblk1.genblk1.genblk1.genblk1.genblk1.genblk1.genblk1.lut1 (6 -> 4)
  Optimizing lut $abc$11857$auto$blifparse.cc:535:parse_blif$11925.genblk1.genblk1.genblk1.genblk1.genblk1.genblk1.genblk1.genblk1.genblk1.genblk1.lut0.genblk1.genblk1.genblk1.genblk1.genblk1.genblk1.genblk1.genblk1.genblk1.lut1 (6 -> 0)
  Optimizing lut $abc$11857$auto$blifparse.cc:535:parse_blif$11956.genblk1.genblk1.genblk1.genblk1.genblk1.genblk1.genblk1.genblk1.genblk1.genblk1.lut1.genblk1.genblk1.genblk1.genblk1.genblk1.genblk1.genblk1.genblk1.genblk1.lut0 (6 -> 3)
  Optimizing lut $abc$11857$auto$blifparse.cc:535:parse_blif$11928.genblk1.genblk1.genblk1.genblk1.genblk1.genblk1.genblk1.genblk1.genblk1.lut1 (6 -> 4)
  Optimizing lut $abc$11857$auto$blifparse.cc:535:parse_blif$11937.genblk1.genblk1.genblk1.genblk1.genblk1.genblk1.genblk1.genblk1.genblk1.genblk1.lut1.genblk1.genblk1.genblk1.genblk1.genblk1.genblk1.genblk1.genblk1.genblk1.lut0 (6 -> 3)
  Optimizing lut $abc$11857$auto$blifparse.cc:535:parse_blif$11931.genblk1.genblk1.genblk1.genblk1.genblk1.genblk1.genblk1.genblk1.genblk1.genblk1.lut0.genblk1.genblk1.genblk1.genblk1.genblk1.genblk1.genblk1.genblk1.genblk1.lut1 (6 -> 1)
  Optimizing lut $abc$11857$auto$blifparse.cc:535:parse_blif$11947.genblk1.genblk1.genblk1.genblk1.genblk1.genblk1.genblk1.genblk1.genblk1.genblk1.lut0.genblk1.genblk1.genblk1.genblk1.genblk1.genblk1.genblk1.genblk1.genblk1.lut0 (6 -> 1)
  Optimizing lut $abc$11857$auto$blifparse.cc:535:parse_blif$11934.genblk1.genblk1.genblk1.genblk1.genblk1.genblk1.genblk1.genblk1.genblk1.lut1 (6 -> 2)
  Optimizing lut $abc$11857$auto$blifparse.cc:535:parse_blif$11936.genblk1.genblk1.genblk1.genblk1.genblk1.genblk1.genblk1.genblk1.genblk1.lut1 (6 -> 4)
  Optimizing lut $abc$11857$auto$blifparse.cc:535:parse_blif$11937.genblk1.genblk1.genblk1.genblk1.genblk1.genblk1.genblk1.genblk1.genblk1.genblk1.lut0.genblk1.genblk1.genblk1.genblk1.genblk1.genblk1.genblk1.genblk1.genblk1.lut0 (6 -> 1)
  Optimizing lut $abc$11857$auto$blifparse.cc:535:parse_blif$11929.genblk1.genblk1.genblk1.genblk1.genblk1.genblk1.genblk1.genblk1.genblk1.genblk1.lut0.genblk1.genblk1.genblk1.genblk1.genblk1.genblk1.genblk1.genblk1.genblk1.lut0 (6 -> 1)
  Optimizing lut $abc$11857$auto$blifparse.cc:535:parse_blif$11967.genblk1.genblk1.genblk1.genblk1.genblk1.genblk1.genblk1.genblk1.genblk1.lut0 (6 -> 5)
  Optimizing lut $abc$11857$auto$blifparse.cc:535:parse_blif$11940.genblk1.genblk1.genblk1.genblk1.genblk1.genblk1.genblk1.genblk1.genblk1.lut1 (6 -> 4)
  Optimizing lut $abc$11857$auto$blifparse.cc:535:parse_blif$11945.genblk1.genblk1.genblk1.genblk1.genblk1.genblk1.genblk1.genblk1.genblk1.lut0 (6 -> 4)
  Optimizing lut $abc$11857$auto$blifparse.cc:535:parse_blif$12037.genblk1.genblk1.genblk1.genblk1.genblk1.genblk1.genblk1.genblk1.genblk1.genblk1.lut1.genblk1.genblk1.genblk1.genblk1.genblk1.genblk1.genblk1.genblk1.genblk1.lut0 (6 -> 3)
  Optimizing lut $abc$11857$auto$blifparse.cc:535:parse_blif$11944.genblk1.genblk1.genblk1.genblk1.genblk1.genblk1.genblk1.genblk1.genblk1.lut0 (6 -> 0)
  Optimizing lut $abc$11857$auto$blifparse.cc:535:parse_blif$11943.genblk1.genblk1.genblk1.genblk1.genblk1.genblk1.genblk1.genblk1.genblk1.genblk1.lut1.genblk1.genblk1.genblk1.genblk1.genblk1.genblk1.genblk1.genblk1.genblk1.lut0 (6 -> 3)
  Optimizing lut $abc$11857$auto$blifparse.cc:535:parse_blif$12021.genblk1.genblk1.genblk1.genblk1.genblk1.genblk1.genblk1.genblk1.genblk1.genblk1.lut1.genblk1.genblk1.genblk1.genblk1.genblk1.genblk1.genblk1.genblk1.genblk1.lut1 (6 -> 3)
  Optimizing lut $abc$11857$auto$blifparse.cc:535:parse_blif$12136.genblk1.genblk1.genblk1.genblk1.genblk1.genblk1.genblk1.genblk1.genblk1.genblk1.lut1.genblk1.genblk1.genblk1.genblk1.genblk1.genblk1.genblk1.genblk1.genblk1.lut0 (6 -> 0)
  Optimizing lut $abc$11857$auto$blifparse.cc:535:parse_blif$11949.genblk1.genblk1.genblk1.genblk1.genblk1.genblk1.genblk1.genblk1.genblk1.lut1 (6 -> 4)
  Optimizing lut $abc$11857$auto$blifparse.cc:535:parse_blif$11968.genblk1.genblk1.genblk1.genblk1.genblk1.genblk1.genblk1.genblk1.genblk1.genblk1.lut0.genblk1.genblk1.genblk1.genblk1.genblk1.genblk1.genblk1.genblk1.genblk1.lut0 (6 -> 1)
  Optimizing lut $abc$11857$auto$blifparse.cc:535:parse_blif$12042.genblk1.genblk1.genblk1.genblk1.genblk1.genblk1.genblk1.genblk1.genblk1.genblk1.lut0.genblk1.genblk1.genblk1.genblk1.genblk1.genblk1.genblk1.genblk1.genblk1.lut1 (6 -> 0)
  Optimizing lut $abc$11857$auto$blifparse.cc:535:parse_blif$11925.genblk1.genblk1.genblk1.genblk1.genblk1.genblk1.genblk1.genblk1.genblk1.genblk1.lut0.genblk1.genblk1.genblk1.genblk1.genblk1.genblk1.genblk1.genblk1.genblk1.lut0 (6 -> 0)
  Optimizing lut $abc$11857$auto$blifparse.cc:535:parse_blif$11990.genblk1.genblk1.genblk1.genblk1.genblk1.genblk1.genblk1.genblk1.genblk1.lut0 (6 -> 0)
  Optimizing lut $abc$11857$auto$blifparse.cc:535:parse_blif$11953.genblk1.genblk1.genblk1.genblk1.genblk1.genblk1.genblk1.genblk1.genblk1.lut1 (6 -> 4)
  Optimizing lut $abc$11857$auto$blifparse.cc:535:parse_blif$11954.genblk1.genblk1.genblk1.genblk1.genblk1.genblk1.genblk1.genblk1.genblk1.genblk1.lut1.genblk1.genblk1.genblk1.genblk1.genblk1.genblk1.genblk1.genblk1.genblk1.lut1 (6 -> 3)
  Optimizing lut $abc$11857$auto$blifparse.cc:535:parse_blif$11957.genblk1.genblk1.genblk1.genblk1.genblk1.genblk1.genblk1.genblk1.genblk1.lut0 (6 -> 0)
  Optimizing lut $abc$11857$auto$blifparse.cc:535:parse_blif$12026.genblk1.genblk1.genblk1.genblk1.genblk1.genblk1.genblk1.genblk1.genblk1.genblk1.lut1.genblk1.genblk1.genblk1.genblk1.genblk1.genblk1.genblk1.genblk1.genblk1.lut0 (6 -> 3)
  Optimizing lut $abc$11857$auto$blifparse.cc:535:parse_blif$11996.genblk1.genblk1.genblk1.genblk1.genblk1.genblk1.genblk1.genblk1.genblk1.genblk1.lut0.genblk1.genblk1.genblk1.genblk1.genblk1.genblk1.genblk1.genblk1.genblk1.lut1 (6 -> 1)
  Optimizing lut $abc$11857$auto$blifparse.cc:535:parse_blif$11950.genblk1.genblk1.genblk1.genblk1.genblk1.genblk1.genblk1.genblk1.genblk1.genblk1.lut0.genblk1.genblk1.genblk1.genblk1.genblk1.genblk1.genblk1.genblk1.genblk1.lut0 (6 -> 0)
  Optimizing lut $abc$11857$auto$blifparse.cc:535:parse_blif$11960.genblk1.genblk1.genblk1.genblk1.genblk1.genblk1.genblk1.genblk1.genblk1.genblk1.lut0.genblk1.genblk1.genblk1.genblk1.genblk1.genblk1.genblk1.genblk1.genblk1.lut1 (6 -> 1)
  Optimizing lut $abc$11857$auto$blifparse.cc:535:parse_blif$11962.genblk1.genblk1.genblk1.genblk1.genblk1.genblk1.genblk1.genblk1.genblk1.lut0 (6 -> 4)
  Optimizing lut $abc$11857$auto$blifparse.cc:535:parse_blif$11962.genblk1.genblk1.genblk1.genblk1.genblk1.genblk1.genblk1.genblk1.genblk1.lut1 (6 -> 4)
  Optimizing lut $abc$11857$auto$blifparse.cc:535:parse_blif$11965.genblk1.genblk1.genblk1.genblk1.genblk1.genblk1.genblk1.genblk1.genblk1.lut1 (6 -> 4)
  Optimizing lut $abc$11857$auto$blifparse.cc:535:parse_blif$11931.genblk1.genblk1.genblk1.genblk1.genblk1.genblk1.genblk1.genblk1.genblk1.genblk1.lut0.genblk1.genblk1.genblk1.genblk1.genblk1.genblk1.genblk1.genblk1.genblk1.lut0 (6 -> 1)
  Optimizing lut $abc$11857$auto$blifparse.cc:535:parse_blif$11967.genblk1.genblk1.genblk1.genblk1.genblk1.genblk1.genblk1.genblk1.genblk1.lut1 (6 -> 2)
  Optimizing lut $abc$11857$auto$blifparse.cc:535:parse_blif$12039.genblk1.genblk1.genblk1.genblk1.genblk1.genblk1.genblk1.genblk1.genblk1.genblk1.lut0.genblk1.genblk1.genblk1.genblk1.genblk1.genblk1.genblk1.genblk1.genblk1.lut1 (6 -> 1)
  Optimizing lut $abc$11857$auto$blifparse.cc:535:parse_blif$11970.genblk1.genblk1.genblk1.genblk1.genblk1.genblk1.genblk1.genblk1.genblk1.lut1 (6 -> 4)
  Optimizing lut $abc$11857$auto$blifparse.cc:535:parse_blif$12005.genblk1.genblk1.genblk1.genblk1.genblk1.genblk1.genblk1.genblk1.genblk1.genblk1.lut0.genblk1.genblk1.genblk1.genblk1.genblk1.genblk1.genblk1.genblk1.genblk1.lut1 (6 -> 0)
  Optimizing lut $abc$11857$auto$blifparse.cc:535:parse_blif$12051.genblk1.genblk1.genblk1.genblk1.genblk1.genblk1.genblk1.genblk1.genblk1.genblk1.lut1.genblk1.genblk1.genblk1.genblk1.genblk1.genblk1.genblk1.genblk1.genblk1.lut1 (6 -> 3)
  Optimizing lut $abc$11857$auto$blifparse.cc:535:parse_blif$11974.genblk1.genblk1.genblk1.genblk1.genblk1.genblk1.genblk1.genblk1.genblk1.genblk1.lut1.genblk1.genblk1.genblk1.genblk1.genblk1.genblk1.genblk1.genblk1.genblk1.lut0 (6 -> 3)
  Optimizing lut $abc$11857$auto$blifparse.cc:535:parse_blif$11975.genblk1.genblk1.genblk1.genblk1.genblk1.genblk1.genblk1.genblk1.genblk1.genblk1.lut1.genblk1.genblk1.genblk1.genblk1.genblk1.genblk1.genblk1.genblk1.genblk1.lut0 (6 -> 0)
  Optimizing lut $abc$11857$auto$blifparse.cc:535:parse_blif$11947.genblk1.genblk1.genblk1.genblk1.genblk1.genblk1.genblk1.genblk1.genblk1.genblk1.lut1.genblk1.genblk1.genblk1.genblk1.genblk1.genblk1.genblk1.genblk1.genblk1.lut0 (6 -> 3)
  Optimizing lut $abc$11857$auto$blifparse.cc:535:parse_blif$11978.genblk1.genblk1.genblk1.genblk1.genblk1.genblk1.genblk1.genblk1.genblk1.lut1 (6 -> 4)
  Optimizing lut $abc$11857$auto$blifparse.cc:535:parse_blif$11979.genblk1.genblk1.genblk1.genblk1.genblk1.genblk1.genblk1.genblk1.genblk1.genblk1.lut0.genblk1.genblk1.genblk1.genblk1.genblk1.genblk1.genblk1.genblk1.genblk1.lut1 (6 -> 1)
  Optimizing lut $abc$11857$auto$blifparse.cc:535:parse_blif$11982.genblk1.genblk1.genblk1.genblk1.genblk1.genblk1.genblk1.genblk1.genblk1.lut0 (6 -> 0)
  Optimizing lut $abc$11857$auto$blifparse.cc:535:parse_blif$11981.genblk1.genblk1.genblk1.genblk1.genblk1.genblk1.genblk1.genblk1.genblk1.genblk1.lut0.genblk1.genblk1.genblk1.genblk1.genblk1.genblk1.genblk1.genblk1.genblk1.lut1 (6 -> 1)
  Optimizing lut $abc$11857$auto$blifparse.cc:535:parse_blif$11981.genblk1.genblk1.genblk1.genblk1.genblk1.genblk1.genblk1.genblk1.genblk1.genblk1.lut1.genblk1.genblk1.genblk1.genblk1.genblk1.genblk1.genblk1.genblk1.genblk1.lut0 (6 -> 3)
  Optimizing lut $abc$11857$auto$blifparse.cc:535:parse_blif$11918.genblk1.genblk1.genblk1.genblk1.genblk1.genblk1.genblk1.genblk1.genblk1.genblk1.lut0.genblk1.genblk1.genblk1.genblk1.genblk1.genblk1.genblk1.genblk1.genblk1.lut1 (6 -> 1)
  Optimizing lut $abc$11857$auto$blifparse.cc:535:parse_blif$11987.genblk1.genblk1.genblk1.genblk1.genblk1.genblk1.genblk1.genblk1.genblk1.lut0 (6 -> 4)
  Optimizing lut $abc$11857$auto$blifparse.cc:535:parse_blif$11985.genblk1.genblk1.genblk1.genblk1.genblk1.genblk1.genblk1.genblk1.genblk1.genblk1.lut1.genblk1.genblk1.genblk1.genblk1.genblk1.genblk1.genblk1.genblk1.genblk1.lut1 (6 -> 3)
  Optimizing lut $abc$11857$auto$blifparse.cc:535:parse_blif$11987.genblk1.genblk1.genblk1.genblk1.genblk1.genblk1.genblk1.genblk1.genblk1.lut1 (6 -> 4)
  Optimizing lut $abc$11857$auto$blifparse.cc:535:parse_blif$11986.genblk1.genblk1.genblk1.genblk1.genblk1.genblk1.genblk1.genblk1.genblk1.lut0 (6 -> 0)
  Optimizing lut $abc$11857$auto$blifparse.cc:535:parse_blif$12002.genblk1.genblk1.genblk1.genblk1.genblk1.genblk1.genblk1.genblk1.genblk1.genblk1.lut0.genblk1.genblk1.genblk1.genblk1.genblk1.genblk1.genblk1.genblk1.genblk1.lut0 (6 -> 1)
  Optimizing lut $abc$11857$auto$blifparse.cc:535:parse_blif$11989.genblk1.genblk1.genblk1.genblk1.genblk1.genblk1.genblk1.genblk1.genblk1.genblk1.lut1.genblk1.genblk1.genblk1.genblk1.genblk1.genblk1.genblk1.genblk1.genblk1.lut0 (6 -> 3)
  Optimizing lut $abc$11857$auto$blifparse.cc:535:parse_blif$11991.genblk1.genblk1.genblk1.genblk1.genblk1.genblk1.genblk1.genblk1.genblk1.lut1 (6 -> 4)
  Optimizing lut $abc$11857$auto$blifparse.cc:535:parse_blif$12033.genblk1.genblk1.genblk1.genblk1.genblk1.genblk1.genblk1.genblk1.genblk1.lut0 (6 -> 5)
  Optimizing lut $abc$11857$auto$blifparse.cc:535:parse_blif$11996.genblk1.genblk1.genblk1.genblk1.genblk1.genblk1.genblk1.genblk1.genblk1.genblk1.lut0.genblk1.genblk1.genblk1.genblk1.genblk1.genblk1.genblk1.genblk1.genblk1.lut0 (6 -> 1)
  Optimizing lut $abc$11857$auto$blifparse.cc:535:parse_blif$11995.genblk1.genblk1.genblk1.genblk1.genblk1.genblk1.genblk1.genblk1.genblk1.lut1 (6 -> 4)
  Optimizing lut $abc$11857$auto$blifparse.cc:535:parse_blif$11915.genblk1.genblk1.genblk1.genblk1.genblk1.genblk1.genblk1.genblk1.genblk1.genblk1.lut0.genblk1.genblk1.genblk1.genblk1.genblk1.genblk1.genblk1.genblk1.genblk1.lut0 (6 -> 0)
  Optimizing lut $abc$11857$auto$blifparse.cc:535:parse_blif$11960.genblk1.genblk1.genblk1.genblk1.genblk1.genblk1.genblk1.genblk1.genblk1.genblk1.lut0.genblk1.genblk1.genblk1.genblk1.genblk1.genblk1.genblk1.genblk1.genblk1.lut0 (6 -> 1)
  Optimizing lut $abc$11857$auto$blifparse.cc:535:parse_blif$11999.genblk1.genblk1.genblk1.genblk1.genblk1.genblk1.genblk1.genblk1.genblk1.lut1 (6 -> 4)
  Optimizing lut $abc$11857$auto$blifparse.cc:535:parse_blif$12004.genblk1.genblk1.genblk1.genblk1.genblk1.genblk1.genblk1.genblk1.genblk1.lut0 (6 -> 4)
  Optimizing lut $abc$11857$auto$blifparse.cc:535:parse_blif$12000.genblk1.genblk1.genblk1.genblk1.genblk1.genblk1.genblk1.genblk1.genblk1.genblk1.lut0.genblk1.genblk1.genblk1.genblk1.genblk1.genblk1.genblk1.genblk1.genblk1.lut1 (6 -> 1)
  Optimizing lut $abc$11857$auto$blifparse.cc:535:parse_blif$12003.genblk1.genblk1.genblk1.genblk1.genblk1.genblk1.genblk1.genblk1.genblk1.lut0 (6 -> 0)
  Optimizing lut $abc$11857$auto$blifparse.cc:535:parse_blif$12000.genblk1.genblk1.genblk1.genblk1.genblk1.genblk1.genblk1.genblk1.genblk1.genblk1.lut1.genblk1.genblk1.genblk1.genblk1.genblk1.genblk1.genblk1.genblk1.genblk1.lut1 (6 -> 3)
  Optimizing lut $abc$11857$auto$blifparse.cc:535:parse_blif$12012.genblk1.genblk1.genblk1.genblk1.genblk1.genblk1.genblk1.genblk1.genblk1.genblk1.lut1.genblk1.genblk1.genblk1.genblk1.genblk1.genblk1.genblk1.genblk1.genblk1.lut1 (6 -> 3)
  Optimizing lut $abc$11857$auto$blifparse.cc:535:parse_blif$11974.genblk1.genblk1.genblk1.genblk1.genblk1.genblk1.genblk1.genblk1.genblk1.genblk1.lut0.genblk1.genblk1.genblk1.genblk1.genblk1.genblk1.genblk1.genblk1.genblk1.lut0 (6 -> 1)
  Optimizing lut $abc$11857$auto$blifparse.cc:535:parse_blif$11922.genblk1.genblk1.genblk1.genblk1.genblk1.genblk1.genblk1.genblk1.genblk1.genblk1.lut0.genblk1.genblk1.genblk1.genblk1.genblk1.genblk1.genblk1.genblk1.genblk1.lut1 (6 -> 1)
  Optimizing lut $abc$11857$auto$blifparse.cc:535:parse_blif$11958.genblk1.genblk1.genblk1.genblk1.genblk1.genblk1.genblk1.genblk1.genblk1.lut0 (6 -> 4)
  Optimizing lut $abc$11857$auto$blifparse.cc:535:parse_blif$12008.genblk1.genblk1.genblk1.genblk1.genblk1.genblk1.genblk1.genblk1.genblk1.genblk1.lut1.genblk1.genblk1.genblk1.genblk1.genblk1.genblk1.genblk1.genblk1.genblk1.lut0 (6 -> 3)
  Optimizing lut $abc$11857$auto$blifparse.cc:535:parse_blif$12009.genblk1.genblk1.genblk1.genblk1.genblk1.genblk1.genblk1.genblk1.genblk1.lut0 (6 -> 0)
  Optimizing lut $abc$11857$auto$blifparse.cc:535:parse_blif$12014.genblk1.genblk1.genblk1.genblk1.genblk1.genblk1.genblk1.genblk1.genblk1.lut0 (6 -> 4)
  Optimizing lut $abc$11857$auto$blifparse.cc:535:parse_blif$12012.genblk1.genblk1.genblk1.genblk1.genblk1.genblk1.genblk1.genblk1.genblk1.genblk1.lut1.genblk1.genblk1.genblk1.genblk1.genblk1.genblk1.genblk1.genblk1.genblk1.lut0 (6 -> 3)
  Optimizing lut $abc$11857$auto$blifparse.cc:535:parse_blif$12014.genblk1.genblk1.genblk1.genblk1.genblk1.genblk1.genblk1.genblk1.genblk1.lut1 (6 -> 4)
  Optimizing lut $abc$11857$auto$blifparse.cc:535:parse_blif$11985.genblk1.genblk1.genblk1.genblk1.genblk1.genblk1.genblk1.genblk1.genblk1.genblk1.lut0.genblk1.genblk1.genblk1.genblk1.genblk1.genblk1.genblk1.genblk1.genblk1.lut1 (6 -> 1)
  Optimizing lut $abc$11857$auto$blifparse.cc:535:parse_blif$12329.genblk1.genblk1.genblk1.genblk1.genblk1.genblk1.genblk1.genblk1.genblk1.genblk1.lut1.genblk1.genblk1.genblk1.genblk1.genblk1.genblk1.genblk1.genblk1.genblk1.lut0 (6 -> 2)
  Optimizing lut $abc$11857$auto$blifparse.cc:535:parse_blif$11960.genblk1.genblk1.genblk1.genblk1.genblk1.genblk1.genblk1.genblk1.genblk1.genblk1.lut1.genblk1.genblk1.genblk1.genblk1.genblk1.genblk1.genblk1.genblk1.genblk1.lut0 (6 -> 3)
  Optimizing lut $abc$11857$auto$blifparse.cc:535:parse_blif$11900.genblk1.genblk1.genblk1.genblk1.genblk1.genblk1.genblk1.genblk1.genblk1.lut0 (6 -> 2)
  Optimizing lut $abc$11857$auto$blifparse.cc:535:parse_blif$12012.genblk1.genblk1.genblk1.genblk1.genblk1.genblk1.genblk1.genblk1.genblk1.genblk1.lut0.genblk1.genblk1.genblk1.genblk1.genblk1.genblk1.genblk1.genblk1.genblk1.lut0 (6 -> 1)
  Optimizing lut $abc$11857$auto$blifparse.cc:535:parse_blif$12037.genblk1.genblk1.genblk1.genblk1.genblk1.genblk1.genblk1.genblk1.genblk1.genblk1.lut0.genblk1.genblk1.genblk1.genblk1.genblk1.genblk1.genblk1.genblk1.genblk1.lut0 (6 -> 1)
  Optimizing lut $abc$11857$auto$blifparse.cc:535:parse_blif$12008.genblk1.genblk1.genblk1.genblk1.genblk1.genblk1.genblk1.genblk1.genblk1.genblk1.lut0.genblk1.genblk1.genblk1.genblk1.genblk1.genblk1.genblk1.genblk1.genblk1.lut1 (6 -> 1)
  Optimizing lut $abc$11857$auto$blifparse.cc:535:parse_blif$12021.genblk1.genblk1.genblk1.genblk1.genblk1.genblk1.genblk1.genblk1.genblk1.genblk1.lut1.genblk1.genblk1.genblk1.genblk1.genblk1.genblk1.genblk1.genblk1.genblk1.lut0 (6 -> 3)
  Optimizing lut $abc$11857$auto$blifparse.cc:535:parse_blif$11981.genblk1.genblk1.genblk1.genblk1.genblk1.genblk1.genblk1.genblk1.genblk1.genblk1.lut1.genblk1.genblk1.genblk1.genblk1.genblk1.genblk1.genblk1.genblk1.genblk1.lut1 (6 -> 3)
  Optimizing lut $abc$11857$auto$blifparse.cc:535:parse_blif$12027.genblk1.genblk1.genblk1.genblk1.genblk1.genblk1.genblk1.genblk1.genblk1.lut0 (6 -> 0)
  Optimizing lut $abc$11857$auto$blifparse.cc:535:parse_blif$11956.genblk1.genblk1.genblk1.genblk1.genblk1.genblk1.genblk1.genblk1.genblk1.genblk1.lut0.genblk1.genblk1.genblk1.genblk1.genblk1.genblk1.genblk1.genblk1.genblk1.lut0 (6 -> 1)
  Optimizing lut $abc$11857$auto$blifparse.cc:535:parse_blif$12028.genblk1.genblk1.genblk1.genblk1.genblk1.genblk1.genblk1.genblk1.genblk1.lut0 (6 -> 4)
  Optimizing lut $abc$11857$auto$blifparse.cc:535:parse_blif$12032.genblk1.genblk1.genblk1.genblk1.genblk1.genblk1.genblk1.genblk1.genblk1.lut1 (6 -> 4)
  Optimizing lut $abc$11857$auto$blifparse.cc:535:parse_blif$12039.genblk1.genblk1.genblk1.genblk1.genblk1.genblk1.genblk1.genblk1.genblk1.genblk1.lut1.genblk1.genblk1.genblk1.genblk1.genblk1.genblk1.genblk1.genblk1.genblk1.lut1 (6 -> 3)
  Optimizing lut $abc$11857$auto$blifparse.cc:535:parse_blif$12030.genblk1.genblk1.genblk1.genblk1.genblk1.genblk1.genblk1.genblk1.genblk1.genblk1.lut1.genblk1.genblk1.genblk1.genblk1.genblk1.genblk1.genblk1.genblk1.genblk1.lut0 (6 -> 3)
  Optimizing lut $abc$11857$auto$blifparse.cc:535:parse_blif$11933.genblk1.genblk1.genblk1.genblk1.genblk1.genblk1.genblk1.genblk1.genblk1.lut1 (6 -> 4)
  Optimizing lut $abc$11857$auto$blifparse.cc:535:parse_blif$12030.genblk1.genblk1.genblk1.genblk1.genblk1.genblk1.genblk1.genblk1.genblk1.genblk1.lut0.genblk1.genblk1.genblk1.genblk1.genblk1.genblk1.genblk1.genblk1.genblk1.lut0 (6 -> 1)
  Optimizing lut $abc$11857$auto$blifparse.cc:535:parse_blif$12033.genblk1.genblk1.genblk1.genblk1.genblk1.genblk1.genblk1.genblk1.genblk1.lut1 (6 -> 2)
  Optimizing lut $abc$11857$auto$blifparse.cc:535:parse_blif$12008.genblk1.genblk1.genblk1.genblk1.genblk1.genblk1.genblk1.genblk1.genblk1.genblk1.lut0.genblk1.genblk1.genblk1.genblk1.genblk1.genblk1.genblk1.genblk1.genblk1.lut0 (6 -> 1)
  Optimizing lut $abc$11857$auto$blifparse.cc:535:parse_blif$12021.genblk1.genblk1.genblk1.genblk1.genblk1.genblk1.genblk1.genblk1.genblk1.genblk1.lut0.genblk1.genblk1.genblk1.genblk1.genblk1.genblk1.genblk1.genblk1.genblk1.lut0 (6 -> 1)
  Optimizing lut $abc$11857$auto$blifparse.cc:535:parse_blif$12036.genblk1.genblk1.genblk1.genblk1.genblk1.genblk1.genblk1.genblk1.genblk1.lut1 (6 -> 4)
  Optimizing lut $abc$11857$auto$blifparse.cc:535:parse_blif$12133.genblk1.genblk1.genblk1.genblk1.genblk1.genblk1.genblk1.genblk1.genblk1.genblk1.lut1.genblk1.genblk1.genblk1.genblk1.genblk1.genblk1.genblk1.genblk1.genblk1.lut1 (6 -> 0)
  Optimizing lut $abc$11857$auto$blifparse.cc:535:parse_blif$12050.genblk1.genblk1.genblk1.genblk1.genblk1.genblk1.genblk1.genblk1.genblk1.lut1 (6 -> 4)
  Optimizing lut $abc$11857$auto$blifparse.cc:535:parse_blif$12136.genblk1.genblk1.genblk1.genblk1.genblk1.genblk1.genblk1.genblk1.genblk1.genblk1.lut1.genblk1.genblk1.genblk1.genblk1.genblk1.genblk1.genblk1.genblk1.genblk1.lut1 (6 -> 0)
  Optimizing lut $abc$11857$auto$blifparse.cc:535:parse_blif$12041.genblk1.genblk1.genblk1.genblk1.genblk1.genblk1.genblk1.genblk1.genblk1.lut1 (6 -> 4)
  Optimizing lut $abc$11857$auto$blifparse.cc:535:parse_blif$12039.genblk1.genblk1.genblk1.genblk1.genblk1.genblk1.genblk1.genblk1.genblk1.genblk1.lut1.genblk1.genblk1.genblk1.genblk1.genblk1.genblk1.genblk1.genblk1.genblk1.lut0 (6 -> 3)
  Optimizing lut $abc$11857$auto$blifparse.cc:535:parse_blif$11968.genblk1.genblk1.genblk1.genblk1.genblk1.genblk1.genblk1.genblk1.genblk1.genblk1.lut1.genblk1.genblk1.genblk1.genblk1.genblk1.genblk1.genblk1.genblk1.genblk1.lut0 (6 -> 3)
  Optimizing lut $abc$11857$auto$blifparse.cc:535:parse_blif$12046.genblk1.genblk1.genblk1.genblk1.genblk1.genblk1.genblk1.genblk1.genblk1.lut0 (6 -> 4)
  Optimizing lut $abc$11857$auto$blifparse.cc:535:parse_blif$12055.genblk1.genblk1.genblk1.genblk1.genblk1.genblk1.genblk1.genblk1.genblk1.genblk1.lut1.genblk1.genblk1.genblk1.genblk1.genblk1.genblk1.genblk1.genblk1.genblk1.lut1 (6 -> 3)
  Optimizing lut $abc$11857$auto$blifparse.cc:535:parse_blif$12044.genblk1.genblk1.genblk1.genblk1.genblk1.genblk1.genblk1.genblk1.genblk1.genblk1.lut0.genblk1.genblk1.genblk1.genblk1.genblk1.genblk1.genblk1.genblk1.genblk1.lut0 (6 -> 1)
  Optimizing lut $abc$11857$auto$blifparse.cc:535:parse_blif$12044.genblk1.genblk1.genblk1.genblk1.genblk1.genblk1.genblk1.genblk1.genblk1.genblk1.lut1.genblk1.genblk1.genblk1.genblk1.genblk1.genblk1.genblk1.genblk1.genblk1.lut0 (6 -> 3)
  Optimizing lut $abc$11857$auto$blifparse.cc:535:parse_blif$11966.genblk1.genblk1.genblk1.genblk1.genblk1.genblk1.genblk1.genblk1.genblk1.genblk1.lut0.genblk1.genblk1.genblk1.genblk1.genblk1.genblk1.genblk1.genblk1.genblk1.lut0 (6 -> 1)
  Optimizing lut $abc$11857$auto$blifparse.cc:535:parse_blif$12054.genblk1.genblk1.genblk1.genblk1.genblk1.genblk1.genblk1.genblk1.genblk1.lut0 (6 -> 4)
  Optimizing lut $abc$11857$auto$blifparse.cc:535:parse_blif$12051.genblk1.genblk1.genblk1.genblk1.genblk1.genblk1.genblk1.genblk1.genblk1.genblk1.lut1.genblk1.genblk1.genblk1.genblk1.genblk1.genblk1.genblk1.genblk1.genblk1.lut0 (6 -> 3)
  Optimizing lut $abc$11857$auto$blifparse.cc:535:parse_blif$11985.genblk1.genblk1.genblk1.genblk1.genblk1.genblk1.genblk1.genblk1.genblk1.genblk1.lut0.genblk1.genblk1.genblk1.genblk1.genblk1.genblk1.genblk1.genblk1.genblk1.lut0 (6 -> 1)
  Optimizing lut $abc$11857$auto$blifparse.cc:535:parse_blif$12053.genblk1.genblk1.genblk1.genblk1.genblk1.genblk1.genblk1.genblk1.genblk1.lut0 (6 -> 0)
  Optimizing lut $abc$11857$auto$blifparse.cc:535:parse_blif$12044.genblk1.genblk1.genblk1.genblk1.genblk1.genblk1.genblk1.genblk1.genblk1.genblk1.lut0.genblk1.genblk1.genblk1.genblk1.genblk1.genblk1.genblk1.genblk1.genblk1.lut1 (6 -> 1)
  Optimizing lut $abc$11857$auto$blifparse.cc:535:parse_blif$12047.genblk1.genblk1.genblk1.genblk1.genblk1.genblk1.genblk1.genblk1.genblk1.lut0 (6 -> 0)
  Optimizing lut $abc$11857$auto$blifparse.cc:535:parse_blif$12030.genblk1.genblk1.genblk1.genblk1.genblk1.genblk1.genblk1.genblk1.genblk1.genblk1.lut0.genblk1.genblk1.genblk1.genblk1.genblk1.genblk1.genblk1.genblk1.genblk1.lut1 (6 -> 1)
  Optimizing lut $abc$11857$auto$blifparse.cc:535:parse_blif$11965.genblk1.genblk1.genblk1.genblk1.genblk1.genblk1.genblk1.genblk1.genblk1.lut0 (6 -> 4)
  Optimizing lut $abc$11857$auto$blifparse.cc:535:parse_blif$11941.genblk1.genblk1.genblk1.genblk1.genblk1.genblk1.genblk1.genblk1.genblk1.genblk1.lut1.genblk1.genblk1.genblk1.genblk1.genblk1.genblk1.genblk1.genblk1.genblk1.lut1 (6 -> 3)
  Optimizing lut $abc$11857$auto$blifparse.cc:535:parse_blif$11932.genblk1.genblk1.genblk1.genblk1.genblk1.genblk1.genblk1.genblk1.genblk1.lut0 (6 -> 0)
  Optimizing lut $abc$11857$auto$blifparse.cc:535:parse_blif$11949.genblk1.genblk1.genblk1.genblk1.genblk1.genblk1.genblk1.genblk1.genblk1.lut0 (6 -> 4)
  Optimizing lut $abc$11857$auto$blifparse.cc:535:parse_blif$11925.genblk1.genblk1.genblk1.genblk1.genblk1.genblk1.genblk1.genblk1.genblk1.genblk1.lut1.genblk1.genblk1.genblk1.genblk1.genblk1.genblk1.genblk1.genblk1.genblk1.lut0 (6 -> 0)
  Optimizing lut $abc$11857$auto$blifparse.cc:535:parse_blif$12000.genblk1.genblk1.genblk1.genblk1.genblk1.genblk1.genblk1.genblk1.genblk1.genblk1.lut0.genblk1.genblk1.genblk1.genblk1.genblk1.genblk1.genblk1.genblk1.genblk1.lut0 (6 -> 1)
  Optimizing lut $abc$11857$auto$blifparse.cc:535:parse_blif$11941.genblk1.genblk1.genblk1.genblk1.genblk1.genblk1.genblk1.genblk1.genblk1.genblk1.lut0.genblk1.genblk1.genblk1.genblk1.genblk1.genblk1.genblk1.genblk1.genblk1.lut1 (6 -> 1)
  Optimizing lut $abc$11857$auto$blifparse.cc:535:parse_blif$12005.genblk1.genblk1.genblk1.genblk1.genblk1.genblk1.genblk1.genblk1.genblk1.genblk1.lut0.genblk1.genblk1.genblk1.genblk1.genblk1.genblk1.genblk1.genblk1.genblk1.lut0 (6 -> 0)
  Optimizing lut $abc$11857$auto$blifparse.cc:535:parse_blif$12017.genblk1.genblk1.genblk1.genblk1.genblk1.genblk1.genblk1.genblk1.genblk1.lut0 (6 -> 0)
  Optimizing lut $abc$11857$auto$blifparse.cc:535:parse_blif$12010.genblk1.genblk1.genblk1.genblk1.genblk1.genblk1.genblk1.genblk1.genblk1.lut0 (6 -> 4)
  Optimizing lut $abc$11857$auto$blifparse.cc:535:parse_blif$11929.genblk1.genblk1.genblk1.genblk1.genblk1.genblk1.genblk1.genblk1.genblk1.genblk1.lut1.genblk1.genblk1.genblk1.genblk1.genblk1.genblk1.genblk1.genblk1.genblk1.lut0 (6 -> 3)
  Optimizing lut $abc$11857$auto$blifparse.cc:535:parse_blif$12021.genblk1.genblk1.genblk1.genblk1.genblk1.genblk1.genblk1.genblk1.genblk1.genblk1.lut0.genblk1.genblk1.genblk1.genblk1.genblk1.genblk1.genblk1.genblk1.genblk1.lut1 (6 -> 1)
  Optimizing lut $abc$11857$auto$blifparse.cc:535:parse_blif$12136.genblk1.genblk1.genblk1.genblk1.genblk1.genblk1.genblk1.genblk1.genblk1.genblk1.lut0.genblk1.genblk1.genblk1.genblk1.genblk1.genblk1.genblk1.genblk1.genblk1.lut1 (6 -> 0)
  Optimizing lut $abc$11857$auto$blifparse.cc:535:parse_blif$12137.genblk1.genblk1.genblk1.genblk1.genblk1.genblk1.genblk1.genblk1.genblk1.genblk1.lut0.genblk1.genblk1.genblk1.genblk1.genblk1.genblk1.genblk1.genblk1.genblk1.lut1 (6 -> 0)
  Optimizing lut $abc$11857$auto$blifparse.cc:535:parse_blif$11954.genblk1.genblk1.genblk1.genblk1.genblk1.genblk1.genblk1.genblk1.genblk1.genblk1.lut1.genblk1.genblk1.genblk1.genblk1.genblk1.genblk1.genblk1.genblk1.genblk1.lut0 (6 -> 3)
  Optimizing lut $abc$11857$auto$blifparse.cc:535:parse_blif$12138.genblk1.genblk1.genblk1.genblk1.genblk1.genblk1.genblk1.genblk1.genblk1.lut1 (6 -> 0)
  Optimizing lut $abc$11857$auto$blifparse.cc:535:parse_blif$11930.genblk1.genblk1.genblk1.genblk1.genblk1.genblk1.genblk1.genblk1.genblk1.lut0 (6 -> 0)
  Optimizing lut $abc$11857$auto$blifparse.cc:535:parse_blif$12329.genblk1.genblk1.genblk1.genblk1.genblk1.genblk1.genblk1.genblk1.genblk1.genblk1.lut0.genblk1.genblk1.genblk1.genblk1.genblk1.genblk1.genblk1.genblk1.genblk1.lut1 (6 -> 0)
Removed 92 unused cells and 7015 unused wires.

5.48. Executing HIERARCHY pass (managing design hierarchy).
Attribute `top' found on module `adaptive_scrub_controller'. Setting top module to adaptive_scrub_controller.

5.48.1. Analyzing design hierarchy..
Top module:  \adaptive_scrub_controller

5.48.2. Analyzing design hierarchy..
Top module:  \adaptive_scrub_controller
Removed 0 unused modules.

5.49. Printing statistics.

=== adaptive_scrub_controller ===

   Number of wires:                879
   Number of wire bits:           6065
   Number of public wires:         123
   Number of public wire bits:    2663
   Number of ports:                 57
   Number of port bits:           1178
   Number of memories:               0
   Number of memory bits:            0
   Number of processes:              0
   Number of cells:               3220
     $scopeinfo                      3
     CARRY4                        183
     FDRE                          730
     IBUF                          509
     INV                            29
     LUT1                           64
     LUT2                          267
     LUT3                          104
     LUT4                          113
     LUT5                           96
     LUT6                          239
     MUXF7                         171
     MUXF8                          43
     OBUF                          669

   Estimated number of LCs:        577

5.50. Executing CHECK pass (checking for obvious problems).
Checking module adaptive_scrub_controller...
Found and reported 0 problems.

6. Printing statistics.

=== adaptive_scrub_controller ===

   Number of wires:                879
   Number of wire bits:           6065
   Number of public wires:         123
   Number of public wire bits:    2663
   Number of ports:                 57
   Number of port bits:           1178
   Number of memories:               0
   Number of memory bits:            0
   Number of processes:              0
   Number of cells:               3220
     $scopeinfo                      3
     CARRY4                        183
     FDRE                          730
     IBUF                          509
     INV                            29
     LUT1                           64
     LUT2                          267
     LUT3                          104
     LUT4                          113
     LUT5                           96
     LUT6                          239
     MUXF7                         171
     MUXF8                          43
     OBUF                          669

   Estimated number of LCs:        577

End of script. Logfile hash: 18e528b942, CPU: user 3.04s system 0.07s, MEM: 133.25 MB peak
Yosys 0.52 (git sha1 fee39a3284c90249e1d9684cf6944ffbbcbb8f90)
Time spent: 29% 22x read_verilog (1 sec), 17% 8x techmap (0 sec), ...
